# Blender 4.5.2 LTS
# www.blender.org
mtllib ala-izquierda.mtl
o 17174_Tiamat_new.002
v -1.480400 -1.189763 0.743560
v -1.497900 -1.382663 0.902360
v -1.549600 -1.318763 0.968460
v -1.519400 -1.121663 0.819360
v -1.569100 -1.509163 1.111260
v -1.509000 -1.572463 1.043160
v -1.621900 -1.454863 1.164260
v -1.595800 -1.263463 1.018960
v -1.569200 -1.072763 0.864559
v -1.643600 -1.781263 1.393360
v -1.636100 -1.633063 1.292160
v -1.574300 -1.684663 1.224559
v -1.573100 -1.830663 1.308459
v -1.509200 -1.741463 1.140560
v -1.503100 -1.880863 1.207460
v -1.179900 -1.627163 0.984460
v -1.169400 -1.786063 1.075160
v -1.395700 -1.795963 1.064459
v -1.402500 -1.643563 0.965160
v -1.174200 -1.927963 1.083759
v -1.385400 -1.921963 1.126259
v -1.179600 -1.436663 0.855660
v -1.386700 -1.448263 0.845260
v -1.363500 -1.241563 0.707060
v -1.166100 -1.217163 0.743360
v -0.221900 -1.499063 0.637359
v -0.359700 -1.512663 0.717060
v -0.397700 -1.329363 0.611860
v -0.275600 -1.331863 0.530160
v -0.590400 -1.344463 0.706460
v -0.568200 -1.542263 0.813260
v -0.611400 -1.137963 0.592560
v -0.435700 -1.131263 0.493759
v -0.325400 -1.138963 0.412260
v -0.883400 -1.163963 0.709960
v -0.878400 -1.372963 0.832660
v -0.865900 -1.572363 0.958160
v -0.861700 -0.285463 0.180059
v -1.046200 -0.344763 0.174759
v -0.713200 -0.267163 0.063960
v -0.665900 -0.352463 0.138259
v -0.857600 -0.373763 0.218060
v -0.679800 -0.279863 0.114360
v -1.072200 -0.360163 0.284960
v 0.038800 -0.222263 -0.333040
v -0.035600 -0.219963 -0.301841
v -0.011000 -0.301363 -0.265740
v 0.059800 -0.293063 -0.299840
v -0.079900 -0.309363 -0.229840
v -0.107900 -0.219763 -0.266941
v -0.467900 -0.255263 -0.002040
v -0.553100 -0.263463 0.055860
v -0.531600 -0.335963 0.074760
v -0.443300 -0.330563 0.016059
v -0.940700 -0.743163 1.121960
v -1.043900 -0.694863 1.232160
v -1.023800 -0.903363 1.336460
v -0.912700 -0.949063 1.230859
v -1.139500 -0.841863 1.428360
v -1.174800 -0.655363 1.300759
v -1.106500 -1.032563 1.546460
v -1.007600 -1.111263 1.436760
v -0.881200 -1.151463 1.337460
v -0.487300 -1.483163 1.344259
v -0.529900 -1.353263 1.253260
v -0.684200 -1.349563 1.336060
v -0.641200 -1.476163 1.429259
v -0.725500 -1.171063 1.239160
v -0.572900 -1.171863 1.157859
v -0.847900 -1.332263 1.430560
v -0.816200 -1.470263 1.513960
v -1.041600 -1.312363 1.757259
v -0.947100 -1.416263 1.629759
v -0.989600 -1.295763 1.529760
v -1.077700 -1.203163 1.650660
v -1.452900 -1.025163 1.482760
v -1.282000 -1.001163 1.554160
v -1.317400 -0.821863 1.421460
v -1.474700 -0.863463 1.329559
v -1.351800 -0.652263 1.284560
v -1.492400 -0.717863 1.177060
v -1.948100 -2.648063 2.394860
v -1.863200 -2.699463 2.359260
v -1.929200 -2.825563 2.588160
v -1.999600 -2.778363 2.605260
v -1.846900 -2.861163 2.579260
v -1.767200 -2.738563 2.337760
v -1.939900 -3.015363 2.791860
v -2.016200 -2.975263 2.797260
v -2.069600 -2.920663 2.807860
v -1.170200 -2.018463 1.105660
v -1.373600 -2.012763 1.169560
v -1.355200 -2.082763 1.212959
v -1.157500 -2.079163 1.141660
v -1.482500 -2.061363 1.298060
v -1.493300 -1.980063 1.257360
v -1.121100 -2.158863 1.257259
v -1.310500 -2.195263 1.323959
v -1.333000 -2.148463 1.261260
v -1.139500 -2.128963 1.189860
v -1.451800 -2.202563 1.394260
v -1.467500 -2.140663 1.342859
v -1.572200 -1.932563 1.364060
v -1.574700 -2.014163 1.403360
v -1.650000 -1.882863 1.457660
v -1.654800 -1.960263 1.504560
v -1.578300 -2.097663 1.441760
v -1.662300 -2.037363 1.549860
v -1.582000 -2.168463 1.485560
v -1.674800 -2.106863 1.600760
v -0.852400 -1.760463 1.020460
v -0.537200 -1.726063 0.902860
v -0.545700 -1.903463 0.870660
v -0.866600 -1.929163 0.980460
v -0.873900 -2.034063 0.984160
v -0.561800 -2.023863 0.862160
v -0.563600 -2.097563 0.909760
v -0.867500 -2.093963 1.029760
v -0.854000 -2.119963 1.093660
v -0.554100 -2.126863 0.984359
v -0.542000 -2.127763 1.061259
v -0.841300 -2.127163 1.164859
v -0.317100 -1.676063 0.798460
v -0.167100 -1.637863 0.710960
v -0.147300 -1.784763 0.708260
v -0.306800 -1.839963 0.790760
v 1.511100 -1.579463 0.315860
v 1.575100 -1.633963 0.359860
v 1.519600 -1.726863 0.250760
v 1.455800 -1.673163 0.223360
v 1.545900 -1.775763 0.285760
v 1.602300 -1.683563 0.393560
v 1.412900 -1.844563 0.256860
v 1.389200 -1.799363 0.227860
v 1.377100 -1.738863 0.214160
v 1.525700 -1.859563 0.379160
v 1.459000 -1.893863 0.338960
v 1.437500 -1.875963 0.294860
v 1.557900 -1.818963 0.325760
v 1.604000 -1.737763 0.427160
v 1.566100 -1.802463 0.462060
v 1.349200 -1.516563 0.386460
v 1.367700 -1.557163 0.304360
v 1.210500 -1.523963 0.299160
v 1.298000 -1.503663 0.459860
v 1.216900 -1.465963 0.343660
v 1.183600 -1.447763 0.411160
v 1.399000 -1.524263 0.504060
v 1.481300 -1.526963 0.418960
v -1.018100 -1.369463 1.824860
v -0.918400 -1.482563 1.702360
v -1.009900 -1.415263 1.876360
v -0.896100 -1.512963 1.761759
v -0.762200 -1.565163 1.654960
v -0.799300 -1.553963 1.580860
v 0.554500 -1.485163 0.209260
v 0.638200 -1.639363 0.327460
v 0.511700 -1.651963 0.384860
v 0.445100 -1.493963 0.262760
v 0.546500 -1.829763 0.416560
v 0.701700 -1.802763 0.370960
v 0.392600 -1.660563 0.442460
v 0.413700 -1.839263 0.479560
v 0.337300 -1.499463 0.319060
v 0.739100 -1.916863 0.381560
v 0.574200 -1.950463 0.429960
v 0.607700 -2.019963 0.474660
v 0.773700 -1.985763 0.415060
v 0.462900 -2.042663 0.526660
v 0.433100 -1.970263 0.478760
v 0.407400 -1.624063 1.180460
v 0.351600 -1.579263 1.108659
v 0.193800 -1.560863 1.223360
v 0.247300 -1.604163 1.315060
v 0.136200 -1.563363 1.131060
v 0.284600 -1.579063 1.025260
v 0.021400 -1.552063 1.225860
v 0.062400 -1.558863 1.322360
v 0.098100 -1.614463 1.413459
v 0.410400 -1.786763 1.179760
v 0.421400 -1.707263 1.197559
v 0.267900 -1.711463 1.350460
v 0.247700 -1.812763 1.318659
v 0.118500 -1.723863 1.457759
v 0.106200 -1.835463 1.432560
v 0.219900 -1.886263 1.269760
v 0.079400 -1.913363 1.380360
v 0.046500 -1.979563 1.321660
v 0.181000 -1.949963 1.207660
v 0.349900 -1.919963 1.080460
v 0.383900 -1.852763 1.136759
v -1.016400 -1.479663 1.932960
v -0.891800 -1.559863 1.813860
v -0.900400 -1.618863 1.854859
v -1.032200 -1.554763 1.980460
v -0.740600 -1.654063 1.750960
v -0.743100 -1.600563 1.712959
v -0.761500 -1.778163 1.770160
v -0.749000 -1.714063 1.770259
v -0.914300 -1.681663 1.883860
v -0.923200 -1.753663 1.898160
v -1.049400 -1.637063 2.019560
v -1.055700 -1.724663 2.049260
v -1.833900 -2.398763 2.000360
v -1.732100 -2.453263 1.927360
v -1.808600 -2.586163 2.123260
v -1.901600 -2.523263 2.180960
v -1.693600 -2.623763 2.090260
v -1.604700 -2.477663 1.882160
v -1.481900 -2.477663 1.858060
v -1.584100 -2.638363 2.076360
v -1.398200 -2.666363 2.029360
v -1.295600 -2.490963 1.804060
v -1.494600 -2.834963 2.272260
v -1.672000 -2.770463 2.328960
v -0.973700 -2.534463 1.685660
v -1.051400 -2.738563 1.903860
v -0.690100 -2.872263 1.697160
v -0.640900 -2.631863 1.496960
v -0.749200 -3.115963 1.913060
v -1.133700 -2.945563 2.132560
v -0.338100 -2.702463 1.367460
v -0.365900 -2.977363 1.538660
v -0.109300 -3.051663 1.429760
v -0.106600 -2.761663 1.264060
v -0.133700 -3.348263 1.610560
v -0.407100 -3.253963 1.733060
v 1.818100 -3.337863 0.891460
v 2.001400 -3.747263 1.052260
v 2.012000 -3.751263 0.980560
v 1.731100 -2.899763 0.732860
v 1.688200 -2.897463 0.789160
v 1.769300 -3.347663 0.919460
v 1.635000 -2.893163 0.820760
v 1.970300 -3.750763 1.108460
v 0.575100 -2.708963 1.296060
v 0.336300 -2.692863 1.430460
v 0.424900 -2.982463 1.555460
v 0.684200 -3.044463 1.391660
v 0.176900 -2.953763 1.668260
v 0.121100 -2.689663 1.533760
v 0.216700 -3.234563 1.814860
v 0.491100 -3.284463 1.700560
v 0.784000 -3.372863 1.543860
v -1.143600 -2.299963 2.292560
v -1.177000 -2.460563 2.432560
v -0.980900 -2.561363 2.299660
v -0.968800 -2.381463 2.150660
v -1.010200 -2.735863 2.476660
v -1.226700 -2.619263 2.605460
v -0.781100 -2.829563 2.360260
v -0.767700 -2.633563 2.191460
v -0.778300 -2.440163 2.035760
v 0.651800 -3.556863 1.316460
v 0.618300 -3.211763 1.126960
v 0.842200 -3.255163 1.036560
v 0.905300 -3.612363 1.229860
v 0.808300 -2.852363 0.946160
v 0.594300 -2.841263 0.995360
v 1.040300 -2.880363 0.848560
v 1.097500 -3.305963 0.927560
v 1.185000 -3.692563 1.104960
v -1.540400 -2.070463 2.616360
v -1.577800 -2.159263 2.753260
v -1.323800 -2.268263 2.656960
v -1.278200 -2.139563 2.527860
v -1.385900 -2.408863 2.817660
v -1.625600 -2.270763 2.921960
v 1.480300 -1.750563 0.610060
v 1.433000 -1.840563 0.622460
v 1.471500 -1.859163 0.558360
v 1.541600 -1.767363 0.538460
v 1.424200 -1.958763 0.589360
v 1.394600 -1.932563 0.643360
v 1.480600 -1.883163 0.501760
v 1.434400 -1.983763 0.541460
v 0.811300 -2.034263 0.468260
v 0.641300 -2.061763 0.535760
v 0.669000 -2.077763 0.599260
v 0.846300 -2.048163 0.536760
v 0.492900 -2.075263 0.595760
v 0.517900 -2.083063 0.665260
v -1.053100 -1.913363 2.025860
v -0.925400 -1.920363 1.864760
v -0.929700 -1.838863 1.877360
v -1.045000 -1.827363 2.055260
v -0.779200 -1.843063 1.739560
v -0.773800 -1.913063 1.740059
v -1.081000 -2.021363 2.069860
v -1.111600 -2.145363 2.163160
v -0.958500 -2.203663 2.009560
v -0.937500 -2.052663 1.915860
v -0.791600 -2.243763 1.885160
v -0.788800 -2.071863 1.784259
v -1.472500 -2.274063 1.525060
v -1.614700 -2.257763 1.620860
v -1.592300 -2.213563 1.536660
v -1.450000 -2.235963 1.442360
v -1.694900 -2.160963 1.663660
v -1.725900 -2.217663 1.746960
v -1.662200 -2.338563 1.757760
v -1.525100 -2.351263 1.687659
v -1.771200 -2.295563 1.859160
v -1.128100 -2.219363 1.458360
v -1.324400 -2.260463 1.489560
v -1.302600 -2.223263 1.389460
v -1.111700 -2.177063 1.339059
v -1.388700 -2.341663 1.659060
v -1.196800 -2.335263 1.613560
v -0.831900 -2.133563 1.241960
v -0.535500 -2.144863 1.120060
v -0.549800 -2.229363 1.189660
v -0.842100 -2.198763 1.349060
v -0.898800 -2.349463 1.493859
v -0.591700 -2.406363 1.317060
v -0.082000 -2.296363 1.024860
v -0.285300 -2.257863 1.100060
v -0.282200 -2.180163 1.031360
v -0.090500 -2.234563 0.949760
v -0.292800 -2.155463 0.974160
v -0.107600 -2.217363 0.890060
v -0.311500 -2.451963 1.208760
v -0.099000 -2.500263 1.115160
v 1.434700 -2.165163 0.687660
v 1.473100 -2.183863 0.640660
v 1.428200 -2.037963 0.611360
v 1.393000 -2.012863 0.658760
v 1.443300 -2.055763 0.560960
v 1.489700 -2.192863 0.588160
v 1.574700 -2.488263 0.707960
v 1.528100 -2.474863 0.752960
v 1.584000 -2.501263 0.649460
v 0.030800 -2.075563 1.297060
v 0.178400 -2.046663 1.202160
v 0.201100 -2.189263 1.236960
v 0.051700 -2.213463 1.345359
v 0.386800 -2.157263 1.120659
v 0.354000 -2.014363 1.085660
v 0.467300 -2.401463 1.197260
v 0.254300 -2.419063 1.312660
v 0.073000 -2.435363 1.411960
v -0.921200 -1.973963 1.879460
v -1.064500 -1.960563 2.026260
v -0.776700 -1.973363 1.749459
v -1.238000 -2.016463 2.409160
v -1.205700 -1.914463 2.315160
v -1.463300 -1.879863 2.410960
v -1.500300 -1.969863 2.504260
v -3.208200 -3.213163 4.224060
v -3.232700 -3.182563 4.200660
v -3.196700 -3.167863 4.227660
v -3.179400 -3.210763 4.250260
v -3.230300 -3.127663 4.226759
v -3.253300 -3.146663 4.204160
v -3.190600 -3.115463 4.277060
v -3.160500 -3.162063 4.277260
v -3.139100 -3.209363 4.299860
v -3.323000 -3.190663 4.338060
v -3.305700 -3.171263 4.379460
v -3.327500 -3.127863 4.345260
v -3.344800 -3.172663 4.295760
v -3.275600 -3.099163 4.413760
v -3.259900 -3.147063 4.453159
v -3.265400 -3.067863 4.358459
v -3.320000 -3.091663 4.293759
v -3.340000 -3.148263 4.244460
v -3.278400 -3.258363 4.349860
v -3.248500 -3.253563 4.397860
v -3.280200 -3.213963 4.399660
v -3.309900 -3.229063 4.339160
v -3.233000 -3.196763 4.473060
v -3.199500 -3.245363 4.469660
v -3.123800 -3.255363 4.334360
v -3.171600 -3.254863 4.276160
v -3.185500 -3.287263 4.316660
v -3.129000 -3.294963 4.381160
v -3.243100 -3.269763 4.264660
v -3.220900 -3.242563 4.231260
v -3.110500 -3.165563 4.341860
v -3.091300 -3.212163 4.366560
v -3.138100 -3.117363 4.347060
v -3.070600 -3.121363 4.402659
v -3.049100 -3.174963 4.397760
v -3.023300 -3.225763 4.408360
v -3.165200 -3.070363 4.377160
v -3.228300 -3.068563 4.302760
v -3.090800 -3.074063 4.437260
v -3.193300 -3.039663 4.431660
v -3.103100 -3.033063 4.490059
v -3.194700 -3.119263 4.548659
v -3.205800 -3.065263 4.499159
v -3.108400 -3.039463 4.566959
v -3.095500 -3.096463 4.622059
v -3.129900 -3.236163 4.551160
v -3.164000 -3.179963 4.562660
v -3.069900 -3.165663 4.635160
v -3.041900 -3.228263 4.616560
v -3.162400 -3.284463 4.435760
v -3.095700 -3.279863 4.511560
v -3.068000 -3.293263 4.452660
v -3.002900 -3.297463 4.509760
v -3.016900 -3.272563 4.569760
v -3.003600 -3.282763 4.442360
v -3.070200 -3.254763 4.402560
v -2.981200 -3.190663 4.404360
v -2.962700 -3.253463 4.412960
v -2.998500 -3.131463 4.415860
v -2.931200 -3.147263 4.409259
v -2.921000 -3.211063 4.399260
v -2.905600 -3.270663 4.418560
v -3.008400 -3.079063 4.451660
v -3.008900 -3.044063 4.508259
v -2.925500 -3.064363 4.505760
v -2.932200 -3.089763 4.444260
v -2.982400 -3.095863 4.636660
v -2.998700 -3.047563 4.580160
v -2.909100 -3.073463 4.569860
v -2.889700 -3.114763 4.620259
v -2.945100 -3.226963 4.632360
v -2.963000 -3.164763 4.651260
v -2.871800 -3.174863 4.650660
v -2.860900 -3.240263 4.635060
v -2.934700 -3.300263 4.530860
v -2.935000 -3.274963 4.589660
v -2.869100 -3.312663 4.531260
v -2.860400 -3.288463 4.591260
v -2.888200 -3.312063 4.467160
v -2.947100 -3.298363 4.464060
v -2.831600 -2.712063 4.409359
v -2.911400 -2.666163 4.422959
v -2.874000 -2.611163 4.437160
v -2.790600 -2.659163 4.424459
v -2.984000 -2.627263 4.441060
v -2.944100 -2.564563 4.456860
v -2.897300 -2.554063 4.496659
v -2.841400 -2.576063 4.485459
v -2.754800 -2.620063 4.470260
v -2.804300 -2.831163 4.368460
v -2.737800 -2.881263 4.353859
v -2.764200 -2.933563 4.412260
v -2.882800 -2.774863 4.385759
v -2.820300 -2.872963 4.441160
v -2.898900 -2.815963 4.456759
v -2.747600 -2.771263 4.397560
v -2.674200 -2.831163 4.377359
v -2.731300 -2.933663 4.556660
v -2.803500 -2.882263 4.574860
v -2.827900 -2.897663 4.505859
v -2.763900 -2.953563 4.486060
v -2.889500 -2.833963 4.590759
v -2.906100 -2.840263 4.520959
v -2.695800 -2.907463 4.611559
v -2.767100 -2.845063 4.619359
v -2.727400 -2.798763 4.640759
v -2.650400 -2.865563 4.641459
v -2.809700 -2.745663 4.660759
v -2.854300 -2.800963 4.645360
v -2.599300 -2.809763 4.634860
v -2.687400 -2.745863 4.632460
v -2.656500 -2.697863 4.593760
v -2.563700 -2.761663 4.585559
v -2.742200 -2.636863 4.608960
v -2.767600 -2.685163 4.658860
v -2.645600 -2.669663 4.527160
v -2.552600 -2.734763 4.512459
v -2.595000 -2.767963 4.451859
v -2.737900 -2.613363 4.540359
v -2.668400 -2.684463 4.458360
v -2.707600 -2.726063 4.420959
v -2.633700 -2.801663 4.415959
v -2.873800 -3.099963 4.434760
v -2.874300 -3.164163 4.403560
v -2.864900 -3.074363 4.499459
v -2.823000 -3.108063 4.432260
v -2.813700 -3.079763 4.497660
v -2.821600 -3.174363 4.399960
v -2.847000 -3.085363 4.565360
v -2.793600 -3.087563 4.567359
v -2.825500 -3.123763 4.621160
v -2.770500 -3.133163 4.621759
v -2.798200 -3.257963 4.636060
v -2.807500 -3.187963 4.654760
v -2.751600 -3.200363 4.657560
v -2.742300 -3.274263 4.632560
v -2.811800 -3.329763 4.525760
v -2.799900 -3.304663 4.586960
v -2.743600 -3.323263 4.577560
v -2.755700 -3.350863 4.511360
v -2.832500 -3.328663 4.460560
v -2.849400 -3.287863 4.413160
v -2.798000 -3.302563 4.387360
v -2.778300 -3.347663 4.439060
v -2.811700 -3.239063 4.380760
v -2.865300 -3.230063 4.393860
v -2.761400 -3.080963 4.508259
v -2.776200 -3.104763 4.437560
v -2.731200 -3.094763 4.444759
v -2.711700 -3.080463 4.519259
v -2.727300 -3.138163 4.374559
v -2.767100 -3.170863 4.394760
v -2.734100 -2.967663 4.380859
v -2.732700 -2.993763 4.464059
v -2.719600 -3.019863 4.447859
v -2.720000 -3.001763 4.336760
v -2.665900 -3.021163 4.526360
v -2.687700 -2.981863 4.541059
v -2.645100 -3.135763 4.618060
v -2.594200 -3.103063 4.615560
v -2.640300 -3.064663 4.584459
v -2.681900 -3.088463 4.583360
v -2.624200 -3.022463 4.587160
v -2.550900 -3.033363 4.617060
v -2.668300 -3.062663 4.517260
v -2.707700 -3.140163 4.623759
v -2.735800 -3.092863 4.575359
v -2.647700 -2.970063 4.601860
v -2.592000 -2.938963 4.631760
v -2.680600 -3.287763 4.631160
v -2.688500 -3.208563 4.658160
v -2.622900 -3.204863 4.648560
v -2.613800 -3.292763 4.626760
v -2.697000 -3.380163 4.487160
v -2.682400 -3.343463 4.563460
v -2.618200 -3.364163 4.551960
v -2.641500 -3.418163 4.466260
v -2.737300 -3.071363 4.351059
v -2.708300 -3.057663 4.442060
v -2.414400 -2.938063 4.560460
v -2.484000 -2.838863 4.574560
v -2.530800 -2.889163 4.619559
v -2.473400 -2.985763 4.596859
v -2.299800 -3.015063 4.489260
v -2.208700 -3.136063 4.479060
v -2.191200 -3.100763 4.401259
v -2.299800 -2.999563 4.414259
v -2.435900 -2.909463 4.401859
v -2.382100 -2.889963 4.491260
v -2.344800 -3.061463 4.544059
v -2.272100 -3.185463 4.533860
v -2.463600 -2.797063 4.497759
v -2.528900 -2.843763 4.434659
v -2.519900 -2.906263 4.342859
v -2.573600 -2.864063 4.385359
v -2.625700 -2.882163 4.345359
v -2.585500 -2.916463 4.283760
v -2.693700 -2.917663 4.334859
v -2.672200 -2.940363 4.289360
v -2.579200 -2.929363 4.213860
v -2.649400 -2.959063 4.228159
v -2.623900 -2.971363 4.155660
v -2.558700 -2.934363 4.148960
v -2.681700 -3.041863 4.165060
v -2.700200 -3.025463 4.247159
v -2.593000 -2.977463 4.077660
v -2.555200 -2.978063 4.001959
v -2.540400 -2.927363 4.074759
v -2.505700 -2.931263 4.005459
v -2.605700 -3.040663 3.993760
v -2.650500 -3.044863 4.077960
v -2.403500 -2.888563 3.997660
v -2.434300 -2.892863 4.058360
v -2.433600 -2.849963 4.054760
v -2.418800 -2.831663 4.008560
v -2.465100 -2.885663 4.108560
v -2.463400 -2.832963 4.091360
v -2.447500 -2.763163 4.055160
v -2.476200 -2.918763 4.067760
v -2.502900 -2.916163 4.129859
v -2.440100 -2.923863 4.002560
v -2.350600 -2.736363 3.842960
v -2.318700 -2.677863 3.868460
v -2.263900 -2.664063 3.754660
v -2.298400 -2.713063 3.721460
v -2.211200 -2.647363 3.808260
v -2.264800 -2.650063 3.903760
v -2.130500 -2.653463 3.697960
v -2.184100 -2.647863 3.623960
v -2.242100 -2.679163 3.578560
v -2.309900 -2.630763 3.988860
v -2.370400 -2.674663 3.966560
v -2.415300 -2.653663 4.053160
v -2.338500 -2.600563 4.070759
v -2.400100 -2.748063 3.949860
v -2.269200 -2.591463 4.096260
v -2.244400 -2.631263 4.026959
v -2.189700 -2.665463 4.081460
v -2.211100 -2.617263 4.136660
v -2.155400 -2.698663 4.023160
v -2.205400 -2.654763 3.954460
v -2.340700 -2.929863 4.298260
v -2.389400 -2.949363 4.332560
v -2.281000 -2.989063 4.351560
v -2.251000 -2.965563 4.308060
v -2.181900 -3.072463 4.331759
v -2.168700 -3.032363 4.276659
v -2.465000 -2.931163 4.299359
v -2.411000 -2.929763 4.264160
v -2.458600 -2.904163 4.223159
v -2.513000 -2.925963 4.245560
v -2.380500 -2.879263 4.263360
v -2.307000 -2.903663 4.293960
v -2.295500 -2.871963 4.292359
v -2.520700 -2.919863 4.188560
v -2.486600 -2.886163 4.166659
v -2.503600 -2.827663 4.153059
v -2.472100 -2.834363 4.227960
v -2.493900 -2.730463 4.252560
v -2.481500 -2.741663 4.147460
v -2.389000 -2.832863 4.274559
v -2.391600 -2.764963 4.313260
v -2.291700 -2.829663 4.303760
v -2.288200 -2.770363 4.342460
v -2.427800 -2.587163 4.230460
v -2.432700 -2.625463 4.142859
v -2.351700 -2.482863 4.224659
v -2.346900 -2.546063 4.151259
v -2.419500 -2.561263 4.397759
v -2.405000 -2.481563 4.384560
v -2.421600 -2.532963 4.310259
v -2.453800 -2.628763 4.342659
v -2.362500 -2.438663 4.300459
v -2.369700 -2.425763 4.356359
v -2.215000 -2.487863 4.249959
v -2.169200 -2.519963 4.305759
v -2.165200 -2.586863 4.245860
v -2.214700 -2.552463 4.190159
v -2.159300 -2.566363 4.345860
v -2.154700 -2.629763 4.316060
v -2.173900 -2.665663 4.196559
v -2.161800 -2.717363 4.262859
v -2.276500 -2.533963 4.165860
v -2.275600 -2.458963 4.225160
v -2.194700 -2.558663 4.406360
v -2.193100 -2.663163 4.378359
v -2.263300 -2.562663 4.442659
v -2.276600 -2.675763 4.400559
v -2.197700 -2.757363 4.327260
v -2.246900 -2.418863 4.393660
v -2.224400 -2.433963 4.328159
v -2.287800 -2.391063 4.298160
v -2.312500 -2.376063 4.396760
v -2.376000 -2.670463 4.376460
v -2.354700 -2.564363 4.436659
v -2.337400 -2.456863 4.457759
v -2.251400 -2.468663 4.432859
v -2.198200 -2.481963 4.377759
v -1.411200 -1.267863 1.744259
v -1.225700 -1.258463 1.791760
v -1.251200 -1.157363 1.675860
v -1.430300 -1.165963 1.624459
v -1.208900 -1.310163 1.865359
v -1.398800 -1.324163 1.820360
v -1.393300 -1.368563 1.879759
v -1.202600 -1.350763 1.923060
v -1.549100 -1.282763 1.702660
v -1.525500 -1.344963 1.785560
v -1.630500 -1.353263 1.770860
v -1.659500 -1.285963 1.680260
v -1.611100 -1.407963 1.848760
v -1.510100 -1.394563 1.850860
v -1.394700 -1.429263 1.952360
v -1.205700 -1.409763 1.994760
v -1.399600 -1.500063 2.028259
v -1.213600 -1.483763 2.061959
v -1.607300 -1.462463 1.933260
v -1.505600 -1.457363 1.925360
v -1.507200 -1.527063 1.999960
v -1.605900 -1.535463 1.997759
v -1.403800 -1.570963 2.103859
v -1.219700 -1.571463 2.124959
v -1.405400 -1.637463 2.175460
v -1.215500 -1.658563 2.180860
v -1.510800 -1.594963 2.068060
v -1.606500 -1.607263 2.050160
v -1.517800 -1.659663 2.129960
v -1.614200 -1.668663 2.103060
v -1.408400 -1.762763 2.299660
v -1.430500 -1.815163 2.347760
v -1.186100 -1.857663 2.264260
v -1.182400 -1.828863 2.246260
v -1.195900 -1.753363 2.223760
v -1.403800 -1.701063 2.240460
v -1.529600 -1.719363 2.186160
v -1.628400 -1.725663 2.153860
v -1.557900 -1.782163 2.241560
v -1.664600 -1.786863 2.208160
v -1.605600 -1.044163 1.433660
v -1.579300 -1.179363 1.579060
v -1.693600 -1.187163 1.564560
v -1.754200 -1.060363 1.425660
v -1.618900 -0.887463 1.285860
v -1.736400 -0.897063 1.265259
v -1.631800 -0.737263 1.157159
v -1.738000 -0.756563 1.141660
v -1.827400 -1.087163 1.340059
v -1.800600 -0.936963 1.205259
v -1.757900 -0.999063 1.145860
v -1.793100 -1.165863 1.283559
v -1.783200 -0.796963 1.083860
v -1.742000 -0.842063 1.023860
v -1.758200 -1.208363 1.581060
v -1.748800 -1.287563 1.668160
v -1.812800 -1.179163 1.529359
v -1.830200 -1.284463 1.634260
v -1.826500 -1.306863 1.408660
v -1.851600 -1.220263 1.459060
v -1.891500 -1.332363 1.570059
v -1.881800 -1.421163 1.513260
v -1.742100 -1.420963 1.861560
v -1.746600 -1.349963 1.772760
v -1.845700 -1.383163 1.739560
v -1.854900 -1.474063 1.829760
v -1.715800 -1.334463 1.245860
v -1.744000 -1.499963 1.391560
v -1.789500 -1.404463 1.399960
v -1.747500 -1.248663 1.267560
v -1.853700 -1.520063 1.495360
v -1.819100 -1.654563 1.511860
v -1.695300 -1.574663 1.349959
v -1.723200 -1.722363 1.457160
v -1.671600 -1.399763 1.210660
v -1.921600 -1.532763 1.763859
v -1.915800 -1.437163 1.676560
v -1.915000 -1.510463 1.608060
v -1.925900 -1.595163 1.682059
v -1.891800 -1.570863 1.569260
v -1.895500 -1.646563 1.607060
v -1.741300 -1.830263 1.526060
v -1.740500 -1.908963 1.587160
v -1.836000 -1.861563 1.648359
v -1.831500 -1.777663 1.584859
v -1.863700 -1.543763 1.896959
v -1.743200 -1.487163 1.935559
v -1.748600 -1.548063 2.000559
v -1.873200 -1.601763 1.953260
v -1.908400 -1.797663 1.714660
v -1.900500 -1.723063 1.656459
v -1.932500 -1.664963 1.738360
v -1.939800 -1.726363 1.790259
v -1.926600 -1.664163 1.873759
v -1.921400 -1.605563 1.823360
v -1.881400 -1.660363 2.008460
v -1.755200 -1.607863 2.058460
v -1.761400 -1.667763 2.108760
v -1.885400 -1.718663 2.063060
v -1.935100 -1.721163 1.929959
v -1.945700 -1.785863 1.850160
v -1.946100 -1.839363 1.913060
v -1.938600 -1.777363 1.989060
v -1.830300 -1.933163 1.719460
v -1.913800 -1.866363 1.779960
v -1.837400 -1.997263 1.811659
v -1.913600 -1.914163 1.847960
v -1.750500 -2.051363 1.707960
v -1.741000 -1.983163 1.646460
v -1.930300 -1.937263 2.026660
v -1.924700 -1.887863 2.109260
v -1.934600 -1.831763 2.048160
v -1.940500 -1.884963 1.974660
v -1.881900 -1.774763 2.116360
v -1.877000 -1.834663 2.171260
v -1.765400 -1.729263 2.152860
v -1.777500 -1.792063 2.195360
v -1.919100 -1.932163 1.911460
v -1.899600 -1.978563 1.932360
v -1.738700 -1.860163 2.271660
v -1.613600 -1.855863 2.302360
v -1.674200 -1.930863 2.382560
v -1.855600 -1.954163 2.330460
v -1.800900 -2.165463 1.861060
v -1.771100 -2.107963 1.777860
v -1.838700 -2.061163 1.882460
v -1.857000 -2.115163 1.966660
v -1.807900 -1.854463 2.240760
v -1.877900 -1.902863 2.233460
v -1.899500 -2.078963 2.072360
v -1.891900 -2.024263 1.990160
v -1.924100 -1.989463 2.091360
v -1.928500 -2.048563 2.171160
v -1.923100 -2.013163 2.260660
v -1.918600 -1.948463 2.178160
v -1.868600 -2.044963 2.437260
v -1.714600 -2.009763 2.484960
v -1.744700 -2.095263 2.600160
v -1.885700 -2.128063 2.550760
v -1.889300 -2.330663 2.090260
v -1.838500 -2.237863 1.962160
v -1.882400 -2.183563 2.064760
v -1.917300 -2.270663 2.187560
v -1.942900 -2.234063 2.286460
v -1.918100 -2.148563 2.168660
v -1.943100 -2.120263 2.267860
v -1.960200 -2.205263 2.382860
v -1.946700 -2.170263 2.473160
v -1.933200 -2.086563 2.359560
v -1.776200 -2.186763 2.723060
v -1.904300 -2.216363 2.673460
v -1.933400 -2.325263 2.821760
v -1.816500 -2.298663 2.876560
v -1.991200 -2.574063 2.454660
v -1.943100 -2.445463 2.261260
v -1.951800 -2.379063 2.349060
v -1.992500 -2.505263 2.528160
v -1.989800 -2.460863 2.600060
v -1.962300 -2.338063 2.434260
v -1.977200 -2.303663 2.517060
v -1.995600 -2.421363 2.671960
v -1.985000 -2.373863 2.748060
v -1.962000 -2.262063 2.599460
v -2.100100 -2.854063 2.830460
v -2.038100 -2.709963 2.645660
v -2.041700 -2.644563 2.705260
v -2.104800 -2.790963 2.875960
v -2.720000 -3.193463 4.315760
v -2.751400 -3.304163 4.341960
v -2.758300 -3.230863 4.354360
v -2.688100 -3.290463 4.255560
v -2.598900 -3.226563 4.025460
v -2.633500 -3.249163 4.122860
v -2.672700 -3.147163 4.102359
v -2.629100 -3.131163 4.007160
v -2.705100 -3.147563 4.194860
v -2.731600 -3.376863 4.396460
v -2.689100 -3.403963 4.365760
v -2.728700 -3.113263 4.272460
v -2.597000 -3.444663 4.141960
v -2.594300 -3.388963 4.134060
v -2.659400 -3.460563 4.034660
v -2.679300 -3.509663 4.066860
v -2.698800 -3.570263 4.101460
v -2.609200 -3.523363 4.146560
v -2.592800 -3.487563 4.240660
v -2.617700 -3.402963 4.246960
v -2.687800 -3.637363 4.109960
v -2.610900 -3.599063 4.164360
v -2.665500 -3.722263 4.120060
v -2.600300 -3.663063 4.190060
v -2.579200 -3.617563 4.245760
v -2.584100 -3.561963 4.241560
v -2.793600 -3.673163 3.643060
v -2.671300 -3.774063 3.665160
v -2.698200 -3.792563 3.716660
v -2.821600 -3.692263 3.703660
v -2.532500 -3.853563 3.711860
v -2.552400 -3.865763 3.759960
v -2.573600 -3.869963 3.814360
v -2.721000 -3.798363 3.777860
v -2.843600 -3.703163 3.773160
v -2.563200 -3.493863 3.342860
v -2.511500 -3.447463 3.300160
v -2.454200 -3.573163 3.359860
v -2.484600 -3.612963 3.414160
v -2.419300 -3.521563 3.304960
v -2.459900 -3.399263 3.256660
v -2.356700 -3.607963 3.371160
v -2.375100 -3.663663 3.434260
v -2.389700 -3.705663 3.492160
v -2.397900 -3.337363 3.210860
v -2.370700 -3.453363 3.248160
v -2.312800 -3.411463 3.207760
v -2.308600 -3.261963 3.143660
v -2.295600 -3.486963 3.261660
v -2.325000 -3.539463 3.303760
v -2.611400 -3.282363 3.327760
v -2.536800 -3.229863 3.282260
v -2.536600 -3.330463 3.276060
v -2.599700 -3.379363 3.326660
v -2.472600 -3.279763 3.235860
v -2.466300 -3.179463 3.245160
v -2.557000 -3.123663 3.388560
v -2.493800 -3.089063 3.342660
v -2.526100 -3.151063 3.304460
v -2.596500 -3.194063 3.346860
v -2.460800 -3.109763 3.274760
v -2.449900 -3.073163 3.312960
v -2.397100 -3.124963 3.207260
v -2.403700 -3.221563 3.195060
v -2.310300 -3.137663 3.132860
v -2.305600 -3.053963 3.152360
v -2.196200 -2.936963 3.034060
v -2.191000 -3.006563 3.007360
v -2.172300 -3.080563 2.997860
v -2.561800 -3.251363 3.600460
v -2.479000 -3.207063 3.547760
v -2.565700 -3.162363 3.504560
v -2.652100 -3.211463 3.564760
v -2.476200 -3.118963 3.448260
v -2.381800 -3.171863 3.487460
v -2.637900 -3.177363 3.449460
v -2.713200 -3.238663 3.519260
v -2.093100 -2.750363 2.945960
v -2.036400 -2.599863 2.774260
v -2.023600 -2.563363 2.849760
v -2.075600 -2.716663 3.026660
v -1.963700 -2.532163 3.306160
v -1.883100 -2.408963 3.101760
v -1.971600 -2.479963 3.006360
v -2.052000 -2.639663 3.222660
v -1.685800 -2.413263 3.142260
v -1.810900 -2.598563 3.385560
v -2.060900 -2.676863 3.104560
v -2.008400 -2.524063 2.927160
v -2.071300 -2.616963 3.472160
v -2.002300 -2.632963 3.569860
v -2.147900 -2.666263 3.422160
v -2.295200 -3.010663 3.213760
v -2.187200 -2.896963 3.100860
v -2.161900 -2.866963 3.178560
v -2.268000 -3.019163 3.333360
v -2.392600 -3.061663 3.253460
v -2.389500 -3.050963 3.324160
v -2.324900 -3.108263 3.427860
v -2.416600 -3.079963 3.386260
v -2.222400 -3.013563 3.489260
v -2.264300 -3.095763 3.507360
v -2.271100 -3.068263 3.601260
v -2.252200 -2.985863 3.606960
v -2.319800 -3.160363 3.550760
v -2.287500 -3.140163 3.610560
v -2.247900 -2.908263 3.615360
v -2.217200 -2.922863 3.492960
v -2.217000 -2.833363 3.484660
v -2.264300 -2.830163 3.608460
v -2.181800 -2.838163 3.386660
v -2.197800 -2.907163 3.359260
v -2.198300 -2.743263 3.441960
v -2.139200 -2.762863 3.317860
v -2.272900 -2.749663 3.581860
v -2.140700 -2.811363 3.239460
v -2.959600 -2.728463 4.404059
v -3.030000 -2.691963 4.435959
v -2.970900 -2.767563 4.471960
v -3.016800 -2.735763 4.479559
v -2.912600 -2.567863 4.623159
v -2.827600 -2.594863 4.619760
v -2.824900 -2.571363 4.552859
v -2.906200 -2.543163 4.553959
v -2.943500 -2.673363 4.679359
v -3.002500 -2.700863 4.658959
v -2.939300 -2.758363 4.660460
v -2.888700 -2.702563 4.676360
v -2.975200 -2.787563 4.597559
v -3.047900 -2.731663 4.595860
v -2.979000 -2.785063 4.530260
v -3.034500 -2.731963 4.528860
v -2.931200 -2.622563 4.662859
v -2.850500 -2.643363 4.666460
v -3.051200 -2.594163 4.563360
v -3.080200 -2.649263 4.584360
v -3.014600 -2.627663 4.639659
v -3.000300 -2.570163 4.598360
v -3.077900 -2.669263 4.503860
v -3.050600 -2.589363 4.495659
v -2.982100 -2.551863 4.527060
v -3.313100 -3.229563 4.228460
v -3.276400 -3.206463 4.194860
v -3.302900 -3.136463 4.197460
v -3.275700 -3.091863 4.246260
v -3.319000 -3.233663 4.283060
v -3.268300 -3.277263 4.310360
v -3.216800 -3.287163 4.366260
v -2.387500 -3.225763 3.609860
v -2.448300 -3.274463 3.668660
v -2.388600 -3.185563 3.735860
v -2.327600 -3.163063 3.664160
v -2.557500 -3.032563 3.918260
v -2.587200 -3.117763 3.921660
v -2.521300 -3.108263 3.856860
v -2.503500 -3.023463 3.850860
v -2.506200 -3.206763 3.871760
v -2.558600 -3.212663 3.942160
v -2.378800 -3.006763 3.735160
v -2.306600 -2.993163 3.683360
v -2.326700 -3.069963 3.669560
v -2.389900 -3.086363 3.732860
v -2.443600 -3.015563 3.789660
v -2.458500 -3.097663 3.791860
v -2.451200 -3.197463 3.803660
v -2.345800 -2.806963 3.821760
v -2.388600 -2.820563 3.924960
v -2.372700 -2.881263 3.913660
v -2.329500 -2.887963 3.811160
v -2.349800 -2.945263 3.762760
v -2.298500 -2.852363 3.709760
v -2.289700 -2.923863 3.701660
v -2.437100 -2.933763 3.894260
v -2.388600 -2.919963 3.864360
v -2.404900 -2.957863 3.820660
v -2.460600 -2.964563 3.876360
v -2.318400 -2.777263 3.707160
v -2.398700 -2.922863 3.933460
v -2.464200 -2.928863 3.943560
v -2.511100 -2.972363 3.935660
v -2.513100 -3.839363 3.672559
v -2.435100 -3.926763 3.690060
v -2.456100 -3.943763 3.729260
v -2.412900 -3.909763 3.657660
v -2.491700 -3.820463 3.641360
v -2.338400 -3.990663 3.674160
v -2.360800 -4.005463 3.714060
v -2.379200 -4.020663 3.759960
v -2.576000 -3.327263 3.980160
v -2.589200 -3.349663 4.068560
v -2.640700 -3.426763 3.974960
v -2.631100 -3.397163 3.898260
v -2.551200 -3.315963 3.892760
v -2.519800 -3.312863 3.811360
v -2.606500 -3.347063 3.728660
v -2.611800 -3.383063 3.810560
v -2.489100 -3.301663 3.736060
v -2.599000 -3.296263 3.660660
v -2.722800 -3.302163 3.696760
v -2.742000 -3.341363 3.765760
v -2.830700 -3.367763 3.708360
v -2.798500 -3.327263 3.646960
v -2.870500 -3.405163 3.777560
v -2.764900 -3.377663 3.840860
v -2.699900 -3.257363 3.631060
v -2.762800 -3.287163 3.585060
v -2.735300 -3.630463 3.553360
v -2.704000 -3.607563 3.514960
v -2.591000 -3.709563 3.554860
v -2.617900 -3.731663 3.588360
v -2.560400 -3.683863 3.516960
v -2.665200 -3.577663 3.470760
v -2.469400 -3.799663 3.612660
v -2.428800 -3.785863 3.584460
v -2.767500 -3.398063 3.463860
v -2.815100 -3.436963 3.519460
v -2.806400 -3.352163 3.546860
v -2.756500 -3.308463 3.484860
v -2.841700 -3.387963 3.602160
v -2.846800 -3.466663 3.568460
v -2.764600 -3.651763 3.594460
v -2.644600 -3.753663 3.623160
v -2.872100 -3.424563 3.657660
v -2.907100 -3.463863 3.722360
v -2.873300 -3.495163 3.619160
v -2.903300 -3.525863 3.680260
v -2.695200 -3.342363 3.393360
v -2.671600 -3.435163 3.390860
v -2.735400 -3.485663 3.455960
v -2.616300 -3.537963 3.408360
v -2.778700 -3.519663 3.506660
v -2.808500 -3.543663 3.552060
v -2.681900 -3.249663 3.411460
v -2.837700 -3.567563 3.596860
v -2.869800 -3.593363 3.649860
v -1.418100 -2.913763 3.054560
v -1.313500 -2.772063 2.827560
v -1.461800 -2.557563 3.041360
v -1.544100 -2.701863 3.272760
v -1.080700 -2.904363 2.692260
v -1.167800 -3.057663 2.911660
v -0.885100 -3.199063 2.770560
v -0.827900 -3.023363 2.562360
v -1.512200 -3.032363 3.249760
v -1.251100 -3.190663 3.096460
v -1.313700 -3.292363 3.232760
v -1.584000 -3.125763 3.385360
v -0.955600 -3.438663 3.103860
v -0.927900 -3.338563 2.959360
v 0.241500 -3.512763 2.013660
v 0.531400 -3.570163 1.918460
v 0.274200 -3.746063 2.242460
v 0.568300 -3.812263 2.165660
v 0.853700 -3.659563 1.793860
v 0.906300 -3.904563 2.065660
v 2.163900 -4.114763 1.279360
v 2.147600 -4.100163 1.341360
v 2.293000 -4.395363 1.585760
v 2.339800 -4.415763 1.524560
v 2.319000 -4.456363 1.455560
v 2.146900 -4.131163 1.217660
v 0.703000 -4.107663 1.804460
v 0.677300 -3.854963 1.549460
v 0.962200 -3.919563 1.468960
v 1.015000 -4.188863 1.725460
v 1.268700 -4.028663 1.338060
v 1.352100 -4.312763 1.601760
v -0.227400 -3.805263 2.099160
v -0.520300 -3.707163 2.218960
v -0.464000 -3.498563 1.972460
v -0.179700 -3.600663 1.846060
v -0.817500 -3.340963 2.153460
v -0.882600 -3.543763 2.387360
v -1.644300 -3.105963 2.734960
v -1.842400 -3.036763 2.784360
v -1.754400 -2.890663 2.573460
v -1.571000 -2.966863 2.517760
v -1.286600 -3.306163 2.584760
v -1.216400 -3.134563 2.363360
v -0.960000 -3.842863 2.741960
v -1.372800 -3.589463 2.931560
v -1.336400 -3.467463 2.780560
v -0.929400 -3.717563 2.587360
v -1.708600 -3.265463 2.921860
v -1.754800 -3.391363 3.064960
v -2.032800 -3.193163 2.977560
v -2.120700 -3.146863 2.985660
v -2.101500 -3.366063 3.146160
v -2.211600 -3.316363 3.118960
v -1.960600 -3.316163 3.130760
v -1.917900 -3.198963 2.976560
v -1.101300 -4.265263 3.287260
v -1.522400 -4.011263 3.421860
v -1.500400 -3.964363 3.383360
v -1.074400 -4.216463 3.250260
v -1.902100 -3.829563 3.503460
v -1.897500 -3.798463 3.457260
v -1.908500 -3.804763 3.389560
v -1.498700 -3.948063 3.324160
v -1.053700 -4.169163 3.210360
v -0.459500 -4.679563 3.080660
v -0.738800 -4.495463 3.168760
v -0.712100 -4.444463 3.116360
v -0.424700 -4.617563 3.020760
v -0.703100 -4.412363 3.077860
v -0.415600 -4.579363 2.981260
v 1.321800 -5.356463 2.375660
v 0.891700 -5.157763 2.538460
v 0.908000 -5.100063 2.493060
v 1.335900 -5.295163 2.344460
v 1.267100 -5.479263 2.453160
v 0.826900 -5.287063 2.597360
v 0.525600 -5.043763 2.653260
v 0.454900 -5.161063 2.702960
v 0.554200 -4.982063 2.619760
v 1.010200 -4.402163 2.624360
v 0.666300 -4.274463 2.716260
v 0.704900 -4.312463 2.815660
v 1.038300 -4.435063 2.716260
v 0.477300 -4.144263 2.931560
v 0.411500 -4.120563 2.803960
v 0.490300 -4.257463 3.024660
v 0.716000 -4.383163 2.893160
v 1.037700 -4.498863 2.790160
v -1.607400 -3.190263 3.452260
v -1.338700 -3.352663 3.311460
v -1.325500 -3.378563 3.390660
v -1.605300 -3.205763 3.531560
v -0.967500 -3.543763 3.246260
v -0.964800 -3.493863 3.182760
v -1.055000 -3.841863 3.576760
v -1.026300 -3.787263 3.536760
v -1.338700 -3.554563 3.690060
v -1.605200 -3.409763 3.818560
v -1.372100 -3.607163 3.700160
v -1.583600 -3.353063 3.812560
v -1.632200 -3.484563 3.808860
v -1.390200 -3.674363 3.737560
v -1.091200 -3.922463 3.611060
v -1.267000 -3.360463 3.514360
v -1.552000 -3.243463 3.715760
v -1.256000 -3.409663 3.625660
v -1.577300 -3.217463 3.624660
v -0.919900 -3.620363 3.498560
v -0.910800 -3.533363 3.387760
v -1.300100 -3.493463 3.668760
v -1.563900 -3.296363 3.775960
v -0.989700 -3.726163 3.501860
v -1.638800 -2.839263 3.462160
v -1.684100 -2.939463 3.593860
v -1.828300 -2.730063 3.595960
v -1.839000 -2.840763 3.758660
v -1.713500 -2.989863 3.680060
v -1.698200 -3.024063 3.601460
v -1.743400 -3.038763 3.748960
v -1.845900 -2.899663 3.857460
v -1.836300 -2.965463 3.916360
v -1.758400 -3.106263 3.803960
v -1.747100 -3.150263 3.862460
v -1.854400 -3.039563 3.950660
v -1.855000 -3.121163 3.988260
v -1.740500 -3.213963 3.917060
v -2.158300 -2.669763 3.877260
v -2.114800 -2.721463 3.957160
v -2.056700 -2.742163 3.890660
v -2.090100 -2.686063 3.792060
v -1.983900 -2.700963 3.698360
v -1.984200 -2.783463 3.824160
v -2.148100 -2.969663 4.243959
v -2.225900 -2.928763 4.282360
v -2.208400 -2.877063 4.274960
v -2.114400 -2.879063 4.215459
v -1.959100 -2.847263 3.916960
v -2.033200 -2.817063 3.973460
v -1.937400 -2.908863 3.979460
v -2.007400 -2.879663 4.042359
v -2.056800 -2.863863 4.117760
v -2.060300 -2.947063 4.168759
v -2.013600 -2.992963 4.104859
v -2.001500 -2.932363 4.077660
v -2.041700 -2.910063 4.132360
v -2.116500 -2.768063 4.114260
v -2.078900 -2.790063 4.049059
v -2.142600 -2.790363 4.236959
v -2.160100 -2.731263 4.155159
v -2.201900 -2.821763 4.291160
v -1.934500 -2.969363 4.023459
v -1.960300 -3.052663 4.034060
v 2.772200 -5.186163 2.316060
v 2.853200 -5.259363 2.237560
v 2.811600 -5.187063 2.150960
v 2.719200 -5.087063 2.202560
v 2.897400 -5.268263 2.093860
v 2.928900 -5.321663 2.155460
v 2.836500 -5.228663 2.050360
v 2.769400 -5.150863 2.065060
v 2.640600 -5.015763 2.079260
v 2.840100 -5.257963 1.999660
v 2.745800 -5.172563 1.999560
v 2.733600 -5.210463 1.940160
v 2.820800 -5.284063 1.937960
v 2.661600 -5.119063 1.925460
v 2.670300 -5.059963 1.990060
v 2.921700 -5.310363 2.027360
v 2.963400 -5.367363 2.079660
v 2.951900 -5.410263 2.004160
v 2.901600 -5.343863 1.960360
v 2.920300 -5.498763 2.194660
v 2.965300 -5.438063 2.131060
v 2.936500 -5.387763 2.210960
v 2.909600 -5.447963 2.247360
v 2.899800 -5.563563 2.113860
v 2.948800 -5.490963 2.053560
v 2.859800 -5.394263 1.899960
v 2.789400 -5.332063 1.885360
v 2.893700 -5.455863 1.931660
v 2.782800 -5.475763 1.884960
v 2.769000 -5.420663 1.870760
v 2.736800 -5.360063 1.868160
v 2.833100 -5.592163 2.011960
v 2.885500 -5.525563 1.971860
v 2.777800 -5.535663 1.907160
v 2.753900 -5.576963 1.945360
v 2.644500 -5.571963 1.940960
v 2.627100 -5.514163 1.885560
v 2.500200 -5.579263 1.938260
v 2.476600 -5.509763 1.855660
v 2.635300 -5.459163 1.853560
v 2.485100 -5.432863 1.818760
v -1.091700 -4.161363 3.006160
v -0.739700 -4.380563 2.892160
v -0.712200 -4.389763 2.998660
v -1.065800 -4.158963 3.112560
v -0.449000 -4.521563 2.821260
v -0.423900 -4.543563 2.914560
v -1.001100 -3.937263 2.885860
v -1.431900 -3.684563 3.077260
v -1.403300 -3.647763 3.022760
v -0.983500 -3.906763 2.831260
v -1.780900 -3.442063 3.152260
v -1.822000 -3.479563 3.194060
v -1.965100 -3.370763 3.191760
v -2.022900 -3.406163 3.212860
v -1.936400 -3.805363 3.287760
v -1.523100 -3.952663 3.221660
v -1.934100 -3.742663 3.215360
v -1.532100 -3.919863 3.134560
v -2.127500 -3.694963 3.325160
v -2.127000 -3.745163 3.395060
v -2.227100 -3.703963 3.390160
v -2.103800 -3.628363 3.284860
v -2.211400 -3.636563 3.336760
v -2.173500 -3.556463 3.294060
v -1.521200 -3.860563 3.101260
v -1.501300 -3.798463 3.092060
v -1.909100 -3.673963 3.195560
v -1.895400 -3.613463 3.190360
v -1.049400 -4.026363 2.952560
v -1.082300 -4.099863 2.953060
v -2.078800 -3.545363 3.264060
v -2.060700 -3.470563 3.246960
v -2.155400 -3.456463 3.240960
v -1.865300 -3.544763 3.193460
v -2.240700 -3.429763 3.209760
v -2.248800 -3.510963 3.278960
v -2.070400 -3.595063 3.263260
v -2.274400 -3.591763 3.333260
v -2.297500 -3.660663 3.393160
v -1.468600 -3.739363 3.094260
v -1.019800 -3.974963 2.936560
v -2.413100 -3.738863 3.539160
v -2.522400 -3.649763 3.469860
v -2.388700 -3.889563 3.629260
v -2.360500 -3.874963 3.605960
v -2.312700 -3.971963 3.636860
v -2.283300 -3.947363 3.609360
v -2.304000 -3.720163 3.455760
v -2.304100 -3.760463 3.518260
v -2.220000 -3.740363 3.465360
v -2.200900 -3.792663 3.532760
v -2.115400 -3.754363 3.471560
v -2.104500 -3.786263 3.518160
v -2.331800 -3.837563 3.573660
v -2.319800 -3.801563 3.552060
v -2.224700 -3.843663 3.553760
v -2.240000 -3.884263 3.569360
v -2.325000 -3.873763 3.589060
v -2.254700 -3.921663 3.587960
v -2.079300 -3.826963 3.539460
v -2.105700 -3.854763 3.551160
v -1.907000 -3.888563 3.539760
v -1.920400 -3.940763 3.575460
v -2.180900 -4.019863 3.613060
v -2.213400 -4.056363 3.648160
v -2.004600 -4.146963 3.633760
v -2.042200 -4.193863 3.670060
v -2.242000 -4.082263 3.698160
v -2.076500 -4.230963 3.726160
v -2.132400 -3.935363 3.576860
v -2.153000 -3.977763 3.593460
v -1.952500 -4.045563 3.623460
v -1.975500 -4.097563 3.623560
v -1.933500 -3.991063 3.607860
v -2.120100 -3.892863 3.563860
v -1.709000 -4.392163 3.675560
v -1.385000 -4.720263 3.690560
v -1.446700 -4.782063 3.705160
v -1.761600 -4.453763 3.682060
v -1.810100 -4.501863 3.735360
v -1.502800 -4.830263 3.767960
v -1.148700 -4.349463 3.359760
v -1.550900 -4.083063 3.472260
v -1.205300 -4.449463 3.457760
v -1.583900 -4.162563 3.528060
v -1.264200 -4.547863 3.563360
v -1.621000 -4.237463 3.585460
v -1.652600 -4.298363 3.638460
v -1.315200 -4.629163 3.648760
v -1.347100 -4.675663 3.689260
v -1.676500 -4.343463 3.671160
v -0.882200 -5.351363 3.790060
v -0.965700 -5.421963 3.830760
v -1.169200 -5.121163 3.779160
v -1.101900 -5.062163 3.738260
v -1.225100 -5.164863 3.858360
v -1.026500 -5.468063 3.927360
v -0.803000 -4.598263 3.270360
v -0.543100 -4.804563 3.198060
v -0.878900 -4.725263 3.409060
v -0.637100 -4.959963 3.364260
v -0.702600 -5.110963 3.567060
v -0.944900 -4.852563 3.566860
v -1.005600 -4.960663 3.689260
v -0.766600 -5.242063 3.720660
v -0.820500 -5.305463 3.780860
v -1.051500 -5.017363 3.736260
v -0.080300 -6.163263 3.839760
v 0.261400 -6.421863 3.820860
v 0.167400 -6.515963 3.819160
v -0.179000 -6.248663 3.849960
v 0.586800 -6.831663 3.784360
v 0.678700 -6.725963 3.796560
v 0.481900 -6.924863 3.834060
v 0.065200 -6.602962 3.871060
v -0.274300 -6.322263 3.919960
v 0.283100 -6.356963 3.776660
v 0.295700 -6.272563 3.646460
v -0.040400 -6.095963 3.818160
v -0.025100 -6.022863 3.692960
v 0.720200 -6.531963 3.621960
v 0.690500 -6.655263 3.739160
v -0.892500 -4.780663 4.176660
v -0.560300 -5.117763 4.152160
v -0.531900 -5.086363 4.034060
v -0.867700 -4.739763 4.079560
v -1.240500 -4.356163 4.115060
v -1.233000 -4.378663 4.203860
v -1.247500 -4.420163 4.297360
v -0.914900 -4.815063 4.280560
v -0.585300 -5.136163 4.285260
v -1.480600 -4.018363 4.135360
v -1.489500 -4.044163 4.203160
v -1.665800 -3.779163 4.199060
v -1.651600 -3.759963 4.144160
v -1.693300 -3.800263 4.254060
v -1.511000 -4.078363 4.273260
v -1.405300 -3.784663 3.803660
v -1.120000 -4.051863 3.686860
v -1.633100 -3.584163 3.856760
v -1.647200 -3.666963 3.923660
v -1.428200 -3.896463 3.874760
v -1.142600 -4.177763 3.794060
v -1.206600 -4.305863 3.989360
v -1.479200 -3.993663 4.018360
v -1.486500 -4.010363 4.076560
v -1.224100 -4.330263 4.055260
v -1.672700 -3.740363 4.040460
v -1.657800 -3.748663 4.093460
v -1.453700 -3.958963 3.949760
v -1.665300 -3.715963 3.981860
v -1.175600 -4.258763 3.897960
v -1.895800 -3.472763 4.181260
v -1.971200 -3.379363 4.216360
v -1.961800 -3.432663 4.252960
v -1.887100 -3.502563 4.214160
v -2.021900 -3.403863 4.308660
v -2.066100 -3.310463 4.262060
v -1.998000 -3.509363 4.314260
v -1.934500 -3.517263 4.272260
v -1.879500 -3.544063 4.242460
v -1.849300 -3.378063 4.006760
v -1.760900 -3.396463 3.910560
v -1.739800 -3.300363 3.940660
v -1.834800 -3.233663 4.024660
v -1.810900 -3.533963 3.931760
v -1.767700 -3.492063 3.883960
v -1.785200 -3.585463 4.160660
v -1.788500 -3.604763 4.203260
v -1.813200 -3.624463 4.242360
v -1.926400 -3.159563 4.083260
v -2.027000 -3.090963 4.124360
v -1.998000 -3.200463 4.172060
v -1.906400 -3.264563 4.106660
v -1.904500 -3.325263 4.108260
v -1.944200 -3.315963 4.144260
v -1.896900 -3.428463 4.101360
v -1.892600 -3.426363 4.046060
v -2.028900 -3.245963 4.222860
v -2.100500 -3.158463 4.279860
v -2.094400 -3.105563 4.226759
v -2.127800 -3.203963 4.337760
v -1.896100 -3.444163 4.146160
v -1.968900 -3.338663 4.178060
v -2.088900 -3.025663 4.184659
v -1.808600 -3.561563 4.068260
v -1.796700 -3.573063 4.116560
v -1.822200 -3.556063 4.003160
v -1.834000 -3.846163 4.312160
v -1.744800 -3.830063 4.299860
v -1.866100 -3.638963 4.279760
v -1.937600 -3.641663 4.302860
v -1.642900 -4.199863 4.338060
v -1.568000 -4.130063 4.335360
v -1.326100 -4.500963 4.339660
v -1.413200 -4.585663 4.340960
v -1.830000 -4.097363 4.355860
v -1.719200 -4.313463 4.392760
v -1.689000 -4.262363 4.351960
v -1.846300 -3.974263 4.326060
v -1.461100 -4.640663 4.380460
v -1.504500 -4.688063 4.425660
v -0.988000 -4.886563 4.344760
v -1.086300 -4.977163 4.332260
v -0.762500 -5.295063 4.382260
v -0.655600 -5.200863 4.393760
v -1.144700 -5.024763 4.379760
v -1.215100 -5.065263 4.436960
v -0.924700 -5.371263 4.478060
v -0.832800 -5.340063 4.413360
v 0.133700 -6.254863 4.360460
v 0.060600 -6.359163 4.390160
v 0.367700 -6.580963 4.434160
v 0.456100 -6.479963 4.401860
v 0.197700 -6.670763 4.491460
v -0.082700 -6.453463 4.445960
v 0.504500 -6.915863 4.533560
v 0.706300 -6.836263 4.490460
v 0.813000 -6.748063 4.459560
v 0.364600 -6.988263 4.058860
v -0.031100 -6.670963 4.072260
v 0.002300 -6.658063 3.963560
v 0.418800 -6.966663 3.954060
v -0.326800 -6.367163 4.005260
v -0.359100 -6.383963 4.099060
v -1.554600 -4.862463 3.936260
v -1.530800 -4.849063 3.854560
v -1.259400 -5.186363 3.934060
v -1.295600 -5.205763 4.005660
v -1.063500 -5.487163 4.003460
v -1.099000 -5.500763 4.070760
v -2.102500 -4.258263 3.790160
v -2.264900 -4.102163 3.750960
v -2.279900 -4.117463 3.806160
v -2.115700 -4.273363 3.855760
v -1.843700 -4.532963 3.808960
v -1.859800 -4.545563 3.887960
v -2.120500 -4.283863 3.908960
v -2.287500 -4.133363 3.858960
v -2.112400 -4.277863 3.966460
v -2.282400 -4.149763 3.911060
v -2.409600 -4.084363 3.876460
v -2.394800 -4.042663 3.813160
v -2.477100 -3.964363 3.778660
v -2.504000 -3.984163 3.829960
v -1.867500 -4.550163 3.953260
v -1.881500 -4.554963 4.012160
v -1.572100 -4.868563 4.010860
v -1.608500 -4.886263 4.079360
v -2.263300 -4.171763 3.963160
v -2.325400 -4.165863 3.968860
v -2.128900 -4.289463 4.023360
v -2.183000 -4.327063 4.084760
v -1.980300 -3.744463 4.293160
v -1.955800 -3.864463 4.325460
v -2.029000 -3.842863 4.353760
v -2.067200 -3.705763 4.311060
v -1.944800 -4.054263 4.417860
v -1.897000 -4.047963 4.374060
v -2.164300 -3.672863 4.365160
v -2.124600 -3.690063 4.340460
v -2.112400 -3.613963 4.352860
v -2.134900 -3.584763 4.366360
v -2.071600 -3.608063 4.342660
v -2.091300 -3.543363 4.368060
v -2.009200 -3.623163 4.323460
v -2.048100 -3.517363 4.347160
v 2.066700 -7.575563 3.985860
v 1.996600 -7.687463 3.990760
v 1.917300 -7.649363 3.932560
v 2.005400 -7.521763 3.919760
v 2.096000 -7.613163 4.040960
v 2.056400 -7.695662 4.066760
v 1.986400 -7.742663 4.094560
v 1.915000 -7.747463 4.063560
v 1.818700 -7.720763 4.021560
v 1.997700 -7.549863 4.365260
v 1.922300 -7.663363 4.346860
v 2.005300 -7.673263 4.312860
v 2.072300 -7.516263 4.254960
v 2.030700 -7.448963 4.271760
v 2.065300 -7.604362 4.291060
v 1.910100 -7.481163 4.420860
v 1.965500 -7.360863 4.304660
v 1.804200 -7.615863 4.387660
v 1.751100 -7.720563 4.211960
v 1.877600 -7.752763 4.218360
v 1.885500 -7.718463 4.283460
v 1.757800 -7.684763 4.305060
v 1.993100 -7.741263 4.205460
v 2.003000 -7.715563 4.258260
v 2.104600 -7.656863 4.179460
v 2.097200 -7.633862 4.230160
v 2.100000 -7.515863 4.141160
v 2.089300 -7.508563 4.197860
v 1.987100 -7.748463 4.149660
v 1.882500 -7.760962 4.142460
v 1.769800 -7.729163 4.119860
v 2.090800 -7.681563 4.133160
v 2.110700 -7.563063 4.088860
v 2.023400 -7.396863 3.977860
v 2.076700 -7.472963 4.034760
v 2.048200 -7.413663 4.106060
v 1.997600 -7.321663 4.071660
v 2.031600 -7.411063 4.181760
v 1.969300 -7.322263 4.176860
v -2.274400 -4.041363 4.676960
v -2.177600 -4.349563 4.829360
v -2.108700 -4.328163 4.816160
v -2.207100 -4.017263 4.663660
v -1.985100 -4.697062 5.007160
v -2.058000 -4.720763 5.038860
v -1.928700 -4.680663 4.954260
v -2.049300 -4.307763 4.782560
v -2.149400 -3.996763 4.628060
v -2.353000 -4.045063 4.663860
v -2.261900 -4.350963 4.815760
v -2.354300 -4.373163 4.779260
v -2.441100 -4.070662 4.627360
v -2.258600 -4.758063 5.008960
v -2.154100 -4.730563 5.038060
v -2.361500 -3.648563 4.430260
v -2.332100 -3.809063 4.541760
v -2.268700 -3.791463 4.526560
v -2.303300 -3.635863 4.416360
v -2.216500 -3.782863 4.492360
v -2.250300 -3.632963 4.396160
v -2.415100 -3.660163 4.429960
v -2.400100 -3.818263 4.531560
v -2.483000 -3.849263 4.503560
v -2.497200 -3.674663 4.403160
v -2.134900 -3.478563 4.398260
v -2.176400 -3.545263 4.393460
v -2.234600 -3.515363 4.419560
v -2.205100 -3.409563 4.446060
v -2.205600 -3.649163 4.381860
v -2.562400 -3.632763 4.311360
v -2.489900 -3.555963 4.402060
v -2.600500 -3.510463 4.358360
v -2.571600 -3.560463 4.346760
v -2.512600 -3.476363 4.446460
v -2.637500 -3.451263 4.357960
v -2.584000 -3.453463 4.459960
v -2.175000 -3.251663 4.411760
v -2.225000 -3.297863 4.501460
v -2.114900 -3.342163 4.383160
v -2.079800 -3.424963 4.365060
v -2.549800 -3.382263 4.551060
v -2.489700 -3.397063 4.549760
v -2.451900 -3.283463 4.607060
v -2.541200 -3.287163 4.622760
v -2.307800 -3.512563 4.420760
v -2.303200 -3.427663 4.482160
v -2.385200 -3.441963 4.470560
v -2.376000 -3.526263 4.418960
v -2.492500 -3.145663 4.616459
v -2.414100 -3.104063 4.584360
v -2.355400 -3.227863 4.578760
v -2.560200 -3.181663 4.632760
v -2.449900 -3.413963 4.534660
v -2.398300 -3.377863 4.559860
v -2.441800 -3.458663 4.450660
v -2.314700 -3.339063 4.547060
v -2.429500 -3.541163 4.413060
v -2.586800 -3.720563 4.244760
v -2.573700 -3.803563 4.325760
v -2.634900 -3.809263 4.172160
v -2.630700 -3.914263 4.240060
v -2.585400 -4.009963 3.927860
v -2.544000 -3.997263 3.879360
v -2.468900 -4.098663 3.922559
v -2.526000 -4.119663 3.968360
v -2.612600 -3.851863 3.941060
v -2.594500 -3.858363 3.870160
v -2.614800 -4.030263 3.978260
v -2.643600 -3.964263 4.015960
v -2.586800 -4.122463 4.027460
v -2.648500 -4.083363 4.087260
v -2.640400 -3.889063 4.088560
v -2.664300 -3.794563 4.028160
v -2.668600 -4.010163 4.162260
v -2.380400 -4.374563 4.098660
v -2.465200 -4.226562 4.008360
v -2.391300 -4.195163 3.976660
v -2.294400 -4.329763 4.092560
v -2.601400 -4.063163 4.334260
v -2.556700 -3.947663 4.426960
v -2.523100 -4.164762 4.556860
v -2.552600 -4.275963 4.458260
v -2.610000 -4.215663 4.164460
v -2.622400 -4.152863 4.250860
v -2.563400 -4.354463 4.366660
v -2.533200 -4.396163 4.271860
v -2.469100 -4.400563 4.171160
v -2.543700 -4.234563 4.078560
v -2.469600 -4.570863 4.609160
v -2.436300 -4.464163 4.706360
v -2.340900 -4.847163 4.930760
v -2.380500 -4.947563 4.831560
v -2.149000 -4.992763 4.501860
v -2.249700 -5.031863 4.555360
v -2.358600 -4.664663 4.339360
v -2.263300 -4.622763 4.284060
v -2.422000 -4.668263 4.436860
v -2.324300 -5.038263 4.649860
v -2.460600 -4.638963 4.520860
v -2.360300 -5.007963 4.740360
v -2.289800 -5.405063 5.162960
v -2.246800 -5.320763 5.266060
v -2.213300 -5.814763 5.471260
v -2.179000 -5.741363 5.590660
v -2.077200 -5.657263 5.657660
v -2.154900 -5.241263 5.328860
v -1.973300 -5.878963 4.969360
v -2.086300 -5.889163 5.052360
v -2.153500 -5.481763 4.819960
v -2.042800 -5.452763 4.759360
v -2.239600 -5.481363 4.927360
v -2.163900 -5.870663 5.186660
v -2.199500 -5.848963 5.333760
v -2.273300 -5.452763 5.048960
v -1.602300 -7.377263 6.349360
v -1.489400 -7.316763 6.448460
v -1.591600 -7.005463 6.219860
v -1.680600 -7.053663 6.135960
v -1.486300 -6.963063 6.269660
v -1.350700 -7.263463 6.492160
v -1.612300 -6.688163 6.113960
v -1.711700 -6.727962 6.067560
v -1.787500 -6.776263 5.981860
v -1.720900 -7.184563 5.903960
v -1.739500 -7.123363 6.033560
v -1.824300 -6.849363 5.878060
v -1.811600 -6.912763 5.752160
v -1.635800 -7.506263 6.080160
v -1.658800 -7.445363 6.222660
v -1.387100 -7.539463 5.875660
v -1.541600 -7.553763 5.938860
v -1.639200 -7.217863 5.757760
v -1.488200 -7.178063 5.692060
v -1.733100 -6.926163 5.609460
v -1.604600 -6.880463 5.523560
v 0.734600 -1.595063 0.826760
v 0.495400 -1.591563 0.923760
v 0.559300 -1.595863 1.002760
v 0.790900 -1.608063 0.898060
v 0.613600 -1.635463 1.068659
v 0.840900 -1.637663 0.962460
v 0.620600 -1.777863 1.067460
v 0.633300 -1.706463 1.090759
v 0.863000 -1.779763 0.992560
v 0.869200 -1.699063 1.000960
v 0.588600 -1.837163 1.019560
v 0.556400 -1.910263 0.968660
v 0.793700 -1.919463 0.908160
v 0.820300 -1.841263 0.933360
v 1.727300 -4.626363 2.326860
v 1.378300 -4.470963 2.458760
v 1.379900 -4.528863 2.515560
v 1.743700 -4.682063 2.384260
v 1.701100 -4.532163 2.242860
v 1.361100 -4.384263 2.365960
v 1.004300 -4.353963 2.552760
v 0.992000 -4.270763 2.453360
v 1.420200 -1.999063 0.470260
v 1.460600 -1.919063 0.431660
v 1.356100 -1.998563 0.395060
v 1.408200 -1.937763 0.359960
v 1.289900 -1.733163 0.234360
v 1.335700 -1.638963 0.239660
v 1.177300 -1.678863 0.250860
v 1.201000 -1.585863 0.265160
v 1.393800 -2.196263 0.481360
v 1.362700 -2.058363 0.437560
v 1.416800 -2.060063 0.492460
v 1.455400 -2.197263 0.523460
v 2.649200 -5.314463 1.846060
v 2.692900 -5.255463 1.882860
v 2.494900 -5.220963 1.838360
v 2.604500 -5.163963 1.849560
v 2.510900 -4.928063 1.833460
v 2.600500 -5.039663 1.894260
v 2.534400 -5.093563 1.812360
v 2.452600 -4.981263 1.767260
v 2.413800 -5.120063 1.820960
v 2.339500 -4.989863 1.781560
v 2.492500 -5.334863 1.812760
v 2.636600 -5.387263 1.836060
v 2.720500 -5.620663 2.060460
v 2.801000 -5.591963 2.198160
v 2.701200 -5.640863 2.295060
v 2.594500 -5.602563 2.102960
v 1.700900 -7.559763 4.429960
v 1.825600 -7.411963 4.458660
v 1.736900 -7.334363 4.481960
v 1.586100 -7.496163 4.481060
v 1.901800 -7.278963 4.337560
v 1.830000 -7.202963 4.360860
v 1.624400 -7.646863 4.320960
v 1.609800 -7.662563 4.185560
v 1.499500 -7.651263 4.350060
v 1.421500 -7.658563 4.156560
v 1.857300 -7.397563 3.826560
v 1.922900 -7.265263 3.883660
v 1.964500 -7.331263 3.934860
v 1.933700 -7.462862 3.881960
v 1.952600 -7.240863 4.037360
v 1.901300 -7.144163 3.996560
v 1.913200 -7.242163 4.172560
v 1.850600 -7.169163 4.178360
v 2.797200 -5.313663 2.408460
v 2.870500 -5.352463 2.309960
v 2.856600 -5.453063 2.330360
v 2.773800 -5.474263 2.463360
v 2.836800 -5.534363 2.288160
v 2.776500 -5.590363 2.395960
v 0.674400 -5.556263 2.761960
v 0.303600 -5.398263 2.852260
v 1.134600 -5.739763 2.684360
v 0.975800 -6.041863 3.011860
v 0.505000 -5.859863 3.032960
v 0.143600 -5.666263 3.103160
v 0.367100 -6.112363 3.357760
v 0.028100 -5.886363 3.414860
v 0.831100 -6.310663 3.357960
v 0.016700 -1.184663 0.680160
v 0.199100 -1.233763 0.519260
v 0.115600 -1.001863 0.410460
v -0.061700 -0.967163 0.569959
v 0.309300 -1.048363 0.262860
v 0.417200 -1.268363 0.391260
v 0.217700 -0.808863 0.157059
v 0.031400 -0.771163 0.300260
v -0.128700 -0.739763 0.468560
v 0.375300 -1.350763 0.128960
v 0.267600 -1.356463 0.188160
v 0.189800 -1.188763 0.066660
v 0.295200 -1.179463 0.006660
v 0.482400 -1.338963 0.076460
v 0.399300 -1.162563 -0.045140
v 0.908500 -1.127863 0.089860
v 0.887600 -1.160863 0.063060
v 0.762000 -0.970863 -0.029041
v 0.781100 -0.937463 -0.005840
v 1.021300 -1.296663 0.187360
v 1.001800 -1.329163 0.162960
v 0.963900 -1.361263 0.142060
v 0.851500 -1.194163 0.040560
v 0.734200 -1.005863 -0.052740
v 1.098700 -1.474563 0.229160
v 1.067700 -1.520463 0.213960
v 1.111400 -1.428163 0.252260
v 1.115500 -1.382763 0.292060
v 1.067000 -1.382563 0.341460
v 1.002500 -1.275563 0.223660
v 0.952500 -1.271763 0.252960
v 0.889400 -1.103463 0.131160
v 0.793400 -0.897863 0.034960
v 0.758400 -0.867963 0.084160
v 0.843800 -1.091263 0.157060
v 0.622100 -1.526263 0.678260
v 0.388100 -1.521363 0.776960
v 0.447400 -1.569463 0.860260
v 0.685800 -1.569363 0.765660
v 0.239700 -1.545463 0.968959
v 0.185000 -1.488363 0.898660
v 0.296500 -1.412963 0.650260
v 0.101800 -1.367763 0.792460
v 0.527900 -1.426363 0.542960
v 2.265300 -4.769863 1.638160
v 2.361600 -4.767563 1.628760
v 2.188200 -4.514863 1.383760
v 2.268300 -4.493663 1.403060
v 2.427500 -4.727463 1.672960
v 1.234000 -4.013663 1.962160
v 1.151000 -3.771963 1.675360
v 1.442400 -3.882963 1.570260
v 1.533700 -4.159063 1.831460
v 1.330100 -3.559463 1.324160
v 1.049100 -3.481263 1.406660
v 1.308600 -4.224263 2.196160
v 0.956600 -4.112963 2.289260
v 1.632400 -4.369163 2.071960
v 2.124700 -4.154663 1.167460
v 1.993600 -3.776163 0.920960
v 2.081300 -4.192163 1.114560
v 1.953700 -3.814063 0.857660
v 1.553300 -2.508963 0.579960
v 1.711900 -2.914163 0.646060
v 1.647400 -2.932963 0.572360
v 1.489400 -2.512863 0.539960
v 1.877100 -3.346963 0.740260
v 1.805200 -3.379563 0.677860
v 1.899500 -3.319963 0.829460
v 1.015700 -2.815263 1.000960
v 0.787600 -2.763363 1.133860
v 0.913600 -3.136263 1.227760
v 1.164100 -3.208263 1.117160
v 0.609400 -4.869663 2.441360
v 0.940100 -5.004563 2.304060
v 0.916500 -5.058463 2.389160
v 0.582600 -4.919263 2.533960
v 1.331000 -5.251263 2.242760
v 1.330500 -5.198263 2.139760
v 1.565100 -1.624263 0.500260
v 1.571000 -1.688963 0.523460
v 1.490800 -1.669263 0.602360
v 1.474500 -1.602863 0.584060
v 1.542700 -1.572663 0.463660
v 1.452100 -1.554163 0.549460
v 1.278800 -1.949763 0.328660
v 1.349200 -1.917263 0.308560
v 1.304000 -1.872363 0.272360
v 1.219900 -1.894463 0.278760
v 1.196100 -1.809063 0.251060
v 1.282500 -1.810263 0.246460
v 0.822100 -2.139963 0.911360
v 0.597100 -2.144763 1.010160
v 0.682000 -2.412563 1.069860
v 0.909700 -2.428763 0.961960
v 0.561000 -2.000863 0.978960
v 0.790600 -1.993863 0.901860
v 0.572900 -2.490463 0.878860
v 0.761600 -2.485863 0.833060
v 0.539600 -2.244563 0.744260
v 0.709200 -2.227163 0.700060
v 0.901200 -2.211463 0.636560
v 0.973600 -2.488263 0.758360
v 0.684600 -2.114863 0.635560
v 0.528700 -2.129763 0.695060
v 0.868200 -2.088563 0.577860
v 1.723800 -7.660963 3.982160
v 1.837600 -7.589763 3.891860
v 1.749000 -7.527263 3.862260
v 1.627500 -7.598863 3.945360
v 1.648100 -7.668763 4.086960
v 1.520200 -7.633663 4.041960
v 0.264300 -6.031463 4.200260
v 0.569500 -6.266963 4.223460
v 0.566800 -6.237963 4.119460
v 0.268700 -5.988763 4.088360
v 0.937300 -6.490263 4.170660
v 0.942600 -6.509963 4.285660
v 0.943700 -6.449463 4.079460
v 0.569700 -6.191063 4.026960
v 0.257900 -5.953663 3.977660
v 0.538900 -6.340463 4.363860
v 0.224000 -6.113163 4.340160
v 0.906100 -6.599963 4.426360
v 0.929400 -4.649263 2.843560
v 0.880800 -4.717763 2.849660
v 1.281800 -4.819063 2.766960
v 1.320600 -4.757863 2.748160
v 1.208600 -4.942363 2.825260
v 0.802000 -4.843263 2.891160
v 1.623200 -5.118263 2.710960
v 1.701900 -4.983163 2.650660
v 1.739300 -4.918363 2.626960
v 1.260600 -5.739763 3.084960
v 1.473400 -5.380263 2.894760
v 1.046100 -5.201763 2.954460
v 0.847300 -5.526763 3.144460
v 0.646800 -5.087363 3.003260
v 0.475000 -5.372263 3.196960
v 2.525900 -4.865263 1.894760
v 2.612100 -4.968263 1.964460
v 2.557800 -4.914263 2.034360
v 2.474900 -4.815163 1.957960
v 2.396800 -4.635863 1.800460
v 2.451600 -4.671763 1.738060
v 1.426700 -4.565263 1.851860
v 1.057800 -4.447063 1.958360
v 1.086600 -4.645563 2.136860
v 1.471800 -4.769363 2.030660
v 0.759400 -4.486763 2.251760
v 0.733200 -4.325063 2.053260
v 0.745300 -4.661063 2.365660
v 0.760600 -4.591563 2.336960
v 1.101400 -4.733363 2.238360
v 1.087600 -4.795463 2.283060
v 1.489100 -4.869863 2.114560
v 1.481100 -4.929463 2.149860
v 2.399000 -6.087763 2.676960
v 2.360100 -6.121463 2.629560
v 2.551200 -5.799863 2.476360
v 2.363600 -6.025463 2.718360
v 2.628800 -5.790863 2.544460
v 2.573000 -5.717963 2.606260
v 2.169300 -6.399763 2.966660
v 2.222100 -6.486263 2.926360
v 2.204700 -6.600763 2.817260
v 2.736100 -5.655363 2.468460
v 2.689100 -5.567063 2.533360
v 2.671800 -5.694963 2.381660
v 1.791100 -4.837463 2.621260
v 1.381100 -4.685663 2.740860
v 1.421200 -4.612163 2.689960
v 1.818500 -4.758863 2.571560
v 0.989100 -4.575663 2.823460
v 1.401800 -4.576563 2.594560
v 1.791100 -4.709663 2.478460
v 0.678200 -4.783563 2.381160
v 1.001200 -4.919663 2.265860
v 0.966700 -4.961663 2.266460
v 0.643000 -4.825863 2.397160
v 1.350400 -5.132063 2.094660
v 1.388800 -5.069863 2.109760
v 1.049400 -4.865363 2.291660
v 1.442000 -5.005963 2.152260
v 0.715000 -4.727563 2.376860
v 2.030100 -6.727262 3.371460
v 1.935900 -7.080863 3.655960
v 2.060100 -6.833263 3.304760
v 1.890000 -6.973063 3.723360
v 1.838400 -7.132563 3.586960
v 1.973600 -6.890663 3.228760
v 1.840600 -7.295163 3.740960
v 1.914100 -7.202063 3.816360
v 1.890400 -7.083663 3.899960
v 0.340600 -5.618163 3.457560
v 0.675100 -5.832763 3.412360
v 0.265600 -5.791463 3.712560
v 0.578400 -6.038963 3.707060
v 1.057300 -6.101163 3.364860
v 0.980900 -6.284463 3.747060
v 0.566900 -6.128463 3.912060
v 0.971900 -6.359163 3.983060
v 0.252700 -5.889163 3.872460
v 1.398100 -7.683263 4.381660
v 1.436400 -7.550263 4.506460
v 1.157400 -7.561763 4.528160
v 1.160600 -7.736963 4.485760
v 1.069800 -7.821463 4.344360
v 1.291500 -7.699463 4.225060
v 0.151700 -7.044263 4.263560
v -0.219800 -6.727962 4.282260
v -0.089900 -6.684663 4.153960
v 0.302000 -7.001463 4.136760
v -0.426200 -6.407663 4.173160
v -0.549500 -6.459563 4.284660
v -1.426400 -6.609563 6.004660
v -1.304300 -6.893063 6.164960
v -1.293800 -6.889463 6.021860
v -1.404000 -6.582663 5.861660
v -1.106200 -7.200463 6.222560
v -1.130900 -7.189363 6.367560
v -1.070600 -7.195363 6.099860
v -1.271700 -6.869563 5.891860
v -1.392400 -6.554663 5.726560
v -1.380400 -6.916463 6.258760
v -1.222500 -7.210263 6.471960
v -1.504800 -6.638863 6.103460
v 1.169800 -1.560763 0.651960
v 0.968400 -1.593563 0.730860
v 1.020000 -1.611263 0.787960
v 1.219400 -1.587063 0.695660
v 1.062700 -1.634763 0.841660
v 1.254700 -1.619063 0.736560
v 1.062800 -1.843963 0.881860
v 1.029500 -1.917663 0.864160
v 1.221400 -1.910963 0.797260
v 1.252900 -1.830663 0.791360
v 1.282500 -1.746063 0.779760
v 1.103300 -1.765163 0.909260
v 1.813400 -3.716163 1.155860
v 1.597900 -3.649263 1.226860
v 1.727500 -3.997063 1.458760
v 1.969300 -4.062263 1.393960
v 1.832500 -4.294663 1.702760
v 2.107400 -4.336563 1.653960
v 2.400100 -4.919363 2.172560
v 2.112200 -4.809863 2.268360
v 2.176700 -4.847663 2.372360
v 2.489500 -4.952063 2.293660
v 2.220700 -4.913663 2.482360
v 2.542600 -5.045763 2.416060
v 1.243000 -2.187263 0.518660
v 1.193500 -2.061363 0.450460
v 1.292700 -2.058463 0.424760
v 1.332100 -2.191363 0.482260
v 1.268000 -2.010663 0.390560
v 1.168300 -2.017763 0.412460
v 2.204100 -5.333463 1.943160
v 2.220500 -5.245363 1.945460
v 2.384900 -5.300263 1.849560
v 2.373600 -5.399763 1.847560
v 2.374800 -5.197763 1.853860
v 2.215400 -5.146563 1.926460
v 1.953900 -4.504263 1.407360
v 1.835500 -4.190863 1.142860
v 1.989500 -4.207563 1.110560
v 2.105300 -4.519163 1.386160
v 1.850700 -3.830863 0.859860
v 1.707400 -3.806063 0.918260
v 1.525000 -7.389663 4.511760
v 1.656300 -7.256863 4.489460
v 1.515800 -7.131163 4.475860
v 1.391200 -7.271563 4.486560
v 1.751600 -7.130263 4.373060
v 1.598700 -7.010763 4.363360
v 2.717800 -5.265163 2.465360
v 2.551600 -5.177263 2.504560
v 2.530500 -5.298363 2.581860
v 2.679200 -5.410163 2.510960
v 2.697400 -5.126663 2.367260
v 1.951700 -6.251963 2.962860
v 1.626600 -6.037363 2.972960
v 1.483500 -6.325463 3.397360
v 1.794800 -6.555763 3.379960
v 1.407900 -6.507363 3.806460
v 1.678100 -6.784563 3.761160
v 0.538300 -0.881363 0.066060
v 0.389200 -0.850663 0.088160
v 0.493500 -1.078263 0.200059
v 0.650600 -1.083463 0.195860
v 0.618900 -1.268263 0.346060
v 0.778300 -1.258863 0.332059
v 1.114700 -1.464663 0.475660
v 1.221500 -1.506763 0.534160
v 1.096900 -1.530963 0.607960
v 1.003600 -1.485163 0.543260
v 1.304000 -1.542963 0.574260
v 1.350700 -1.573063 0.614560
v 1.377900 -1.610463 0.649360
v 0.909100 -1.562963 0.678460
v 0.833500 -1.511263 0.604160
v 1.399700 -1.667963 0.670760
v 1.278700 -1.673363 0.761660
v 1.398700 -1.743263 0.682460
v 1.364400 -1.829963 0.696560
v 1.332300 -1.916263 0.712860
v 1.095700 -1.683063 0.886360
v 1.331900 -1.989063 0.723660
v 1.222600 -1.974263 0.805860
v 1.275300 -2.112263 0.848160
v 1.381400 -2.135863 0.755160
v 1.027700 -1.981463 0.863260
v 1.075900 -2.116563 0.907860
v 1.579600 -2.886363 0.835760
v 1.733600 -3.339463 0.932060
v 1.635900 -3.311863 0.967260
v 1.474500 -2.871963 0.859960
v 1.925200 -3.743263 1.131060
v 2.095600 -4.087463 1.370360
v 2.238100 -4.372463 1.618760
v 1.431400 -3.260663 1.040660
v 1.271200 -2.844963 0.923960
v 2.407100 -4.790563 1.987960
v 2.483500 -4.888863 2.069760
v 2.343500 -4.843963 2.115360
v 2.276000 -4.748863 2.029660
v 2.544400 -4.975263 2.123260
v 2.638800 -5.024463 2.242060
v 2.075300 -4.745263 2.212160
v 2.021500 -4.661263 2.120360
v 0.807900 -1.424163 0.140860
v 0.908900 -1.587763 0.236360
v 0.779800 -1.615563 0.276660
v 0.685100 -1.455663 0.171060
v 0.861200 -1.770163 0.330160
v 0.995400 -1.743663 0.279460
v 1.040100 -1.864863 0.260060
v 0.902000 -1.890763 0.317260
v 0.940900 -1.962063 0.346060
v 1.080500 -1.939863 0.292460
v 1.127900 -1.831763 0.244860
v 1.089300 -1.709363 0.258260
v 1.160800 -1.914863 0.279760
v 1.003800 -1.556463 0.219460
v 0.900900 -1.394763 0.128059
v 1.127200 -1.987063 0.351360
v 0.982600 -2.009263 0.401260
v 1.020100 -2.030963 0.466560
v 1.044700 -2.072563 0.506660
v 1.089900 -2.195463 0.573060
v 1.215700 -1.966163 0.338660
v 2.114400 -4.951263 1.830460
v 2.175200 -5.064063 1.902760
v 1.861400 -4.993563 1.974560
v 1.827900 -4.883763 1.910760
v 1.879600 -5.054863 2.005560
v 1.870000 -5.141663 2.046460
v 1.832300 -5.219263 2.016660
v 2.325900 -5.109263 1.848760
v 2.263000 -4.972463 1.806760
v 1.437300 -2.935063 0.634860
v 1.561100 -3.386363 0.731760
v 1.347900 -3.354763 0.815160
v 1.256200 -2.913063 0.729260
v 1.472400 -3.755763 1.003660
v 1.584000 -4.115163 1.235260
v 1.690000 -4.415263 1.498860
v 1.698400 -3.397363 0.678460
v 1.555300 -2.941363 0.582960
v 2.196200 -5.468163 1.995960
v 2.259900 -5.560263 2.121260
v 1.838900 -5.406663 2.171360
v 1.803100 -5.346163 2.055660
v 2.322800 -5.641863 2.243960
v 1.851100 -5.523063 2.249460
v 1.846700 -5.576363 2.278060
v 2.247300 -5.789663 2.390760
v 1.783200 -5.679063 2.358460
v 2.327200 -5.685063 2.299860
v 2.564800 -5.644963 2.270760
v 2.568700 -5.694563 2.347660
v 2.474000 -5.803263 2.459660
v 2.482800 -5.585463 2.117560
v 2.382400 -5.559963 1.948960
v 1.543200 -7.031663 3.550460
v 1.522400 -7.193063 3.693460
v 1.168400 -6.915563 3.761560
v 1.197800 -6.766163 3.626460
v 1.523000 -7.278663 3.767760
v 1.146400 -7.020263 3.805560
v 1.050500 -7.139963 3.785560
v 1.442700 -7.374063 3.812060
v 1.323100 -7.462363 3.864260
v 0.932900 -7.240463 3.817560
v 1.727500 -7.373563 3.798160
v 1.645800 -7.477063 3.839660
v 1.525600 -7.555263 3.910860
v 1.729600 -7.292263 3.709160
v 1.744500 -7.118062 3.562260
v 0.835500 -7.300663 3.925260
v 1.209900 -7.519763 3.959060
v 1.104400 -7.558362 4.048860
v 0.745300 -7.342063 4.016260
v 0.674500 -7.347763 4.095760
v 1.011900 -7.576763 4.126960
v 0.820800 -7.588963 4.298860
v 0.517200 -7.358163 4.264460
v 1.296200 -7.644063 4.090560
v 1.191500 -7.683263 4.157460
v 0.969700 -7.709363 4.303460
v 1.409100 -7.602563 4.004860
v -1.259300 -7.878663 6.083760
v -1.390800 -7.871363 6.150060
v -1.270500 -8.135663 6.312560
v -1.160600 -8.156263 6.244060
v -1.337000 -8.086362 6.418660
v -1.489400 -7.832063 6.266160
v -1.511200 -7.774363 6.400760
v -1.337500 -8.028162 6.526060
v -1.460500 -7.709063 6.527960
v -1.291200 -7.972863 6.624660
v -1.182200 -7.921163 6.691060
v -1.333700 -7.648363 6.608660
v -1.193300 -7.597863 6.633260
v -1.063000 -7.873263 6.718660
v -1.080200 -7.550163 6.602560
v -0.967000 -7.822262 6.697860
v -0.899000 -7.801063 6.617760
v -0.995300 -7.524363 6.516160
v -0.948000 -7.533563 6.394560
v -0.863400 -7.822563 6.512560
v -0.855000 -7.862663 6.410960
v -0.941800 -7.561163 6.277060
v 1.014500 -7.414363 4.518560
v 1.263400 -7.340763 4.490660
v 1.018000 -7.116763 4.487260
v 0.801100 -7.175963 4.566660
v 1.135400 -7.042963 4.459860
v 1.238700 -6.905363 4.428160
v 1.302300 -6.789363 4.324760
v 1.393500 -7.451463 4.518960
v 1.122900 -7.508963 4.519760
v 1.301000 -6.770463 4.202760
v 1.609200 -6.985263 4.222460
v 1.618100 -6.952363 4.100760
v 1.303900 -6.740063 4.098360
v 1.340300 -6.652063 3.991460
v 1.637500 -6.891863 3.978960
v 1.796800 -7.015863 3.946660
v 1.812400 -6.917963 3.736060
v 1.791600 -7.063863 4.063260
v 1.772000 -7.099963 4.205160
v 2.347900 -5.556463 2.658260
v 2.469600 -5.392563 2.630760
v 2.134400 -5.192063 2.649160
v 2.027200 -5.351663 2.662260
v 2.187300 -5.107563 2.626160
v 2.220600 -5.007863 2.569560
v 2.616400 -5.506463 2.563460
v 2.500500 -5.661663 2.631760
v 2.308900 -5.977963 2.729960
v 2.156600 -5.878163 2.732060
v 2.114300 -6.349963 2.972560
v 1.961600 -6.660063 3.386260
v 1.840700 -5.663363 2.751660
v 1.860800 -6.854663 3.224660
v 1.646300 -6.785963 3.215460
v 1.809300 -6.485163 2.808160
v 2.044700 -6.555063 2.808560
v 2.278800 -6.125763 2.610060
v 2.047500 -6.098463 2.551160
v 1.424900 -6.291763 2.895960
v 1.623700 -5.946863 2.592660
v 1.277500 -6.570263 3.285260
v 0.769700 -1.079663 0.187460
v 0.664200 -0.875363 0.080560
v 0.885200 -1.264463 0.291760
v 0.717400 -1.269663 0.020160
v 0.797700 -1.230763 0.023259
v 0.689900 -1.046763 -0.078741
v 0.618500 -1.092563 -0.096940
v 0.513200 -1.134763 -0.086240
v 0.604000 -1.311563 0.035260
v 0.736300 -1.404363 0.493660
v 0.897400 -1.389663 0.451960
v 1.001000 -1.389563 0.391560
v 2.335700 -4.609963 1.832760
v 2.210700 -4.560763 1.880260
v 1.942300 -4.501663 1.946460
v 2.045500 -4.757463 1.655060
v 1.776800 -4.670463 1.747060
v 2.193800 -4.768263 1.640560
v 1.340900 -2.497963 0.602160
v 1.175500 -2.494063 0.669360
v 1.430800 -2.505963 0.559460
v 1.464300 -2.458763 0.789660
v 1.356900 -2.439663 0.848360
v 1.153400 -2.433663 0.896460
v 2.362200 -5.479063 1.873060
v 2.191100 -5.392163 1.955060
v 1.808700 -5.279063 2.016260
v -2.761300 -3.765063 3.907060
v -2.735900 -3.780363 3.843160
v -2.855700 -3.731663 3.890460
v -2.863500 -3.710063 3.839960
v -2.926300 -3.439063 3.862160
v -2.800600 -3.406763 3.924660
v -2.837500 -3.436063 4.010360
v -2.971500 -3.480663 3.950660
v -2.996900 -3.605763 3.836760
v -3.022100 -3.545063 3.887960
v -2.967200 -3.502463 3.802160
v -2.952100 -3.562763 3.756660
v -2.979500 -3.539463 4.028260
v -2.847400 -3.504763 4.072160
v -2.946400 -3.587263 4.078360
v -2.850400 -3.579263 4.117260
v -3.031700 -3.601363 3.972660
v -3.006700 -3.654663 3.914960
v -2.959800 -3.703463 3.995260
v -2.973400 -3.646063 4.050460
v -2.838200 -3.739363 4.082560
v -2.848600 -3.657263 4.126260
v -2.918600 -3.720463 3.932460
v -2.802600 -3.766063 3.989960
v -2.950100 -3.679663 3.867460
v -2.936500 -3.650763 3.795560
v -2.904400 -3.620363 3.721060
v -2.092800 -3.827963 4.384960
v -2.145100 -3.813763 4.420360
v -2.059000 -4.052063 4.535860
v -2.004700 -4.043463 4.463960
v -2.107700 -4.000863 4.583060
v -2.181400 -3.795063 4.455960
v -1.902400 -4.697863 4.889260
v -1.877300 -4.730863 4.828360
v -1.965900 -4.363163 4.693660
v -2.009500 -4.316663 4.730060
v -1.803700 -4.381263 4.498160
v -1.756500 -4.357163 4.442460
v -1.565900 -4.737263 4.494560
v -1.638300 -4.770663 4.570060
v -1.862000 -4.372363 4.556360
v -1.903200 -4.382963 4.619560
v -1.779000 -4.760063 4.700660
v -1.713000 -4.769363 4.635660
v -1.903900 -4.467963 4.688860
v -1.828400 -4.771263 4.771260
v -0.214100 -7.061163 4.911460
v 0.145000 -7.004363 4.672060
v -0.107800 -6.741363 4.658060
v -0.427900 -6.789163 4.877460
v -0.360300 -6.530863 4.598660
v -0.649600 -6.574963 4.809260
v -0.979300 -7.174463 5.916560
v -1.180200 -6.845463 5.707560
v -1.243500 -6.851663 5.810360
v -1.038700 -7.184263 6.027960
v -1.377000 -6.538863 5.643460
v -1.330000 -6.549663 5.545060
v -0.854200 -6.602763 4.997760
v -0.658600 -6.828363 5.079360
v -0.838900 -6.844463 5.292660
v -1.021600 -6.608163 5.180560
v -0.649500 -7.134263 5.406860
v -0.463600 -7.106063 5.149560
v -0.831000 -7.153963 5.688660
v -1.029400 -6.847263 5.518060
v -1.197600 -6.583363 5.375260
v 0.393000 -7.272863 4.721060
v -0.042200 -7.377863 4.931960
v 0.095100 -7.638963 4.969760
v 0.563000 -7.520963 4.710760
v -0.765800 -7.887562 6.204760
v -0.852600 -7.557163 6.083460
v -0.915100 -7.564763 6.207960
v -0.828200 -7.881163 6.344060
v -0.352300 -7.784663 5.581560
v -0.494600 -7.484563 5.495660
v -0.700500 -7.531463 5.812260
v -0.588200 -7.853763 5.914760
v -0.303600 -7.437263 5.206860
v -0.161800 -7.715363 5.275760
v 0.647400 -7.652363 4.693560
v 0.637400 -7.629163 4.694960
v 0.153900 -7.766863 4.980660
v 0.159400 -7.808563 4.991960
v -0.248700 -7.965562 5.646160
v -0.081200 -7.877263 5.318660
v -0.046700 -7.982863 5.339860
v -0.205900 -8.099163 5.672260
v 0.163400 -7.937963 4.999760
v 0.639700 -7.771963 4.685660
v 0.557200 -7.797663 4.609260
v 0.061800 -7.953662 4.934260
v -0.256900 -8.230063 5.645060
v -0.089300 -8.095663 5.309060
v -0.206500 -8.105864 5.253360
v -0.386100 -8.237463 5.587360
v 0.502100 -7.752863 4.608060
v 0.386500 -7.664463 4.593260
v -0.009900 -7.929363 4.892660
v -0.128000 -7.840263 4.830760
v -0.573500 -8.012863 5.470560
v -0.410900 -7.947163 5.134460
v -0.297200 -8.068863 5.197560
v -0.472400 -8.159163 5.538860
v -1.060600 -7.859462 5.950860
v -1.173700 -7.886563 6.040160
v -1.306200 -7.538163 5.829260
v -1.215100 -7.517563 5.745660
v -0.939300 -8.139163 6.108860
v -1.063400 -8.161763 6.211960
v -0.336200 -7.639663 4.751060
v 0.124000 -7.467963 4.513460
v -0.178600 -7.170063 4.486960
v -0.540700 -7.315763 4.745360
v -0.598400 -7.729863 5.047560
v -0.743700 -7.769563 5.368560
v -0.888500 -7.414163 5.293660
v -0.756400 -7.387863 5.015860
v -1.060100 -7.468263 5.550460
v -0.895800 -7.807863 5.704960
v -0.740300 -8.061163 5.846360
v -1.535900 -6.862763 5.454760
v -1.417500 -7.168763 5.637160
v -1.350300 -7.157363 5.550360
v -1.472600 -6.849763 5.366260
v -0.783100 -6.995162 4.710260
v -0.491100 -6.856763 4.480760
v -0.785000 -6.595963 4.433860
v -1.006700 -6.710763 4.654860
v -0.962900 -7.058163 4.940260
v -1.097200 -7.093163 5.155960
v -1.262500 -6.795463 5.033960
v -1.150600 -6.765063 4.854360
v -1.375700 -6.825563 5.215160
v -1.233500 -7.128063 5.375560
v -1.224400 -6.306663 4.562960
v -1.062900 -6.208963 4.397660
v -0.950900 -6.371763 4.427160
v -1.138300 -6.480863 4.608660
v -0.896100 -6.109063 4.274260
v -0.760300 -6.258063 4.287060
v -1.260800 -6.541963 4.782060
v -1.354600 -6.577463 4.942560
v -1.418600 -6.420363 4.866660
v -1.333900 -6.375663 4.719560
v -2.080900 -4.980863 4.458960
v -1.969900 -5.433963 4.717160
v -2.007700 -4.994663 4.428260
v -1.908000 -5.436063 4.657660
v -1.819000 -5.836663 4.853960
v -1.888600 -5.850763 4.924760
v -2.095500 -4.643763 4.237860
v -1.949500 -4.784463 4.242160
v -1.908800 -5.046063 4.395960
v -1.946500 -4.631163 4.136260
v -1.735400 -4.967463 4.213460
v -1.791400 -5.039062 4.295860
v -1.811500 -5.165263 4.393560
v -1.918200 -4.570662 4.064860
v -1.670000 -4.918863 4.144160
v -2.189100 -4.602262 4.252960
v 0.123300 -0.220463 -0.365540
v 0.104400 -0.202663 -0.414741
v 0.180500 -0.224463 -0.439141
v 0.141900 -0.282663 -0.335741
v 0.201500 -0.214463 -0.392840
v 0.225400 -0.272263 -0.366441
v 0.257300 -0.212263 -0.407940
v 0.225500 -0.232863 -0.449841
v 0.298900 -0.204463 -0.435841
v 0.373000 -0.231463 -0.386141
v 0.301500 -0.265363 -0.386841
v 0.332000 0.063037 -0.234140
v 0.193800 0.040437 -0.186040
v 0.343000 -0.010863 -0.193240
v 0.423900 -0.194663 -0.347940
v 0.458200 -0.151963 -0.310040
v 0.451000 0.008937 -0.260941
v 0.466200 -0.056463 -0.210941
v 0.482500 -0.100763 -0.261141
v 0.417400 0.036437 -0.237941
v 0.422200 -0.035663 -0.196341
v -1.337800 0.016637 0.831359
v -1.629000 -0.196463 0.846359
v -1.738400 -0.276263 0.852360
v -1.726400 -1.065663 1.115160
v -1.706100 -0.889863 0.988259
v -1.700800 -0.934363 0.910260
v -1.697400 -1.138763 1.087360
v -1.641900 -1.200763 1.061760
v -1.624700 -1.012663 0.898660
v 0.323800 -1.978063 0.504660
v 0.351600 -2.059463 0.542760
v 0.254400 -2.079263 0.531460
v 0.306300 -1.844663 0.521560
v 0.227400 -1.977963 0.509160
v 0.211900 -1.842963 0.547160
v 0.385000 -2.089463 0.622660
v 0.414000 -2.085263 0.707060
v 0.328200 -2.105463 0.733960
v 0.296100 -2.119663 0.629660
v -0.439300 -1.603563 1.445860
v -0.456600 -1.548763 1.408060
v -0.617100 -1.549463 1.491960
v -0.605800 -1.605463 1.535060
v 0.313700 -4.524563 2.434560
v 0.489400 -4.612063 2.428360
v 0.451500 -4.685963 2.439960
v 0.266300 -4.624663 2.438260
v 0.518100 -4.530963 2.419860
v 0.342100 -4.432463 2.430660
v 0.519100 -4.462063 2.381060
v 0.504800 -4.380463 2.283860
v 0.325600 -4.379963 2.376060
v 0.308700 -4.309763 2.288860
v -0.598000 -3.694263 3.006160
v -0.595700 -3.745363 3.074960
v -0.254200 -3.889163 2.944260
v -0.259100 -3.837063 2.875960
v -0.596500 -3.632663 2.928760
v -0.263800 -3.773563 2.800760
v -0.593000 -1.930663 1.619559
v -0.589900 -1.867663 1.617360
v -0.406900 -1.893763 1.525459
v -0.411400 -1.956163 1.535160
v -0.387600 -1.838063 1.552060
v -0.570900 -1.810763 1.646060
v -0.713900 -6.012163 4.160660
v -0.565800 -6.163563 4.143560
v -0.642000 -6.198563 4.200960
v -0.785400 -6.047163 4.210460
v -1.795700 -6.540163 5.964860
v -1.863500 -6.581063 5.878360
v -1.701200 -6.497363 6.019960
v -1.773800 -6.346063 5.971760
v -1.882800 -6.397763 5.917860
v -1.954200 -6.440063 5.818460
v -1.585200 -6.437263 6.012860
v -1.643200 -6.275863 5.961160
v -1.505400 -6.402263 5.900360
v -1.546400 -6.225663 5.844560
v -1.457900 -6.336963 5.621060
v -1.475500 -6.365963 5.756160
v -1.499900 -6.185163 5.692260
v -1.497800 -6.169763 5.548460
v -1.445700 -6.332663 5.540460
v -1.494400 -6.180663 5.467660
v -1.401600 -6.347663 5.451860
v -1.451100 -6.197663 5.385860
v -0.037800 -5.585963 3.954360
v 0.078400 -5.745363 3.958360
v 0.080200 -5.694663 3.867760
v -0.027000 -5.550263 3.874760
v 0.091200 -5.614163 3.742860
v -0.023000 -5.492863 3.769860
v 0.382100 -4.509263 3.041160
v 0.334500 -4.598063 3.067960
v 0.568100 -4.652463 2.959860
v 0.616400 -4.572263 2.939160
v 0.494200 -4.775763 3.003860
v 0.271700 -4.715863 3.119960
v 0.456500 -4.388963 3.070760
v 0.680400 -4.475563 2.936260
v -1.509100 -5.479963 4.901260
v -1.403800 -5.478863 4.807260
v -1.548800 -5.153363 4.729260
v -1.638300 -5.146163 4.804460
v -1.449200 -5.147463 4.643860
v -1.277600 -5.465763 4.701060
v -1.101300 -5.426263 4.570360
v -1.327100 -5.111863 4.535860
v 0.087200 -5.145663 3.392560
v 0.010200 -5.353363 3.583560
v 0.145300 -5.459863 3.530460
v 0.243500 -5.243663 3.302960
v 0.180600 -4.916563 3.231560
v 0.370600 -4.995463 3.118160
v -0.617800 -0.967363 1.055560
v -0.765400 -0.969163 1.132860
v -0.806200 -0.766263 1.021359
v -0.668200 -0.765363 0.943960
v 0.179100 -1.668563 0.543460
v 0.280000 -1.667563 0.496260
v 0.217400 -1.503263 0.386560
v 0.102900 -1.507463 0.447460
v -0.116200 -1.177963 0.257560
v -0.056900 -1.357063 0.376960
v -0.126200 -1.350563 0.421560
v -0.182700 -1.165663 0.304060
v -0.034500 -1.186463 0.205260
v 0.029600 -1.359163 0.327159
v 0.014900 -1.507863 0.492960
v -0.058600 -1.505063 0.533160
v 0.039100 -1.802063 0.607560
v 0.017800 -1.643963 0.618460
v 0.093900 -1.658663 0.583260
v 0.121700 -1.826463 0.571860
v -0.063000 -1.632563 0.655060
v -0.130400 -1.500363 0.577060
v -0.039600 -1.779763 0.654060
v 0.074200 -1.189863 0.138160
v 0.146200 -1.357263 0.261460
v -0.247100 -1.151663 0.352160
v -0.192600 -1.340963 0.469359
v -0.381700 -0.328563 -0.029041
v -0.332700 -0.327463 -0.065941
v -0.336100 -0.729963 0.695760
v -0.274400 -0.945263 0.796459
v -0.185000 -0.950963 0.696460
v -0.243300 -0.727063 0.600460
v -0.110000 -1.161463 0.806160
v -0.203700 -1.152663 0.904959
v -0.492600 -0.745963 0.824859
v -0.422400 -0.939863 0.950160
v -0.348800 -0.939963 0.880260
v -0.416900 -0.736563 0.766860
v -0.286200 -1.148063 0.984960
v -0.369300 -1.151263 1.048060
v -0.508500 -0.953463 1.001760
v -0.459500 -1.161963 1.100360
v -0.571400 -0.758363 0.879260
v -0.318300 -1.340263 1.138060
v -0.228100 -1.337463 1.077660
v -0.172200 -1.477463 1.160360
v -0.267700 -1.476463 1.223660
v -0.068900 -1.472663 1.094360
v -0.135000 -1.338863 1.004460
v -0.412800 -1.346863 1.193359
v -0.367900 -1.480763 1.280359
v 0.095500 -1.529463 1.074060
v 0.042400 -1.472863 1.006960
v -0.021900 -1.541763 1.156059
v -0.131500 -1.559563 1.214059
v -0.232300 -1.554263 1.278259
v -0.202400 -1.596663 1.329960
v -0.090800 -1.562463 1.290660
v -0.031600 -1.343863 0.912160
v 0.316400 -4.187063 2.112160
v 0.496400 -4.241363 2.094460
v 0.494400 -4.043963 1.858460
v 0.334600 -4.009563 1.884060
v -0.311600 -1.600963 1.382160
v -0.333000 -1.546963 1.343559
v 0.490500 -3.804663 1.610160
v 0.348600 -3.776463 1.643460
v 0.358200 -3.490163 1.419460
v 0.483000 -3.517463 1.378060
v 0.197100 -3.967463 1.924360
v 0.224200 -3.740063 1.685360
v 0.110900 -3.697663 1.733560
v 0.076700 -3.915063 1.978560
v 0.142700 -3.425263 1.509660
v 0.248000 -3.457663 1.465760
v -0.279400 -3.648063 2.667860
v -0.593600 -3.518963 2.789960
v -0.304000 -3.483263 2.485260
v -0.578300 -3.353663 2.614660
v 0.030600 -3.399763 1.543160
v -0.009000 -3.663463 1.771860
v -0.051800 -3.874763 2.021060
v -0.313600 -3.274963 2.284560
v -0.556100 -3.157963 2.413960
v -0.544200 -2.947563 2.213860
v -0.326800 -3.048363 2.086960
v -0.136800 -3.567063 2.406260
v -0.159200 -3.351063 2.201160
v -0.045500 -3.403263 2.144060
v -0.021000 -3.626063 2.354260
v -0.066100 -3.151163 1.947160
v -0.179900 -3.110563 2.004460
v 0.049600 -3.189863 1.892360
v 0.069400 -3.455063 2.087260
v 0.098300 -3.682063 2.304860
v 0.359800 -3.159463 1.235860
v 0.466800 -3.184763 1.183960
v 0.357800 -2.816163 1.082860
v 0.452800 -2.833463 1.029860
v 0.260000 -3.131263 1.291260
v 0.154200 -3.111263 1.329960
v 0.148600 -2.799363 1.162860
v 0.257700 -2.803563 1.131060
v 0.045400 -3.093063 1.363960
v 0.041300 -2.789863 1.201160
v -0.538400 -2.721363 2.064060
v -0.343900 -2.810863 1.933860
v -0.374800 -2.577363 1.792260
v -0.565500 -2.509963 1.910460
v -0.129900 -2.646163 1.657860
v -0.235300 -2.616063 1.718860
v -0.204700 -2.861763 1.852260
v -0.093600 -2.893663 1.795560
v 0.375800 -4.803163 2.535460
v 0.411900 -4.748063 2.471060
v 0.218600 -4.719463 2.484460
v 0.182400 -4.795063 2.574560
v -0.022600 -2.672263 1.603060
v 0.019400 -2.923763 1.742060
v 0.309600 -4.932163 2.718360
v 0.349300 -4.850763 2.642560
v 0.134500 -4.907163 2.787360
v 0.161100 -4.847963 2.692860
v -0.151500 -4.718363 2.673960
v -0.008400 -4.792263 2.596760
v -0.006400 -4.823963 2.733060
v -0.134100 -4.744163 2.792060
v -0.000900 -4.842763 2.842160
v -0.126500 -4.772463 2.877860
v -0.558500 -1.745263 1.657560
v -0.378800 -1.765863 1.568060
v -0.384900 -1.691363 1.556160
v -0.556800 -1.678463 1.646160
v -0.249300 -4.653663 2.850160
v -0.271800 -4.626663 2.751560
v -0.249100 -4.698163 2.916160
v 0.026700 -1.946863 0.547860
v -0.061900 -1.930463 0.595960
v -0.075000 -2.096263 0.577160
v 0.029400 -2.101763 0.531660
v -0.170800 -1.934463 0.666660
v -0.187300 -2.087263 0.665260
v -0.409600 -1.641063 1.505660
v -0.572600 -1.626363 1.603560
v 0.126400 -1.965163 0.518660
v 0.145600 -2.094263 0.522860
v -0.335500 -2.082363 0.794860
v -0.318200 -2.141363 0.879560
v -0.157100 -2.205063 0.761460
v -0.030100 -2.244563 0.675060
v 0.086900 -2.231063 0.636260
v 0.028600 -2.241663 0.824460
v 0.139300 -2.217363 0.782260
v -0.330400 -1.976763 0.760360
v 0.157800 -2.284463 0.927260
v 0.258300 -2.261963 0.886460
v 0.254000 -2.500063 0.979260
v 0.150000 -2.508463 1.018560
v 0.354300 -2.492563 0.943260
v 0.352600 -2.244963 0.843360
v 0.198700 -2.176363 0.629460
v 0.237700 -2.156663 0.757360
v 0.054600 -2.301563 0.968460
v 0.044700 -2.512563 1.059960
v 0.434200 -2.243863 0.796260
v 0.428400 -2.129863 0.747060
v 0.345600 -2.141863 0.782760
v 0.253000 -2.173863 0.818360
v 0.152800 -2.217463 0.849460
v 0.445100 -2.495563 0.902760
v 0.045500 -2.246563 0.887860
v -0.599000 -1.995363 1.625860
v -0.602600 -2.104263 1.662560
v -0.417600 -2.138363 1.566860
v -0.413800 -2.021063 1.543260
v -0.409300 -2.344863 1.649960
v -0.590300 -2.290963 1.765860
v -0.875200 -5.814063 3.926660
v -0.768400 -5.911363 3.966160
v -0.813400 -5.918163 4.059560
v -0.916700 -5.822263 4.028660
v -0.676500 -6.007663 4.087160
v -0.635100 -5.998063 4.001860
v -0.843400 -5.911563 4.133760
v -0.938300 -5.812963 4.107460
v -0.669300 -5.647063 3.807760
v -0.785900 -5.750263 3.817760
v -0.865600 -5.622563 3.812960
v -0.754700 -5.528863 3.803360
v -0.949900 -5.684063 3.915060
v -0.484700 -6.124763 3.982160
v -0.403400 -6.069363 3.892360
v -0.557500 -5.950463 3.899860
v -0.459100 -5.865063 3.859560
v -0.303800 -5.985863 3.867560
v -0.681800 -5.852763 3.864360
v -0.575200 -5.755663 3.834560
v -0.525700 -6.147263 4.067560
v -0.984800 -5.694363 4.015360
v -1.002100 -5.689363 4.095460
v -0.002800 -5.965463 4.320060
v -0.154000 -5.834763 4.340160
v 0.076400 -5.832263 4.226960
v -0.052300 -5.676063 4.257660
v -0.267800 -5.988663 4.344560
v -0.103900 -6.114363 4.328260
v 0.088400 -5.776363 4.085660
v -0.010000 -5.593363 4.105760
v -0.349600 -4.334663 3.372260
v -0.714800 -4.158063 3.465160
v -0.747100 -4.299763 3.566460
v -0.394500 -4.493363 3.479660
v -0.775700 -4.452463 3.701160
v -0.440000 -4.680463 3.619760
v -0.682200 -4.076063 3.411760
v -0.648400 -4.014763 3.370360
v -0.315400 -4.252263 3.319560
v -0.290100 -4.195963 3.264260
v 0.077100 -4.371263 3.189660
v 0.030200 -4.448263 3.201160
v 0.170300 -4.526063 3.152360
v 0.227500 -4.441263 3.156160
v 0.117700 -4.633363 3.204960
v -0.014600 -4.545563 3.253160
v -0.147300 -4.457963 3.298660
v -0.207000 -4.631263 3.401260
v -0.084000 -4.727563 3.353960
v -0.271600 -4.839763 3.537860
v -0.156300 -4.941963 3.495160
v -0.107200 -4.368463 3.248960
v -0.073100 -4.302863 3.210560
v 0.359200 -4.036663 2.613960
v 0.640300 -4.153463 2.536460
v 0.609100 -4.008663 2.376060
v 0.314600 -3.926963 2.444660
v 0.041500 -4.822762 3.309460
v -0.038800 -5.043463 3.454160
v -0.066600 -3.850763 2.736260
v -0.096600 -3.731063 2.595660
v 0.017300 -3.797563 2.545260
v 0.058000 -3.905263 2.699260
v 0.655600 -4.226063 2.639560
v 0.382200 -4.093463 2.717160
v 0.181500 -3.962663 2.662360
v 0.208100 -4.007363 2.762160
v 0.081400 -3.948463 2.791560
v 0.111900 -3.959763 2.877060
v 0.242900 -4.021163 2.850960
v 0.138000 -3.856363 2.500660
v -0.282800 -4.078363 2.502460
v -0.589200 -4.002163 2.594460
v -0.563100 -3.880663 2.431260
v -0.262700 -3.966663 2.327760
v -0.034400 -3.936463 2.893960
v -0.050300 -3.901063 2.819860
v 0.151000 -4.258763 2.317060
v 0.169700 -4.136763 2.150260
v 0.045200 -4.082063 2.204560
v 0.025300 -4.199763 2.372860
v -0.604900 -4.066263 2.680660
v -0.289400 -4.142063 2.588260
v -0.298700 -4.195263 2.634260
v -0.620200 -4.101663 2.723460
v -0.107900 -4.217163 2.501060
v -0.117200 -4.273663 2.530460
v -0.102300 -4.147663 2.426660
v 0.020000 -4.276363 2.436060
v 0.016100 -4.332063 2.456960
v -0.084300 -4.036463 2.251960
v -0.184400 -4.874863 2.996260
v -0.072000 -4.953563 2.969060
v -0.176300 -5.106463 3.105060
v -0.280800 -5.018063 3.131060
v -0.068600 -5.200963 3.046160
v 0.045700 -5.033363 2.904660
v -0.188900 -5.400763 3.260160
v -0.288300 -5.292163 3.304360
v -0.385700 -5.194263 3.324960
v 0.158100 -4.331263 2.385960
v 0.167800 -4.382063 2.415460
v -0.298100 -4.798163 3.022760
v -0.388100 -4.932763 3.153960
v -0.489100 -5.101363 3.338460
v 0.211100 -5.086963 2.816060
v 0.275400 -4.990763 2.755060
v 0.103500 -4.953763 2.836860
v -0.018900 -4.878963 2.901660
v -0.138900 -4.805963 2.929160
v 0.079700 -5.283363 2.964460
v -0.053400 -5.505463 3.204360
v -0.231400 -4.097763 3.240160
v -0.600600 -3.937163 3.338260
v -0.539100 -3.833363 3.328760
v -0.175900 -3.977463 3.210360
v -0.261500 -4.735863 2.955160
v 0.316200 -4.036963 2.995960
v 0.177600 -3.975063 3.026260
v 0.183600 -4.111763 3.132960
v 0.322800 -4.173963 3.094460
v -0.549000 -3.762863 3.210060
v -0.184500 -3.879063 3.092660
v 0.047400 -4.048563 3.170260
v 0.036900 -3.927263 3.048860
v 0.142400 -4.250763 3.186760
v -0.011000 -4.192263 3.193960
v -0.742600 -4.324363 2.797460
v -0.700500 -4.230663 2.767260
v -0.420000 -4.376563 2.636160
v -0.461500 -4.476663 2.702060
v 0.288900 -4.315663 3.150360
v 0.020100 -4.709363 2.475960
v -0.133500 -4.639863 2.555160
v -0.076500 -4.519763 2.494360
v 0.079100 -4.583663 2.423560
v -0.651700 -4.155663 2.756660
v -0.352300 -4.278863 2.635760
v -0.218000 -4.456363 2.570560
v -0.157200 -4.357563 2.554260
v -0.020600 -4.415263 2.472460
v -0.273500 -4.568163 2.629560
v -0.502100 -5.687463 3.827260
v -0.596500 -5.585963 3.805260
v -0.453700 -5.619863 3.729160
v -0.545200 -5.518663 3.723660
v -0.340500 -5.717663 3.742460
v -0.389800 -5.794063 3.845360
v 0.135300 -4.470463 2.417260
v -0.628100 -5.407663 3.730760
v -0.686600 -5.477763 3.794660
v -0.150500 -5.697762 3.489660
v -0.209800 -5.836462 3.735760
v -0.280100 -5.583563 3.517060
v -0.381900 -5.475763 3.534760
v -0.467300 -5.368463 3.551560
v -0.239700 -5.907763 3.860860
v -0.519500 -4.991863 3.880960
v -0.841300 -4.665963 3.941460
v -0.852800 -4.708663 4.013360
v -0.519100 -5.049863 3.962660
v -0.813100 -4.578963 3.829260
v -0.494400 -4.863163 3.750660
v -0.560300 -5.266263 3.560460
v -0.107500 -5.247963 3.623360
v -0.222600 -5.145563 3.651960
v -0.244500 -5.282863 3.813060
v -0.134100 -5.384763 3.792660
v -0.352900 -5.179563 3.834860
v -0.346500 -5.238963 3.926460
v -0.238100 -5.336563 3.907560
v -0.346000 -5.264963 4.006460
v -0.235000 -5.358163 3.987860
v -0.331600 -5.039762 3.685460
v -0.918400 -6.191263 4.714660
v -0.677500 -6.151863 4.538160
v -0.786600 -5.978763 4.535660
v -1.011200 -6.017763 4.702760
v -0.569200 -5.929363 4.429260
v -0.452600 -6.101163 4.413560
v -0.666500 -5.759263 4.452860
v -0.877200 -5.809663 4.552260
v -1.093700 -5.851663 4.703460
v -0.136000 -5.438863 3.887060
v -0.139500 -5.463363 3.966660
v -0.964800 -5.641463 4.573360
v -1.172100 -5.685263 4.709860
v -0.757800 -5.585863 4.489460
v -0.337800 -6.059563 4.367760
v -0.173300 -6.205463 4.352660
v -0.300400 -6.277763 4.405860
v -0.543800 -6.336763 4.557260
v -0.803800 -6.374763 4.755360
v -1.136100 -5.520663 4.128760
v -1.329900 -5.224363 4.069660
v -1.384000 -5.255463 4.141160
v -1.207400 -5.565663 4.200160
v -1.349800 -6.053163 4.516760
v -1.197800 -5.957863 4.367060
v -1.135600 -6.072863 4.385560
v -1.288100 -6.167363 4.540360
v -0.977700 -5.976663 4.271460
v -1.041700 -5.861063 4.255060
v -1.024800 -5.695662 4.165360
v -0.964600 -5.816663 4.177560
v -1.100200 -5.741263 4.242660
v -1.483200 -5.315163 4.231260
v -1.586800 -5.377463 4.332860
v -1.343600 -5.652363 4.313360
v -1.479100 -5.737163 4.449660
v -1.253000 -5.838463 4.358260
v -1.402900 -5.933263 4.503960
v -0.886700 -5.924563 4.200360
v -1.825200 -6.536663 5.339760
v -1.708700 -6.492263 5.249460
v -1.617800 -6.633663 5.351760
v -1.707100 -6.662063 5.437460
v -1.539400 -6.619763 5.241560
v -1.604200 -6.465063 5.134160
v -1.948500 -6.293763 5.119160
v -1.820900 -6.241763 5.066860
v -1.780300 -6.376263 5.141660
v -1.912000 -6.431863 5.216360
v -1.654900 -6.321263 5.066060
v -1.703600 -6.188863 5.013260
v -1.509400 -6.446563 5.004360
v -1.452800 -6.604963 5.097460
v -1.693000 -5.469963 5.102660
v -1.787000 -5.125763 4.970960
v -1.807300 -5.104163 5.043360
v -1.725700 -5.459663 5.174060
v -1.812100 -5.092163 5.124360
v -1.731800 -5.462363 5.261060
v -1.845800 -6.090963 5.022460
v -1.749300 -6.052463 4.965460
v -1.958000 -6.134863 5.060260
v -1.551700 -5.859563 5.262060
v -1.613600 -5.692563 5.195160
v -1.651900 -5.684963 5.265360
v -1.593800 -5.849763 5.333260
v -1.660000 -5.687763 5.352460
v -1.592500 -5.842063 5.418960
v -1.613400 -5.477262 5.004860
v -1.723000 -5.138263 4.887660
v -1.802000 -5.539963 5.565560
v -1.930300 -5.162763 5.308060
v -2.040000 -5.196163 5.342560
v -1.933200 -5.585263 5.659360
v -1.850400 -5.115863 5.228960
v -1.739400 -5.491363 5.413760
v -1.546600 -6.019163 5.398260
v -1.499800 -6.031763 5.323860
v -1.527800 -5.999263 5.484860
v -2.169300 -6.201263 5.713260
v -2.144700 -6.228063 5.555160
v -2.065600 -6.350963 5.634660
v -2.070500 -6.325063 5.771360
v -2.042200 -6.377863 5.502260
v -2.098900 -6.245263 5.408960
v -1.959600 -6.513163 5.592160
v -1.968500 -6.475463 5.708860
v -2.169100 -6.081663 5.478360
v -2.119300 -6.096463 5.328660
v -2.202800 -6.052763 5.633660
v -1.820500 -6.702263 5.532060
v -1.883700 -6.688863 5.663160
v -1.917000 -6.543563 5.459460
v -1.997900 -6.415363 5.356360
v -2.046400 -6.282363 5.252460
v -1.884000 -6.634763 5.777860
v -1.307200 -6.044463 5.015760
v -1.418800 -6.042063 5.183060
v -1.361900 -6.213263 5.233660
v -1.238500 -6.220063 5.053160
v -1.357600 -5.869163 4.992060
v -1.468800 -5.867362 5.137360
v -2.063400 -6.130063 5.173060
v -1.530000 -5.698963 5.084060
v -1.419100 -5.700263 4.959960
v -1.095800 -6.211663 4.885660
v -0.993700 -6.398363 4.932760
v -1.146800 -6.401963 5.106160
v -1.243100 -5.867663 4.850060
v -1.175000 -6.036163 4.862060
v -1.295900 -6.380563 5.290660
v -1.730000 -5.833363 4.757460
v -1.664500 -6.047663 4.846360
v -1.574800 -6.033163 4.727060
v -1.639400 -5.824763 4.651260
v -1.522900 -6.157463 4.771060
v -1.608000 -6.173263 4.898960
v -1.310200 -5.699563 4.839960
v -1.553400 -6.300163 4.949860
v -1.464100 -6.277163 4.821160
v -1.565500 -5.792763 4.556960
v -1.664700 -5.425563 4.422960
v -1.737600 -5.452263 4.505260
v -1.445900 -6.117362 4.649760
v -1.496900 -5.995263 4.621960
v -1.824800 -5.448963 4.585360
v -1.385700 -6.233463 4.686860
v -0.146300 -1.669463 1.475460
v -0.133200 -1.755263 1.511860
v -0.017300 -1.739663 1.499260
v -0.034000 -1.643863 1.453060
v -0.022800 -1.843763 1.483760
v -0.136200 -1.846863 1.506559
v -0.244700 -1.766763 1.527460
v -0.248100 -1.847963 1.521659
v -0.256100 -1.688263 1.502260
v -0.170700 -1.616963 1.409259
v -0.059600 -1.587163 1.375559
v -0.282200 -1.641063 1.443260
v -0.267500 -1.906763 1.486460
v -0.288300 -1.965863 1.453960
v -0.176000 -1.974963 1.421060
v -0.152900 -1.916063 1.473060
v -0.163900 -2.191763 1.455860
v -0.280800 -2.170363 1.495959
v -0.265700 -2.375863 1.585760
v -0.152600 -2.400263 1.537360
v -0.065400 -1.985963 1.392660
v -0.080700 -2.077063 1.360160
v -0.180800 -2.063563 1.407159
v -0.061100 -2.209963 1.412960
v -0.041900 -1.920963 1.442659
v -0.285700 -2.045263 1.465560
v -0.051800 -2.424963 1.482560
v -0.459400 -5.898563 4.386960
v -0.385300 -5.837263 4.372660
v -0.553500 -5.727063 4.424960
v -0.474100 -5.670763 4.425860
v -0.204800 -5.344463 4.144760
v -0.103400 -5.455663 4.126360
v -0.244900 -5.402763 4.314660
v -0.149600 -5.534863 4.289760
v -0.569000 -5.499463 4.461360
v -0.451200 -5.383862 4.458260
v -0.342600 -5.534263 4.440760
v -0.363100 -5.285063 4.321260
v -0.649300 -5.552463 4.455060
v -0.252200 -5.688263 4.395360
v -0.328500 -5.251263 4.155160
v -1.999800 -6.264763 5.914160
v -1.856300 -6.185063 5.976660
v -1.940600 -6.020763 5.955560
v -2.110300 -6.120862 5.889860
v -2.156600 -5.970763 5.788160
v -2.010800 -5.877763 5.852960
v -1.843100 -5.804063 5.820060
v -1.764300 -5.944963 5.900460
v -1.629400 -5.889963 5.766360
v -1.714300 -5.759363 5.690260
v -1.563500 -6.043463 5.821360
v -1.694900 -6.104963 5.946360
v -1.530900 -6.014163 5.637260
v -1.599500 -5.862663 5.576760
v -1.664600 -5.715163 5.515060
v -0.661800 -8.201563 5.923660
v -0.611500 -8.229563 5.966160
v -0.841600 -8.358263 6.281160
v -0.870200 -8.275164 6.200360
v -1.083800 -8.378263 6.375360
v -1.109600 -8.295662 6.324460
v -1.006100 -8.299363 6.300760
v -0.982400 -8.383762 6.349360
v -1.232900 -8.306362 6.543060
v -1.266700 -8.217463 6.494360
v -1.213700 -8.271262 6.391460
v -1.182300 -8.354962 6.441860
v -1.276300 -8.163262 6.597960
v -1.242300 -8.255363 6.647760
v -1.232800 -8.105863 6.695760
v -1.199900 -8.200162 6.747860
v -1.093400 -8.147662 6.817360
v -1.122200 -8.052762 6.759360
v -1.002100 -8.001362 6.789360
v -0.969000 -8.099662 6.839960
v -0.787800 -8.022462 6.729860
v -0.833600 -7.927763 6.680960
v -0.903100 -7.948662 6.763560
v -0.864700 -8.048263 6.810560
v -0.751500 -8.044562 6.627360
v -0.792200 -7.952262 6.579360
v -0.780100 -8.002862 6.483760
v -0.739500 -8.092463 6.534660
v -0.662600 -8.051764 6.290560
v -0.476500 -8.028063 5.996460
v -0.409800 -8.158463 6.039360
v -0.611500 -8.186862 6.372860
v -0.693600 -8.131362 6.477160
v -0.740000 -8.034462 6.424360
v -0.514000 -8.246063 5.998360
v -0.683100 -8.320764 6.295860
v -1.024100 -8.591763 6.528060
v -1.060900 -8.486062 6.445160
v -0.960900 -8.482762 6.419860
v -0.934200 -8.584163 6.497060
v -0.857800 -8.465862 6.411860
v -0.842000 -8.550762 6.492260
v -1.092500 -8.583562 6.593160
v -1.143900 -8.468163 6.515360
v -1.189000 -8.434062 6.613260
v -1.132500 -8.566362 6.680760
v -1.128400 -8.539462 6.782460
v -1.190500 -8.393662 6.719760
v -1.141300 -8.349362 6.816660
v -1.078300 -8.508762 6.874260
v -0.991100 -8.484762 6.931060
v -1.043300 -8.310662 6.879960
v -0.888000 -8.458062 6.944960
v -0.928800 -8.274363 6.892960
v -0.724300 -8.380363 6.833860
v -0.740900 -8.188862 6.796660
v -0.825700 -8.225662 6.865160
v -0.792700 -8.417962 6.903860
v -0.973100 -8.691062 6.594460
v -1.038700 -8.688862 6.645560
v -0.978600 -8.754362 6.709260
v -0.912600 -8.761063 6.674860
v -1.026500 -8.729262 6.744360
v -1.076900 -8.675962 6.720060
v -1.009500 -8.734762 6.811160
v -1.075900 -8.658563 6.809360
v -0.990800 -8.704662 6.874560
v -1.030200 -8.636763 6.890860
v -0.694900 -8.361262 6.684760
v -0.696000 -8.218963 6.614560
v -0.706600 -8.192662 6.701460
v -0.691400 -8.360362 6.759060
v -0.924500 -8.720562 6.899660
v -0.949300 -8.620762 6.942360
v -0.835800 -8.707462 6.901060
v -0.850500 -8.600662 6.957260
v -0.857700 -8.776962 6.794760
v -0.936200 -8.772862 6.807960
v -0.759900 -8.682262 6.660160
v -0.738200 -8.694462 6.755460
v -0.787400 -8.747162 6.774060
v -0.838100 -8.739562 6.662760
v -0.756100 -8.680462 6.873560
v -0.703600 -8.640162 6.827660
v -0.762800 -8.565163 6.915560
v -0.704700 -8.526962 6.850960
v -0.736300 -8.413162 6.567960
v -0.773100 -8.476462 6.515660
v -0.750600 -8.399463 6.437860
v -0.689800 -8.305662 6.494160
v -0.814200 -8.632862 6.571960
v -0.889500 -8.679563 6.571260
v -0.713200 -8.377062 6.623060
v -0.688300 -8.565763 6.732360
v -0.710800 -8.610763 6.703460
v -0.707700 -8.509162 6.667460
v -0.684800 -8.482462 6.720860
v -0.737900 -8.545762 6.616760
v -0.770100 -8.561762 6.568860
v -0.711700 -8.648562 6.746660
v -0.687600 -8.593263 6.776560
v -0.681400 -8.494062 6.783460
v -1.567400 -0.907063 0.701260
v -1.625800 -0.871363 0.727860
v -1.626300 -0.761963 0.585759
v -1.569700 -0.773963 0.558359
v -1.681500 -0.774163 0.595160
v -1.706200 -0.856663 0.725859
v -1.509500 -0.943163 0.666359
v -1.504500 -0.796563 0.527960
v -1.423700 -0.832363 0.497360
v -1.449000 -0.996163 0.613460
v -1.568900 -0.628463 0.373560
v -1.494400 -0.620363 0.328759
v -1.498400 -0.694363 0.422659
v -1.569800 -0.688663 0.455960
v -1.408500 -0.716463 0.396260
v -1.397000 -0.629263 0.299959
v -1.150300 -1.003863 0.644059
v -1.337600 -1.053063 0.568260
v -1.308400 -0.885063 0.460059
v -1.135000 -0.825163 0.549560
v -1.283600 -0.753363 0.382459
v -1.118300 -0.690663 0.484960
v -1.263700 -0.642863 0.319060
v -1.102100 -0.580463 0.422460
v -1.250200 -0.529563 0.253959
v -1.085900 -0.467563 0.357660
v -0.892000 -0.966363 0.584359
v -0.640700 -0.937463 0.473260
v -0.897400 -0.798163 0.472159
v -0.665600 -0.765163 0.365860
v -0.892100 -0.675563 0.391959
v -0.672800 -0.643163 0.289259
v -0.881200 -0.574763 0.327260
v -0.670000 -0.544363 0.231859
v -0.868300 -0.470363 0.266059
v -0.665500 -0.442763 0.179460
v -0.475000 -0.926663 0.381759
v -0.368600 -0.929963 0.305660
v -0.505500 -0.745563 0.286860
v -0.398500 -0.741263 0.220160
v -0.518200 -0.620763 0.217959
v -0.413800 -0.613063 0.157160
v -0.521000 -0.522763 0.164860
v -0.421500 -0.515063 0.106260
v -0.523500 -0.423763 0.113859
v -0.430100 -0.417663 0.055160
v -0.049400 -0.404763 -0.190340
v 0.017500 -0.391963 -0.227640
v 0.045200 -0.491063 -0.194741
v -0.020900 -0.507363 -0.156240
v 0.086500 -0.377363 -0.263441
v 0.113600 -0.472863 -0.231040
v 0.041900 -0.751763 -0.092040
v 0.112500 -0.732163 -0.137140
v 0.195500 -0.952163 -0.085241
v 0.107300 -0.966663 -0.030340
v 0.186000 -0.709763 -0.177041
v 0.284900 -0.931363 -0.131640
v 0.070200 -0.591063 -0.167741
v 0.005100 -0.610363 -0.127440
v 0.138400 -0.569963 -0.204941
v 0.008500 -0.970763 0.036860
v -0.042700 -0.761863 -0.035940
v -0.086700 -0.968263 0.102160
v -0.127000 -0.764063 0.022260
v 0.386300 -0.667663 -0.242740
v 0.495600 -0.874463 -0.190941
v 0.389900 -0.906363 -0.171140
v 0.281600 -0.689363 -0.214941
v 0.568400 -0.604263 -0.223540
v 0.643300 -0.794563 -0.149841
v 0.582800 -0.834863 -0.179540
v 0.488100 -0.639463 -0.248141
v 0.228200 -0.551863 -0.241940
v 0.327900 -0.534363 -0.272240
v 0.199700 -0.456163 -0.267940
v 0.293400 -0.440163 -0.298840
v 0.169600 -0.361963 -0.300540
v 0.257900 -0.347363 -0.332140
v 0.704400 -0.725663 -0.094440
v 0.680000 -0.758563 -0.122040
v 0.616200 -0.569463 -0.193340
v 0.648700 -0.537963 -0.163940
v 0.428300 -0.513663 -0.286741
v 0.513000 -0.483763 -0.272041
v 0.386600 -0.423763 -0.317040
v 0.467100 -0.397563 -0.308440
v 0.344900 -0.334963 -0.352840
v 0.420600 -0.310363 -0.345340
v 0.566400 -0.448963 -0.244140
v 0.603200 -0.413863 -0.212740
v 0.519900 -0.362063 -0.280840
v 0.555500 -0.323063 -0.247641
v 0.470800 -0.274263 -0.315541
v 0.504300 -0.232763 -0.279340
v 0.717600 -0.691563 -0.047540
v 0.662600 -0.683063 -0.019741
v 0.661800 -0.508963 -0.111340
v 0.603300 -0.504863 -0.079740
v 0.618500 -0.380563 -0.155241
v 0.562300 -0.371463 -0.115140
v 0.572400 -0.281763 -0.192341
v 0.527900 -0.261263 -0.143641
v 0.521300 -0.185163 -0.227441
v 0.492000 -0.150763 -0.175740
v 0.159400 -0.581763 0.080960
v 0.323600 -0.627063 0.007860
v 0.289100 -0.427863 -0.036540
v 0.126700 -0.383063 0.033959
v 0.467100 -0.666363 -0.020740
v 0.426000 -0.472763 -0.068440
v 0.583000 -0.680463 -0.024641
v 0.529600 -0.496263 -0.078140
v 0.496100 -0.359463 -0.106940
v 0.402200 -0.332463 -0.094341
v 0.470300 -0.247263 -0.130341
v 0.383700 -0.220363 -0.119441
v 0.443500 -0.133963 -0.159040
v 0.362800 -0.108163 -0.151840
v -0.209000 -0.343663 0.321759
v -0.178100 -0.527863 0.383859
v -0.021800 -0.550363 0.219460
v -0.050900 -0.356963 0.166359
v 0.265800 -0.283563 -0.066340
v 0.103200 -0.235063 0.003059
v 0.244500 -0.167663 -0.096140
v 0.076600 -0.116063 -0.031841
v 0.218100 -0.054463 -0.137940
v 0.045700 0.001537 -0.074440
v -0.071700 -0.212063 0.129760
v -0.231200 -0.206163 0.276860
v -0.096400 -0.094763 0.091460
v -0.254400 -0.093363 0.234859
v -0.121900 0.024537 0.052160
v -0.272500 0.025437 0.199759
v -0.293300 -0.522163 0.514560
v -0.387600 -0.529763 0.609459
v -0.332700 -0.347363 0.444360
v -0.434500 -0.362763 0.532660
v -0.359000 -0.214663 0.396560
v -0.461700 -0.230363 0.487560
v -0.380400 -0.102463 0.358360
v -0.479300 -0.116063 0.457360
v -0.597200 -0.398163 0.635160
v -0.550900 -0.560263 0.719660
v -0.472200 -0.543263 0.672760
v -0.519800 -0.379663 0.591959
v -0.400500 0.013737 0.323159
v -0.493200 0.000537 0.431360
v -1.069300 -0.507163 1.129360
v -1.209700 -0.489663 1.182159
v -0.961600 -0.549763 1.025360
v -0.979800 -0.385963 0.941959
v -1.094300 -0.350163 1.038559
v -1.240200 -0.348663 1.084260
v -1.154500 -0.050963 0.838559
v -1.019800 -0.061063 0.777659
v -1.308000 -0.075863 0.887559
v -1.136500 -0.145063 0.900059
v -1.285000 -0.151563 0.955160
v -1.007400 -0.163063 0.827559
v -1.264000 -0.241663 1.013959
v -1.117100 -0.237763 0.963659
v -0.995000 -0.264463 0.878659
v -1.385000 -0.508563 1.173860
v -1.511100 -0.600563 1.063859
v -1.408400 -0.398663 1.081059
v -1.535300 -0.499963 0.992559
v -1.560900 -0.405663 0.969160
v -1.424000 -0.315163 1.010660
v -1.443000 -0.237163 0.953959
v -1.580900 -0.332263 0.930160
v -1.464400 -0.163563 0.899359
v -1.602900 -0.262263 0.890359
v -1.655000 -0.620663 1.069860
v -1.760100 -0.651763 1.060460
v -1.678600 -0.532063 1.011159
v -1.776000 -0.575663 0.999060
v -1.694500 -0.461763 0.969560
v -1.784100 -0.507463 0.954660
v -1.707600 -0.399463 0.931860
v -1.792200 -0.440963 0.920360
v -1.766200 -0.643563 0.907160
v -1.747000 -0.729263 0.951860
v -1.783400 -0.697063 1.003860
v -1.790500 -0.617763 0.949259
v -1.723200 -0.337163 0.893159
v -1.802600 -0.374063 0.885859
v -1.627900 -0.692663 0.488659
v -1.679400 -0.722863 0.504760
v -1.811400 -0.491663 0.831359
v -1.815000 -0.471763 0.877260
v -1.830400 -0.399463 0.844760
v -1.708600 -0.701263 0.811760
v -1.700100 -0.793063 0.850859
v -1.710700 -0.765863 0.915659
v -1.728000 -0.671863 0.870359
v -1.788200 -0.566063 0.867860
v -1.801600 -0.543663 0.909560
v -1.748000 -0.587663 0.824159
v -1.722400 -0.618363 0.764060
v -1.724400 -0.709563 0.632560
v -1.709400 -0.712663 0.722760
v -1.718400 -0.648463 0.688060
v -1.725200 -0.667463 0.619760
v -1.732600 -0.584763 0.644059
v -1.717900 -0.784563 0.736759
v -1.723900 -0.755963 0.616760
v -1.716200 -0.712963 0.539660
v -1.728100 -0.687263 0.570659
v -1.727900 -0.666863 0.579959
v -0.291600 -0.939263 0.248159
v -0.227600 -0.950563 0.201060
v -0.322100 -0.745563 0.165760
v -0.259700 -0.753163 0.119060
v -0.340500 -0.615263 0.104960
v -0.280500 -0.620163 0.061260
v -0.351500 -0.515463 0.057760
v -0.294800 -0.518663 0.017560
v -0.162200 -0.960863 0.154660
v -0.197100 -0.760263 0.072560
v -0.186900 -0.225263 -0.220440
v -0.156000 -0.317663 -0.186740
v -0.227600 -0.323763 -0.141840
v -0.283900 -0.326463 -0.102540
v -0.364300 -0.417363 0.009660
v -0.311500 -0.419063 -0.027540
v -0.125700 -0.414263 -0.146641
v -0.199400 -0.419663 -0.102340
v -0.098900 -0.517663 -0.110141
v -0.175600 -0.522263 -0.062540
v -0.238600 -0.521663 -0.021341
v -0.258800 -0.420463 -0.063641
v -0.843500 -0.578263 0.917660
v -0.876900 -0.418763 0.826459
v -0.718500 -0.581163 0.836360
v -0.761400 -0.422963 0.744659
v -0.074400 -0.621863 -0.078240
v -0.153900 -0.626163 -0.026640
v -0.220500 -0.624663 0.018560
v -0.627700 -0.574863 0.771060
v -0.673500 -0.415163 0.682060
v -0.899000 -0.182363 0.729759
v -0.891900 -0.292163 0.769259
v -0.784800 -0.296663 0.685859
v -0.798600 -0.186263 0.645659
v -0.812800 -0.074563 0.609159
v -0.905500 -0.071863 0.695560
v -0.639800 -0.025163 0.554660
v -0.716100 -0.048863 0.586659
v -0.707000 -0.166563 0.606260
v -0.631800 -0.144963 0.569560
v -0.559100 -0.129063 0.524359
v -0.569200 -0.011063 0.504659
v -0.695400 -0.282763 0.634360
v -0.618900 -0.262563 0.594559
v -0.543700 -0.245063 0.551260
v -0.683500 -8.250962 6.549760
vn -0.7327 -0.3407 -0.5891
vn -0.7390 -0.3616 -0.5685
vn -0.8540 -0.2467 -0.4580
vn -0.8600 -0.2455 -0.4474
vn -0.8246 -0.2896 -0.4859
vn -0.7659 -0.3280 -0.5531
vn -0.8094 -0.2925 -0.5093
vn -0.8268 -0.2637 -0.4969
vn -0.7748 -0.3818 -0.5039
vn -0.7647 -0.3157 -0.5617
vn -0.7970 -0.3004 -0.5239
vn -0.8240 -0.2885 -0.4876
vn -0.8269 -0.2833 -0.4857
vn -0.7568 -0.3281 -0.5653
vn -0.7447 -0.3392 -0.5748
vn 0.0297 -0.5121 -0.8584
vn -0.0786 -0.2545 -0.9639
vn -0.3443 -0.4386 -0.8301
vn -0.3252 -0.4926 -0.8072
vn -0.2500 -0.1875 -0.9499
vn -0.4141 -0.4316 -0.8014
vn 0.0697 -0.5246 -0.8485
vn -0.2908 -0.5137 -0.8072
vn -0.1597 -0.5529 -0.8178
vn 0.1356 -0.4763 -0.8687
vn -0.4286 -0.5549 -0.7130
vn -0.3456 -0.5057 -0.7905
vn -0.4096 -0.5238 -0.7469
vn -0.4979 -0.5601 -0.6621
vn -0.3250 -0.4860 -0.8113
vn -0.3197 -0.4759 -0.8193
vn -0.3473 -0.5061 -0.7895
vn -0.4653 -0.5123 -0.7219
vn -0.5518 -0.5054 -0.6634
vn -0.1765 -0.5023 -0.8465
vn -0.1470 -0.5085 -0.8484
vn -0.1571 -0.4443 -0.8820
vn -0.3346 -0.3770 -0.8637
vn -0.2128 -0.4629 -0.8605
vn -0.1116 -0.4656 -0.8779
vn -0.2825 -0.6048 -0.7446
vn -0.2626 -0.7293 -0.6318
vn -0.0563 -0.9271 -0.3706
vn -0.3540 -0.4637 -0.8122
vn -0.3655 -0.4675 -0.8049
vn -0.3033 -0.5852 -0.7520
vn -0.3189 -0.4714 -0.8222
vn -0.3862 -0.4570 -0.8012
vn -0.3650 -0.4626 -0.8079
vn -0.4288 -0.3783 -0.8204
vn -0.4271 -0.3605 -0.8292
vn -0.5034 -0.3553 -0.7876
vn -0.5051 -0.3916 -0.7691
vn 0.6656 0.4047 0.6271
vn 0.6558 0.4237 0.6248
vn 0.7207 0.3784 0.5809
vn 0.6189 0.4282 0.6585
vn 0.3777 0.5421 0.7506
vn 0.2300 0.5811 0.7806
vn 0.5112 0.5092 0.6924
vn 0.7451 0.3684 0.5559
vn 0.5678 0.4516 0.6882
vn 0.3550 0.6773 0.6443
vn 0.3816 0.5553 0.7390
vn 0.4274 0.5517 0.7162
vn 0.3599 0.6566 0.6628
vn 0.4646 0.4896 0.7378
vn 0.3867 0.4892 0.7818
vn 0.5412 0.5086 0.6697
vn 0.5292 0.5743 0.6247
vn 0.6229 0.6718 0.4008
vn 0.7534 0.5637 0.3386
vn 0.7359 0.4839 0.4736
vn 0.6129 0.5719 0.5453
vn -0.3596 0.6109 0.7053
vn -0.1207 0.5905 0.7979
vn -0.2513 0.5674 0.7841
vn -0.4457 0.5857 0.6770
vn -0.3697 0.5395 0.7565
vn -0.4750 0.5635 0.6759
vn -0.7768 -0.4402 -0.4504
vn -0.5143 -0.6964 -0.5005
vn -0.4657 -0.6621 -0.5871
vn -0.7387 -0.4312 -0.5180
vn -0.3274 -0.7468 -0.5788
vn -0.3661 -0.7899 -0.4919
vn -0.2824 -0.6780 -0.6786
vn -0.4956 -0.5513 -0.6712
vn -0.7343 -0.3448 -0.5847
vn -0.3245 -0.3938 -0.8600
vn -0.4229 -0.4737 -0.7725
vn -0.3852 -0.5967 -0.7040
vn -0.2609 -0.6392 -0.7235
vn -0.6585 -0.4281 -0.6189
vn -0.7307 -0.3673 -0.5755
vn 0.0228 -0.9466 -0.3215
vn -0.0990 -0.8724 -0.4787
vn -0.2802 -0.7293 -0.6242
vn -0.1293 -0.8327 -0.5384
vn -0.3960 -0.7134 -0.5781
vn -0.5386 -0.5727 -0.6180
vn -0.8100 -0.2691 -0.5210
vn -0.7983 -0.2350 -0.5546
vn -0.7500 -0.3105 -0.5840
vn -0.7786 -0.2846 -0.5593
vn -0.7575 -0.3188 -0.5697
vn -0.8091 -0.2576 -0.5282
vn -0.6863 -0.4307 -0.5861
vn -0.8205 -0.2688 -0.5045
vn -0.2299 -0.0591 -0.9714
vn -0.3624 -0.1370 -0.9219
vn -0.3647 0.1654 -0.9163
vn -0.3100 0.1024 -0.9452
vn -0.3459 -0.3304 -0.8782
vn -0.3696 -0.2107 -0.9050
vn -0.2638 -0.7555 -0.5997
vn -0.2479 -0.7896 -0.5613
vn -0.0940 -0.9682 -0.2317
vn -0.1239 -0.9763 -0.1776
vn -0.1153 -0.9837 -0.1381
vn -0.0120 -0.9940 -0.1084
vn -0.4016 -0.2463 -0.8821
vn -0.4427 -0.3242 -0.8360
vn -0.4883 0.1326 -0.8625
vn -0.4526 0.1658 -0.8762
vn 0.5007 0.6788 -0.5371
vn 0.8436 0.4175 -0.3377
vn 0.5963 -0.0225 -0.8024
vn 0.2740 0.2751 -0.9216
vn 0.7048 -0.2489 -0.6643
vn 0.9723 0.1751 -0.1547
vn 0.2403 -0.5367 -0.8088
vn 0.0873 -0.3340 -0.9385
vn -0.0380 -0.0595 -0.9975
vn 0.6720 -0.7327 -0.1077
vn 0.5569 -0.7157 -0.4215
vn 0.3852 -0.6724 -0.6320
vn 0.7565 -0.5245 -0.3906
vn 0.9799 -0.1776 0.0912
vn 0.8244 -0.5023 0.2610
vn 0.2299 0.9475 -0.2224
vn 0.1497 0.7679 -0.6228
vn 0.4591 0.4712 -0.7532
vn 0.2564 0.9512 0.1718
vn 0.5879 0.7286 -0.3514
vn 0.3549 0.9005 0.2513
vn 0.1596 0.9548 0.2506
vn 0.3731 0.9243 -0.0806
vn 0.6202 0.6752 0.3992
vn 0.7027 0.6905 0.1717
vn 0.6024 0.5765 0.5520
vn 0.6747 0.6695 0.3107
vn 0.4190 0.8935 0.1619
vn 0.4725 0.8137 0.3387
vn -0.1705 -0.6835 -0.7098
vn -0.2454 -0.4858 -0.8389
vn -0.3500 -0.4592 -0.8165
vn -0.2902 -0.6917 -0.6613
vn -0.3273 -0.2012 -0.9233
vn -0.2210 -0.2582 -0.9405
vn -0.3697 -0.4426 -0.8170
vn -0.3777 -0.1147 -0.9188
vn -0.3266 -0.6822 -0.6542
vn -0.2390 -0.3362 -0.9110
vn -0.2201 -0.3908 -0.8938
vn -0.1148 -0.7305 -0.6732
vn -0.1749 -0.6580 -0.7324
vn -0.0471 -0.7802 -0.6238
vn -0.2266 -0.3325 -0.9155
vn 0.4643 0.6480 0.6037
vn 0.1757 0.9744 0.1400
vn 0.1727 0.9777 0.1195
vn 0.4627 0.6843 0.5636
vn 0.1583 0.9794 0.1250
vn 0.1761 0.9745 0.1394
vn 0.0374 0.9966 0.0730
vn 0.0715 0.9523 0.2968
vn 0.2536 0.6560 0.7109
vn 0.5472 -0.4513 0.7049
vn 0.5902 0.0124 0.8072
vn 0.6334 0.0197 0.7736
vn 0.5989 -0.4650 0.6520
vn 0.4390 0.0849 0.8945
vn 0.4806 -0.4180 0.7709
vn 0.5422 -0.6623 0.5170
vn 0.4570 -0.6457 0.6117
vn 0.5270 -0.4928 0.6924
vn 0.6043 -0.4263 0.6731
vn 0.5347 -0.3507 0.7689
vn 0.4834 -0.6474 0.5892
vn 0.5901 0.4329 0.6814
vn 0.6751 0.4635 0.5739
vn 0.6603 0.2669 0.7020
vn 0.6034 0.2967 0.7402
vn 0.5427 0.3430 0.7667
vn 0.5087 0.6729 0.5371
vn 0.5342 -0.2758 0.7991
vn 0.5405 0.0444 0.8402
vn 0.6670 0.1167 0.7359
vn 0.7081 -0.0453 0.7047
vn 0.6638 0.2327 0.7108
vn 0.7350 0.1690 0.6566
vn -0.7909 -0.3034 -0.5315
vn -0.5306 -0.5772 -0.6208
vn -0.5467 -0.6411 -0.5385
vn -0.8202 -0.3599 -0.4446
vn -0.2955 -0.7734 -0.5608
vn -0.2454 -0.7459 -0.6192
vn -0.1771 -0.7630 -0.6216
vn -0.2390 -0.7668 -0.5957
vn -0.3332 -0.6808 -0.6523
vn -0.2837 -0.6858 -0.6702
vn -0.4416 -0.6902 -0.5732
vn -0.3716 -0.7758 -0.5100
vn -0.4425 -0.5611 -0.6996
vn -0.4727 -0.5586 -0.6816
vn -0.5371 -0.4746 -0.6974
vn -0.4921 -0.4800 -0.7263
vn -0.5665 -0.4925 -0.6607
vn -0.5076 -0.5618 -0.6533
vn -0.4401 -0.4517 -0.7760
vn -0.4756 -0.4478 -0.7571
vn -0.4528 -0.4371 -0.7771
vn -0.4402 -0.4377 -0.7840
vn -0.4736 -0.4928 -0.7300
vn -0.5154 -0.4940 -0.7003
vn 0.4686 0.4003 0.7875
vn 0.8284 0.4931 0.2659
vn 0.9556 0.2732 -0.1105
vn 0.9141 0.3671 0.1722
vn 0.6423 0.3468 0.6836
vn 0.4021 0.4352 0.8056
vn 0.4026 0.2895 0.8684
vn 0.5909 0.5970 0.5426
vn 0.5418 0.3993 0.7396
vn 0.4212 0.4580 0.7829
vn 0.4742 0.4526 0.7551
vn 0.5900 0.4307 0.6830
vn 0.4275 0.4724 0.7707
vn 0.4132 0.4675 0.7815
vn 0.4393 0.5080 0.7409
vn 0.4661 0.5218 0.7145
vn 0.5346 0.5604 0.6326
vn 0.8037 0.2849 0.5224
vn 0.7793 0.3249 0.5358
vn 0.5920 0.4987 0.6331
vn 0.6213 0.4683 0.6282
vn 0.5915 0.5201 0.6161
vn 0.7604 0.3529 0.5452
vn 0.5784 0.5208 0.6279
vn 0.5523 0.5184 0.6528
vn 0.5566 0.5299 0.6399
vn -0.3885 -0.5341 -0.7509
vn -0.3834 -0.3872 -0.8385
vn -0.4125 -0.3589 -0.8373
vn -0.4151 -0.5407 -0.7317
vn -0.3250 -0.2851 -0.9017
vn -0.2380 -0.3446 -0.9081
vn -0.4434 -0.2374 -0.8643
vn -0.4435 -0.3539 -0.8234
vn -0.4329 -0.5297 -0.7294
vn 0.1425 0.7577 0.6368
vn 0.1890 0.7809 0.5954
vn 0.7069 0.3875 0.5917
vn 0.6862 0.3870 0.6159
vn 0.7418 0.3828 0.5506
vn 0.2012 0.7854 0.5854
vn 0.6944 -0.1468 0.7045
vn 0.7437 -0.2240 0.6298
vn 0.8113 -0.3663 0.4556
vn 0.7743 -0.3034 0.5553
vn 0.9123 -0.0812 0.4013
vn 0.7965 -0.0544 0.6021
vn 0.8330 -0.5108 0.2126
vn 0.9863 -0.1568 0.0515
vn -0.0335 -0.8992 -0.4362
vn -0.0347 -0.9146 -0.4029
vn -0.0834 -0.8822 -0.4635
vn -0.0471 -0.8846 -0.4640
vn -0.0002 -0.9633 -0.2683
vn -0.1604 -0.8612 -0.4822
vn 0.7913 -0.1822 0.5836
vn 0.7192 0.0881 0.6892
vn 0.7226 -0.1698 0.6701
vn 0.7975 -0.0809 0.5978
vn 0.5698 -0.2352 0.7874
vn 0.5944 0.0667 0.8014
vn 0.8273 0.1782 0.5327
vn 0.8231 0.2372 0.5159
vn 0.6618 0.3927 0.6385
vn 0.6841 0.2638 0.6801
vn 0.5747 0.4564 0.6793
vn 0.6041 0.3014 0.7377
vn -0.2288 -0.8526 -0.4698
vn -0.5994 -0.6109 -0.5172
vn -0.6367 -0.5649 -0.5249
vn -0.2662 -0.8293 -0.4913
vn -0.8131 -0.3066 -0.4948
vn -0.7992 -0.3164 -0.5110
vn -0.5557 -0.5855 -0.5903
vn -0.2256 -0.8022 -0.5527
vn -0.7883 -0.3023 -0.5359
vn -0.0556 -0.8565 -0.5132
vn 0.0116 -0.9046 -0.4262
vn 0.0256 -0.9274 -0.3731
vn 0.0521 -0.9511 -0.3043
vn -0.0914 -0.8358 -0.5414
vn -0.1861 -0.7459 -0.6395
vn -0.1193 -0.9340 -0.3369
vn -0.2476 -0.8173 -0.5204
vn -0.3677 -0.5286 -0.7651
vn -0.2958 -0.7109 -0.6381
vn -0.4018 -0.5688 -0.7176
vn -0.4448 -0.4732 -0.7604
vn -0.3742 -0.5435 -0.7514
vn -0.3668 -0.5067 -0.7802
vn -0.3404 -0.7849 -0.5177
vn -0.3297 -0.8582 -0.3935
vn -0.2663 -0.9435 -0.1974
vn -0.2729 -0.9582 -0.0858
vn -0.4077 -0.4365 -0.8020
vn -0.3997 -0.3974 -0.8260
vn 0.7944 0.3159 0.5188
vn 0.8588 0.3525 0.3718
vn 0.9028 0.2507 0.3495
vn 0.8068 0.2304 0.5440
vn 0.9762 0.1970 -0.0902
vn 0.9481 0.2893 -0.1320
vn 0.8636 0.3249 0.3856
vn 0.6206 0.3034 0.7230
vn 0.9479 0.2793 -0.1532
vn 0.5306 0.0315 0.8470
vn 0.5501 0.0936 0.8299
vn 0.4752 0.3384 0.8122
vn 0.4883 0.3392 0.8040
vn 0.4395 0.3465 0.8287
vn 0.4942 0.1771 0.8511
vn 0.4476 0.3997 0.7999
vn 0.4196 0.4058 0.8120
vn 0.4488 0.3795 0.8091
vn 0.6975 0.1950 0.6896
vn 0.8009 0.0131 0.5987
vn 0.6066 0.1546 0.7799
vn 0.6867 0.3757 0.6223
vn 0.6846 0.3531 0.6377
vn 0.0327 0.7090 0.7045
vn 0.0791 0.7198 0.6896
vn 0.5587 -0.2924 -0.7761
vn 0.3746 0.0043 -0.9272
vn 0.6650 0.2074 -0.7175
vn 0.7197 -0.1650 -0.6744
vn 0.4220 0.5948 -0.6842
vn 0.2675 0.3861 -0.8828
vn 0.5932 0.6025 -0.5340
vn 0.7643 0.2654 -0.5878
vn 0.7865 -0.0745 -0.6131
vn -0.8921 -0.2488 0.3772
vn -0.8486 -0.1139 0.5167
vn -0.8906 0.2753 0.3619
vn -0.9889 -0.1092 0.1012
vn -0.7787 0.4596 0.4270
vn -0.8275 -0.0019 0.5614
vn -0.4034 0.9118 0.0762
vn -0.6828 0.7247 -0.0924
vn -0.9099 0.2072 -0.3594
vn -0.6202 -0.7112 0.3308
vn -0.5750 -0.6793 0.4560
vn -0.7516 -0.3953 0.5280
vn -0.8160 -0.4843 0.3157
vn -0.7331 -0.3558 0.5797
vn -0.5672 -0.6504 0.5052
vn 0.6903 -0.4496 -0.5668
vn 0.5578 -0.5613 -0.6114
vn 0.1782 -0.9308 -0.3191
vn 0.2657 -0.9357 -0.2321
vn -0.0941 -0.8876 -0.4509
vn 0.2813 -0.6299 -0.7240
vn 0.7301 0.2183 -0.6476
vn 0.7005 -0.1261 -0.7024
vn 0.6104 0.5638 -0.5563
vn 0.4190 0.4947 -0.7614
vn 0.4103 0.1184 -0.9042
vn 0.1989 -0.2812 -0.9388
vn 0.3664 0.8242 -0.4317
vn 0.1960 0.9189 -0.3425
vn 0.2889 0.7484 -0.5970
vn -0.1688 0.9825 -0.0787
vn 0.0301 0.9813 -0.1899
vn -0.7199 0.1266 0.6824
vn -0.6203 0.6572 0.4282
vn -0.2600 0.8541 0.4505
vn -0.3706 0.3497 0.8605
vn -0.4870 -0.6264 0.6086
vn -0.6262 -0.3150 0.7132
vn -0.3549 -0.1655 0.9201
vn -0.2768 -0.5754 0.7696
vn -0.2921 -0.9133 0.2838
vn -0.2866 -0.8849 0.3670
vn 0.0397 -0.9840 -0.1735
vn -0.1105 -0.9876 0.1118
vn -0.2000 -0.8359 0.5112
vn 0.0156 -0.8244 -0.5658
vn 0.4834 -0.5444 -0.6855
vn -0.0012 0.0188 -0.9998
vn -0.0817 -0.4783 -0.8744
vn 0.1001 0.3973 -0.9122
vn -0.0157 0.3330 -0.9428
vn -0.0846 -0.0675 -0.9941
vn -0.1804 -0.5883 -0.7883
vn 0.1444 0.7436 -0.6528
vn 0.1763 0.9577 -0.2273
vn 0.1804 0.9673 -0.1782
vn 0.0477 0.7651 -0.6421
vn 0.0663 0.5223 0.8502
vn 0.1288 0.9170 0.3776
vn 0.2431 0.9096 0.3370
vn 0.1519 0.6407 0.7526
vn -0.1157 -0.4956 0.8608
vn -0.0292 -0.0109 0.9995
vn -0.0120 0.1234 0.9923
vn -0.1281 -0.4659 0.8755
vn -0.1495 -0.9643 0.2184
vn -0.1582 -0.7977 0.5819
vn -0.2200 -0.9460 0.2379
vn -0.1765 -0.8014 0.5715
vn -0.2531 -0.9300 -0.2667
vn -0.1339 -0.9305 -0.3409
vn 0.0333 0.2948 -0.9550
vn -0.0385 0.3031 -0.9522
vn 0.1122 0.5127 -0.8512
vn 0.1929 0.4522 -0.8708
vn -0.3331 0.4160 -0.8462
vn -0.1874 0.7312 -0.6559
vn 0.1840 0.9245 -0.3338
vn 0.3097 0.8457 -0.4347
vn 0.4090 0.7631 -0.5004
vn -0.3386 -0.1349 -0.9312
vn -0.3348 0.0205 -0.9421
vn -0.7871 -0.5005 -0.3605
vn -0.3324 -0.1986 -0.9220
vn -0.6679 -0.6346 -0.3888
vn -0.5727 -0.7007 -0.4254
vn 0.1002 0.3516 -0.9308
vn 0.1499 0.4953 -0.8557
vn -0.5147 -0.6732 0.5309
vn -0.3455 -0.7653 0.5432
vn -0.5971 -0.8021 0.0097
vn -0.6951 -0.7022 0.1540
vn -0.3955 -0.8107 0.4317
vn -0.5818 -0.8088 -0.0861
vn -0.3981 -0.4628 0.7921
vn -0.1604 -0.5113 0.8443
vn 0.0224 -0.1689 0.9854
vn -0.0753 -0.1439 0.9867
vn 0.1016 -0.1866 0.9772
vn -0.0950 -0.5439 0.8338
vn 0.2924 0.2392 0.9259
vn 0.2950 0.2424 0.9242
vn 0.4908 0.6163 0.6159
vn 0.5342 0.6036 0.5919
vn 0.5026 0.6732 0.5424
vn 0.3300 0.2489 0.9106
vn 0.5822 0.8130 -0.0030
vn 0.5610 0.8081 -0.1795
vn 0.4342 0.5446 -0.7175
vn 0.5079 0.8597 0.0535
vn 0.4866 0.6284 -0.6069
vn 0.2787 0.4163 -0.8655
vn 0.3570 0.5176 -0.7776
vn 0.0625 0.7291 -0.6815
vn -0.0100 0.2884 -0.9575
vn 0.1305 0.9804 -0.1476
vn 0.0520 0.7018 -0.7105
vn 0.0601 0.9862 -0.1540
vn -0.0656 0.3420 -0.9374
vn 0.1131 0.9325 0.3430
vn 0.0372 0.9291 0.3679
vn 0.0772 0.6633 0.7443
vn 0.0588 0.6290 0.7752
vn -0.1244 -0.5069 0.8530
vn -0.0250 0.1184 0.9927
vn -0.0117 0.0792 0.9968
vn -0.1014 -0.5500 0.8290
vn -0.2683 -0.9286 0.2564
vn -0.1845 -0.8134 0.5517
vn -0.1717 -0.8258 0.5372
vn -0.2987 -0.9165 0.2659
vn -0.3591 -0.9088 -0.2124
vn -0.3633 -0.5804 -0.7288
vn -0.5823 -0.4522 -0.6757
vn -0.4936 -0.8587 -0.1378
vn -0.3513 0.0195 -0.9361
vn -0.1759 -0.1089 -0.9784
vn 0.0089 0.9980 -0.0624
vn -0.1180 0.8051 -0.5812
vn -0.6025 0.7850 -0.1441
vn -0.2475 0.9565 0.1541
vn -0.9189 0.2060 -0.3365
vn -0.4659 0.4262 -0.7754
vn -0.9026 -0.2454 -0.3536
vn -0.7826 -0.5962 0.1790
vn -0.9052 -0.3442 0.2491
vn -0.9473 0.1982 -0.2517
vn -0.8115 -0.2914 0.5066
vn -0.6298 -0.6067 0.4851
vn -0.0412 0.4301 0.9018
vn -0.1484 0.2021 0.9681
vn -0.5661 0.3920 0.7252
vn -0.2508 0.7690 0.5881
vn -0.5837 -0.1271 0.8019
vn -0.0062 -0.0095 0.9999
vn -0.7621 0.4775 0.4373
vn 0.0175 0.5650 0.8249
vn -0.0423 0.8891 0.4557
vn -0.4553 -0.4578 0.7636
vn -0.0229 -0.1792 0.9835
vn -0.0251 -0.5566 0.8304
vn 0.0599 0.0482 0.9970
vn 0.1298 0.0927 0.9872
vn 0.0410 -0.5197 0.8534
vn -0.3728 -0.8686 0.3266
vn -0.1505 -0.8192 0.5534
vn -0.1592 -0.7558 0.6351
vn -0.4343 -0.8095 0.3950
vn -0.9965 0.0778 -0.0319
vn -0.9364 0.1416 0.3211
vn 0.5861 0.2712 0.7635
vn 0.6039 0.4296 0.6714
vn 0.3738 0.1005 0.9220
vn 0.3617 0.0468 0.9311
vn 0.7223 0.4950 0.4830
vn 0.7856 0.2426 0.5692
vn 0.8228 0.4453 0.3532
vn 0.6444 0.7565 0.1112
vn 0.4400 0.7932 -0.4209
vn 0.7620 0.6410 0.0922
vn 0.5092 0.2183 0.8325
vn 0.5196 0.0928 0.8493
vn 0.6247 0.7665 -0.1494
vn 0.3198 0.6764 -0.6635
vn 0.2263 0.9016 -0.3686
vn 0.2603 0.7462 -0.6128
vn 0.0265 0.7427 -0.6691
vn -0.0869 0.9378 -0.3361
vn -0.5137 0.3654 -0.7762
vn -0.5954 0.6383 -0.4880
vn -0.2830 0.9443 -0.1681
vn -0.5976 0.7219 -0.3489
vn -0.6227 0.7215 -0.3028
vn -0.4256 0.8951 -0.1326
vn -0.8871 0.3425 -0.3095
vn -0.8912 0.3381 -0.3023
vn -0.6748 0.6759 -0.2964
vn -0.6669 0.6512 -0.3623
vn -0.4591 0.8714 -0.1727
vn -0.4043 0.8794 -0.2513
vn -0.8092 0.4087 -0.4221
vn -0.8521 0.3670 -0.3732
vn -0.8876 0.2474 -0.3886
vn -0.7891 0.3981 -0.4677
vn -0.8725 -0.1101 -0.4760
vn -0.9195 -0.1350 -0.3692
vn -0.8429 0.2692 -0.4658
vn -0.8432 -0.0674 -0.5334
vn -0.9114 0.0796 -0.4037
vn -0.3749 0.8893 -0.2618
vn -0.5056 0.8496 -0.1504
vn -0.3968 0.8910 -0.2208
vn -0.8882 0.3280 -0.3219
vn -0.5916 0.7633 -0.2595
vn -0.4793 0.8604 -0.1730
vn -0.8040 0.5382 -0.2529
vn 0.0103 0.9999 0.0071
vn -0.1011 0.9838 -0.1479
vn 0.1178 0.9802 0.1591
vn -0.2716 0.9624 0.0009
vn -0.6900 0.6831 -0.2393
vn -0.1571 0.9235 -0.3500
vn -0.6281 0.6411 -0.4410
vn -0.7156 0.5721 -0.4008
vn -0.2283 0.8506 -0.4737
vn -0.8905 0.1902 -0.4133
vn 0.3425 0.8060 -0.4828
vn 0.3915 0.8959 -0.2101
vn 0.7504 0.6555 -0.0848
vn 0.7470 0.5598 -0.3587
vn 0.6828 0.7234 0.1026
vn 0.3910 0.9203 -0.0113
vn 0.0588 0.7216 0.6898
vn 0.2666 0.9539 0.1378
vn 0.4503 0.7572 0.4732
vn 0.4080 0.4859 0.7729
vn 0.7332 0.5029 0.4577
vn 0.6869 0.3553 0.6340
vn 0.1867 0.9824 -0.0018
vn -0.1180 0.8512 0.5114
vn -0.5285 0.5499 0.6468
vn -0.0862 0.9958 0.0309
vn -0.3938 -0.1068 0.9130
vn -0.3585 0.9312 0.0659
vn -0.9578 0.2755 0.0814
vn -0.9970 0.0127 -0.0762
vn -0.7895 -0.1961 0.5816
vn -0.9537 -0.0376 0.2983
vn -0.9563 0.2033 -0.2101
vn -0.3638 -0.3797 0.8506
vn -0.4027 -0.4507 0.7967
vn 0.0130 -0.1596 0.9871
vn -0.0471 -0.4092 0.9112
vn -0.0308 -0.5297 0.8476
vn -0.8426 0.4905 -0.2224
vn -0.7753 0.5631 -0.2860
vn -0.4893 0.6721 -0.5557
vn -0.3419 0.7480 -0.5688
vn -0.7787 0.0418 0.6260
vn -0.8671 0.3859 0.3150
vn -0.9047 0.4053 -0.1310
vn -0.8951 -0.0170 0.4456
vn -0.6510 0.6584 -0.3778
vn -0.7467 0.6651 -0.0067
vn 0.6597 0.5782 -0.4801
vn 0.9104 0.3944 -0.1250
vn 0.9232 0.2088 -0.3226
vn 0.6519 0.4907 -0.5781
vn 0.9609 0.0939 0.2605
vn 0.9820 -0.0943 0.1635
vn 0.9562 0.2265 -0.1854
vn 0.9843 0.0220 0.1754
vn 0.2354 0.6938 -0.6806
vn 0.1701 0.7147 -0.6785
vn 0.7024 0.0043 0.7117
vn 0.6382 -0.3257 0.6976
vn 0.2266 -0.1740 0.9583
vn 0.0403 -0.4523 0.8910
vn 0.5930 -0.3832 0.7081
vn 0.6064 0.6753 0.4198
vn 0.7176 0.6843 -0.1295
vn 0.0887 0.9054 -0.4152
vn -0.1031 0.9274 0.3595
vn -0.3882 -0.4339 0.8130
vn -0.3506 -0.2057 0.9136
vn -0.2879 0.3322 0.8982
vn 0.4823 0.3145 0.8176
vn 0.8340 0.4133 0.3656
vn -0.2422 0.7362 0.6319
vn 0.0575 0.7883 0.6126
vn 0.0052 0.6780 0.7350
vn -0.2729 0.6706 0.6898
vn 0.0817 0.8193 0.5675
vn -0.2462 0.7607 0.6006
vn -0.2604 0.7523 0.6052
vn 0.1063 0.7818 0.6144
vn -0.2088 0.7400 0.6394
vn -0.2107 0.7583 0.6169
vn -0.0677 0.7941 0.6040
vn -0.1028 0.7766 0.6215
vn -0.0633 0.8109 0.5817
vn -0.2151 0.7491 0.6266
vn -0.2739 0.7274 0.6292
vn 0.1415 0.7050 0.6949
vn -0.2725 0.7038 0.6561
vn 0.2011 0.6064 0.7693
vn -0.0502 0.7557 0.6530
vn -0.1812 0.7473 0.6393
vn -0.1993 0.7004 0.6853
vn -0.0882 0.6470 0.7574
vn -0.2474 0.6997 0.6702
vn 0.2789 0.5560 0.7830
vn -0.1943 0.6968 0.6904
vn 0.3745 0.4886 0.7881
vn -0.2728 0.6741 0.6864
vn -0.1134 0.6349 0.7642
vn -0.3159 0.6773 0.6645
vn -0.1180 0.6673 0.7354
vn 0.0017 0.6653 0.7466
vn 0.0230 0.6831 0.7300
vn 0.6888 0.3138 0.6535
vn 0.6456 0.2995 0.7025
vn 0.5106 0.3841 0.7693
vn -0.1085 0.6806 0.7246
vn -0.3165 0.6861 0.6550
vn -0.1382 0.6821 0.7181
vn -0.2876 0.7166 0.6355
vn -0.1524 0.7014 0.6962
vn -0.2110 0.6756 0.7064
vn -0.2072 0.7062 0.6771
vn -0.1236 0.7296 0.6726
vn -0.4413 0.6627 0.6050
vn -0.2310 0.6565 0.7181
vn -0.4831 0.6073 0.6307
vn -0.1863 0.6165 0.7650
vn -0.5562 0.5037 0.6610
vn -0.9732 0.2258 0.0443
vn -0.9880 0.1526 0.0245
vn -0.8795 -0.2098 -0.4272
vn -0.8653 -0.2220 -0.4494
vn -0.9998 0.0169 -0.0055
vn -0.8556 -0.2842 -0.4326
vn -0.1560 0.7484 0.6446
vn -0.1909 0.7695 0.6095
vn -0.5809 0.6707 0.4612
vn -0.5404 0.6469 0.5381
vn -0.8655 -0.1444 -0.4796
vn -0.9679 0.2394 -0.0764
vn -0.9527 0.3034 0.0153
vn -0.9003 -0.0290 -0.4342
vn -0.2554 0.7465 0.6145
vn -0.2130 0.7905 0.5742
vn -0.5962 0.6289 0.4990
vn -0.6456 0.5679 0.5106
vn -0.8312 -0.2604 -0.4912
vn -0.7515 -0.2446 -0.6128
vn -0.7590 -0.2452 -0.6031
vn -0.8347 -0.2634 -0.4837
vn -0.7625 -0.1919 -0.6179
vn -0.7034 -0.2904 -0.6488
vn -0.7852 -0.2592 -0.5623
vn -0.6896 -0.3298 -0.6448
vn -0.8130 -0.2839 -0.5084
vn -0.9425 0.2538 0.2173
vn -0.9411 0.3031 0.1496
vn -0.9671 -0.0026 -0.2544
vn -0.9870 -0.0169 -0.1597
vn -0.8658 -0.1621 -0.4734
vn -0.8697 -0.2017 -0.4505
vn -0.6793 -0.3777 -0.6291
vn -0.7046 -0.4278 -0.5661
vn -0.7160 -0.4482 -0.5353
vn -0.7171 -0.3497 -0.6028
vn -0.6906 0.5394 0.4818
vn -0.2934 0.7025 0.6484
vn -0.2621 0.6900 0.6747
vn -0.7124 0.5391 0.4493
vn -0.8829 -0.2594 -0.3913
vn -0.8814 -0.2232 -0.4164
vn -0.9917 -0.0111 -0.1279
vn -0.9931 -0.0024 -0.1171
vn -0.9473 0.2720 0.1690
vn -0.9461 0.2334 0.2247
vn -0.7103 0.5190 0.4754
vn -0.2386 0.6648 0.7079
vn -0.2448 0.6170 0.7479
vn -0.6995 0.4887 0.5214
vn -0.9533 0.2561 0.1603
vn -0.9949 -0.0432 -0.0913
vn -0.9928 -0.1068 -0.0540
vn -0.9586 0.2022 0.2005
vn -0.7308 -0.5067 -0.4574
vn -0.8719 -0.3595 -0.3324
vn -0.7965 -0.4614 -0.3907
vn -0.8703 -0.4167 -0.2625
vn -0.8131 -0.3303 -0.4793
vn -0.7612 -0.3890 -0.5188
vn -0.9789 -0.2011 -0.0366
vn -0.9580 0.1445 0.2478
vn -0.9571 0.1442 0.2514
vn -0.9858 -0.1679 -0.0008
vn -0.6771 0.4717 0.5648
vn -0.6786 0.4894 0.5477
vn -0.2530 0.5920 0.7652
vn -0.2860 0.6306 0.7215
vn -0.9180 -0.3755 -0.1276
vn -0.8756 -0.4321 -0.2158
vn -0.2104 0.7250 0.6559
vn -0.2426 0.7597 0.6033
vn -0.2372 0.7871 0.5694
vn -0.5589 0.6573 0.5055
vn -0.8739 -0.1988 -0.4436
vn -0.8460 -0.2696 -0.4600
vn -0.8691 -0.3295 -0.3690
vn -0.9163 -0.1964 -0.3490
vn -0.3689 0.6701 0.6441
vn -0.7213 0.5207 0.4567
vn -0.9477 -0.1787 -0.2646
vn -0.9157 -0.3218 -0.2408
vn -0.9894 -0.1212 -0.0798
vn -0.9936 -0.0034 -0.1128
vn -0.9283 0.3250 0.1805
vn -0.9569 0.2207 0.1886
vn -0.5781 0.6781 0.4538
vn -0.2492 0.7972 0.5498
vn -0.2582 0.8090 0.5281
vn -0.5896 0.6923 0.4161
vn -0.9267 -0.0685 -0.3695
vn -0.8971 -0.1232 -0.4243
vn -0.9428 -0.0815 -0.3232
vn -0.9662 -0.0113 -0.2576
vn -0.9792 -0.0354 -0.2000
vn -0.9631 -0.0773 -0.2579
vn -0.9924 0.0733 -0.0985
vn -0.9935 0.0968 -0.0595
vn -0.8932 0.4092 0.1864
vn -0.9002 0.3917 0.1902
vn -0.2929 0.8055 0.5152
vn -0.6051 0.6872 0.4020
vn -0.6453 0.6551 0.3930
vn -0.3393 0.8146 0.4705
vn -0.9632 -0.0517 -0.2637
vn -0.9626 -0.0410 -0.2679
vn -0.9852 0.0603 -0.1604
vn -0.9823 0.1480 -0.1151
vn -0.9864 0.1272 -0.1040
vn -0.9885 0.0159 -0.1501
vn -0.9924 0.1123 -0.0498
vn -0.9858 0.1616 -0.0462
vn -0.9196 0.3662 0.1423
vn -0.9000 0.3998 0.1738
vn -0.9085 -0.0311 -0.4167
vn -0.9467 -0.0537 -0.3177
vn -0.9707 0.1895 -0.1475
vn -0.9457 0.2646 -0.1889
vn -0.9310 0.0113 -0.3650
vn -0.7200 -0.2768 -0.6364
vn -0.6685 0.1553 -0.7273
vn -0.8477 -0.2978 -0.4390
vn -0.8854 -0.2413 -0.3972
vn -0.8719 -0.3049 -0.3831
vn -0.9157 -0.1505 -0.3727
vn -0.8876 -0.1029 -0.4489
vn -0.9449 -0.0950 -0.3133
vn -0.6100 -0.7705 -0.1851
vn -0.6753 -0.7057 -0.2144
vn -0.9779 0.0152 -0.2086
vn -0.9663 0.0974 0.2382
vn -0.9982 -0.0352 -0.0483
vn -0.5251 0.6990 0.4855
vn -0.3716 0.5530 0.7458
vn -0.2414 0.3274 0.9135
vn -0.8441 0.1765 0.5063
vn -0.9830 -0.1783 -0.0435
vn -0.8807 -0.3819 -0.2802
vn -0.3359 0.0113 0.9418
vn -0.7899 0.1052 0.6041
vn -0.6699 -0.2134 0.7111
vn -0.8519 0.1170 0.5105
vn -0.9564 -0.0085 0.2918
vn -0.9771 -0.1124 0.1809
vn -0.5632 -0.6254 -0.5401
vn -0.3882 -0.7527 -0.5318
vn -0.4513 -0.8112 -0.3720
vn -0.6056 -0.6851 -0.4048
vn -0.4783 -0.7494 -0.4578
vn -0.5380 -0.7664 -0.3509
vn -0.6454 -0.7161 -0.2659
vn -0.5251 -0.8454 -0.0976
vn -0.5614 -0.7790 -0.2794
vn -0.4054 -0.4573 -0.7915
vn -0.3822 -0.3784 -0.8431
vn -0.2651 -0.6471 -0.7148
vn -0.2812 -0.6971 -0.6596
vn -0.2526 -0.5668 -0.7842
vn -0.3793 -0.3210 -0.8678
vn -0.2130 -0.6606 -0.7199
vn -0.2840 -0.7108 -0.6435
vn -0.2742 -0.7413 -0.6127
vn -0.3985 -0.2621 -0.8789
vn -0.2398 -0.4875 -0.8395
vn -0.2435 -0.4889 -0.8377
vn -0.4779 -0.2379 -0.8456
vn -0.0821 -0.6094 -0.7886
vn -0.1187 -0.6051 -0.7873
vn -0.6315 0.1145 -0.7669
vn -0.5832 0.1775 -0.7927
vn -0.5073 -0.1171 -0.8538
vn -0.5410 -0.1786 -0.8219
vn -0.4909 -0.0461 -0.8700
vn -0.5832 0.2279 -0.7797
vn -0.5337 0.8428 -0.0701
vn -0.4862 0.8667 -0.1112
vn -0.6315 0.4712 -0.6158
vn -0.6798 0.4548 -0.5754
vn -0.6055 0.5248 -0.5983
vn -0.4617 0.8718 -0.1639
vn -0.6329 0.3077 -0.7105
vn -0.5396 0.0030 -0.8419
vn -0.6670 0.0548 -0.7430
vn -0.7547 0.4084 -0.5135
vn -0.8912 0.3151 -0.3263
vn -0.8195 0.0073 -0.5730
vn -0.6663 -0.2267 -0.7104
vn -0.0230 0.7975 0.6028
vn -0.0232 0.8163 0.5772
vn -0.1568 0.8618 0.4823
vn -0.2404 0.8682 0.4341
vn -0.0617 0.8610 0.5049
vn -0.1897 0.8313 0.5224
vn -0.5999 0.7974 -0.0652
vn -0.6751 0.7370 -0.0335
vn -0.9115 0.4100 -0.0327
vn -0.9620 0.2698 -0.0416
vn -0.9562 0.2910 0.0303
vn -0.9063 0.4227 -0.0048
vn -0.3911 0.8577 0.3337
vn -0.4098 0.8522 0.3252
vn -0.8000 0.5765 0.1664
vn -0.8422 0.5324 -0.0853
vn 0.2775 0.7629 0.5839
vn 0.3300 0.7489 0.5747
vn -0.9100 0.4129 -0.0366
vn -0.9198 0.3773 0.1080
vn -0.2741 0.9597 0.0618
vn 0.1684 0.9351 0.3117
vn -0.6783 0.6719 -0.2975
vn -0.6496 0.7543 -0.0950
vn -0.8298 0.5520 -0.0824
vn -0.8377 0.5460 -0.0123
vn -0.6286 0.7418 0.2335
vn -0.5658 0.7298 -0.3837
vn -0.2936 0.9338 0.2047
vn -0.4184 0.7676 0.4855
vn -0.1040 0.8924 0.4391
vn -0.9388 0.3441 -0.0187
vn -0.8126 0.5518 0.1874
vn -0.8873 0.2339 -0.3974
vn -0.9045 0.1751 -0.3889
vn -0.6022 0.7718 0.2041
vn -0.8255 0.5052 -0.2515
vn -0.9365 -0.0439 -0.3480
vn -0.9742 0.0505 -0.2200
vn -0.9329 -0.0543 -0.3560
vn -0.9082 -0.2224 -0.3546
vn -0.9444 0.1802 -0.2752
vn -0.9224 0.3824 -0.0540
vn -0.8686 0.2283 -0.4397
vn -0.8881 0.3345 -0.3152
vn -0.9227 0.1076 -0.3703
vn -0.8993 0.4151 -0.1377
vn -0.3945 -0.2049 -0.8958
vn -0.6748 -0.0951 -0.7319
vn -0.5709 -0.7172 -0.3995
vn -0.6585 -0.6708 -0.3413
vn 0.0424 0.8052 0.5915
vn 0.3493 0.7562 0.5533
vn 0.3887 0.9165 0.0946
vn 0.1057 0.9893 0.1006
vn -0.1151 0.0977 0.9885
vn -0.5582 -0.1891 0.8079
vn -0.2736 -0.5056 0.8182
vn 0.0634 -0.0707 0.9955
vn -0.5502 -0.7701 0.3228
vn -0.7976 -0.5246 0.2977
vn -0.6381 -0.7587 -0.1311
vn -0.7572 -0.6411 -0.1247
vn -0.0800 0.4574 0.8857
vn 0.1862 0.3539 0.9166
vn -0.7330 0.6480 0.2070
vn -0.9344 0.0872 0.3454
vn -0.5300 0.3544 0.7704
vn -0.3904 0.7994 0.4567
vn -0.9461 -0.1162 -0.3022
vn -0.6584 0.6078 -0.4440
vn -0.3039 0.9420 -0.1423
vn -0.6228 -0.6025 -0.4991
vn -0.1286 -0.3554 -0.9258
vn -0.3825 0.3984 -0.8337
vn -0.0925 0.8421 -0.5313
vn -0.7812 -0.6239 -0.0212
vn -0.4393 -0.8964 -0.0582
vn -0.2872 -0.9423 0.1720
vn -0.4885 0.8577 0.1605
vn -0.4731 0.8652 0.1663
vn -0.7644 0.3405 -0.5475
vn -0.7794 0.4557 -0.4300
vn -0.7451 0.4247 -0.5143
vn -0.8148 -0.0421 -0.5782
vn -0.7275 -0.0237 -0.6857
vn -0.7113 0.3902 -0.5847
vn -0.7993 0.0388 -0.5997
vn -0.8565 -0.1351 -0.4981
vn -0.6389 0.3729 -0.6729
vn -0.7120 0.3351 -0.6171
vn -0.7287 0.1632 -0.6651
vn -0.6913 0.0504 -0.7208
vn -0.6520 0.3918 -0.6492
vn -0.6973 -0.0004 -0.7168
vn -0.7702 0.1849 -0.6105
vn -0.9417 -0.0746 -0.3281
vn -0.9219 -0.0868 -0.3775
vn -0.9290 0.1804 -0.3233
vn -0.8975 0.2742 -0.3455
vn -0.7217 0.4765 -0.5021
vn -0.9148 -0.1094 -0.3888
vn -0.8132 0.1186 -0.5697
vn -0.4316 0.8499 -0.3022
vn -0.6131 0.7322 -0.2967
vn -0.5928 0.6536 -0.4705
vn -0.5871 0.6708 -0.4531
vn -0.9491 0.0250 -0.3140
vn -0.5851 0.7896 -0.1849
vn -0.3599 0.9017 -0.2397
vn -0.6275 0.6674 -0.4010
vn -0.4175 -0.6986 -0.5811
vn -0.5244 -0.6092 -0.5949
vn -0.5619 -0.6402 -0.5238
vn -0.4749 -0.5487 -0.6881
vn -0.3513 -0.6393 -0.6840
vn -0.4969 -0.6357 -0.5908
vn -0.5264 -0.6883 -0.4992
vn -0.5240 -0.7230 -0.4503
vn -0.9438 0.2910 -0.1565
vn -0.9872 0.1269 -0.0967
vn -0.5212 0.8117 0.2638
vn -0.4112 0.8989 0.1512
vn -0.8355 0.4827 -0.2626
vn -0.7160 0.6713 -0.1917
vn -0.1457 0.8806 0.4509
vn -0.3002 0.9305 0.2098
vn -0.5546 0.8320 -0.0138
vn -0.0333 0.8226 0.5676
vn -0.1868 0.8664 0.4631
vn -0.1478 0.9012 0.4075
vn -0.6356 0.7641 0.1103
vn -0.6578 0.7440 0.1171
vn -0.5880 0.8083 0.0296
vn -0.1569 0.9412 0.2992
vn -0.2595 0.8539 0.4512
vn -0.6866 0.7251 0.0524
vn -0.4631 -0.5812 -0.6691
vn -0.4163 -0.5665 -0.7112
vn -0.2787 -0.6805 -0.6776
vn -0.2959 -0.6819 -0.6690
vn -0.2568 -0.6756 -0.6911
vn -0.4100 -0.5665 -0.7148
vn -0.3057 -0.6301 -0.7138
vn -0.2850 -0.5889 -0.7563
vn -0.7492 0.0341 -0.6615
vn -0.8095 0.0153 -0.5869
vn -0.8443 0.4340 -0.3143
vn -0.8084 0.4251 -0.4072
vn -0.8713 0.4312 -0.2342
vn -0.8593 -0.0061 -0.5114
vn -0.5119 -0.5918 -0.6227
vn -0.3358 -0.7049 -0.6248
vn -0.8805 0.4203 -0.2192
vn -0.8515 0.4282 -0.3026
vn -0.8868 -0.0050 -0.4622
vn -0.8799 0.0029 -0.4751
vn -0.6914 0.0574 -0.7202
vn -0.5703 -0.2551 -0.7808
vn -0.5815 -0.3233 -0.7466
vn -0.4303 -0.5478 -0.7175
vn -0.6266 -0.3579 -0.6923
vn -0.6728 -0.3719 -0.6396
vn -0.7483 0.4358 -0.5001
vn -0.6972 -0.3697 -0.6142
vn -0.7379 -0.3873 -0.5527
vn 0.7829 0.3007 0.5447
vn 0.7668 0.3425 0.5428
vn 0.7743 0.3691 0.5139
vn 0.7505 0.3368 0.5686
vn 0.6006 0.5233 0.6046
vn 0.5930 0.5246 0.6109
vn 0.5813 0.5603 0.5901
vn 0.5772 0.5338 0.6180
vn 0.7839 0.2568 0.5653
vn 0.5720 0.5265 0.6290
vn 0.5578 0.5445 0.6264
vn 0.7932 0.2498 0.5554
vn 0.5438 0.6408 0.5418
vn 0.5697 0.6022 0.5594
vn 0.4177 0.6147 0.6691
vn 0.3971 0.6468 0.6511
vn 0.3919 0.7005 0.5965
vn 0.3558 0.7115 0.6059
vn 0.4530 0.6780 0.5789
vn 0.3994 0.7208 0.5665
vn 0.9127 0.3920 -0.1154
vn 0.6945 0.6331 0.3420
vn 0.6455 0.6446 0.4097
vn 0.9092 0.4156 -0.0256
vn 0.8590 -0.0050 -0.5120
vn 0.9153 0.1476 -0.3747
vn -0.3544 -0.7026 -0.6171
vn -0.3656 -0.6389 -0.6768
vn -0.4126 -0.6367 -0.6514
vn -0.4168 -0.6685 -0.6160
vn -0.4336 -0.6289 -0.6454
vn -0.4169 -0.6826 -0.6002
vn -0.4891 -0.6514 -0.5800
vn -0.4989 -0.6152 -0.6104
vn -0.5230 -0.5652 -0.6380
vn -0.4963 -0.5845 -0.6419
vn -0.5727 -0.5263 -0.6285
vn -0.5684 -0.5478 -0.6139
vn -0.4817 -0.6142 -0.6251
vn -0.3014 -0.6914 -0.6566
vn -0.3648 -0.7398 -0.5653
vn -0.5031 -0.6623 -0.5552
vn -0.5810 -0.5502 -0.5998
vn -0.5522 -0.5637 -0.6143
vn -0.5547 -0.5951 -0.5815
vn -0.5703 -0.5763 -0.5854
vn -0.5790 -0.5533 -0.5989
vn -0.5626 -0.5730 -0.5960
vn -0.4564 -0.5938 -0.6627
vn -0.4764 -0.6407 -0.6022
vn -0.1636 -0.6631 -0.7305
vn -0.4804 -0.4290 -0.7649
vn 0.0522 -0.7085 -0.7038
vn -0.2734 -0.5051 -0.8186
vn -0.1259 -0.7386 -0.6622
vn -0.2304 -0.7041 -0.6716
vn -0.4821 -0.3763 -0.7912
vn -0.4282 -0.4320 -0.7937
vn -0.4673 -0.6971 -0.5437
vn -0.4824 -0.4046 -0.7769
vn -0.3135 -0.6435 -0.6983
vn -0.3271 -0.9154 -0.2345
vn -0.2875 -0.9533 0.0920
vn -0.4219 -0.9033 -0.0775
vn -0.5411 -0.7229 -0.4296
vn -0.5254 -0.3991 -0.7514
vn -0.5254 -0.4288 -0.7349
vn -0.5542 -0.5028 -0.6634
vn -0.5550 -0.4707 -0.6859
vn -0.5777 -0.7107 -0.4015
vn -0.5823 -0.6430 -0.4975
vn -0.3840 -0.3623 -0.8493
vn -0.4242 -0.3508 -0.8348
vn -0.4893 -0.6465 -0.5854
vn -0.4251 -0.6307 -0.6493
vn -0.3931 -0.4161 -0.8199
vn -0.3645 -0.2969 -0.8826
vn -0.3773 -0.2391 -0.8947
vn -0.3907 -0.2349 -0.8900
vn -0.4303 -0.4799 -0.7646
vn 0.3937 0.8474 0.3563
vn 0.5011 0.8246 0.2624
vn 0.5339 0.7722 0.3444
vn 0.4257 0.8051 0.4130
vn 0.6072 0.7430 0.2816
vn 0.5028 0.8644 0.0078
vn 0.5754 0.3742 0.7273
vn 0.5219 0.4520 0.7234
vn 0.3911 0.4834 0.7832
vn 0.7888 0.5049 0.3507
vn 0.5601 0.7112 0.4248
vn 0.4528 0.8900 -0.0533
vn 0.7169 0.6971 -0.0129
vn 0.4978 0.8516 0.1642
vn 0.5245 0.6614 0.5362
vn 0.5128 0.2209 0.8296
vn 0.5373 0.2211 0.8139
vn 0.4211 -0.0096 0.9070
vn 0.4481 -0.1838 0.8749
vn 0.4415 0.1119 0.8903
vn 0.5776 0.0940 0.8109
vn 0.4454 0.0184 0.8951
vn 0.5311 0.3344 0.7785
vn 0.5181 0.2483 0.8185
vn 0.4746 0.8799 0.0221
vn 0.6002 0.7093 0.3698
vn 0.5629 0.5188 0.6434
vn 0.6192 0.7830 0.0592
vn 0.4770 0.2707 0.8362
vn 0.5222 0.8350 0.1736
vn 0.4846 0.1293 0.8651
vn 0.6357 0.4076 0.6555
vn 0.4229 0.0196 0.9060
vn 0.7850 0.3206 0.5301
vn 0.8636 0.2060 0.4601
vn 0.5652 0.6709 0.4800
vn 0.6654 0.5928 0.4537
vn 0.8468 0.3177 0.4266
vn 0.9594 0.1606 0.2320
vn 0.8094 0.3015 0.5040
vn 0.7168 0.5679 0.4046
vn 0.7914 0.3181 0.5220
vn 0.7945 0.4327 0.4262
vn 0.7115 0.5466 0.4416
vn 0.7413 0.1854 0.6450
vn 0.6684 0.3606 0.6505
vn 0.6986 0.3637 0.6162
vn 0.4020 0.9041 0.1448
vn 0.6394 0.7356 0.2238
vn 0.6152 0.7290 0.3003
vn 0.4352 0.8659 0.2467
vn 0.4157 0.8053 0.4227
vn 0.5678 0.7283 0.3836
vn 0.6186 0.0824 0.7814
vn 0.3698 0.1669 0.9140
vn 0.4008 -0.0914 0.9116
vn 0.7233 0.1546 0.6730
vn 0.1067 0.1813 0.9776
vn 0.5890 0.6954 0.4117
vn 0.6752 0.6515 0.3458
vn 0.6391 0.5672 0.5194
vn 0.7288 0.5365 0.4255
vn 0.7680 0.4491 0.4566
vn 0.7566 0.0580 0.6513
vn 0.7667 0.0224 0.6416
vn 0.7630 0.2923 0.5766
vn 0.7450 0.3119 0.5897
vn 0.7884 0.5508 0.2738
vn 0.7529 0.6078 0.2523
vn 0.8912 0.1047 0.4414
vn 0.8844 0.4544 0.1063
vn 0.4895 -0.3827 0.7835
vn 0.7049 0.1903 0.6834
vn 0.6838 0.1680 0.7101
vn 0.7509 0.5614 0.3478
vn 0.7807 0.5504 0.2960
vn 0.7365 0.6747 0.0484
vn 0.7059 0.7005 0.1049
vn 0.7310 0.6807 -0.0470
vn 0.8509 0.4734 0.2278
vn 0.6625 0.6965 -0.2757
vn 0.7271 0.6491 -0.2235
vn 0.6728 0.7357 0.0782
vn 0.6061 0.6799 -0.4127
vn 0.6874 0.5575 -0.4654
vn 0.5889 0.5243 -0.6150
vn 0.5381 0.5761 -0.6153
vn 0.7096 0.3858 -0.5896
vn 0.7935 0.5283 -0.3021
vn 0.7581 0.5738 -0.3099
vn 0.9639 0.2638 -0.0373
vn 0.9111 0.0116 -0.4121
vn 0.6991 0.3988 -0.5935
vn 0.8001 -0.4766 0.3642
vn 0.9775 -0.1332 0.1637
vn 0.9068 0.1410 0.3972
vn 0.8450 -0.2092 0.4922
vn 0.6466 -0.7574 0.0912
vn 0.8900 -0.4162 -0.1862
vn 0.5384 0.1026 -0.8364
vn 0.3760 0.3190 -0.8700
vn 0.6640 -0.2442 -0.7067
vn 0.2941 -0.3045 -0.9060
vn 0.2639 -0.0676 -0.9622
vn 0.2680 0.1487 -0.9519
vn 0.3997 -0.8714 -0.2846
vn 0.6373 -0.5623 -0.5270
vn 0.2696 -0.5457 -0.7934
vn 0.1142 -0.8260 -0.5520
vn -0.0119 -0.8568 -0.5155
vn 0.0913 -0.6017 -0.7935
vn -0.0612 -0.9176 -0.3927
vn -0.0756 -0.6059 -0.7919
vn 0.1611 -0.3730 -0.9137
vn -0.0622 -0.2430 -0.9680
vn -0.5588 -0.7715 -0.3043
vn -0.5261 -0.8308 -0.1815
vn -0.5120 -0.8565 -0.0654
vn -0.4771 -0.8777 0.0447
vn -0.5117 -0.8455 -0.1525
vn -0.5449 -0.8144 -0.1997
vn -0.5733 -0.5735 -0.5851
vn -0.4656 -0.3158 -0.8268
vn -0.5607 -0.5645 -0.6058
vn -0.5573 -0.6159 -0.5568
vn -0.4563 -0.5710 -0.6824
vn -0.2740 -0.1902 -0.9427
vn -0.1121 -0.5945 -0.7962
vn -0.0302 -0.5253 -0.8504
vn -0.4101 -0.8639 -0.2923
vn -0.4078 -0.9107 -0.0657
vn -0.4367 -0.4104 -0.8006
vn -0.4602 -0.6594 -0.5945
vn -0.4509 -0.5504 -0.7027
vn -0.3180 -0.8976 -0.3053
vn -0.3496 -0.7126 -0.6083
vn -0.4275 -0.2309 -0.8740
vn -0.3557 -0.4388 -0.8252
vn -0.2354 -0.3742 -0.8970
vn -0.3518 -0.2119 -0.9118
vn -0.2434 0.0498 -0.9686
vn -0.3404 -0.0718 -0.9375
vn -0.2725 0.0480 -0.9610
vn -0.3694 0.0481 -0.9280
vn -0.4688 -0.1927 -0.8620
vn -0.3003 -0.1789 -0.9369
vn -0.1647 -0.2744 -0.9474
vn -0.0056 -0.5781 -0.8160
vn -0.1759 0.0896 -0.9803
vn -0.0535 -0.6383 -0.7680
vn -0.0598 -0.5694 -0.8199
vn -0.4417 -0.0767 -0.8939
vn -0.2175 -0.5427 -0.8113
vn -0.3403 -0.6126 -0.7134
vn -0.2697 0.0411 -0.9621
vn -0.5168 -0.2825 -0.8081
vn -0.2225 -0.6771 -0.7014
vn -0.2625 -0.6944 -0.6700
vn -0.4244 -0.4903 -0.7612
vn -0.3810 -0.4566 -0.8040
vn -0.4225 -0.5403 -0.7277
vn -0.3233 -0.4469 -0.8341
vn -0.2915 -0.7707 -0.5666
vn -0.2048 -0.7117 -0.6720
vn -0.1730 -0.8688 -0.4641
vn -0.0983 -0.5944 -0.7982
vn -0.1582 -0.9308 -0.3296
vn -0.1165 -0.6842 -0.7199
vn -0.2840 -0.4254 -0.8593
vn -0.2178 -0.5036 -0.8361
vn -0.1110 -0.3353 -0.9355
vn -0.1595 -0.3455 -0.9248
vn -0.3252 -0.4191 -0.8477
vn -0.2216 -0.3860 -0.8955
vn -0.0698 -0.4594 -0.8855
vn -0.0381 -0.3545 -0.9343
vn -0.2944 -0.4841 -0.8240
vn -0.2558 -0.4730 -0.8431
vn -0.2128 -0.4326 -0.8761
vn -0.3838 -0.5836 -0.7156
vn -0.1350 -0.3291 -0.9346
vn -0.3577 -0.5180 -0.7770
vn -0.4930 -0.6723 -0.5522
vn -0.5171 -0.6162 -0.5941
vn -0.0233 -0.3212 -0.9467
vn -0.0758 -0.3373 -0.9383
vn -0.0233 -0.1681 -0.9855
vn 0.0217 -0.1313 -0.9911
vn -0.1672 -0.3714 -0.9133
vn -0.0244 -0.3118 -0.9498
vn -0.0175 -0.0971 -0.9951
vn -0.0125 -0.1100 -0.9939
vn -0.2535 -0.3412 -0.9052
vn -0.2363 -0.2784 -0.9309
vn -0.5158 -0.5353 -0.6688
vn -0.5510 -0.5954 -0.5847
vn -0.4938 -0.4223 -0.7602
vn -0.4261 -0.4031 -0.8099
vn -0.4914 -0.4602 -0.7394
vn -0.4193 -0.4051 -0.8125
vn -0.4765 -0.4913 -0.7291
vn -0.4130 -0.4395 -0.7977
vn -0.3561 -0.4515 -0.8181
vn -0.4246 -0.4691 -0.7744
vn -0.1883 -0.2672 -0.9451
vn -0.1661 -0.2828 -0.9447
vn -0.1306 -0.2164 -0.9675
vn -0.4514 -0.3363 -0.8266
vn -0.3765 -0.4533 -0.8079
vn -0.0856 -0.2318 -0.9690
vn -0.5981 -0.5682 -0.5651
vn -0.7212 -0.4089 -0.5591
vn -0.5273 -0.4336 -0.7307
vn -0.5351 -0.4071 -0.7402
vn -0.5430 -0.4817 -0.6878
vn -0.5761 -0.4829 -0.6595
vn -0.5724 -0.5228 -0.6317
vn -0.5277 -0.5198 -0.6718
vn -0.4343 -0.4662 -0.7707
vn -0.4807 -0.4689 -0.7410
vn -0.2264 -0.2922 -0.9292
vn -0.1613 -0.2688 -0.9496
vn -0.1775 -0.0858 -0.9804
vn -0.2160 -0.1996 -0.9558
vn -0.1554 -0.0998 -0.9828
vn -0.2567 -0.1568 -0.9537
vn -0.1006 -0.0809 -0.9916
vn -0.1577 -0.2424 -0.9573
vn -0.4124 -0.4695 -0.7807
vn -0.4004 -0.4210 -0.8139
vn -0.5095 -0.4186 -0.7518
vn -0.4586 -0.5574 -0.6921
vn -0.5292 -0.6848 -0.5009
vn -0.4703 -0.4217 -0.7752
vn -0.6333 -0.6237 -0.4582
vn -0.3662 -0.6392 -0.6763
vn -0.3681 -0.5670 -0.7369
vn 0.6929 0.6120 0.3813
vn 0.5902 0.7579 0.2780
vn 0.6599 0.6722 0.3358
vn 0.6831 0.5972 0.4204
vn 0.7443 0.6090 0.2741
vn 0.7424 0.6195 0.2552
vn 0.5526 0.4322 0.7126
vn 0.5573 0.5252 0.6431
vn 0.5171 0.7179 0.4661
vn 0.8045 0.5692 0.1699
vn 0.7532 0.5319 0.3870
vn 0.7339 0.5018 0.4578
vn 0.8078 0.5545 0.2000
vn 0.5989 0.4405 0.6688
vn 0.6085 0.4723 0.6377
vn 0.5712 0.3613 0.7370
vn 0.5699 0.3969 0.7195
vn 0.4941 0.4287 0.7564
vn 0.5740 0.4977 0.6502
vn 0.6150 0.4192 0.6678
vn 0.5918 0.4962 0.6353
vn 0.6725 0.5815 0.4578
vn 0.7428 0.5508 0.3806
vn 0.7989 0.5859 0.1358
vn 0.7044 0.5775 0.4127
vn 0.7862 0.6058 0.1220
vn 0.8001 0.5987 -0.0384
vn 0.6649 0.4981 0.5565
vn 0.6997 0.5465 0.4602
vn 0.6255 0.5440 0.5593
vn 0.7528 0.5453 0.3688
vn 0.7208 0.4768 0.5031
vn 0.7134 0.4025 0.5736
vn 0.6784 0.5524 0.4844
vn 0.6969 0.3440 0.6293
vn 0.7539 0.3069 0.5808
vn 0.5503 0.1625 0.8190
vn 0.5719 0.3289 0.7515
vn 0.5814 0.4626 0.6693
vn 0.7312 -0.1823 0.6574
vn 0.5963 -0.2844 0.7507
vn 0.6471 -0.0597 0.7600
vn 0.7069 0.1283 0.6956
vn 0.7386 0.3500 0.5762
vn 0.6193 0.0381 0.7842
vn 0.7539 0.6371 0.1605
vn 0.6927 0.5388 0.4794
vn 0.5532 0.4307 0.7130
vn 0.6370 0.3873 0.6665
vn 0.7186 0.2847 0.6344
vn 0.7022 0.3022 0.6447
vn 0.7223 0.1113 0.6826
vn 0.7994 0.0019 0.6008
vn 0.7116 0.1483 0.6867
vn 0.9245 0.3476 0.1563
vn 0.9280 0.1296 0.3494
vn 0.7118 0.1340 0.6895
vn 0.7646 0.3038 0.5684
vn 0.7476 0.3720 0.5502
vn 0.8175 0.2226 0.5312
vn 0.8335 0.4670 0.2954
vn 0.7193 0.2940 0.6295
vn 0.7408 0.0787 0.6671
vn 0.7948 0.6055 -0.0409
vn 0.7726 0.6348 -0.0136
vn 0.7956 0.5932 0.1227
vn 0.0846 0.1400 0.9865
vn 0.3009 0.2703 0.9146
vn 0.3789 0.2918 0.8782
vn 0.2473 0.0635 0.9669
vn 0.0604 0.0899 0.9941
vn 0.2302 0.2305 0.9455
vn 0.1485 0.1121 0.9825
vn 0.1990 0.1577 0.9672
vn 0.4260 0.3259 0.8440
vn 0.5075 0.3760 0.7753
vn 0.3148 0.2509 0.9154
vn 0.2045 0.2018 0.9578
vn 0.4252 0.3286 0.8433
vn 0.4957 0.3758 0.7830
vn 0.1518 0.1933 0.9693
vn 0.1447 0.1868 0.9717
vn -0.0189 0.2069 0.9782
vn 0.1339 0.4048 0.9046
vn 0.3950 0.4030 0.8255
vn 0.4437 0.4184 0.7925
vn 0.3754 0.3837 0.8437
vn 0.2923 0.3833 0.8762
vn 0.0164 0.1976 0.9801
vn 0.0733 0.3100 0.9479
vn 0.0855 0.3008 0.9499
vn 0.0384 0.2537 0.9665
vn 0.2155 0.4076 0.8874
vn 0.2077 0.4655 0.8603
vn 0.1693 0.3500 0.9213
vn 0.1119 0.2494 0.9619
vn 0.0873 0.1921 0.9775
vn -0.5815 -0.6434 -0.4978
vn -0.6038 -0.6873 -0.4037
vn -0.5740 -0.6556 -0.4907
vn -0.5673 -0.6549 -0.4993
vn -0.6516 -0.5810 -0.4877
vn -0.6310 -0.5817 -0.5134
vn -0.7040 -0.6567 -0.2705
vn -0.6677 -0.6650 -0.3347
vn -0.6636 -0.5802 -0.4722
vn -0.6658 -0.5601 -0.4929
vn -0.7646 -0.4368 -0.4740
vn -0.7125 -0.4746 -0.5167
vn -0.6137 -0.6790 -0.4030
vn -0.5535 -0.7130 -0.4305
vn -0.5709 -0.7466 -0.3415
vn -0.6554 -0.7132 -0.2486
vn -0.6467 -0.6556 -0.3899
vn -0.6938 -0.6934 -0.1945
vn -0.6829 -0.7302 -0.0211
vn -0.5268 -0.7984 -0.2917
vn -0.6789 -0.7274 -0.1000
vn -0.4467 -0.8555 -0.2617
vn -0.3412 -0.7205 -0.6037
vn -0.4712 -0.7276 -0.4986
vn -0.5790 -0.6389 -0.5066
vn -0.5570 -0.5894 -0.5851
vn -0.7166 -0.6740 -0.1796
vn -0.6655 -0.6263 -0.4061
vn -0.6878 -0.6264 -0.3669
vn -0.5830 -0.5407 -0.6064
vn -0.3319 -0.8266 -0.4545
vn -0.0276 -0.7385 -0.6737
vn -0.5352 -0.6528 -0.5361
vn -0.2626 -0.5674 -0.7804
vn 0.1349 0.0980 0.9860
vn 0.2941 0.3118 0.9035
vn 0.4502 0.3989 0.7989
vn 0.3499 0.0437 0.9358
vn 0.5878 0.4241 0.6890
vn 0.5122 0.3624 0.7787
vn 0.5157 0.1430 0.8447
vn 0.5057 0.0789 0.8591
vn 0.3142 -0.1931 0.9295
vn 0.3147 -0.2378 0.9189
vn 0.2909 -0.2172 0.9318
vn 0.3929 -0.2031 0.8969
vn 0.2615 -0.1223 0.9574
vn 0.5178 -0.0052 0.8555
vn 0.7521 -0.1307 -0.6459
vn 0.3877 -0.6465 -0.6570
vn 0.1620 -0.5686 -0.8065
vn 0.5785 -0.0732 -0.8124
vn 0.8776 -0.2416 -0.4142
vn 0.6254 -0.6970 -0.3509
vn 0.3241 -0.9190 -0.2246
vn 0.0488 -0.9318 -0.3596
vn -0.1977 -0.8609 -0.4687
vn 0.5936 -0.0225 0.8044
vn 0.1524 -0.5923 0.7912
vn 0.4462 -0.5728 0.6876
vn 0.8597 0.2713 0.4328
vn 0.7931 0.4257 0.4356
vn 0.7858 -0.1233 0.6061
vn 0.4651 0.0001 0.8852
vn 0.7773 0.4386 0.4510
vn 0.0335 -0.5686 0.8219
vn -0.3003 -0.9382 0.1718
vn -0.0769 -0.9541 0.2893
vn -0.0170 -0.8390 0.5438
vn -0.1540 -0.8356 0.5273
vn 0.3558 -0.9049 0.2335
vn 0.4087 -0.7955 0.4474
vn 0.9071 -0.3929 0.1512
vn 0.8937 -0.2530 0.3705
vn 0.9520 0.2960 0.0778
vn 0.9207 0.3310 0.2068
vn 0.3251 -0.9457 -0.0035
vn -0.0813 -0.9962 -0.0320
vn -0.3405 -0.9333 -0.1144
vn 0.7960 -0.6019 -0.0640
vn 0.9891 0.0671 -0.1310
vn 0.8208 0.3608 -0.4429
vn 0.9023 0.3168 -0.2923
vn 0.8626 0.5029 0.0554
vn 0.8580 0.5132 0.0210
vn 0.8218 0.5392 0.1840
vn 0.8022 0.5631 0.1987
vn -0.0821 0.4498 0.8893
vn -0.0534 0.4544 0.8892
vn 0.1701 0.4782 0.8616
vn 0.1550 0.5060 0.8485
vn 0.3716 0.5095 0.7761
vn 0.0776 0.5122 0.8553
vn 0.7378 0.4462 0.5065
vn 0.5487 0.4881 0.6787
vn 0.4901 0.5334 0.6894
vn -0.3108 0.3902 0.8667
vn -0.2837 0.3933 0.8746
vn -0.5948 0.2509 0.7637
vn -0.6166 0.2650 0.7413
vn -0.5851 0.3229 0.7439
vn -0.1983 0.4707 0.8597
vn 0.0149 0.3564 0.9342
vn -0.0776 0.5255 0.8472
vn 0.2080 0.5763 0.7903
vn 0.2251 0.3077 0.9245
vn 0.5290 0.5480 0.6480
vn 0.3152 0.1839 0.9310
vn -0.2123 0.3104 0.9266
vn -0.3146 0.4638 0.8282
vn -0.6510 0.3201 0.6883
vn -0.6377 0.1874 0.7471
vn 0.4214 -0.1301 0.8975
vn 0.3030 -0.2396 0.9224
vn 0.2010 -0.3100 0.9292
vn 0.5004 -0.1954 0.8435
vn 0.4266 0.1693 0.8885
vn -0.9049 -0.0454 0.4232
vn -0.3943 -0.2728 0.8775
vn -0.7714 -0.5565 0.3086
vn -0.7285 -0.4546 0.5125
vn -0.1306 -0.7072 0.6949
vn -0.7778 -0.6284 -0.0117
vn -0.3376 -0.7795 0.5276
vn 0.8085 0.0984 0.5802
vn 0.6893 -0.1377 0.7113
vn 0.6822 0.1900 0.7061
vn 0.5943 0.0641 0.8017
vn -0.1743 -0.6757 0.7163
vn -0.0567 -0.6491 0.7586
vn 0.2316 -0.2183 0.9480
vn 0.1181 -0.3514 0.9287
vn 0.0322 -0.3583 0.9330
vn 0.2426 -0.5402 0.8058
vn 0.0368 -0.7142 0.6990
vn -0.0101 -0.2384 0.9711
vn 0.2226 0.0862 0.9711
vn 0.3680 0.1250 0.9214
vn 0.3862 -0.0118 0.9223
vn 0.1631 0.1187 0.9794
vn 0.0775 -0.7578 0.6479
vn 0.2004 -0.5215 0.8294
vn 0.0557 -0.6814 0.7298
vn 0.4216 -0.3024 0.8549
vn -0.0768 -0.1741 0.9817
vn -0.9252 0.1311 0.3561
vn -0.8892 0.1773 0.4217
vn -0.9570 0.0121 0.2897
vn -0.9466 0.1354 0.2927
vn -0.7127 -0.3714 -0.5951
vn -0.6133 -0.5064 -0.6061
vn -0.3828 -0.6254 -0.6799
vn -0.4663 -0.5397 -0.7009
vn -0.8532 -0.4995 -0.1501
vn -0.7485 -0.6437 -0.1596
vn -0.7913 -0.3186 -0.5219
vn -0.9521 -0.0044 -0.3057
vn -0.6732 -0.5000 -0.5448
vn -0.9149 -0.3141 -0.2537
vn -0.9996 0.0229 -0.0182
vn -0.6892 -0.7047 0.1686
vn -0.9957 -0.0014 0.0921
vn -0.1279 -0.5937 -0.7944
vn -0.3286 -0.5603 -0.7603
vn -0.0111 -0.5908 -0.8067
vn 0.0820 -0.5395 -0.8380
vn -0.9389 0.0028 0.3442
vn -0.8746 0.1531 0.4601
vn -0.8606 0.0722 0.5042
vn -0.9490 -0.0946 0.3008
vn -0.8817 -0.4201 -0.2146
vn -0.9687 -0.1739 0.1769
vn -0.9544 -0.2898 0.0714
vn -0.8182 -0.5077 -0.2698
vn -0.5447 -0.6058 -0.5799
vn -0.6190 -0.5601 -0.5505
vn -0.9618 -0.1379 0.2364
vn -0.8558 0.0520 0.5147
vn -0.8694 0.1100 0.4818
vn -0.9807 -0.1187 0.1554
vn -0.3045 -0.5368 -0.7869
vn -0.4656 -0.5261 -0.7116
vn -0.4749 -0.5746 -0.6665
vn -0.2081 -0.5765 -0.7902
vn -0.7975 -0.4772 -0.3691
vn -0.8014 -0.4320 -0.4137
vn -0.9372 -0.3361 -0.0932
vn -0.9409 -0.3064 -0.1444
vn -0.9858 -0.0799 0.1476
vn -0.8492 0.2021 0.4879
vn -0.9946 -0.0550 0.0875
vn -0.8625 0.2364 0.4474
vn -0.4986 0.4670 0.7302
vn -0.5256 0.4305 0.7338
vn -0.3948 -0.4185 -0.8179
vn -0.6960 -0.3973 -0.5981
vn -0.5238 -0.4883 -0.6980
vn -0.3205 -0.4955 -0.8073
vn -0.8400 -0.3911 -0.3762
vn -0.8969 -0.3348 -0.2889
vn -0.9607 -0.2480 -0.1245
vn -0.9566 -0.2665 -0.1180
vn -0.8199 0.0610 0.5692
vn -0.5569 0.2567 0.7899
vn -0.6197 0.2454 0.7455
vn -0.8087 0.0792 0.5828
vn -0.3169 0.4231 0.8488
vn -0.2171 0.4038 0.8887
vn -0.3029 0.3335 0.8927
vn -0.6351 0.1350 0.7605
vn -0.8531 -0.0260 0.5211
vn -0.9094 -0.3725 -0.1849
vn -0.9589 -0.1446 0.2440
vn -0.9591 -0.1836 0.2154
vn -0.9058 -0.3809 -0.1857
vn -0.8893 -0.4165 -0.1889
vn -0.9549 -0.1962 0.2231
vn -0.3437 -0.5542 -0.7581
vn -0.5635 -0.5616 -0.6059
vn -0.5657 -0.5115 -0.6468
vn -0.3618 -0.5259 -0.7698
vn -0.5914 -0.4953 -0.6364
vn -0.4453 -0.5299 -0.7217
vn 0.0941 0.9726 0.2124
vn 0.0920 0.9876 0.1271
vn 0.1453 0.9705 0.1924
vn 0.1219 0.9666 0.2255
vn 0.3411 0.6867 0.6419
vn 0.2567 0.7931 0.5523
vn 0.3314 -0.5340 0.7778
vn 0.4027 0.0355 0.9146
vn 0.2722 -0.4556 0.8475
vn 0.3603 0.2816 0.8893
vn 0.3119 -0.6455 0.6972
vn 0.3616 -0.2819 0.8887
vn 0.2418 -0.2336 0.9418
vn 0.2121 -0.5595 0.8012
vn 0.4739 0.6810 0.5583
vn 0.4472 0.6668 0.5962
vn 0.4601 0.7376 0.4942
vn 0.4194 0.8399 0.3445
vn 0.4945 0.6901 0.5284
vn 0.4349 0.7109 0.5528
vn 0.3884 0.7553 0.5280
vn 0.3790 0.7244 0.5758
vn 0.8376 -0.4132 -0.3572
vn 0.7570 -0.6402 -0.1310
vn 0.3592 -0.6397 -0.6795
vn 0.4753 -0.7264 -0.4964
vn -0.1479 -0.0139 -0.9889
vn -0.0289 0.3883 -0.9211
vn -0.0181 -0.0055 -0.9998
vn 0.2458 0.2693 -0.9312
vn 0.2838 -0.1574 -0.9459
vn 0.4486 -0.3550 -0.8202
vn 0.8414 -0.0558 -0.5375
vn 0.7426 0.0983 -0.6625
vn 0.2849 0.1527 -0.9463
vn 0.4767 0.3334 -0.8134
vn -0.0067 -0.0201 -0.9998
vn 0.4637 0.1360 -0.8755
vn 0.8175 0.1351 -0.5598
vn 0.7426 0.3088 -0.5943
vn 0.3929 -0.0425 -0.9186
vn 0.3599 -0.2558 -0.8972
vn -0.1603 -0.3117 -0.9366
vn -0.2344 -0.4889 -0.8403
vn -0.0507 0.0872 -0.9949
vn 0.2097 -0.0598 -0.9759
vn 0.0076 -0.9975 -0.0700
vn 0.4104 -0.9027 0.1291
vn 0.3929 -0.8888 -0.2361
vn -0.0757 -0.9853 -0.1534
vn 0.0414 -0.5391 0.8412
vn 0.3756 0.0335 0.9262
vn 0.3389 0.1191 0.9332
vn 0.2129 -0.4133 0.8854
vn 0.7325 0.4705 0.4920
vn 0.6536 0.5392 0.5310
vn -0.0689 -0.8888 0.4530
vn -0.2029 -0.9792 0.0006
vn 0.2400 -0.9042 0.3533
vn 0.0691 -0.9764 -0.2045
vn 0.4567 -0.3334 -0.8248
vn 0.9363 0.0537 -0.3471
vn 0.8239 0.2666 -0.5002
vn 0.4721 -0.0709 -0.8787
vn 0.8721 0.4892 0.0117
vn 0.8453 0.5131 0.1489
vn 0.7732 0.5992 0.2076
vn 0.7197 0.6530 0.2360
vn 0.7475 0.2797 0.6025
vn 0.8350 0.2310 0.4994
vn 0.8482 -0.1732 0.5005
vn 0.7341 -0.0313 0.6784
vn 0.7443 -0.6034 0.2863
vn 0.8366 -0.5052 0.2118
vn -0.3391 -0.4440 -0.8294
vn -0.4567 -0.3578 -0.8145
vn -0.3866 -0.5053 -0.7715
vn -0.3922 -0.6023 -0.6953
vn -0.3528 -0.5885 -0.7274
vn -0.5480 -0.4828 -0.6831
vn -0.4385 -0.6723 -0.5965
vn -0.6287 -0.5838 -0.5138
vn -0.3573 -0.6639 -0.6569
vn 0.6279 0.5536 0.5470
vn 0.5533 0.5960 0.5819
vn 0.6129 0.5094 0.6040
vn 0.6525 0.4908 0.5774
vn 0.4680 0.5460 0.6949
vn 0.3121 0.6823 0.6611
vn 0.5214 0.4505 0.7247
vn 0.6407 0.4436 0.6267
vn 0.6953 0.4275 0.5778
vn -0.2915 -0.6846 -0.6681
vn -0.3456 -0.6874 -0.6388
vn -0.3969 -0.5735 -0.7167
vn -0.3325 -0.5628 -0.7568
vn -0.1835 -0.6658 -0.7232
vn -0.2347 -0.5387 -0.8092
vn 0.8529 0.3731 -0.3652
vn 0.6508 0.0168 -0.7591
vn 0.6880 0.0255 -0.7253
vn 0.8203 0.1253 -0.5581
vn 0.8192 0.4071 -0.4040
vn 0.6280 0.0147 -0.7781
vn 0.4379 -0.1909 -0.8785
vn 0.5020 -0.1540 -0.8510
vn 0.6009 -0.0648 -0.7967
vn 0.5495 0.1006 -0.8294
vn 0.2590 -0.1438 -0.9551
vn 0.7050 0.2889 -0.6477
vn 0.6809 0.7274 -0.0852
vn 0.3299 0.8326 0.4448
vn 0.6143 0.7231 0.3158
vn 0.4048 0.7022 0.5857
vn 0.7149 0.6107 0.3405
vn 0.9403 0.3373 -0.0453
vn 0.4520 0.5189 0.7256
vn 0.4733 0.5622 0.6782
vn 0.1356 0.8763 0.4623
vn 0.2830 0.8645 0.4153
vn 0.1842 0.9349 0.3033
vn 0.1152 0.9317 0.3445
vn 0.3292 0.8779 0.3477
vn 0.4178 0.8005 0.4297
vn 0.4109 0.7541 0.5124
vn 0.5452 0.6727 0.5003
vn 0.1788 0.7986 0.5747
vn -0.0528 -0.6411 -0.7656
vn 0.3161 -0.4685 -0.8250
vn 0.1900 -0.6072 -0.7715
vn 0.5654 -0.3633 -0.7405
vn 0.8169 -0.0906 -0.5696
vn 0.4638 0.7224 0.5129
vn 0.4519 0.7008 0.5519
vn 0.4827 0.6601 0.5755
vn 0.5240 0.6971 0.4893
vn 0.4101 0.6143 0.6741
vn 0.4599 0.6205 0.6352
vn 0.4466 0.7255 0.5237
vn 0.3802 0.7170 0.5843
vn 0.5025 0.7309 0.4619
vn 0.8566 -0.0510 -0.5135
vn 0.8980 0.0403 -0.4382
vn 0.5168 -0.4007 -0.7566
vn 0.5051 -0.2845 -0.8148
vn 0.7377 0.1624 -0.6553
vn 0.8457 0.2168 -0.4876
vn 0.3508 -0.0257 -0.9361
vn 0.1112 -0.0743 -0.9910
vn 0.8282 0.1109 -0.5494
vn 0.3743 -0.1602 -0.9134
vn 0.8917 0.3664 0.2656
vn 0.4105 0.2861 0.8658
vn 0.5693 0.3303 0.7528
vn 0.5457 0.4583 0.7016
vn 0.3845 0.4832 0.7865
vn -0.4660 -0.5892 -0.6601
vn -0.5082 -0.5321 -0.6772
vn -0.4993 -0.7336 -0.4610
vn -0.4585 -0.6958 -0.5529
vn -0.4229 -0.8216 -0.3823
vn -0.4398 -0.6347 -0.6354
vn 0.8283 0.4145 0.3769
vn 0.8532 0.0401 0.5200
vn 0.6615 0.1606 0.7326
vn 0.5433 0.5269 0.6536
vn 0.7100 0.6855 0.1616
vn 0.3705 0.7930 0.4836
vn 0.0907 -0.6730 -0.7340
vn 0.1529 -0.6721 -0.7245
vn 0.0195 -0.5142 -0.8574
vn 0.0830 -0.4784 -0.8742
vn -0.0065 -0.1447 -0.9895
vn -0.0787 -0.2690 -0.9599
vn 0.2324 0.2048 0.9508
vn 0.3987 0.3012 0.8662
vn 0.4694 0.3261 0.8206
vn 0.3278 0.1991 0.9235
vn 0.3703 0.1911 0.9090
vn 0.2603 0.0292 0.9651
vn -0.1981 -0.3880 -0.9001
vn -0.2526 -0.3970 -0.8824
vn -0.2980 -0.4410 -0.8466
vn -0.2196 -0.4893 -0.8440
vn -0.2496 -0.4747 -0.8440
vn -0.3467 -0.3562 -0.8677
vn -0.2144 -0.6166 -0.7575
vn -0.2998 -0.5068 -0.8082
vn -0.2006 -0.6156 -0.7621
vn -0.2792 -0.7870 -0.5502
vn 0.0316 -0.4701 -0.8820
vn -0.0055 -0.4956 -0.8685
vn -0.1620 -0.7695 -0.6178
vn -0.3104 -0.9274 -0.2086
vn -0.1097 -0.9279 -0.3564
vn 0.5706 0.6846 0.4535
vn 0.5127 0.7832 0.3518
vn 0.5423 0.7808 0.3103
vn 0.6613 0.7104 0.2409
vn 0.5528 0.7964 0.2452
vn 0.5180 0.7826 0.3452
vn 0.4711 0.6979 0.5395
vn 0.4854 0.7698 0.4145
vn 0.6401 0.7156 0.2796
vn 0.2618 0.5365 0.8023
vn 0.2623 0.4702 0.8427
vn 0.2721 0.4660 0.8419
vn 0.2626 -0.0315 0.9644
vn 0.2568 0.0456 0.9654
vn 0.2945 0.1734 0.9398
vn 0.2516 0.0199 0.9676
vn 0.2839 0.2849 0.9155
vn 0.2848 0.1961 0.9383
vn 0.3476 0.2630 0.9000
vn 0.2530 0.2096 0.9445
vn 0.1853 0.0917 0.9784
vn 0.4038 0.3286 0.8538
vn 0.4036 0.2810 0.8707
vn 0.2441 0.3300 0.9119
vn 0.3163 0.4252 0.8480
vn 0.3293 0.3000 0.8953
vn 0.4368 0.4216 0.7946
vn 0.8862 0.4422 -0.1380
vn 0.8229 0.5280 -0.2098
vn 0.6349 0.7054 0.3152
vn 0.6369 0.6839 0.3558
vn 0.6490 0.6391 0.4128
vn 0.9292 0.3666 -0.0460
vn -0.3924 -0.6785 -0.6210
vn -0.4362 -0.6556 -0.6164
vn -0.4381 -0.6681 -0.6014
vn -0.4095 -0.6391 -0.6510
vn -0.4441 -0.6489 -0.6178
vn -0.3865 -0.7225 -0.5732
vn -0.3140 -0.1645 -0.9351
vn -0.4263 -0.4395 -0.7906
vn -0.4175 -0.5894 -0.6916
vn -0.3512 -0.2217 -0.9097
vn -0.4282 -0.5193 -0.7396
vn -0.3549 -0.1846 -0.9165
vn 0.8941 -0.3802 0.2366
vn 0.5681 -0.5575 -0.6054
vn 0.3510 -0.7284 -0.5885
vn 0.5589 0.0789 0.8255
vn 0.7871 -0.5697 0.2365
vn 0.5281 -0.0277 0.8488
vn 0.6565 0.3248 0.6808
vn 0.9326 -0.0715 0.3537
vn 0.5588 -0.6428 -0.5240
vn 0.8714 -0.3973 0.2879
vn 0.6274 -0.0110 0.7786
vn 0.4789 -0.7926 -0.3774
vn 0.2668 0.2324 0.9353
vn 0.2985 0.1558 0.9416
vn 0.3949 0.6949 0.6010
vn 0.4107 0.6708 0.6176
vn 0.3039 0.1152 0.9457
vn 0.4097 0.8558 0.3158
vn 0.3801 0.9002 0.2125
vn -0.2958 0.0110 -0.9552
vn -0.1920 0.3518 -0.9162
vn -0.4121 -0.0901 -0.9067
vn -0.4048 -0.2648 -0.8752
vn -0.3077 -0.0683 -0.9490
vn -0.0971 0.4404 -0.8925
vn -0.1870 0.2742 -0.9433
vn -0.1474 0.3446 -0.9271
vn -0.2445 0.0346 -0.9690
vn 0.8081 0.2787 0.5190
vn 0.9598 -0.2802 -0.0163
vn 0.9109 -0.3996 0.1027
vn 0.7870 0.4292 0.4433
vn 0.3560 -0.7196 -0.5961
vn 0.2342 -0.8487 -0.4743
vn 0.5262 -0.5825 -0.6195
vn 0.9854 -0.1186 -0.1225
vn 0.8721 0.4348 0.2244
vn 0.5433 0.5397 0.6431
vn 0.4543 0.5606 0.6924
vn 0.5963 0.6174 0.5131
vn 0.4991 0.7215 0.4799
vn 0.4247 0.6395 0.6408
vn 0.4161 0.8266 0.3790
vn 0.4766 0.7892 0.3873
vn 0.4213 0.7426 0.5205
vn 0.6155 0.6740 0.4085
vn 0.3036 -0.8857 0.3512
vn 0.2052 -0.4550 0.8665
vn 0.2112 -0.0653 0.9753
vn 0.4155 -0.6487 0.6376
vn 0.0431 -0.9710 -0.2352
vn 0.2251 -0.9475 -0.2271
vn -0.4244 -0.4856 -0.7642
vn -0.4387 -0.4884 -0.7544
vn -0.5304 -0.5885 -0.6102
vn -0.5194 -0.5801 -0.6274
vn -0.5117 -0.4841 -0.7098
vn -0.3954 -0.4389 -0.8069
vn 0.7545 0.5056 0.4184
vn 0.7268 0.5926 0.3473
vn 0.8419 0.5154 0.1601
vn 0.8836 0.4232 0.2003
vn 0.8419 0.5136 0.1654
vn 0.7209 0.5798 0.3797
vn 0.7739 0.5408 0.3295
vn 0.7809 0.5497 0.2967
vn 0.8803 0.4248 0.2114
vn 0.2062 0.6020 0.7714
vn 0.2554 0.5539 0.7924
vn 0.2447 0.5230 0.8164
vn 0.0912 0.8933 0.4402
vn 0.0627 0.9371 0.3434
vn 0.0756 0.9490 0.3061
vn 0.1544 0.8785 0.4521
vn 0.1978 0.8472 0.4930
vn 0.3418 0.7103 0.6153
vn 0.3116 -0.4076 0.8584
vn 0.2433 -0.1721 0.9546
vn 0.4848 -0.0233 0.8743
vn 0.5701 -0.1468 0.8084
vn 0.6096 0.0627 0.7902
vn 0.4625 -0.0977 0.8812
vn 0.3571 0.5772 0.7344
vn 0.4315 0.5745 0.6955
vn 0.4325 0.6428 0.6323
vn 0.2965 0.6709 0.6797
vn 0.3892 0.7335 0.5573
vn 0.2987 0.7398 0.6029
vn 0.4072 0.8648 0.2937
vn 0.4180 0.8467 0.3291
vn 0.3818 0.8969 0.2232
vn 0.4192 0.8828 0.2119
vn 0.3869 0.7469 0.5408
vn 0.4705 0.6712 0.5728
vn -0.3093 -0.4354 -0.8454
vn -0.1981 -0.6146 -0.7635
vn -0.0312 -0.5273 -0.8491
vn -0.1935 -0.3530 -0.9154
vn 0.0050 -0.6864 -0.7272
vn -0.0814 -0.7968 -0.5987
vn -0.3584 -0.0104 -0.9335
vn -0.3677 -0.0265 -0.9296
vn -0.3560 0.0701 -0.9319
vn -0.3945 -0.0884 -0.9146
vn -0.3349 -0.1561 -0.9292
vn -0.3900 -0.3053 -0.8687
vn -0.3029 -0.7020 -0.6445
vn -0.3364 -0.6319 -0.6982
vn -0.0438 -0.6189 -0.7843
vn -0.0682 -0.6921 -0.7185
vn -0.1639 -0.4995 -0.8507
vn -0.3950 -0.5233 -0.7550
vn 0.0846 0.0022 0.9964
vn 0.2532 0.2696 0.9291
vn 0.1623 0.3362 0.9277
vn -0.0406 0.1295 0.9907
vn 0.5567 0.6236 0.5488
vn 0.4793 0.6999 0.5296
vn 0.5865 0.3515 0.7297
vn 0.4199 0.4860 0.7665
vn 0.4109 0.2935 0.8631
vn 0.5255 0.1457 0.8382
vn 0.6145 0.6244 0.4821
vn 0.3448 0.5460 0.7636
vn 0.4167 0.4610 0.7835
vn 0.4384 0.7280 0.5271
vn 0.4780 0.6622 0.5770
vn 0.5216 0.6702 0.5279
vn 0.6215 0.5847 0.5215
vn 0.0560 0.4756 0.8779
vn 0.3256 0.4654 0.8231
vn 0.1937 0.5876 0.7856
vn 0.0273 0.5720 0.8198
vn 0.0809 0.6961 0.7134
vn 0.1458 0.6935 0.7055
vn 0.1571 0.8759 0.4562
vn 0.1832 0.8978 0.4004
vn 0.0755 0.8740 0.4800
vn 0.1245 0.8342 0.5373
vn 0.1615 0.8979 0.4096
vn 0.2428 0.8214 0.5160
vn 0.4170 0.6270 0.6580
vn 0.0964 0.8862 0.4532
vn 0.1170 0.8234 0.5553
vn 0.5750 0.2719 0.7716
vn 0.5330 0.3709 0.7605
vn 0.6542 -0.0194 0.7561
vn 0.6797 -0.1348 0.7210
vn 0.6794 -0.0183 0.7335
vn 0.4014 0.5162 0.7566
vn 0.6847 0.2469 0.6857
vn 0.4402 0.2613 0.8590
vn 0.4676 0.2523 0.8472
vn 0.7279 0.2836 0.6243
vn 0.1836 0.1409 0.9728
vn 0.1656 0.2177 0.9619
vn 0.2778 0.2556 0.9260
vn 0.3935 0.4269 0.8142
vn 0.4001 0.4316 0.8085
vn 0.3021 0.2471 0.9207
vn 0.3726 0.5975 0.7100
vn 0.3808 0.6859 0.6201
vn 0.4737 0.7004 0.5339
vn 0.3710 0.4613 0.8060
vn 0.3083 0.2516 0.9174
vn 0.4471 0.7193 0.5317
vn 0.4566 0.7215 0.5205
vn 0.4302 0.7400 0.5170
vn 0.4353 0.7109 0.5524
vn 0.4698 0.8328 0.2929
vn 0.5522 0.8119 0.1894
vn 0.4329 0.7470 0.5045
vn 0.4249 0.7482 0.5095
vn 0.0043 -0.5518 -0.8340
vn -0.1047 -0.4417 -0.8910
vn -0.1717 -0.4895 -0.8549
vn -0.0507 -0.6352 -0.7707
vn -0.2665 -0.2259 -0.9370
vn -0.2417 -0.1546 -0.9580
vn -0.2159 -0.2192 -0.9515
vn -0.3229 -0.2610 -0.9097
vn -0.1924 -0.6526 -0.7329
vn -0.0601 -0.6240 -0.7791
vn -0.0014 -0.1323 -0.9912
vn -0.0899 -0.1170 -0.9891
vn 0.0981 -0.5282 -0.8434
vn 0.0319 -0.3352 -0.9416
vn 0.2022 -0.4027 -0.8927
vn 0.0254 -0.8331 -0.5525
vn -0.0487 -0.8875 -0.4582
vn -0.0987 -0.8607 -0.4994
vn -0.2249 -0.6329 -0.7408
vn -0.2732 -0.4654 -0.8419
vn 0.0629 -0.7322 -0.6782
vn -0.2638 -0.6462 -0.7161
vn -0.3293 -0.4917 -0.8061
vn -0.3802 -0.5306 -0.7576
vn -0.4037 -0.5967 -0.6935
vn -0.3583 -0.4315 -0.8279
vn -0.2545 0.0459 -0.9660
vn -0.1413 0.2274 -0.9635
vn -0.3929 -0.3706 -0.8416
vn -0.3086 -0.5594 -0.7693
vn -0.4317 -0.2250 -0.8735
vn -0.3749 -0.3939 -0.8392
vn -0.4128 -0.3782 -0.8286
vn -0.4724 -0.2203 -0.8534
vn -0.3859 -0.5361 -0.7508
vn -0.4069 -0.6283 -0.6630
vn -0.4127 -0.6900 -0.5946
vn -0.1674 -0.3549 -0.9198
vn -0.2551 -0.2073 -0.9444
vn -0.4310 -0.6790 -0.5943
vn -0.2666 -0.8704 -0.4140
vn -0.3450 -0.7467 -0.5687
vn -0.3191 -0.7050 -0.6334
vn -0.0842 -0.8345 -0.5445
vn -0.2841 -0.5161 -0.8081
vn -0.2089 -0.4979 -0.8417
vn 0.0556 -0.5777 -0.8143
vn -0.2365 -0.5011 -0.8324
vn 0.0079 -0.7469 -0.6649
vn 0.0510 -0.9054 -0.4216
vn 0.1321 -0.8064 -0.5765
vn 0.1786 -0.6388 -0.7484
vn -0.1117 -0.9680 -0.2245
vn -0.2974 -0.8686 -0.3963
vn -0.4054 -0.6318 -0.6606
vn -0.3719 -0.5864 -0.7196
vn -0.3660 -0.4528 -0.8131
vn -0.4618 -0.6196 -0.6347
vn -0.2414 -0.4816 -0.8425
vn -0.1366 -0.1446 -0.9800
vn 0.0054 -0.0799 -0.9968
vn -0.1156 -0.3580 -0.9266
vn -0.1547 -0.5649 -0.8105
vn -0.2373 -0.4419 -0.8651
vn 0.0087 -0.5378 -0.8430
vn -0.0668 -0.4907 -0.8688
vn -0.1194 -0.7022 -0.7019
vn -0.0387 -0.6941 -0.7188
vn -0.1038 -0.7045 -0.7021
vn -0.3966 -0.6196 -0.6773
vn -0.2456 -0.7122 -0.6576
vn -0.3042 -0.7172 -0.6270
vn -0.4733 -0.6465 -0.5983
vn -0.5333 -0.6526 -0.5383
vn -0.3868 -0.7112 -0.5870
vn -0.4370 -0.6340 -0.6380
vn -0.4516 -0.5942 -0.6656
vn -0.0463 -0.8602 -0.5078
vn -0.0935 -0.8076 -0.5823
vn -0.4085 -0.6178 -0.6719
vn -0.1197 -0.8454 -0.5205
vn -0.4083 -0.5810 -0.7041
vn -0.5571 -0.6180 -0.5547
vn -0.6778 -0.5719 -0.4621
vn -0.4104 -0.5734 -0.7090
vn -0.8632 -0.5028 -0.0448
vn -0.8259 -0.5380 -0.1687
vn -0.9000 -0.3407 0.2718
vn -0.8745 -0.3187 0.3655
vn -0.7376 -0.0950 0.6686
vn -0.7125 -0.0795 0.6971
vn -0.4247 0.1606 0.8910
vn -0.4112 0.1317 0.9020
vn -0.0876 0.3031 0.9489
vn -0.1607 0.3222 0.9329
vn 0.3299 0.4452 0.8325
vn 0.3057 0.4860 0.8187
vn 0.7422 0.5115 0.4330
vn 0.7304 0.4633 0.5018
vn 0.9126 0.3883 0.1283
vn 0.9073 0.4142 0.0719
vn 0.9090 0.4091 0.0794
vn 0.9107 0.3835 0.1537
vn 0.2247 0.1710 0.9593
vn 0.0029 0.1440 0.9896
vn 0.1866 0.1565 0.9699
vn 0.2839 0.2215 0.9329
vn 0.0847 0.1524 0.9847
vn 0.2174 0.3510 0.9108
vn 0.5135 0.7140 0.4759
vn 0.0233 0.0475 0.9986
vn 0.1249 0.2139 0.9688
vn 0.5721 0.7997 0.1822
vn 0.5677 0.7944 0.2158
vn 0.5539 0.7613 0.3370
vn 0.5334 0.7179 0.4473
vn 0.5081 0.5906 0.6269
vn 0.5810 0.6830 0.4427
vn 0.6265 0.6900 0.3625
vn 0.5956 0.6172 0.5141
vn 0.6235 0.7226 0.2986
vn 0.6334 0.7371 0.2356
vn 0.1614 0.0894 0.9828
vn 0.3034 0.1360 0.9431
vn 0.0874 0.1292 0.9878
vn 0.1170 0.1262 0.9851
vn 0.2235 0.2930 0.9296
vn 0.3464 0.5103 0.7871
vn 0.4682 0.1092 0.8768
vn 0.3241 0.0810 0.9425
vn 0.2964 0.2639 0.9179
vn 0.2240 0.2705 0.9363
vn 0.3998 0.5137 0.7592
vn 0.5273 0.5880 0.6134
vn 0.3137 0.2353 0.9199
vn -0.2118 -0.7516 -0.6247
vn -0.3509 -0.6925 -0.6304
vn -0.2938 -0.5869 -0.7544
vn -0.1348 -0.6103 -0.7806
vn 0.1844 -0.4834 -0.8558
vn -0.0388 -0.4903 -0.8707
vn -0.4484 -0.5518 -0.7031
vn -0.3247 -0.4918 -0.8079
vn -0.4994 -0.6390 -0.5851
vn 0.2105 0.5469 0.8103
vn -0.0823 0.4588 0.8847
vn 0.3529 0.6965 0.6247
vn 0.1735 -0.5077 -0.8439
vn 0.3337 -0.3340 -0.8815
vn 0.4787 -0.1997 -0.8550
vn 0.2380 -0.3715 -0.8974
vn -0.0461 -0.4896 -0.8707
vn 0.0062 -0.6200 -0.7846
vn 0.0892 0.7631 0.6401
vn 0.2044 0.7674 0.6077
vn 0.2881 0.8063 0.5167
vn 0.5091 0.6696 0.5409
vn 0.4091 0.7003 0.5850
vn 0.3918 0.7609 0.5172
vn -0.2660 -0.7029 -0.6597
vn -0.4148 -0.6648 -0.6213
vn -0.0861 -0.6930 -0.7158
vn -0.4054 -0.2637 -0.8753
vn -0.3832 -0.2983 -0.8742
vn -0.3746 -0.2287 -0.8985
vn 0.5197 0.2351 0.8214
vn 0.3879 0.1448 0.9102
vn 0.2557 0.0950 0.9621
vn -0.4103 -0.4681 -0.7826
vn -0.3957 -0.2835 -0.8735
vn -0.2305 -0.2046 -0.9513
vn -0.3944 -0.9179 -0.0428
vn -0.5217 -0.8526 0.0296
vn -0.3053 -0.9127 -0.2717
vn -0.4314 -0.8593 -0.2747
vn -0.5704 0.8213 0.0084
vn -0.1550 0.9493 0.2734
vn -0.2087 0.8330 0.5123
vn -0.6497 0.7168 0.2530
vn -0.8483 -0.2742 -0.4530
vn -0.9479 0.2714 -0.1670
vn -0.8370 0.4121 -0.3601
vn -0.8396 -0.0773 -0.5376
vn -0.6663 0.4762 0.5739
vn -0.1908 0.6100 0.7691
vn -0.5636 0.1898 0.8040
vn -0.1555 0.3135 0.9368
vn -0.9719 -0.0513 0.2296
vn -0.8141 -0.5498 -0.1868
vn -0.6215 -0.7596 0.1915
vn -0.7191 -0.3141 0.6198
vn -0.2868 -0.7376 0.6113
vn -0.1860 -0.2197 0.9577
vn -0.4267 -0.8887 -0.1677
vn -0.2764 -0.9610 0.0088
vn -0.5457 -0.7566 -0.3602
vn -0.6293 -0.6232 -0.4644
vn -0.7149 -0.4727 -0.5152
vn 0.5391 0.4349 0.7213
vn 0.6708 0.4416 0.5958
vn 0.7521 0.4608 0.4712
vn 0.6332 0.4593 0.6230
vn 0.7382 0.4888 0.4649
vn 0.7126 0.4583 0.5312
vn 0.9068 0.3356 0.2550
vn 0.8798 0.3249 0.3470
vn 0.7745 0.4279 0.4660
vn 0.7748 0.4407 0.4534
vn 0.6361 0.4072 0.6554
vn 0.5704 0.4000 0.7174
vn 0.5473 0.3981 0.7362
vn 0.5855 0.4044 0.7026
vn 0.6956 0.4172 0.5849
vn 0.7413 0.4219 0.5220
vn 0.7066 0.3848 0.5938
vn 0.6397 0.4010 0.6558
vn 0.7592 0.3804 0.5281
vn 0.7710 0.3644 0.5223
vn 0.5249 0.4247 0.7377
vn 0.3397 0.4138 0.8446
vn 0.3705 0.5124 0.7747
vn 0.4527 0.5702 0.6856
vn 0.3563 0.5718 0.7390
vn 0.4551 0.5967 0.6609
vn 0.6954 0.5561 0.4552
vn 0.6469 0.6104 0.4571
vn 0.7049 0.5820 0.4055
vn 0.7164 0.5598 0.4163
vn 0.8368 0.4657 0.2879
vn 0.7543 0.5333 0.3829
vn 0.5351 0.6131 0.5812
vn 0.5319 0.6095 0.5879
vn 0.5772 0.6325 0.5165
vn 0.5940 0.6186 0.5143
vn 0.6708 0.5309 0.5178
vn 0.6167 0.4882 0.6175
vn 0.6783 0.5476 0.4899
vn 0.6105 0.6344 0.4741
vn 0.6645 0.5938 0.4537
vn 0.3181 0.3229 0.8914
vn 0.5085 0.3851 0.7701
vn 0.5315 0.3430 0.7745
vn 0.3933 0.1828 0.9010
vn 0.7510 0.5136 0.4151
vn 0.7823 0.4239 0.4565
vn 0.8329 0.4133 0.3681
vn 0.8249 0.4884 0.2846
vn 0.6728 0.5079 0.5379
vn 0.7079 0.4639 0.5326
vn 0.7370 0.4379 0.5149
vn 0.6829 0.5170 0.5161
vn 0.6515 0.4484 0.6119
vn 0.6602 0.4692 0.5865
vn 0.4132 0.0149 0.9105
vn 0.3995 0.1405 0.9059
vn 0.5581 0.3069 0.7709
vn 0.6571 0.1793 0.7322
vn 0.7158 0.4592 0.5261
vn 0.7089 0.4273 0.5612
vn 0.8679 -0.0221 0.4962
vn 0.8870 -0.0365 0.4603
vn 0.6756 -0.6616 0.3253
vn 0.4054 -0.6438 0.6490
vn -0.1352 -0.8901 -0.4353
vn 0.1074 -0.9231 -0.3693
vn 0.5493 -0.8285 0.1084
vn 0.5981 -0.8011 0.0238
vn 0.0211 -0.9344 -0.3557
vn -0.1763 -0.9416 -0.2868
vn -0.3600 -0.5442 -0.7578
vn -0.2809 -0.5826 -0.7627
vn -0.1162 -0.7922 -0.5991
vn -0.2614 -0.6612 -0.7032
vn -0.6437 -0.6428 -0.4153
vn -0.5123 -0.6883 -0.5137
vn -0.3161 -0.8215 -0.4746
vn -0.5429 -0.7222 -0.4285
vn -0.5035 -0.5958 -0.6257
vn -0.4107 -0.5778 -0.7053
vn -0.4482 -0.5537 -0.7018
vn -0.5458 -0.5577 -0.6253
vn -0.4839 -0.6160 -0.6216
vn -0.3489 -0.5975 -0.7220
vn -0.4288 -0.4985 -0.7534
vn -0.2883 -0.5137 -0.8081
vn -0.3872 -0.4076 -0.8270
vn -0.5382 -0.4129 -0.7347
vn -0.6532 -0.5437 -0.5270
vn -0.7167 -0.5545 -0.4229
vn -0.7138 -0.5131 -0.4767
vn -0.6999 -0.4777 -0.5310
vn -0.6375 -0.5402 -0.5494
vn -0.6488 -0.6022 -0.4652
vn -0.6190 -0.6195 -0.4828
vn -0.5852 -0.5398 -0.6051
vn -0.5461 -0.5488 -0.6330
vn -0.6228 -0.5626 -0.5437
vn -0.6610 -0.5305 -0.5307
vn -0.5058 -0.5106 -0.6953
vn -0.3768 -0.4542 -0.8073
vn -0.4019 -0.4383 -0.8040
vn -0.5510 -0.4992 -0.6687
vn -0.6287 -0.5464 -0.5533
vn -0.6547 -0.5800 -0.4848
vn -0.6706 -0.5390 -0.5097
vn -0.6446 -0.5335 -0.5476
vn -0.6741 -0.5368 -0.5074
vn -0.6341 -0.5820 -0.5091
vn -0.5781 -0.4239 -0.6972
vn -0.4624 -0.3882 -0.7972
vn -0.4483 -0.4070 -0.7959
vn -0.5564 -0.4614 -0.6910
vn -0.3788 -0.3486 -0.8573
vn -0.3826 -0.3747 -0.8445
vn -0.6544 -0.5038 -0.5638
vn -0.6783 -0.5193 -0.5198
vn -0.6972 -0.4677 -0.5433
vn -0.6734 -0.4455 -0.5900
vn -0.3888 -0.5293 -0.7541
vn -0.4812 -0.4866 -0.7292
vn -0.4558 -0.5064 -0.7320
vn -0.6219 -0.4514 -0.6399
vn -0.6195 -0.4683 -0.6300
vn -0.4262 -0.4622 -0.7777
vn -0.4114 -0.5032 -0.7600
vn -0.4903 -0.4933 -0.7185
vn -0.5290 -0.4757 -0.7027
vn -0.5014 -0.5084 -0.7001
vn -0.4996 -0.4383 -0.7472
vn -0.5478 -0.4438 -0.7092
vn -0.5874 -0.4336 -0.6834
vn -0.5565 -0.5537 -0.6194
vn -0.4944 -0.4568 -0.7395
vn -0.2340 -0.5366 -0.8107
vn -0.2291 -0.7938 -0.5634
vn -0.2401 -0.9412 -0.2375
vn -0.0795 -0.9877 0.1349
vn -0.2773 -0.4761 -0.8345
vn -0.1008 -0.9238 -0.3695
vn -0.2178 -0.4800 -0.8498
vn -0.0759 -0.6415 -0.7634
vn 0.3579 -0.3162 -0.8786
vn -0.0225 -0.5036 -0.8636
vn -0.1966 -0.7686 -0.6088
vn 0.0116 -0.9489 0.3154
vn 0.2033 0.4567 0.8661
vn 0.3537 0.4723 0.8074
vn 0.3860 0.4814 0.7869
vn 0.1912 0.4980 0.8458
vn 0.6255 0.4621 0.6287
vn 0.6454 0.4605 0.6095
vn -0.9003 -0.2164 -0.3777
vn -0.9547 -0.1398 -0.2627
vn -0.9019 -0.3164 -0.2940
vn -0.8196 -0.3338 -0.4657
vn -0.7748 -0.3387 -0.5338
vn -0.6993 -0.4881 -0.5222
vn -0.1106 -0.1659 -0.9799
vn 0.1092 -0.7214 -0.6838
vn 0.1854 -0.5633 -0.8052
vn -0.2890 -0.0176 -0.9572
vn -0.0599 0.0188 -0.9980
vn -0.2460 0.0948 -0.9646
vn 0.1866 -0.9611 -0.2036
vn -0.0310 -0.9124 -0.4081
vn 0.2342 -0.9075 -0.3486
vn 0.3923 -0.8877 -0.2411
vn 0.2943 0.7524 0.5893
vn 0.3436 0.6678 0.6603
vn 0.3454 0.6402 0.6862
vn 0.3219 0.8421 0.4327
vn 0.0087 -0.0544 -0.9985
vn -0.1678 -0.0531 -0.9844
vn -0.2066 -0.1710 -0.9634
vn -0.0186 -0.2311 -0.9728
vn -0.2595 -0.2450 -0.9341
vn -0.1406 -0.4222 -0.8955
vn -0.3542 -0.6101 -0.7088
vn -0.3350 -0.7557 -0.5628
vn -0.2486 -0.7446 -0.6195
vn -0.3086 -0.7587 -0.5737
vn 0.5416 0.6684 0.5097
vn 0.5033 0.8289 0.2440
vn 0.3534 0.9135 0.2017
vn 0.4503 0.7184 0.5302
vn 0.5431 0.6468 0.5354
vn 0.4840 0.6800 0.5508
vn 0.4961 0.0268 0.8678
vn 0.4558 -0.2605 0.8511
vn 0.3779 -0.2463 0.8925
vn 0.4896 0.0922 0.8671
vn 0.2953 -0.3687 0.8814
vn 0.4200 -0.3806 0.8239
vn -0.4989 -0.6178 -0.6078
vn -0.5798 -0.4884 -0.6521
vn -0.4389 -0.3706 -0.8186
vn -0.3710 -0.4128 -0.8318
vn -0.6503 0.0064 0.7596
vn -0.8417 -0.2098 0.4975
vn -0.3250 0.2281 0.9178
vn -0.2193 0.0287 0.9752
vn -0.5440 -0.2383 0.8045
vn -0.7667 -0.4446 0.4632
vn 0.2905 0.4413 0.8490
vn 0.3753 0.2712 0.8863
vn 0.7816 0.4288 0.4531
vn 0.8163 0.2485 0.5215
vn 0.9387 0.3074 0.1558
vn 0.9178 0.3182 0.2373
vn 0.9610 0.2099 0.1799
vn 0.9725 0.2303 0.0335
vn 0.8900 0.3878 0.2398
vn 0.9254 0.3408 0.1656
vn 0.8084 0.4496 0.3799
vn 0.8149 0.4233 0.3958
vn 0.7946 0.5961 0.1155
vn 0.7777 0.5980 0.1940
vn 0.7188 0.5785 0.3857
vn 0.7274 0.5870 0.3553
vn 0.6834 0.5493 0.4808
vn 0.6799 0.5785 0.4506
vn 0.4182 -0.1754 0.8913
vn 0.4823 0.0316 0.8754
vn 0.3836 0.0547 0.9219
vn 0.3490 -0.1119 0.9304
vn 0.4276 0.1399 0.8931
vn 0.5195 0.1589 0.8395
vn 0.4189 -0.1105 0.9013
vn 0.4242 0.0094 0.9055
vn 0.6227 0.4351 0.6503
vn 0.5940 0.4068 0.6940
vn 0.5893 0.4253 0.6869
vn 0.6338 0.4192 0.6501
vn 0.5525 0.4221 0.7188
vn 0.5464 0.3724 0.7502
vn 0.4314 0.3532 0.8301
vn 0.5088 0.4204 0.7512
vn 0.6124 0.3393 0.7140
vn 0.6273 0.4833 0.6107
vn 0.6288 0.4801 0.6117
vn 0.5861 0.3594 0.7261
vn 0.5809 0.2406 0.7776
vn 0.5066 0.2449 0.8267
vn 0.3706 0.4935 0.7869
vn 0.4738 0.4815 0.7373
vn 0.5094 0.4836 0.7117
vn 0.4225 0.5336 0.7326
vn -0.3997 -0.3366 -0.8526
vn -0.3615 -0.3961 -0.8441
vn -0.3360 -0.6597 -0.6722
vn -0.3479 -0.6484 -0.6771
vn -0.5235 -0.5197 -0.6752
vn -0.4298 -0.6327 -0.6442
vn -0.4954 -0.6030 -0.6253
vn -0.5684 -0.5020 -0.6518
vn -0.4645 -0.5490 -0.6949
vn -0.3736 -0.6533 -0.6585
vn -0.3718 -0.6486 -0.6641
vn -0.4116 -0.6389 -0.6499
vn -0.4007 0.1938 -0.8955
vn -0.4460 -0.3459 -0.8255
vn -0.4331 -0.3168 -0.8438
vn -0.2903 0.1743 -0.9409
vn -0.4305 -0.3686 -0.8239
vn -0.4469 -0.6023 -0.6614
vn -0.4522 0.1536 -0.8786
vn -0.4374 -0.5711 -0.6946
vn -0.3660 -0.6733 -0.6424
vn -0.5793 -0.4990 -0.6445
vn -0.5300 -0.5790 -0.6196
vn 0.5963 0.4604 0.6576
vn 0.6523 0.5029 0.5671
vn 0.6590 0.4815 0.5778
vn 0.6662 0.4334 0.6069
vn 0.6357 0.5468 0.5449
vn 0.6203 0.5295 0.5787
vn 0.4406 0.5608 0.7010
vn 0.4788 0.5348 0.6962
vn 0.6096 0.5281 0.5912
vn 0.5138 0.5144 0.6866
vn 0.5657 0.4986 0.6568
vn 0.4569 0.4771 0.7507
vn 0.3638 0.5104 0.7792
vn 0.3801 0.4791 0.7912
vn 0.4162 0.5665 0.7112
vn 0.4282 0.5364 0.7273
vn 0.4826 0.5471 0.6839
vn 0.4246 0.6096 0.6694
vn 0.4122 0.6278 0.6603
vn 0.3906 0.6839 0.6163
vn 0.5289 0.5909 0.6091
vn 0.3759 0.5433 0.7507
vn 0.3383 0.6704 0.6604
vn 0.3109 0.8618 0.4008
vn 0.4360 0.7634 0.4766
vn 0.1719 0.9039 0.3918
vn 0.1613 0.8791 0.4485
vn 0.3848 0.7185 0.5794
vn 0.0618 0.9278 0.3680
vn -0.1325 0.9689 0.2089
vn 0.5669 0.6258 0.5357
vn -0.3391 -0.7461 -0.5730
vn -0.3257 -0.7499 -0.5759
vn -0.3217 -0.7074 -0.6294
vn -0.3249 -0.7013 -0.6345
vn 0.2455 0.7911 0.5603
vn 0.3729 0.6753 0.6363
vn -0.3468 -0.6343 -0.6909
vn -0.3503 -0.6174 -0.7043
vn -0.4166 -0.5049 -0.7560
vn -0.3826 -0.5334 -0.7544
vn -0.4581 -0.6534 -0.6026
vn -0.4468 -0.5785 -0.6824
vn -0.4459 -0.5881 -0.6748
vn -0.4721 -0.6531 -0.5921
vn -0.4052 -0.4921 -0.7705
vn -0.4545 -0.4701 -0.7566
vn 0.5102 0.6683 0.5414
vn 0.5512 0.6201 0.5582
vn 0.5571 0.6137 0.5595
vn 0.5703 0.5625 0.5986
vn -0.4046 -0.5044 -0.7628
vn -0.4421 -0.5999 -0.6668
vn -0.4628 -0.6641 -0.5872
vn 0.5870 0.5607 0.5840
vn 0.5882 0.5427 0.5996
vn 0.6042 0.4949 0.6246
vn 0.5854 0.5108 0.6296
vn 0.5583 0.6383 0.5300
vn 0.5715 0.5674 0.5929
vn 0.5558 0.5675 0.6075
vn 0.5505 0.6440 0.5312
vn 0.5139 0.5162 0.6851
vn 0.5497 0.5169 0.6563
vn 0.4873 0.5082 0.7101
vn 0.5139 0.5792 0.6328
vn 0.4931 0.6677 0.5577
vn -0.4975 -0.3931 -0.7733
vn -0.4171 -0.4077 -0.8123
vn -0.4635 -0.3709 -0.8047
vn -0.3702 -0.3669 -0.8534
vn -0.4520 -0.4174 -0.7883
vn -0.3579 -0.4499 -0.8182
vn -0.3072 -0.4320 -0.8480
vn -0.3609 -0.4086 -0.8383
vn -0.3897 -0.4464 -0.8055
vn -0.3744 -0.4360 -0.8184
vn 0.5898 0.4730 0.6545
vn 0.5898 0.4601 0.6637
vn 0.5448 0.4911 0.6797
vn 0.5607 0.5193 0.6449
vn 0.5148 0.4430 0.7340
vn 0.5232 0.4564 0.7197
vn 0.5392 0.4693 0.6993
vn 0.4925 0.4814 0.7251
vn -0.2945 -0.7531 -0.5883
vn -0.2782 -0.4733 -0.8358
vn -0.0767 -0.5840 -0.8081
vn -0.0936 -0.8403 -0.5340
vn 0.4596 0.4596 0.7599
vn 0.4611 0.4814 0.7455
vn -0.3614 -0.4645 -0.8085
vn -0.3021 -0.7344 -0.6078
vn -0.4186 -0.6384 -0.6459
vn -0.2035 -0.8410 -0.5013
vn -0.6142 -0.7346 -0.2884
vn -0.3564 -0.8314 -0.4264
vn -0.4339 -0.8779 -0.2025
vn -0.6007 -0.7884 -0.1327
vn -0.5614 -0.7360 -0.3784
vn -0.5677 -0.7176 -0.4034
vn 0.4801 -0.0427 0.8762
vn 0.3819 -0.0262 0.9238
vn 0.3968 0.4831 0.7805
vn 0.4801 0.3977 0.7819
vn -0.6132 -0.7521 -0.2416
vn -0.6071 -0.7706 -0.1938
vn -0.5746 -0.6031 -0.5533
vn -0.3318 0.2399 -0.9124
vn -0.4686 0.2560 -0.8455
vn -0.5045 -0.2508 -0.8262
vn -0.2358 -0.3106 -0.9208
vn -0.5412 0.2005 -0.8167
vn -0.6002 -0.3006 -0.7412
vn 0.2826 0.8222 0.4941
vn 0.3710 0.8298 0.4169
vn -0.1517 0.1586 -0.9756
vn 0.0491 -0.4153 -0.9084
vn -0.4750 -0.5437 -0.6919
vn -0.3177 -0.9122 -0.2587
vn -0.4432 -0.8551 -0.2691
vn -0.2530 -0.8968 -0.3629
vn 0.1486 -0.8893 -0.4325
vn 0.0033 -0.9998 -0.0217
vn 0.3348 -0.9402 -0.0621
vn -0.4918 0.0357 -0.8700
vn -0.1896 -0.5827 -0.7902
vn -0.2163 -0.5131 -0.8306
vn -0.3011 -0.3763 -0.8762
vn -0.3066 -0.3915 -0.8676
vn -0.3507 -0.3514 -0.8680
vn -0.3510 -0.4488 -0.8218
vn 0.4128 -0.8402 -0.3517
vn 0.4211 -0.8816 -0.2134
vn -0.2845 -0.5964 -0.7506
vn -0.3430 -0.3905 -0.8543
vn -0.3950 -0.4164 -0.8189
vn -0.2942 -0.5682 -0.7685
vn -0.1029 -0.6793 -0.7266
vn 0.1108 -0.7989 -0.5912
vn 0.1348 -0.8994 -0.4159
vn -0.2861 -0.3519 -0.8912
vn -0.0868 -0.9320 -0.3518
vn 0.5077 0.1437 0.8494
vn 0.5210 0.3468 0.7800
vn 0.4980 0.2782 0.8213
vn 0.4816 0.1288 0.8669
vn 0.5168 0.4280 0.7414
vn 0.5414 0.4560 0.7064
vn -0.5966 -0.5995 -0.5336
vn -0.4315 -0.7562 -0.4920
vn -0.5662 -0.7851 -0.2510
vn -0.7461 -0.6183 -0.2472
vn -0.5754 -0.7371 -0.3544
vn -0.5069 -0.6975 -0.5065
vn -0.5985 -0.7064 -0.3780
vn -0.7832 -0.5694 -0.2498
vn 0.0280 -0.1080 -0.9938
vn -0.2499 -0.3744 -0.8930
vn -0.3876 -0.1797 -0.9041
vn -0.0659 -0.0787 -0.9947
vn -0.7528 -0.3670 -0.5464
vn -0.5969 -0.5216 -0.6097
vn -0.3438 -0.2864 -0.8943
vn -0.3024 -0.4678 -0.8305
vn -0.0820 -0.2114 -0.9740
vn -0.1184 -0.0731 -0.9903
vn -0.1610 -0.5394 -0.8265
vn 0.0403 -0.2363 -0.9708
vn -0.6665 -0.5861 -0.4607
vn -0.8590 -0.4356 -0.2690
vn -0.8379 -0.4850 -0.2506
vn 0.2370 0.2345 0.9428
vn 0.3022 0.0205 0.9530
vn 0.6306 0.4747 0.6140
vn 0.6769 0.3168 0.6644
vn 0.1696 0.0231 0.9852
vn 0.0557 0.1212 0.9911
vn 0.7966 0.5675 0.2084
vn 0.8415 0.5094 0.1799
vn 0.4543 0.3768 0.8072
vn 0.4699 0.3840 0.7948
vn 0.4890 0.4754 0.7314
vn 0.5055 0.4059 0.7614
vn 0.5250 0.5098 0.6815
vn 0.5668 0.3801 0.7309
vn 0.4638 0.3274 0.8232
vn 0.4296 0.2334 0.8723
vn 0.4617 0.4130 0.7850
vn 0.3926 0.2825 0.8753
vn 0.1749 -0.0222 0.9843
vn 0.3672 0.1423 0.9192
vn 0.3860 -0.0011 0.9225
vn 0.3308 -0.1632 0.9295
vn 0.5093 0.2127 0.8339
vn 0.4766 0.2655 0.8380
vn 0.4838 0.2969 0.8233
vn 0.5513 0.3080 0.7754
vn 0.5233 0.2958 0.7992
vn 0.6014 0.3211 0.7316
vn 0.5654 0.3428 0.7502
vn 0.4375 0.2890 0.8515
vn 0.2875 0.1530 0.9455
vn 0.4326 0.8111 0.3936
vn 0.4188 0.7458 0.5180
vn 0.3717 0.7303 0.5731
vn 0.3932 0.7704 0.5019
vn 0.5539 0.2691 0.7879
vn 0.5850 0.3360 0.7382
vn 0.4586 0.7657 0.4510
vn 0.5417 0.6831 0.4898
vn 0.5430 0.7056 0.4552
vn 0.4621 0.8113 0.3580
vn 0.4607 0.7727 0.4366
vn 0.4805 0.8482 0.2230
vn 0.4559 0.8254 0.3329
vn 0.4452 0.8865 0.1258
vn 0.3773 0.9079 0.1825
vn 0.3067 0.9511 -0.0371
vn 0.4375 0.8970 -0.0629
vn 0.4823 0.7435 0.4632
vn -0.4384 -0.7109 -0.5500
vn -0.4345 -0.6842 -0.5857
vn -0.4610 -0.6605 -0.5927
vn -0.4566 -0.7035 -0.5447
vn 0.2381 0.9669 0.0918
vn 0.3712 0.8465 0.3817
vn -0.4370 -0.6663 -0.6042
vn -0.4562 -0.6929 -0.5584
vn -0.4866 -0.6795 -0.5490
vn -0.5177 -0.6079 -0.6020
vn -0.4321 -0.6465 -0.6288
vn -0.4591 -0.6126 -0.6434
vn -0.4147 -0.2179 -0.8835
vn -0.4572 -0.4234 -0.7821
vn -0.5397 -0.4726 -0.6967
vn -0.5266 -0.1662 -0.8337
vn -0.5092 -0.6512 -0.5628
vn -0.5154 -0.4246 -0.7443
vn -0.4401 -0.1425 -0.8866
vn -0.4788 -0.6966 -0.5344
vn -0.4717 -0.4276 -0.7711
vn -0.5311 -0.3313 -0.7798
vn -0.5866 -0.3514 -0.7297
vn -0.5180 -0.4286 -0.7402
vn -0.6121 -0.3129 -0.7263
vn -0.5595 -0.2648 -0.7854
vn -0.6434 -0.4235 -0.6377
vn -0.6433 -0.4068 -0.6486
vn -0.5755 -0.4855 -0.6581
vn -0.3557 -0.5936 -0.7219
vn -0.1837 -0.2954 -0.9375
vn -0.5235 -0.4229 -0.7397
vn -0.5266 -0.4220 -0.7380
vn -0.5657 -0.5023 -0.6540
vn -0.4908 -0.2497 -0.8347
vn -0.4298 -0.2753 -0.8599
vn -0.5248 -0.3686 -0.7673
vn -0.5549 -0.4726 -0.6846
vn -0.4942 -0.5437 -0.6784
vn -0.5718 -0.3172 -0.7566
vn -0.6429 -0.4337 -0.6313
vn 0.2781 0.0741 0.9577
vn 0.3411 0.0202 0.9398
vn 0.4791 0.3761 0.7931
vn 0.3450 0.4424 0.8278
vn -0.5291 -0.4846 -0.6966
vn 0.5243 0.7864 0.3266
vn 0.4191 0.8414 0.3412
vn 0.3721 0.3944 0.8402
vn 0.4681 0.3928 0.7916
vn 0.4847 0.8569 0.1753
vn 0.3016 0.9274 0.2214
vn 0.3273 0.3825 0.8640
vn 0.2930 0.9129 0.2843
vn 0.1980 0.1271 0.9719
vn 0.1911 0.0825 0.9781
vn -0.5322 -0.4429 -0.7215
vn -0.4117 -0.0004 -0.9113
vn -0.3998 -0.0741 -0.9136
vn -0.5425 -0.5982 -0.5898
vn 0.3781 0.0293 0.9253
vn -0.2967 -0.5296 -0.7947
vn -0.5763 -0.4190 -0.7016
vn -0.4766 -0.0544 -0.8774
vn -0.1901 -0.1555 -0.9694
vn -0.4278 -0.0696 -0.9012
vn -0.2850 0.1475 -0.9471
vn -0.4283 -0.0554 -0.9019
vn -0.4480 0.0556 -0.8923
vn -0.4202 0.0344 -0.9068
vn -0.5667 -0.5076 -0.6490
vn -0.2181 -0.4090 -0.8861
vn -0.2463 -0.3321 -0.9105
vn -0.5177 -0.5838 -0.6254
vn -0.5548 -0.4631 -0.6911
vn -0.5291 -0.6086 -0.5913
vn -0.2672 -0.4024 -0.8756
vn -0.1033 -0.0022 -0.9946
vn -0.5294 -0.4199 -0.7372
vn -0.2619 -0.2652 -0.9279
vn -0.6637 -0.5366 -0.5212
vn -0.6132 -0.6013 -0.5123
vn -0.6132 -0.5469 -0.5700
vn -0.6410 -0.4645 -0.6111
vn -0.6289 -0.4574 -0.6287
vn -0.3717 -0.3757 -0.8489
vn 0.6868 0.5298 0.4977
vn 0.6432 0.5645 0.5174
vn 0.6693 0.5957 0.4440
vn 0.7019 0.5824 0.4100
vn 0.5812 0.5190 0.6268
vn 0.6266 0.4139 0.6604
vn -0.5922 -0.5098 -0.6240
vn 0.6152 0.4777 0.6271
vn 0.6076 0.4630 0.6453
vn 0.6528 0.6100 0.4492
vn 0.6645 0.5946 0.4527
vn 0.6897 0.5621 0.4565
vn 0.6922 0.6587 0.2949
vn 0.6820 0.6840 0.2590
vn 0.6692 0.7425 0.0280
vn 0.6886 0.7251 -0.0080
vn 0.6458 0.4163 0.6401
vn 0.5478 0.4177 0.7249
vn 0.4529 0.3492 0.8203
vn 0.4692 0.2336 0.8516
vn 0.5825 0.3173 0.7484
vn 0.3708 0.1195 0.9210
vn 0.3715 0.2363 0.8979
vn 0.3372 0.0325 0.9409
vn 0.4701 0.1473 0.8702
vn 0.5880 0.2622 0.7652
vn 0.7072 0.6416 0.2970
vn 0.7473 0.6636 0.0341
vn 0.4280 0.2144 0.8780
vn 0.5754 0.2849 0.7667
vn 0.3176 0.1695 0.9329
vn 0.2649 0.1429 0.9536
vn 0.1474 0.2582 0.9548
vn 0.3003 0.3805 0.8747
vn 0.4309 0.4657 0.7730
vn 0.5070 0.5150 0.6912
vn -0.5857 -0.4730 -0.6582
vn -0.6263 -0.5191 -0.5817
vn -0.5263 -0.4461 -0.7239
vn -0.4515 -0.4278 -0.7831
vn -0.5732 -0.3969 -0.7169
vn -0.4775 -0.3339 -0.8127
vn -0.4738 -0.3561 -0.8054
vn -0.5784 -0.4220 -0.6981
vn -0.4361 -0.3253 -0.8390
vn -0.4635 -0.3544 -0.8121
vn -0.6840 -0.4770 -0.5520
vn -0.6724 -0.4876 -0.5569
vn -0.4697 -0.3864 -0.7938
vn -0.4852 -0.4011 -0.7770
vn -0.5374 -0.4066 -0.7388
vn -0.4593 -0.4052 -0.7905
vn -0.5476 -0.4124 -0.7280
vn -0.4726 -0.3510 -0.8083
vn -0.5703 -0.3763 -0.7301
vn -0.5379 -0.5017 -0.6774
vn -0.3907 -0.7693 -0.5055
vn -0.3292 -0.7183 -0.6129
vn -0.5172 -0.6129 -0.5974
vn -0.4367 -0.6102 -0.6610
vn -0.6422 -0.5709 -0.5116
vn -0.5428 -0.5931 -0.5946
vn -0.4862 -0.4700 -0.7367
vn -0.2170 -0.4121 -0.8849
vn -0.2212 -0.6096 -0.7612
vn -0.4412 -0.7056 -0.5546
vn -0.4607 -0.4898 -0.7401
vn -0.4636 -0.4390 -0.7697
vn -0.6675 -0.4950 -0.5563
vn -0.6772 -0.5357 -0.5045
vn 0.7982 0.4120 0.4394
vn 0.8646 0.3569 0.3537
vn 0.9530 0.2822 0.1105
vn 0.9182 0.3350 0.2113
vn 0.9111 0.3451 0.2254
vn 0.9420 0.3181 0.1071
vn -0.2620 -0.3589 -0.8959
vn -0.5343 -0.4646 -0.7062
vn -0.4526 -0.3413 -0.8238
vn 0.7907 0.4223 0.4432
vn 0.7726 0.4503 0.4476
vn 0.8820 0.4003 0.2489
vn 0.8994 0.3863 0.2047
vn 0.9259 0.3680 0.0854
vn 0.9285 0.3711 0.0093
vn 0.6785 0.4413 0.5873
vn 0.7082 0.4071 0.5768
vn 0.5335 0.5818 0.6139
vn 0.2721 0.5590 0.7832
vn -0.0995 0.5574 0.8243
vn 0.0206 0.6032 0.7973
vn 0.6581 0.4796 0.5804
vn 0.8400 0.4456 0.3096
vn 0.9337 0.3406 0.1105
vn 0.8071 0.3981 0.4361
vn 0.9543 0.2886 -0.0777
vn -0.9196 -0.3457 0.1867
vn -0.9015 -0.4100 -0.1383
vn -0.8230 -0.5675 0.0239
vn -0.7764 -0.5367 0.3306
vn -0.8381 -0.5357 -0.1026
vn -0.8992 -0.3766 -0.2229
vn -0.8506 -0.5241 -0.0428
vn -0.8474 -0.5059 0.1614
vn -0.9473 -0.2412 -0.2110
vn -0.9213 -0.2889 -0.2601
vn -0.9934 -0.0932 0.0667
vn -0.6439 -0.5264 -0.5552
vn -0.9130 -0.3886 -0.1241
vn -0.6865 -0.6560 -0.3137
vn -0.7564 -0.6045 -0.2499
vn -0.8361 -0.4133 -0.3606
vn -0.9310 -0.2885 0.2235
vn 0.7444 0.3551 0.5655
vn 0.7864 0.3790 0.4877
vn 0.7760 0.4286 0.4628
vn 0.7061 0.4461 0.5499
vn 0.7418 0.3371 0.5797
vn 0.7472 0.3941 0.5352
vn -0.8251 -0.3257 -0.4616
vn 0.6962 0.4448 0.5635
vn 0.6816 0.4020 0.6114
vn 0.6361 0.4384 0.6349
vn 0.5872 0.5328 0.6094
vn 0.6559 0.5322 0.5354
vn 0.6892 0.3107 0.6546
vn 0.6673 0.3541 0.6552
vn 0.7365 0.4936 0.4625
vn -0.6598 -0.4420 -0.6077
vn -0.6836 -0.4895 -0.5415
vn -0.6654 -0.4510 -0.5949
vn -0.6525 -0.4273 -0.6258
vn -0.6596 -0.5148 -0.5476
vn -0.6622 -0.5075 -0.5513
vn 0.6629 0.3433 0.6653
vn -0.6637 -0.4600 -0.5898
vn -0.6931 -0.4661 -0.5499
vn -0.6141 -0.4194 -0.6686
vn -0.5913 -0.4133 -0.6925
vn -0.6177 -0.4178 -0.6662
vn -0.6304 -0.4681 -0.6193
vn -0.6318 -0.4129 -0.6560
vn -0.6248 -0.4313 -0.6508
vn -0.6589 -0.4579 -0.5968
vn 0.0447 0.6133 0.7886
vn 0.1264 0.1516 0.9803
vn 0.2025 0.1386 0.9694
vn 0.0639 0.6341 0.7706
vn 0.2847 -0.3363 0.8977
vn 0.1715 -0.2735 0.9465
vn 0.1890 0.1099 0.9758
vn 0.1427 -0.3143 0.9385
vn 0.1714 0.5853 0.7925
vn -0.0385 0.8762 0.4804
vn -0.0677 0.8880 0.4548
vn 0.1140 0.8251 0.5534
vn 0.1353 -0.5419 0.8295
vn 0.3530 -0.1638 0.9212
vn 0.2239 -0.3980 0.8897
vn 0.1243 -0.5742 0.8092
vn 0.3964 0.3718 0.8394
vn 0.4406 0.3229 0.8376
vn 0.4383 0.4329 0.7877
vn 0.4732 0.3839 0.7929
vn 0.3548 -0.4947 0.7933
vn 0.4630 0.0193 0.8861
vn 0.4180 0.0634 0.9062
vn 0.4604 0.3469 0.8171
vn 0.3037 -0.5822 0.7542
vn 0.4769 0.1428 0.8673
vn 0.4919 0.3640 0.7909
vn 0.2896 0.0246 0.9568
vn 0.1745 -0.1342 0.9755
vn 0.2011 -0.0864 0.9758
vn 0.1003 -0.1947 0.9757
vn 0.6809 0.7245 0.1069
vn 0.7889 0.6013 0.1270
vn 0.6503 0.4964 0.5750
vn 0.6938 0.3399 0.6349
vn -0.0569 0.0074 0.9984
vn 0.2352 0.3144 0.9197
vn 0.3628 0.0496 0.9306
vn 0.5356 0.6805 0.5000
vn 0.0998 0.0731 0.9923
vn 0.3650 -0.0677 0.9286
vn 0.6017 0.7902 0.1165
vn -0.5217 -0.3209 0.7905
vn -0.1232 -0.0088 0.9923
vn -0.1902 0.2850 0.9395
vn -0.6971 -0.0662 0.7139
vn -0.8182 0.2294 0.5271
vn -0.3456 0.5038 0.7917
vn 0.1503 0.6113 0.7770
vn 0.2738 0.4964 0.8238
vn 0.6741 0.5679 0.4723
vn 0.6080 0.6121 0.5056
vn 0.7848 0.3321 0.5232
vn 0.3771 0.2639 0.8878
vn 0.9341 0.3327 0.1299
vn 0.8611 0.4784 0.1723
vn 0.8553 0.4589 0.2406
vn -0.4552 -0.7914 -0.4080
vn -0.1736 -0.9521 -0.2518
vn -0.0356 -0.8271 -0.5609
vn -0.4076 -0.6842 -0.6047
vn -0.3983 -0.5650 -0.7226
vn -0.3833 -0.5757 -0.7223
vn -0.2823 -0.5904 -0.7562
vn -0.2021 -0.5942 -0.7785
vn -0.9214 -0.3802 -0.0804
vn -0.9013 -0.4296 -0.0558
vn -0.7220 -0.5378 -0.4354
vn -0.7288 -0.5289 -0.4348
vn -0.9269 -0.2346 0.2929
vn -0.9434 -0.2043 0.2612
vn -0.7545 0.0517 0.6542
vn -0.7679 0.0552 0.6382
vn -0.4497 0.2625 0.8537
vn -0.4703 0.2900 0.8335
vn -0.1704 0.4117 0.8952
vn -0.0997 0.3421 0.9344
vn 0.7407 0.4905 0.4590
vn 0.7115 0.5645 0.4184
vn 0.2831 0.5350 0.7960
vn 0.3157 0.4417 0.8398
vn 0.9134 0.3976 0.0869
vn 0.8851 0.4618 0.0576
vn 0.8730 0.4814 0.0782
vn 0.8906 0.4367 0.1268
vn 0.7077 0.5753 0.4101
vn 0.6681 0.5636 0.4858
vn 0.8370 -0.1624 0.5225
vn 0.9105 0.0021 0.4134
vn 0.8582 0.3913 0.3321
vn 0.7749 0.5555 0.3015
vn 0.2591 -0.9625 0.0802
vn 0.5727 -0.8181 -0.0525
vn -0.4022 -0.6325 -0.6620
vn -0.4071 -0.6053 -0.6840
vn -0.0583 -0.6162 -0.7854
vn -0.0021 -0.6163 -0.7875
vn 0.2798 -0.6857 -0.6720
vn 0.4133 -0.5508 -0.7252
vn -0.7200 -0.5672 -0.3998
vn -0.7383 -0.5404 -0.4036
vn -0.9136 -0.4005 -0.0699
vn -0.8903 -0.4504 -0.0670
vn -0.8974 -0.2834 0.3383
vn -0.9235 -0.2284 0.3082
vn -0.7344 -0.0100 0.6787
vn -0.7024 -0.0952 0.7054
vn -0.3596 0.0640 0.9309
vn -0.3869 0.1882 0.9027
vn 0.0703 0.1843 0.9804
vn -0.0241 0.2675 0.9633
vn 0.7716 0.1905 0.6069
vn 0.7515 0.3053 0.5848
vn 0.3451 0.2816 0.8953
vn 0.4663 0.2234 0.8559
vn -0.2779 -0.7281 -0.6266
vn -0.6037 -0.6856 -0.4068
vn -0.3828 -0.8976 -0.2187
vn -0.0394 -0.9226 -0.3839
vn -0.6242 -0.7809 -0.0245
vn -0.8118 -0.5790 -0.0755
vn -0.5745 -0.7669 0.2860
vn -0.8247 -0.4607 0.3280
vn -0.5017 -0.6053 0.6180
vn -0.6332 -0.3186 0.7053
vn 0.9899 0.0097 -0.1416
vn 0.9850 0.1415 0.0988
vn 0.9534 0.2437 0.1778
vn 0.9723 0.1216 0.1996
vn -0.1401 -0.6647 0.7338
vn -0.2746 -0.2350 0.9324
vn 0.2643 -0.6444 0.7176
vn 0.1749 -0.1564 0.9721
vn 0.2115 -0.9635 0.1641
vn -0.2110 -0.9484 0.2367
vn 0.6923 -0.5532 -0.4633
vn 0.7800 -0.6200 -0.0845
vn 0.5555 -0.8305 0.0412
vn 0.3511 -0.8200 -0.4520
vn 0.6187 -0.5425 0.5682
vn 0.8751 -0.3676 0.3147
vn 0.5858 -0.0194 0.8103
vn 0.8448 0.0448 0.5332
vn 0.9202 -0.3046 -0.2458
vn 0.7856 -0.4078 -0.4653
vn 0.7002 -0.6599 -0.2726
vn 0.9460 -0.3172 0.0674
vn 0.5171 -0.5191 -0.6805
vn 0.1480 -0.6677 -0.7296
vn 0.9683 -0.1563 -0.1949
vn 0.9592 -0.1620 -0.2316
vn 0.8839 -0.3038 -0.3555
vn 0.9141 -0.1271 -0.3851
vn 0.9810 -0.0225 -0.1927
vn 0.8532 -0.2512 -0.4572
vn 0.7561 -0.4049 -0.5141
vn 0.8624 -0.4487 -0.2345
vn 0.9812 -0.1921 0.0207
vn 0.9836 0.0398 0.1757
vn -0.6337 -0.5764 -0.5160
vn -0.4206 -0.7534 -0.5055
vn -0.1704 -0.7946 -0.5827
vn -0.4609 -0.6684 -0.5838
vn -0.2883 -0.8220 -0.4911
vn -0.7213 -0.6121 -0.3241
vn -0.6999 -0.4589 -0.5473
vn -0.4881 -0.6132 -0.6211
vn -0.4673 -0.5226 -0.7131
vn -0.6629 -0.3696 -0.6511
vn -0.2993 -0.7587 -0.5786
vn -0.2835 -0.7369 -0.6137
vn -0.3559 -0.6907 -0.6295
vn -0.3601 -0.7117 -0.6031
vn -0.2598 -0.6410 -0.7222
vn -0.0907 -0.7002 -0.7081
vn 0.1901 -0.4772 -0.8580
vn -0.0717 -0.5249 -0.8481
vn 0.0212 -0.5219 -0.8527
vn 0.1952 -0.4842 -0.8529
vn 0.1551 -0.5341 -0.8311
vn 0.1727 -0.4885 -0.8553
vn 0.3085 -0.5406 -0.7826
vn 0.1484 -0.5099 -0.8473
vn 0.4372 -0.4957 -0.7504
vn -0.0571 -0.5086 -0.8591
vn -0.2213 -0.5261 -0.8211
vn -0.3422 -0.5227 -0.7808
vn -0.2693 -0.5175 -0.8122
vn -0.3196 -0.5177 -0.7936
vn -0.3096 -0.4965 -0.8110
vn -0.3098 -0.4921 -0.8136
vn -0.3279 -0.4642 -0.8228
vn -0.3107 -0.4491 -0.8377
vn -0.3204 -0.4299 -0.8441
vn -0.3213 -0.4107 -0.8533
vn -0.4540 -0.4877 -0.7457
vn -0.5445 -0.4476 -0.7094
vn -0.3997 -0.4725 -0.7855
vn -0.5011 -0.4272 -0.7526
vn -0.3715 -0.4607 -0.8061
vn -0.4823 -0.4316 -0.7624
vn -0.3755 -0.4393 -0.8161
vn -0.4808 -0.4308 -0.7638
vn -0.3998 -0.4180 -0.8157
vn -0.4923 -0.4242 -0.7601
vn -0.3951 -0.4212 -0.8164
vn -0.3622 -0.4204 -0.8319
vn -0.3823 -0.3574 -0.8521
vn -0.4193 -0.3644 -0.8315
vn -0.3231 -0.4238 -0.8462
vn -0.3346 -0.3568 -0.8722
vn -0.4596 -0.3515 -0.8156
vn -0.4050 -0.3316 -0.8521
vn -0.3832 -0.4190 -0.8231
vn -0.4553 -0.4350 -0.7768
vn -0.3373 -0.3133 -0.8877
vn -0.2980 -0.3925 -0.8702
vn -0.4011 -0.3208 -0.8580
vn -0.4423 -0.3335 -0.8326
vn -0.3448 -0.3106 -0.8858
vn -0.5018 -0.4363 -0.7469
vn -0.5010 -0.3726 -0.7811
vn -0.5295 -0.4291 -0.7318
vn -0.5329 -0.3872 -0.7523
vn -0.0918 -0.2728 -0.9577
vn 0.0724 -0.2937 -0.9531
vn -0.1669 -0.3568 -0.9192
vn -0.2466 -0.2956 -0.9229
vn 0.4835 -0.1281 -0.8659
vn 0.5800 -0.1060 -0.8077
vn 0.3756 -0.1961 -0.9058
vn 0.1920 -0.2180 -0.9569
vn -0.2729 -0.3064 -0.9120
vn -0.1565 -0.3019 -0.9404
vn -0.2766 -0.3616 -0.8904
vn -0.1793 -0.3637 -0.9141
vn -0.2752 -0.4321 -0.8588
vn -0.1956 -0.4407 -0.8761
vn 0.8422 0.0769 -0.5336
vn 0.6951 -0.0352 -0.7180
vn 0.6368 -0.0667 -0.7681
vn 0.8353 0.0748 -0.5447
vn 0.0871 -0.2628 -0.9609
vn 0.4019 -0.1627 -0.9011
vn 0.0437 -0.3209 -0.9461
vn 0.3645 -0.1753 -0.9146
vn 0.0335 -0.3867 -0.9216
vn 0.3893 -0.1849 -0.9024
vn 0.5923 -0.0621 -0.8033
vn 0.8042 0.1258 -0.5809
vn 0.5778 -0.0144 -0.8161
vn 0.7664 0.1754 -0.6179
vn 0.5997 0.0241 -0.7999
vn 0.6243 0.0284 -0.7807
vn 0.7546 0.1915 -0.6276
vn 0.7687 0.1741 -0.6154
vn 0.8827 0.4236 0.2035
vn 0.2034 0.4657 0.8612
vn 0.8787 0.3839 0.2839
vn 0.2651 0.3601 0.8944
vn 0.8884 0.4146 0.1971
vn 0.3929 0.3615 0.8456
vn 0.9044 0.4256 0.0296
vn 0.5548 0.3977 0.7308
vn 0.9182 0.3718 -0.1368
vn 0.9399 0.3014 -0.1606
vn 0.7054 0.4113 0.5773
vn 0.5356 0.3306 0.7771
vn 0.3675 0.3345 0.8678
vn 0.3690 0.2520 0.8946
vn 0.5264 0.2663 0.8075
vn 0.1771 0.3478 0.9207
vn 0.2223 0.2467 0.9433
vn 0.0048 0.3657 0.9307
vn 0.1017 0.2686 0.9579
vn 0.1833 0.2485 0.9511
vn 0.2385 0.2348 0.9423
vn 0.2519 0.2857 0.9246
vn 0.2346 0.2795 0.9310
vn 0.3085 0.3546 0.8827
vn 0.2177 0.3674 0.9042
vn 0.6678 0.3302 0.6671
vn 0.6932 0.3754 0.6153
vn 0.6518 0.3461 0.6748
vn 0.6359 0.2855 0.7170
vn 0.3602 0.2657 0.8942
vn 0.5153 0.3002 0.8027
vn 0.3464 0.3415 0.8737
vn 0.5014 0.3800 0.7773
vn 0.3253 0.4038 0.8550
vn 0.2304 0.4309 0.8725
vn 0.5155 0.3851 0.7655
vn 0.6133 0.3195 0.7223
vn 0.6428 0.3474 0.6827
vn 0.6090 0.3601 0.7067
vn 0.6395 0.3422 0.6884
vn 0.6101 0.3490 0.7113
vn 0.6674 0.2965 0.6831
vn 0.6535 0.4206 0.6293
vn 0.5482 0.4608 0.6980
vn 0.6187 0.3792 0.6881
vn 0.5292 0.4054 0.7454
vn 0.6209 0.3508 0.7011
vn 0.5744 0.3254 0.7511
vn 0.6530 0.3296 0.6819
vn 0.6297 0.2636 0.7308
vn 0.3790 0.4228 0.8232
vn 0.3838 0.5202 0.7630
vn 0.4244 0.4888 0.7622
vn 0.4222 0.4093 0.8089
vn 0.6686 0.2692 0.6931
vn 0.6714 0.2402 0.7011
vn 0.5550 0.4777 0.6810
vn 0.1218 0.5821 0.8039
vn 0.6870 0.4015 0.6056
vn 0.6847 0.4260 0.5913
vn 0.4721 0.5349 0.7007
vn 0.0329 0.5824 0.8122
vn 0.3650 0.5670 0.7384
vn 0.3264 0.5589 0.7623
vn -0.0274 0.6013 0.7985
vn -0.0139 0.6033 0.7974
vn 0.5731 0.4198 0.7038
vn 0.5403 0.4143 0.7325
vn -0.0010 0.5513 0.8343
vn 0.4275 0.5524 0.7156
vn 0.6416 0.4200 0.6419
vn -0.4524 0.4992 0.7390
vn -0.4396 0.5110 0.7387
vn -0.4398 0.4890 0.7533
vn -0.3667 0.3351 0.8679
vn -0.3543 0.2967 0.8868
vn -0.3646 0.5033 0.7834
vn -0.3438 0.4820 0.8059
vn -0.3310 0.3948 0.8571
vn -0.3244 0.4895 0.8094
vn -0.3058 0.4320 0.8485
vn -0.1453 0.5617 0.8145
vn -0.6673 0.4053 0.6248
vn -0.1713 0.4995 0.8492
vn -0.7326 0.2971 0.6124
vn -0.2274 0.4324 0.8725
vn -0.7120 0.2678 0.6492
vn -0.2643 0.4479 0.8541
vn -0.6588 0.2637 0.7046
vn -0.8280 -0.3993 -0.3936
vn -0.8314 -0.3530 -0.4292
vn -0.9926 -0.1009 -0.0678
vn -0.9868 -0.1612 -0.0136
vn -0.2607 0.4346 0.8621
vn -0.2671 0.4400 0.8573
vn -0.2857 0.4578 0.8419
vn -0.6112 0.2763 0.7417
vn -0.1440 -0.8025 -0.5790
vn -0.0698 -0.8483 -0.5249
vn -0.8715 0.0605 0.4867
vn -0.9624 -0.0624 0.2644
vn -0.9879 -0.1449 -0.0549
vn -0.9979 -0.0632 -0.0133
vn -0.9286 -0.2311 -0.2902
vn -0.8736 -0.3539 -0.3341
vn -0.9587 -0.2812 -0.0418
vn -0.9068 -0.3499 -0.2353
vn -0.9865 -0.1298 0.0994
vn -0.8473 -0.3970 -0.3528
vn -0.9706 -0.2226 -0.0910
vn -0.9937 -0.0319 0.1076
vn -0.9982 -0.0002 0.0592
vn -0.9930 -0.0823 0.0848
vn -0.9944 -0.0293 0.1015
vn -0.9964 -0.0849 0.0027
vn -0.8487 -0.5065 -0.1523
vn -0.7460 -0.5553 -0.3675
vn -0.9954 -0.0909 -0.0318
vn -0.9978 -0.0477 0.0469
vn -0.5760 -0.4266 -0.6973
vn -0.5772 -0.4211 -0.6997
vn -0.5611 -0.4065 -0.7211
vn -0.5766 -0.3987 -0.7131
vn -0.5473 -0.4113 -0.7289
vn -0.5570 -0.3973 -0.7293
vn -0.5314 -0.4172 -0.7373
vn -0.5395 -0.4075 -0.7368
vn -0.5567 -0.4230 -0.7149
vn -0.5615 -0.3940 -0.7277
vn -0.4139 -0.4528 -0.7897
vn -0.4173 -0.4437 -0.7931
vn -0.5247 -0.4241 -0.7382
vn -0.5280 -0.4252 -0.7351
vn -0.5268 -0.4237 -0.7369
vn -0.5302 -0.4333 -0.7288
vn -0.4619 -0.4557 -0.7609
vn -0.4286 -0.4251 -0.7973
vn -0.4688 -0.4277 -0.7729
vn -0.4530 -0.3776 -0.8076
vn -0.4890 -0.3915 -0.7795
vn -0.5209 -0.4001 -0.7540
vn -0.5065 -0.4262 -0.7495
vn -0.5059 -0.4454 -0.7387
vn 0.5752 0.4825 0.6605
vn 0.6290 0.4410 0.6402
vn 0.4700 0.5349 0.7021
vn 0.5041 0.4816 0.7169
vn -0.4770 -0.3529 -0.8049
vn -0.5105 -0.3724 -0.7751
vn -0.5401 -0.3861 -0.7478
vn 0.4316 0.5408 0.7220
vn 0.4318 0.4606 0.7755
vn 0.6269 0.3018 0.7183
vn 0.6422 0.3550 0.6794
vn 0.5150 0.3789 0.7689
vn 0.4939 0.3167 0.8098
vn 0.4388 0.2722 0.8564
vn 0.6442 0.3036 0.7020
vn 0.3376 0.2372 0.9109
vn 0.3155 0.1746 0.9327
vn 0.4261 0.1973 0.8829
vn 0.4574 0.1571 0.8753
vn 0.5469 0.2178 0.8084
vn 0.5831 0.1846 0.7912
vn 0.3966 0.3195 0.8606
vn 0.4016 0.2819 0.8713
vn 0.4876 0.2969 0.8210
vn -0.0412 -0.9807 -0.1910
vn 0.9976 -0.0188 0.0666
s 1
usemtl _17174_Tiamat_v1default
f 1//1 2//2 3//3 4//4
f 5//5 3//3 2//2 6//6
f 7//7 8//8 3//3 5//5
f 4//4 3//3 8//8 9//9
f 10//10 11//11 12//12 13//13
f 5//5 12//12 11//11 7//7
f 6//6 14//14 12//12 5//5
f 13//13 12//12 14//14 15//15
f 16//16 17//17 18//18 19//19
f 18//18 17//17 20//20
f 15//15 14//14 18//18 21//21
f 19//19 18//18 14//14 6//6
f 22//22 23//23 24//24 25//25
f 16//16 19//19 23//23 22//22
f 6//6 2//2 23//23 19//19
f 24//24 23//23 2//2 1//1
f 26//26 27//27 28//28 29//29
f 30//30 28//28 27//27 31//31
f 32//32 33//33 28//28 30//30
f 29//29 28//28 33//33 34//34
f 25//25 35//35 36//36 22//22
f 30//30 36//36 35//35 32//32
f 31//31 37//37 36//36 30//30
f 22//22 36//36 37//37 16//16
f 41//38 42//39 38//40 43//41
f 42//39 44//42 39//43
f 47//44 46//45 45//46 48//47
f 49//48 50//49 46//45 47//44
f 53//50 52//51 51//52 54//53
f 43//41 52//51 53//50 41//38
f 55//54 56//55 57//56 58//57
f 59//58 57//56 56//55 60//59
f 61//60 62//61 57//56 59//58
f 58//57 57//56 62//61 63//62
f 64//63 65//64 66//65 67//66
f 68//67 66//65 65//64 69//68
f 66//65 68//67 63//62 70//69
f 66//65 70//69 71//70 67//66
f 72//71 73//72 74//73 75//74
f 70//69 74//73 73//72 71//70
f 63//62 62//61 74//73 70//69
f 75//74 74//73 62//61 61//60
f 76//75 77//76 78//77 79//78
f 59//58 78//77 77//76 61//60
f 60//59 80//79 78//77 59//58
f 79//78 78//77 80//79 81//80
f 82//81 83//82 84//83 85//84
f 86//85 84//83 83//82 87//86
f 88//87 89//88 84//83 86//85
f 85//84 84//83 89//88 90//89
f 20//20 91//90 92//91 21//21
f 93//92 92//91 91//90 94//93
f 95//94 96//95 92//91 93//92
f 21//21 92//91 96//95 15//15
f 97//96 98//97 99//98 100//99
f 98//97 101//100 102//101
f 95//94 93//92 99//98 102//101
f 100//99 99//98 93//92 94//93
f 103//102 96//95 95//94 104//103
f 105//104 103//102 104//103 106//105
f 10//10 13//13 103//102 105//104
f 96//95 103//102 13//13 15//15
f 107//106 102//101 101//100
f 108//107 107//106 109//108 110//109
f 106//105 104//103 107//106 108//107
f 107//106 104//103 95//94 102//101
f 16//16 37//37 111//110 17//17
f 112//111 111//110 37//37 31//31
f 113//112 114//113 111//110 112//111
f 114//113 20//20 17//17
f 20//20 114//113 115//114 91//90
f 116//115 115//114 114//113 113//112
f 117//116 118//117 115//114 116//115
f 91//90 115//114 118//117 94//93
f 119//118 100//99 94//93
f 120//119 119//118 118//117 117//116
f 121//120 122//121 119//118 120//119
f 122//121 97//96 100//99
f 31//31 27//27 123//122 112//111
f 124//123 123//122 27//27 26//26
f 125//124 126//125 123//122 124//123
f 112//111 123//122 126//125 113//112
f 127//126 128//127 129//128 130//129
f 131//130 129//128 128//127 132//131
f 133//132 134//133 129//128 131//130
f 130//129 129//128 134//133 135//134
f 136//135 137//136 138//137
f 131//130 139//138 138//137 133//132
f 139//138 131//130 132//131 140//139
f 141//140 136//135 139//138 140//139
f 142//141 143//142 144//143
f 145//144 142//141 146//145 147//146
f 148//147 149//148 142//141 145//144
f 143//142 142//141 149//148 127//126
f 150//149 151//150 73//72 72//71
f 150//149 152//151 153//152
f 151//150 153//152 154//153
f 73//72 151//150 155//154 71//70
f 156//155 157//156 158//157 159//158
f 160//159 158//157 157//156 161//160
f 162//161 158//157 160//159 163//162
f 164//163 159//158 158//157 162//161
f 161//160 165//164 166//165 160//159
f 167//166 166//165 165//164 168//167
f 169//168 170//169 166//165 167//166
f 160//159 166//165 170//169 163//162
f 171//170 172//171 173//172 174//173
f 175//174 173//172 172//171 176//175
f 177//176 178//177 173//172 175//174
f 174//173 173//172 178//177 179//178
f 180//179 181//180 182//181 183//182
f 174//173 182//181 181//180 171//170
f 179//178 184//183 182//181 174//173
f 183//182 182//181 184//183 185//184
f 186//185 187//186 188//187 189//188
f 190//189 191//190 186//185 189//188
f 183//182 186//185 191//190 180//179
f 186//185 183//182 185//184 187//186
f 152//151 192//191 193//192 153//152
f 194//193 193//192 192//191 195//194
f 196//195 197//196 193//192 194//193
f 197//196 154//153 153//152
f 198//197 199//198 200//199 201//200
f 194//193 200//199 199//198 196//195
f 195//194 202//201 200//199 194//193
f 201//200 200//199 202//201 203//202
f 204//203 205//204 206//205 207//206
f 208//207 206//205 205//204 209//208
f 87//86 83//82 206//205 208//207
f 207//206 206//205 83//82 82//81
f 209//208 210//209 211//210 208//207
f 212//211 211//210 210//209 213//212
f 214//213 215//214 211//210 212//211
f 208//207 211//210 215//214 87//86
f 213//212 216//215 217//216 212//211
f 218//217 217//216 216//215 219//218
f 220//219 221//220 217//216 218//217
f 212//211 217//216 221//220 214//213
f 219//218 222//221 223//222 218//217
f 224//223 223//222 222//221 225//224
f 226//225 227//226 223//222 224//223
f 218//217 223//222 227//226 220//219
f 228//227 229//228 230//229
f 231//230 232//231 228//227
f 233//232 228//227 232//231 234//233
f 233//232 235//234 229//228
f 236//235 237//236 238//237 239//238
f 240//239 238//237 237//236 241//240
f 242//241 243//242 238//237 240//239
f 239//238 238//237 243//242 244//243
f 245//244 246//245 247//246 248//247
f 249//248 247//246 246//245 250//249
f 251//250 252//251 247//246 249//248
f 248//247 247//246 252//251 253//252
f 254//253 255//254 256//255 257//256
f 258//257 256//255 255//254 259//258
f 260//259 261//260 256//255 258//257
f 257//256 256//255 261//260 262//261
f 263//262 264//263 265//264 266//265
f 267//266 265//264 264//263 268//267
f 250//249 246//245 265//264 267//266
f 266//265 265//264 246//245 245//244
f 269//268 270//269 271//270 272//271
f 273//272 271//270 270//269 274//273
f 275//274 271//270 273//272 276//275
f 272//271 271//270 275//274 141//140
f 168//167 277//276 278//277 167//166
f 279//278 278//277 277//276 280//279
f 281//280 278//277 279//278 282//281
f 167//166 278//277 281//280 169//168
f 283//282 284//283 285//284 286//285
f 287//286 285//284 284//283 288//287
f 285//284 287//286 198//197
f 201//200 203//202 286//285
f 289//288 290//289 291//290 292//291
f 248//247 291//290 290//289 245//244
f 253//252 293//292 291//290 248//247
f 292//291 291//290 293//292 294//293
f 295//294 296//295 297//296 298//297
f 299//298 297//296 296//295 300//299
f 110//109 109//108 297//296 299//298
f 298//297 297//296 109//108 101//100
f 209//208 205//204 301//300 302//301
f 303//302 301//300 205//204 204//203
f 300//299 296//295 301//300 303//302
f 302//301 301//300 296//295 295//294
f 304//303 305//304 306//305 307//306
f 298//297 306//305 305//304 295//294
f 101//100 98//97 306//305 298//297
f 307//306 306//305 98//97 97//96
f 213//212 210//209 308//307 309//308
f 302//301 308//307 210//209 209//208
f 295//294 305//304 308//307 302//301
f 309//308 308//307 305//304 304//303
f 310//309 311//310 312//311
f 307//306 310//309 313//312 304//303
f 97//96 122//121 310//309 307//306
f 311//310 310//309 122//121 121//120
f 219//218 216//215 314//313 315//314
f 309//308 314//313 216//215 213//212
f 304//303 313//312 314//313 309//308
f 315//314 314//313 313//312 312//311
f 316//315 317//316 318//317 319//318
f 311//310 318//317 317//316 312//311
f 121//120 320//319 318//317 311//310
f 319//318 318//317 320//319 321//320
f 225//224 222//221 322//321 323//322
f 315//314 322//321 222//221 219//218
f 312//311 317//316 322//321 315//314
f 323//322 322//321 317//316 316//315
f 324//323 325//324 326//325 327//326
f 328//327 326//325 325//324 329//328
f 276//275 273//272 326//325 328//327
f 327//326 326//325 273//272 274//273
f 234//233 232//231 330//329 331//330
f 232//231 231//230 332//331
f 329//328 325//324 330//329 332//331
f 331//330 330//329 325//324 324//323
f 188//187 333//332 334//333 189//188
f 335//334 334//333 333//332 336//335
f 337//336 338//337 334//333 335//334
f 189//188 334//333 338//337 190//189
f 339//338 340//339 237//236 236//235
f 335//334 340//339 339//338 337//336
f 336//335 341//340 340//339 335//334
f 237//236 340//339 341//340 241//240
f 342//341 284//283 283//282
f 292//291 342//341 343//342 289//288
f 294//293 344//343 342//341 292//291
f 284//283 342//341 344//343 288//287
f 245//244 290//289 345//344 266//265
f 346//345 345//344 290//289 289//288
f 347//346 348//347 345//344 346//345
f 266//265 345//344 348//347 263//262
f 349//348 350//349 351//350 352//351
f 353//352 351//350 350//349 354//353
f 355//354 356//355 351//350 353//352
f 352//351 351//350 356//355 357//356
f 358//357 359//358 360//359 361//360
f 362//361 360//359 359//358 363//362
f 364//363 365//364 360//359 362//361
f 361//360 360//359 365//364 366//365
f 367//366 368//367 369//368 370//369
f 371//370 369//368 368//367 372//371
f 363//362 359//358 369//368 371//370
f 370//369 369//368 359//358 358//357
f 357//356 373//372 374//373 352//351
f 375//374 374//373 373//372 376//375
f 377//376 378//377 374//373 375//374
f 352//351 374//373 378//377 349//348
f 357//356 356//355 379//378 380//379
f 381//380 379//378 356//355 355//354
f 382//381 383//382 379//378 381//380
f 383//382 384//383 380//379
f 385//384 386//385 364//363
f 387//386 385//384 388//387 389//388
f 385//384 387//386 382//381 381//380
f 386//385 385//384 381//380 355//354
f 363//362 390//389 391//390 362//361
f 392//391 391//390 390//389 393//392
f 389//388 388//387 391//390 392//391
f 362//361 391//390 388//387 364//363
f 372//371 394//393 395//394 371//370
f 396//395 395//394 394//393 397//396
f 393//392 390//389 395//394 396//395
f 371//370 395//394 390//389 363//362
f 372//371 398//397 399//398 394//393
f 400//399 399//398 398//397 376//375
f 401//400 402//401 399//398 400//399
f 394//393 399//398 402//401 397//396
f 384//383 403//402 404//403 380//379
f 403//402 401//400 400//399
f 376//375 373//372 404//403 400//399
f 380//379 404//403 373//372 357//356
f 384//383 383//382 405//404 406//405
f 407//406 405//404 383//382 382//381
f 408//407 409//408 405//404 407//406
f 406//405 405//404 409//408 410//409
f 382//381 387//386 411//410 407//406
f 411//410 387//386 389//388 412//411
f 413//412 414//413 411//410 412//411
f 407//406 411//410 414//413 408//407
f 393//392 415//414 416//415 392//391
f 417//416 416//415 415//414 418//417
f 413//412 412//411 416//415 417//416
f 392//391 416//415 412//411 389//388
f 397//396 419//418 420//419 396//395
f 421//420 420//419 419//418 422//421
f 420//419 421//420 418//417
f 396//395 420//419 415//414 393//392
f 423//422 424//423 402//401 401//400
f 425//424 426//425 424//423 423//422
f 422//421 419//418 424//423 426//425
f 402//401 424//423 419//418 397//396
f 410//409 427//426 428//427 406//405
f 423//422 428//427 427//426 425//424
f 401//400 403//402 428//427 423//422
f 403//402 384//383 406//405
f 429//428 430//429 431//430 432//431
f 433//432 434//433 431//430 430//429
f 435//434 436//435 431//430 434//433
f 432//431 431//430 436//435 437//436
f 438//437 439//438 440//439
f 441//440 438//437 442//441 443//442
f 429//428 444//443 438//437 441//440
f 439//438 438//437 444//443 445//444
f 446//445 447//446 448//447 449//448
f 448//447 447//446 450//449 451//450
f 443//442 442//441 448//447 451//450
f 449//448 448//447 442//441 440//439
f 446//445 452//451 453//452 447//446
f 454//453 453//452 452//451 455//454
f 456//455 457//456 453//452 454//453
f 447//446 453//452 457//456 450//449
f 455//454 458//457 459//458 454//453
f 460//459 459//458 458//457 461//460
f 462//461 463//462 459//458 460//459
f 454//453 459//458 463//462 456//455
f 464//463 465//464 466//465
f 467//466 464//463 468//467 437//436
f 460//459 464//463 467//466 462//461
f 465//464 464//463 460//459 461//460
f 437//436 468//467 469//468 432//431
f 466//465 470//469 469//468 468//467
f 469//468 470//469 445//444
f 432//431 469//468 444//443 429//428
f 408//407 414//413 471//470 472//471
f 473//472 471//470 414//413 413//412
f 474//473 471//470 473//472 475//474
f 472//471 471//470 474//473 476//475
f 475//474 473//472 477//476 478//477
f 417//416 477//476 473//472 413//412
f 418//417 479//478 477//476 417//416
f 478//477 477//476 479//478 480//479
f 422//421 481//480 482//481 421//420
f 483//482 482//481 481//480 484//483
f 480//479 479//478 482//481 483//482
f 421//420 482//481 479//478 418//417
f 425//424 485//484 486//485 426//425
f 487//486 486//485 485//484 488//487
f 484//483 481//480 486//485 487//486
f 426//425 486//485 481//480 422//421
f 425//424 427//426 489//488 485//484
f 490//489 489//488 427//426 410//409
f 491//490 492//491 489//488 490//489
f 489//488 492//491 488//487 485//484
f 476//475 493//492 494//493 472//471
f 493//492 491//490 490//489
f 410//409 409//408 494//493 490//489
f 472//471 494//493 409//408 408//407
f 475//474 495//494 496//495 474//473
f 497//496 496//495 495//494 498//497
f 496//495 497//496 499//498
f 476//475 474//473 496//495 500//499
f 440//439 501//500 502//501 449//448
f 503//502 502//501 501//500 504//503
f 505//504 506//505 502//501 503//502
f 449//448 502//501 506//505 446//445
f 507//506 508//507 509//508 510//509
f 511//510 509//508 508//507 512//511
f 509//508 511//510 505//504
f 510//509 509//508 513//512 498//497
f 480//479 514//513 515//514 478//477
f 510//509 515//514 514//513 507//506
f 498//497 495//494 515//514 510//509
f 478//477 515//514 495//494 475//474
f 511//510 516//515 506//505 505//504
f 517//516 516//515 511//510 512//511
f 452//451 516//515 517//516 455//454
f 446//445 506//505 516//515 452//451
f 484//483 518//517 519//518 483//482
f 520//519 519//518 518//517 521//520
f 507//506 514//513 519//518 520//519
f 483//482 519//518 514//513 480//479
f 488//487 522//521 523//522 487//486
f 524//523 523//522 522//521 525//524
f 521//520 518//517 523//522 524//523
f 487//486 523//522 518//517 484//483
f 503//502 504//503 526//525
f 526//525 499//498 497//496
f 527//526 497//496 498//497
f 513//512 505//504 503//502
f 528//527 529//528 530//529 531//530
f 458//457 530//529 529//528 461//460
f 455//454 517//516 530//529 458//457
f 531//530 530//529 517//516 512//511
f 532//531 533//532 534//533
f 535//534 536//535 537//536
f 528//527 538//537 532//531 537//536
f 533//532 532//531 538//537 539//538
f 540//539 537//536 536//535
f 465//464 540//539 541//540 466//465
f 461//460 529//528 540//539 465//464
f 537//536 540//539 529//528 528//527
f 542//541 543//542 541//540 536//535
f 544//543 543//542 542//541 545//544
f 445//444 470//469 543//542 544//543
f 470//469 466//465 541//540
f 445//444 544//543 546//545 439//438
f 547//546 546//545 544//543 545//544
f 504//503 501//500 546//545 547//546
f 501//500 440//439 439//438
f 545//544 548//547 549//548 547//546
f 550//549 549//548 548//547 551//550
f 552//551 553//552 549//548 550//549
f 547//546 549//548 553//552 504//503
f 554//553 550//549 551//550
f 555//554 554//553 556//555 557//556
f 558//557 559//558 554//553 555//554
f 550//549 554//553 559//558 552//551
f 560//559 561//560 562//561 563//562
f 564//563 565//564 562//561 561//560
f 562//561 565//564 566//565
f 564//563 561//560 567//566 568//567
f 569//568 567//566 561//560 560//559
f 557//556 556//555 567//566 569//568
f 568//567 567//566 556//555 551//550
f 570//569 571//570 572//571 573//572
f 574//573 572//571 571//570 575//574
f 572//571 574//573 576//575
f 577//576 578//577 573//572
f 579//578 580//579 581//580 582//581
f 575//574 571//570 580//579 579//578
f 583//582 580//579 571//570 570//569
f 581//580 580//579 583//582 566//565
f 582//581 584//583 585//584 579//578
f 586//585 585//584 584//583 587//586
f 588//587 589//588 585//584 586//585
f 579//578 585//584 589//588 575//574
f 590//589 591//590 592//591 593//592
f 591//590 536//535 535//534
f 534//533 594//593 592//591 535//534
f 593//592 592//591 594//593 595//594
f 596//595 597//596 598//597
f 599//598 545//544 542//541
f 536//535 591//590 596//595 542//541
f 591//590 590//589 597//596
f 600//599 598//597 597//596
f 603//600 599//598 598//597
f 568//567 603//600 604//601 564//563
f 551//550 548//547 603//600 568//567
f 548//547 545//544 599//598
f 605//602 565//564 564//563
f 606//603 605//602 604//601 598//597
f 606//603 607//604 608//605
f 608//605 566//565 565//564
f 606//603 609//606 610//607 607//604
f 600//599 609//606 606//603 598//597
f 602//608 611//609 609//606 600//599
f 610//607 609//606 611//609 612//610
f 607//604 613//611 614//612 608//605
f 613//611 615//613 616//614
f 582//581 581//580 614//612 616//614
f 608//605 614//612 581//580 566//565
f 617//615 618//616 619//617 620//618
f 621//619 619//617 618//616 622//620
f 615//613 613//611 619//617 621//619
f 620//618 619//617 613//611 607//604
f 623//621 624//622 625//623 626//624
f 627//625 628//626 625//623 624//622
f 629//627 625//623 628//626 630//628
f 629//627 587//586 626//624
f 631//629 616//614 615//613
f 623//621 626//624 631//629 632//630
f 631//629 626//624 587//586
f 616//614 631//629 584//583 582//581
f 627//625 633//631 634//632 628//626
f 635//633 636//634 634//632 633//631
f 637//635 634//632 636//634 612//610
f 630//628 628//626 634//632 637//635
f 638//636 639//637 640//638 641//639
f 632//630 640//638 639//637 623//621
f 632//630 615//613 621//619
f 622//620 641//639 640//638 621//619
f 612//610 636//634 642//640 610//607
f 643//641 642//640 636//634 635//633
f 617//615 620//618 642//640 643//641
f 610//607 642//640 620//618 607//604
f 644//642 643//641 635//633
f 644//642 645//643 638//636 641//639
f 622//620 618//616 644//642 641//639
f 618//616 617//615 643//641
f 646//644 639//637 638//636
f 645//643 635//633 633//631
f 646//644 633//631 627//625
f 624//622 623//621 639//637
f 647//645 648//646 649//647 650//648
f 75//74 649//647 648//646 72//71
f 61//60 77//76 649//647 75//74
f 650//648 649//647 77//76 76//75
f 72//71 648//646 651//649 150//149
f 652//650 651//649 648//646 647//645
f 653//651 654//652 651//649 652//650
f 150//149 651//649 654//652 152//151
f 647//645 655//653 656//654 652//650
f 657//655 656//654 655//653 658//656
f 659//657 660//658 656//654 657//655
f 652//650 656//654 660//658 653//651
f 661//659 662//660 654//652 653//651
f 663//661 664//662 662//660 661//659
f 195//194 192//191 662//660 664//662
f 654//652 662//660 192//191 152//151
f 659//657 665//663 666//664 660//658
f 667//665 666//664 665//663 668//666
f 663//661 661//659 666//664 667//665
f 653//651 660//658 666//664 661//659
f 669//667 670//668 664//662 663//661
f 670//668 669//667 671//669
f 672//670 203//202 202//201
f 664//662 670//668 202//201 195//194
f 663//661 667//665 673//671 669//667
f 668//666 674//672 673//671 667//665
f 675//673 673//671 674//672 676//674
f 669//667 673//671 675//673 671//669
f 677//675 678//676 679//677 680//678
f 346//345 679//677 678//676 347//346
f 289//288 343//342 679//677 346//345
f 679//677 343//342 283//282
f 681//679 682//680 677//675
f 680//678 283//282 286//285
f 681//679 286//285 203//202
f 672//670 671//669 682//680
f 671//669 675//673 683//681 682//680
f 676//674 684//682 683//681 675//673
f 685//683 683//681 684//682 686//684
f 677//675 682//680 683//681 685//683
f 76//75 687//685 688//686 650//648
f 689//687 688//686 687//685 690//688
f 658//656 655//653 688//686 689//687
f 650//648 688//686 655//653 647//645
f 691//689 692//690 690//688 687//685
f 79//78 691//689 687//685 76//75
f 81//80 693//691 691//689 79//78
f 692//690 691//689 693//691 694//692
f 695//693 696//694 697//695 698//696
f 692//690 696//694 695//693 690//688
f 694//692 699//697 696//694 692//690
f 696//694 699//697 700//698 697//695
f 689//687 701//699 702//700 658//656
f 703//701 701//699 689//687 690//688
f 704//702 702//700 701//699 703//701
f 698//696 705//703 706//704 695//693
f 707//705 706//704 705//703 708//706
f 703//701 706//704 707//705 704//702
f 706//704 703//701 690//688
f 709//707 710//708 711//709 712//710
f 657//655 710//708 709//707 659//657
f 658//656 702//700 710//708 657//655
f 711//709 710//708 702//700 704//702
f 713//711 714//712 715//713 716//714
f 717//715 715//713 714//712 718//716
f 708//706 705//703 715//713 717//715
f 716//714 715//713 705//703 698//696
f 718//716 714//712 719//717 720//718
f 721//719 719//717 714//712 713//711
f 7//7 11//11 719//717 721//719
f 720//718 719//717 11//11 10//10
f 722//720 723//721 724//722 725//723
f 723//721 722//720 712//710 711//709
f 704//702 707//705 723//721 711//709
f 708//706 724//722 723//721 707//705
f 717//715 726//724 724//722 708//706
f 718//716 727//725 726//724 717//715
f 725//723 724//722 726//724 727//725
f 10//10 105//104 728//726 720//718
f 106//105 729//727 728//726 105//104
f 730//728 731//729 728//726 729//727
f 720//718 728//726 731//729 718//716
f 712//710 732//730 733//731 709//707
f 734//732 733//731 732//730 735//733
f 668//666 665//663 733//731 734//732
f 709//707 733//731 665//663 659//657
f 736//734 737//735 731//729 730//728
f 738//736 737//735 736//734 739//737
f 725//723 727//725 737//735 738//736
f 731//729 737//735 727//725 718//716
f 739//737 740//738 741//739 738//736
f 732//730 741//739 740//738 735//733
f 722//720 741//739 732//730 712//710
f 738//736 741//739 722//720 725//723
f 735//733 742//740 743//741 734//732
f 744//742 743//741 742//740 745//743
f 676//674 674//672 743//741 744//742
f 734//732 743//741 674//672 668//666
f 735//733 740//738 746//744 742//740
f 747//745 746//744 740//738 739//737
f 748//746 749//747 746//744 747//745
f 742//740 746//744 749//747 745//743
f 730//728 750//748 751//749 736//734
f 751//749 750//748 752//750 753//751
f 747//745 751//749 753//751 748//746
f 736//734 751//749 747//745 739//737
f 110//109 754//752 755//753 108//107
f 750//748 755//753 754//752 752//750
f 730//728 729//727 755//753 750//748
f 108//107 755//753 729//727 106//105
f 756//754 757//755 758//756 759//757
f 760//758 758//756 757//755 761//759
f 745//743 749//747 758//756 760//758
f 759//757 758//756 749//747 748//746
f 745//743 760//758 762//760 744//742
f 763//761 762//760 760//758 761//759
f 686//684 684//682 762//760 763//761
f 744//742 762//760 684//682 676//674
f 748//746 753//751 764//762 759//757
f 765//763 764//762 753//751 752//750
f 759//757 764//762 765//763 756//754
f 686//684 766//764 767//765 685//683
f 768//766 767//765 766//764 769//767
f 347//346 678//676 767//765 768//766
f 685//683 767//765 678//676 677//675
f 300//299 770//768 771//769 299//298
f 772//770 771//769 770//768 773//771
f 752//750 754//752 771//769 772//770
f 299//298 771//769 754//752 110//109
f 763//761 774//772 766//764 686//684
f 761//759 775//773 774//772 763//761
f 774//772 775//773 769//767
f 773//771 776//774 777//775 772//770
f 778//776 777//775 776//774 779//777
f 756//754 765//763 777//775 778//776
f 772//770 777//775 765//763 752//750
f 779//777 780//778 781//779 778//776
f 775//773 781//779 780//778 769//767
f 761//759 757//755 781//779 775//773
f 778//776 781//779 757//755 756//754
f 769//767 782//780 783//781 768//766
f 784//782 783//781 782//780 785//783
f 263//262 348//347 783//781 784//782
f 768//766 783//781 348//347 347//346
f 204//203 786//784 787//785 303//302
f 788//786 787//785 786//784 789//787
f 773//771 770//768 787//785 788//786
f 303//302 787//785 770//768 300//299
f 789//787 790//788 791//789 788//786
f 792//790 791//789 790//788 793//791
f 779//777 776//774 791//789 792//790
f 788//786 791//789 776//774 773//771
f 793//791 794//792 795//793 792//790
f 782//780 795//793 794//792 785//783
f 769//767 780//778 795//793 782//780
f 792//790 795//793 780//778 779//777
f 796//794 784//782 785//783 797//795
f 798//796 799//797 796//794 797//795
f 268//267 264//263 796//794 799//797
f 784//782 796//794 264//263 263//262
f 82//81 800//798 801//799 207//206
f 802//800 801//799 800//798 803//801
f 789//787 786//784 801//799 802//800
f 207//206 801//799 786//784 204//203
f 803//801 804//802 805//803 802//800
f 806//804 805//803 804//802 807//805
f 793//791 790//788 805//803 806//804
f 802//800 805//803 790//788 789//787
f 807//805 808//806 809//807 806//804
f 797//795 809//807 808//806 798//796
f 785//783 794//792 809//807 797//795
f 806//804 809//807 794//792 793//791
f 810//808 811//809 85//84 90//89
f 812//810 811//809 810//808 813//811
f 803//801 800//798 811//809 812//810
f 85//84 811//809 800//798 82//81
f 500//499 499//498 814//812
f 815//813 816//814 814//812 817//815
f 816//814 815//813 491//490
f 493//492 476//475 500//499
f 818//816 819//817 820//818 821//819
f 822//820 820//818 819//817 817//815
f 552//551 559//558 820//818 822//820
f 821//819 820//818 559//558 558//557
f 823//821 492//491 491//490
f 824//822 823//821 815//813 817//815
f 525//524 522//521 823//821 824//822
f 492//491 823//821 522//521 488//487
f 822//820 825//823 553//552 552//551
f 814//812 825//823 822//820 817//815
f 499//498 526//525 825//823 814//812
f 553//552 825//823 526//525 504//503
f 826//824 827//825 828//826
f 829//827 830//828 831//829
f 826//824 831//829 832//830
f 833//831 817//815 827//825
f 830//828 834//832 835//833 831//829
f 834//832 836//834 837//835
f 838//836 839//837 835//833 837//835
f 831//829 835//833 839//837 832//830
f 840//838 841//839 842//840 843//841
f 844//842 845//843 842//840 841//839
f 846//844 847//845 842//840 845//843
f 843//841 842//840 847//845 848//846
f 849//847 850//848 851//849 852//850
f 853//851 851//849 850//848 854//852
f 855//853 856//854 851//849 853//851
f 852//850 851//849 856//854 857//855
f 854//852 858//856 859//857 853//851
f 860//858 859//857 858//856 861//859
f 862//860 863//861 859//857 860//858
f 853//851 859//857 863//861 855//853
f 864//862 865//863 866//864 867//865
f 868//866 866//864 865//863 869//867
f 854//852 850//848 866//864 868//866
f 867//865 866//864 850//848 849//847
f 870//868 871//869 872//870 873//871
f 874//872 872//870 871//869 875//873
f 869//867 865//863 872//870 874//872
f 873//871 872//870 865//863 864//862
f 869//867 876//874 877//875 868//866
f 878//876 877//875 876//874 879//877
f 861//859 858//856 877//875 878//876
f 868//866 877//875 858//856 854//852
f 879//877 880//878 881//879 878//876
f 810//808 881//879 880//878 813//811
f 90//89 882//880 881//879 810//808
f 878//876 881//879 882//880 861//859
f 883//881 884//882 885//883 886//884
f 887//885 885//883 884//882 888//886
f 870//868 889//887 885//883 887//885
f 886//884 885//883 889//887 890//888
f 813//811 891//889 892//890 812//810
f 893//891 892//890 891//889 894//892
f 807//805 804//802 892//890 893//891
f 812//810 892//890 804//802 803//801
f 895//893 896//894 897//895 898//896
f 899//897 896//894 895//893 900//898
f 799//797 896//894 899//897 268//267
f 799//797 798//796 897//895
f 894//892 901//899 902//900 893//891
f 897//895 902//900 901//899 898//896
f 798//796 808//806 902//900 897//895
f 893//891 902//900 808//806 807//805
f 903//901 904//902 900//898
f 903//901 895//893 898//896
f 577//576 903//901 905//903 578//577
f 904//902 903//901 577//576 576//575
f 879//877 906//904 907//905 880//878
f 908//906 907//905 906//904 909//907
f 894//892 891//889 907//905 908//906
f 880//878 907//905 891//889 813//811
f 910//908 874//872 875//873
f 911//909 909//907 906//904
f 910//908 906//904 879//877
f 874//872 910//908 876//874 869//867
f 888//886 912//910 913//911 887//885
f 912//910 909//907 911//909
f 875//873 871//869 913//911 911//909
f 887//885 913//911 871//869 870//868
f 914//912 915//913 916//914 917//915
f 914//912 909//907 912//910
f 918//916 915//913 912//910 888//886
f 915//913 918//916 919//917
f 917//915 920//918 921//919 914//912
f 922//920 921//919 920//918 923//921
f 921//919 922//920 924//922
f 925//923 909//907 914//912
f 924//922 922//920 926//924 927//925
f 928//926 926//924 922//920 923//921
f 578//577 905//903 926//924 928//926
f 927//925 926//924 905//903 898//896
f 908//906 929//927 901//899 894//892
f 925//923 929//927 908//906 909//907
f 924//922 927//925 929//927 925//923
f 898//896 901//899 929//927 927//925
f 433//432 430//429 930//928 931//929
f 441//440 930//928 430//429 429//428
f 443//442 932//930 930//928 441//440
f 933//931 931//929 930//928 932//930
f 934//932 935//933 936//934 937//935
f 462//461 467//466 936//934 935//933
f 437//436 436//435 936//934 467//466
f 435//434 937//935 936//934 436//435
f 938//936 939//937 940//938 941//939
f 942//940 940//938 939//937 943//941
f 450//449 457//456 940//938 942//940
f 941//939 940//938 457//456 456//455
f 942//940 944//942 451//450 450//449
f 945//943 944//942 942//940 943//941
f 933//931 932//930 944//942 945//943
f 451//450 944//942 932//930 443//442
f 934//932 946//944 947//945 935//933
f 941//939 947//945 946//944 938//936
f 456//455 463//462 947//945 941//939
f 935//933 947//945 463//462 462//461
f 948//946 949//947 950//948 951//949
f 950//948 949//947 943//941
f 938//936 946//944 950//948 939//937
f 951//949 950//948 946//944 934//932
f 933//931 945//943 952//950 931//929
f 945//943 943//941 949//947
f 948//946 953//951 952//950 949//947
f 433//432 931//929 952//950
f 948//946 951//949 954//952 953//951
f 937//935 954//952 951//949 934//932
f 435//434 434//433 954//952 937//935
f 954//952 434//433 433//432
f 955//953 956//954 378//377 377//376
f 957//955 956//954 955//953 366//365
f 354//353 350//349 956//954 957//955
f 378//377 956//954 350//349 349//348
f 366//365 365//364 958//956 957//955
f 386//385 958//956 365//364 364//363
f 355//354 353//352 958//956 386//385
f 354//353 957//955 958//956 353//352
f 358//357 361//360 959//957 370//369
f 955//953 959//957 361//360 366//365
f 959//957 955//953 377//376
f 370//369 959//957 960//958 367//366
f 367//366 960//958 961//959 368//367
f 375//374 961//959 960//958 377//376
f 376//375 398//397 961//959 375//374
f 368//367 961//959 398//397 372//371
f 962//960 918//916 888//886
f 963//961 962//960 884//882 883//881
f 964//962 965//963 962//960 963//961
f 918//916 962//960 965//963 919//917
f 558//557 966//964 967//965 821//819
f 968//966 967//965 966//964 969//967
f 970//968 971//969 967//965 968//966
f 821//819 967//965 971//969 818//816
f 972//970 973//971 974//972 975//973
f 916//914 974//972 973//971 917//915
f 919//917 965//963 974//972 916//914
f 975//973 974//972 965//963 964//962
f 969//967 976//974 977//975 968//966
f 975//973 977//975 976//974 972//970
f 964//962 978//976 977//975 975//973
f 968//966 977//975 978//976 970//968
f 570//569 979//977 980//978 583//582
f 981//979 980//978 979//977 982//980
f 560//559 563//562 980//978 981//979
f 583//582 980//978 563//562 566//565
f 983//981 982//980 984//982
f 920//918 985//983 984//982 923//921
f 985//983 920//918 917//915
f 973//971 972//970 983//981
f 986//984 987//985 988//986 989//987
f 982//980 983//981 988//986 987//985
f 972//970 976//974 988//986 983//981
f 989//987 988//986 976//974 969//967
f 923//921 984//982 990//988 928//926
f 979//977 990//988 984//982 982//980
f 570//569 573//572 990//988
f 928//926 990//988 573//572 578//577
f 991//989 569//568 560//559
f 981//979 982//980 987//985
f 986//984 992//990 991//989 987//985
f 569//568 991//989 992//990 557//556
f 557//556 992//990 993//991 555//554
f 989//987 993//991 992//990 986//984
f 969//967 966//964 993//991 989//987
f 555//554 993//991 966//964 558//557
f 844//842 994//992 995//993 996//994
f 997//995 995//993 994//992 998//996
f 999//997 1000//998 995//993 997//995
f 996//994 995//993 1000//998 1001//999
f 818//816 1002//1000 1003//1001 819//817
f 1004//1002 1003//1001 1002//1000 1005//1003
f 828//826 827//825 1003//1001 1004//1002
f 819//817 1003//1001 827//825 817//815
f 1006//1004 971//969 970//968
f 1007//1005 1008//1006 1009//1007
f 1005//1003 1002//1000 1006//1004 1009//1007
f 971//969 1006//1004 1002//1000 818//816
f 1010//1008 1011//1009 1008//1006
f 1007//1005 970//968 978//976
f 1010//1008 978//976 964//962
f 963//961 883//881 1011//1009
f 1008//1006 1012//1010 1013//1011 1009//1007
f 1014//1012 1013//1011 1012//1010 1015//1013
f 1016//1014 1017//1015 1013//1011 1014//1012
f 1017//1015 1005//1003 1009//1007
f 1012//1010 1018//1016 1019//1017 1015//1013
f 1011//1009 1018//1016 1012//1010 1008//1006
f 886//884 1018//1016 1011//1009 883//881
f 890//888 1019//1017 1018//1016 886//884
f 1020//1018 1021//1019 1022//1020 1023//1021
f 1024//1022 1022//1020 1021//1019 1025//1023
f 1026//1024 1022//1020 1024//1022 1027//1025
f 1023//1021 1022//1020 1026//1024 998//996
f 1028//1026 1029//1027 1030//1028 1031//1029
f 1032//1030 1030//1028 1029//1027 1033//1031
f 1015//1013 1019//1017 1030//1028 1032//1030
f 1031//1029 1030//1028 1019//1017 890//888
f 1034//1032 1035//1033 841//839 840//838
f 1023//1021 1035//1033 1034//1032 1020//1018
f 998//996 994//992 1035//1033 1023//1021
f 841//839 1035//1033 994//992 844//842
f 1016//1014 1014//1012 1036//1034 1037//1035
f 1032//1030 1036//1034 1014//1012 1015//1013
f 1033//1031 1038//1036 1036//1034 1032//1030
f 1039//1037 1037//1035 1036//1034 1038//1036
f 1028//1026 1040//1038 1041//1039 1042//1040
f 867//865 1041//1039 1040//1038 864//862
f 849//847 1043//1041 1041//1039 867//865
f 1042//1040 1041//1039 1043//1041 1025//1023
f 1044//1042 1021//1019 1020//1018 1045//1043
f 1033//1031 1029//1027 1044//1042 1045//1043
f 1042//1040 1044//1042 1029//1027 1028//1026
f 1025//1023 1021//1019 1044//1042 1042//1040
f 864//862 1040//1038 1046//1044 873//871
f 1031//1029 1046//1044 1040//1038 1028//1026
f 890//888 889//887 1046//1044 1031//1029
f 873//871 1046//1044 889//887 870//868
f 1047//1045 1038//1036 1033//1031 1045//1043
f 1034//1032 1047//1045 1045//1043 1020//1018
f 840//838 1048//1046 1047//1045 1034//1032
f 1038//1036 1047//1045 1048//1046 1039//1037
f 1049//1047 1050//1048 1051//1049 1052//1050
f 267//266 1051//1049 1050//1048 250//249
f 268//267 899//897 1051//1049 267//266
f 1052//1050 1051//1049 899//897 900//898
f 250//249 1050//1048 1053//1051 249//248
f 1054//1052 1053//1051 1050//1048 1049//1047
f 1055//1053 1056//1054 1053//1051 1054//1052
f 249//248 1053//1051 1056//1054 251//250
f 1049//1047 1057//1055 1058//1056 1054//1052
f 1059//1057 1058//1056 1057//1055 1060//1058
f 1061//1059 1062//1060 1058//1056 1059//1057
f 1054//1052 1058//1056 1062//1060 1055//1053
f 1063//1061 1064//1062 243//242 242//241
f 1065//1063 1066//1064 1064//1062 1063//1061
f 1067//1065 1064//1062 1066//1064 1068//1066
f 244//243 243//242 1064//1062 1067//1065
f 1069//1067 229//228 235//234
f 1070//1068 1071//1069 1072//1070
f 1073//1071 1074//1072 1069//1067 1072//1070
f 1074//1072 230//229 229//228
f 1075//1073 1076//1074 1077//1075 1078//1076
f 257//256 1077//1075 1076//1074 254//253
f 262//261 1079//1077 1077//1075 257//256
f 1078//1076 1077//1075 1079//1077 1080//1078
f 1081//1079 1082//1080 1083//1081 1084//1082
f 1085//1083 1083//1081 1082//1080 1086//1084
f 220//219 227//226 1083//1081 1085//1083
f 1084//1082 1083//1081 227//226 226//225
f 1087//1085 1088//1086 1089//1087 1090//1088
f 86//85 1089//1087 1088//1086 88//87
f 87//86 215//214 1089//1087 86//85
f 1090//1088 1089//1087 215//214 214//213
f 1086//1084 1091//1089 1092//1090 1085//1083
f 1090//1088 1092//1090 1091//1089 1087//1085
f 214//213 221//220 1092//1090 1090//1088
f 1085//1083 1092//1090 221//220 220//219
f 1093//1091 1094//1092 1095//1093 1096//1094
f 1097//1095 1095//1093 1094//1092 1098//1096
f 1087//1085 1091//1089 1095//1093 1097//1095
f 1096//1094 1095//1093 1091//1089 1086//1084
f 1099//1097 1100//1098 89//88 88//87
f 1099//1097 1101//1099 1102//1100
f 882//880 1100//1098 1102//1100 861//859
f 89//88 1100//1098 882//880 90//89
f 1098//1096 1103//1101 1104//1102 1097//1095
f 1099//1097 1104//1102 1103//1101 1101//1099
f 88//87 1088//1086 1104//1102 1099//1097
f 1097//1095 1104//1102 1088//1086 1087//1085
f 1105//1103 1106//1104 1107//1105 1108//1106
f 1106//1104 1109//1107 1110//1108
f 1107//1105 1110//1108 1111//1109
f 1112//1110 1113//1111 1108//1106
f 1114//1112 1115//1113 1116//1114 1117//1115
f 1108//1106 1116//1114 1115//1113 1105//1103
f 1113//1111 1118//1116 1116//1114 1108//1106
f 1117//1115 1116//1114 1118//1116 1119//1117
f 1120//1118 1121//1119 1122//1120 1123//1121
f 1124//1122 1125//1123 1121//1119 1120//1118
f 1126//1124 1121//1119 1125//1123 1127//1125
f 1128//1126 1122//1120 1121//1119 1126//1124
f 1129//1127 1130//1128 1131//1129 1132//1130
f 1133//1131 1131//1129 1130//1128 1134//1132
f 1135//1133 1136//1134 1131//1129 1133//1131
f 1132//1130 1131//1129 1136//1134 1137//1135
f 1060//1058 1138//1136 1139//1137 1059//1057
f 1140//1138 1139//1137 1138//1136 1141//1139
f 1139//1137 1140//1138 1142//1140
f 1059//1057 1139//1137 1143//1141 1061//1059
f 1144//1142 1145//1143 1146//1144
f 1147//1145 1148//1146 1146//1144 1149//1147
f 1148//1146 1147//1145 1150//1148
f 1144//1142 1148//1146 1151//1149 1152//1150
f 1153//1151 1140//1138 1141//1139
f 1154//1152 1155//1153 1153//1151 1156//1154
f 1153//1151 1155//1153 1157//1155
f 1153//1151 1158//1156 1142//1140 1140//1138
f 1159//1157 1155//1153 1154//1152
f 1159//1157 1160//1158 1149//1147
f 1145//1143 1161//1159 1159//1157 1146//1144
f 1161//1159 1157//1155 1155//1153
f 1162//1160 1052//1050 900//898
f 1163//1161 1162//1160 1164//1162 1165//1163
f 1060//1058 1057//1055 1162//1160 1163//1161
f 1052//1050 1162//1160 1057//1055 1049//1047
f 1163//1161 1165//1163 1166//1164
f 1141//1139 1138//1136 1167//1165 1166//1164
f 1060//1058 1163//1161 1167//1165 1138//1136
f 1168//1166 1169//1167 1170//1168
f 1171//1169 1154//1152 1156//1154
f 1156//1154 1141//1139 1166//1164
f 1168//1166 1166//1164 1165//1163
f 1154//1152 1171//1169 1172//1170 1160//1158
f 1171//1169 1170//1168 1173//1171
f 1174//1172 1175//1173 1172//1170 1173//1171
f 1175//1173 1149//1147 1160//1158
f 575//574 589//588 1176//1174 574//573
f 1177//1175 1176//1174 589//588 588//587
f 1178//1176 1179//1177 1176//1174 1177//1175
f 574//573 1176//1174 1179//1177 576//575
f 576//575 1179//1177 1180//1178 904//902
f 1179//1177 1178//1176 1181//1179
f 1165//1163 1164//1162 1180//1178 1181//1179
f 904//902 1180//1178 1164//1162 900//898
f 595//594 1182//1180 1183//1181 593//592
f 1184//1182 1183//1181 1182//1180 1185//1183
f 602//608 601//1184 1183//1181 1184//1182
f 601//1184 590//589 593//592
f 1181//1179 1186//1185 1169//1167 1165//1163
f 1178//1176 1187//1186 1186//1185 1181//1179
f 1188//1187 1186//1185 1187//1186 1189//1188
f 1169//1167 1186//1185 1188//1187 1170//1168
f 1190//1189 1185//1183 1191//1190
f 1192//1191 1193//1192 1194//1193 1191//1190
f 1190//1189 1194//1193 1193//1192 1189//1188
f 588//587 1195//1194 1196//1195 1177//1175
f 1190//1189 1196//1195 1195//1194 1185//1183
f 1189//1188 1187//1186 1196//1195 1190//1189
f 1177//1175 1196//1195 1187//1186 1178//1176
f 630//628 1197//1196 1198//1197 629//627
f 1197//1196 1185//1183 1195//1194
f 586//585 1198//1197 1195//1194 588//587
f 629//627 1198//1197 586//585 587//586
f 1184//1182 1199//1198 611//609 602//608
f 1184//1182 1185//1183 1197//1196
f 1197//1196 630//628 637//635
f 612//610 611//609 1199//1198 637//635
f 1200//1199 1173//1171 1170//1168
f 1189//1188 1193//1192 1200//1199 1188//1187
f 1200//1199 1193//1192 1192//1191
f 1201//1200 1174//1172 1173//1171
f 1202//1201 1203//1202 1204//1203 1205//1204
f 1206//1205 1204//1203 1203//1202 1207//1206
f 1208//1207 1209//1208 1204//1203 1206//1205
f 1205//1204 1204//1203 1209//1208 1210//1209
f 1208//1207 1211//1210 1212//1211 1209//1208
f 1213//1212 1212//1211 1211//1210 1214//1213
f 1215//1214 1216//1215 1212//1211 1213//1212
f 1216//1215 1210//1209 1209//1208
f 1206//1205 1217//1216 1211//1210 1208//1207
f 1218//1217 1217//1216 1206//1205 1207//1206
f 1219//1218 1220//1219 1217//1216 1218//1217
f 1211//1210 1217//1216 1220//1219 1214//1213
f 1221//1220 1222//1221 1223//1222 1224//1223
f 1225//1224 1226//1225 1222//1221 1221//1220
f 1218//1217 1222//1221 1226//1225 1219//1218
f 1207//1206 1223//1222 1222//1221 1218//1217
f 1214//1213 1220//1219 1227//1226 1228//1227
f 1229//1228 1227//1226 1220//1219 1219//1218
f 1230//1229 1231//1230 1227//1226 1229//1228
f 1228//1227 1227//1226 1231//1230 1232//1231
f 1225//1224 1233//1232 1234//1233 1226//1225
f 1235//1234 1234//1233 1233//1232 1236//1235
f 1234//1233 1235//1234 1230//1229 1229//1228
f 1219//1218 1226//1225 1234//1233 1229//1228
f 1237//1236 1238//1237 1235//1234 1236//1235
f 1239//1238 1240//1239 1238//1237 1237//1236
f 1241//1240 1238//1237 1240//1239 1242//1241
f 1230//1229 1235//1234 1238//1237 1241//1240
f 1243//1242 1244//1243 1245//1244 1246//1245
f 1247//1246 1248//1247 1245//1244 1244//1243
f 1118//1116 1245//1244 1248//1247 1119//1117
f 1246//1245 1245//1244 1118//1116 1113//1111
f 1249//1248 1250//1249 1251//1250 1252//1251
f 1253//1252 1251//1250 1250//1249 1254//1253
f 1098//1096 1094//1092 1251//1250 1253//1252
f 1252//1251 1251//1250 1094//1092 1093//1091
f 1255//1254 1253//1252 1254//1253
f 1103//1101 1255//1254 1256//1255 1101//1099
f 1253//1252 1255//1254 1103//1101 1098//1096
f 1111//1109 1257//1256 1258//1257 1112//1110
f 1257//1256 1259//1258 1260//1259
f 1243//1242 1246//1245 1258//1257
f 1113//1111 1112//1110 1258//1257 1246//1245
f 1261//1260 1262//1261 1263//1262
f 1264//1263 1261//1260 1265//1264 1266//1265
f 1261//1260 1264//1263 1259//1258
f 1257//1256 1111//1109 1262//1261
f 1267//1266 1260//1259 1259//1258
f 1268//1267 1267//1266 1269//1268 1270//1269
f 1271//1270 1272//1271 1267//1266 1268//1267
f 1260//1259 1267//1266 1272//1271 1243//1242
f 1270//1269 1273//1272 1274//1273
f 1273//1272 1266//1265 1275//1274
f 1275//1274 1101//1099 1256//1255
f 1256//1255 1254//1253 1276//1275
f 1101//1099 1275//1274 1277//1276 1102//1100
f 1275//1274 1266//1265 1278//1277
f 862//860 860//858 1277//1276 1278//1277
f 860//858 861//859 1102//1100
f 1270//1269 1269//1268 1279//1278 1273//1272
f 1259//1258 1264//1263 1279//1278 1269//1268
f 1273//1272 1279//1278 1264//1263 1266//1265
f 855//853 863//861 1280//1279 1281//1280
f 1278//1277 1280//1279 863//861 862//860
f 1266//1265 1265//1264 1280//1279 1278//1277
f 1281//1280 1280//1279 1265//1264 1263//1262
f 1282//1281 1283//1282 1271//1270
f 1282//1281 1268//1267 1270//1269 1276//1275
f 1254//1253 1250//1249 1282//1281 1276//1275
f 1250//1249 1249//1248 1283//1282
f 857//855 1284//1283 1285//1284 852//850
f 1024//1022 1285//1284 1284//1283 1027//1025
f 1025//1023 1043//1041 1285//1284 1024//1022
f 852//850 1285//1284 1043//1041 849//847
f 998//996 1026//1024 1286//1285 997//995
f 1027//1025 1287//1286 1286//1285 1026//1024
f 1288//1287 1286//1285 1287//1286 1289//1288
f 997//995 1286//1285 1288//1287 999//997
f 1290//1289 1281//1280 1263//1262
f 1291//1290 1290//1289 1292//1291 1293//1292
f 857//855 856//854 1290//1289 1291//1290
f 1281//1280 1290//1289 856//854 855//853
f 1111//1109 1110//1108 1294//1293 1262//1261
f 1295//1294 1294//1293 1110//1108 1109//1107
f 1293//1292 1292//1291 1294//1293 1295//1294
f 1292//1291 1263//1262 1262//1261
f 1296//1295 1297//1296 1298//1297 1299//1298
f 1027//1025 1284//1283 1297//1296 1296//1295
f 1291//1290 1297//1296 1284//1283 857//855
f 1293//1292 1298//1297 1297//1296
f 1289//1288 1287//1286 1300//1299 1301//1300
f 1296//1295 1300//1299 1287//1286 1027//1025
f 1299//1298 1301//1300 1300//1299 1296//1295
f 1295//1294 1302//1301 1303//1302 1293//1292
f 1109//1107 1304//1303 1302//1301 1295//1294
f 1305//1304 1303//1302 1302//1301 1304//1303
f 1289//1288 1306//1305 1307//1306 1288//1287
f 1308//1307 1309//1308 1307//1306 1306//1305
f 1310//1309 1307//1306 1309//1308 1311//1310
f 999//997 1288//1287 1307//1306 1310//1309
f 1312//1311 1313//1312 1301//1300 1299//1298
f 1313//1312 1312//1311 1314//1313
f 1306//1305 1313//1312 1315//1314 1308//1307
f 1301//1300 1313//1312 1306//1305 1289//1288
f 1305//1304 1316//1315 1317//1316 1303//1302
f 1312//1311 1317//1316 1316//1315 1314//1313
f 1299//1298 1298//1297 1317//1316 1312//1311
f 1303//1302 1317//1316 1298//1297 1293//1292
f 1309//1308 1308//1307 1318//1317
f 1319//1318 1320//1319 1321//1320 1318//1317
f 1322//1321 1321//1320 1320//1319 1323//1322
f 1311//1310 1309//1308 1321//1320 1322//1321
f 1324//1323 1325//1324 1106//1104 1105//1103
f 1325//1324 1324//1323 1326//1325 1327//1326
f 1305//1304 1304//1303 1325//1324 1327//1326
f 1106//1104 1325//1324 1304//1303 1109//1107
f 1326//1325 1328//1327 1329//1328 1327//1326
f 1330//1329 1329//1328 1328//1327 1331//1330
f 1329//1328 1330//1329 1314//1313
f 1327//1326 1329//1328 1316//1315 1305//1304
f 1331//1330 1332//1331 1333//1332 1330//1329
f 1318//1317 1333//1332 1332//1331 1319//1318
f 1308//1307 1315//1314 1333//1332 1318//1317
f 1315//1314 1314//1313 1330//1329
f 1334//1333 1335//1334 1336//1335 1337//1336
f 1338//1337 1336//1335 1335//1334 1339//1338
f 1323//1322 1320//1319 1336//1335 1338//1337
f 1320//1319 1319//1318 1337//1336
f 1105//1103 1115//1113 1340//1339 1324//1323
f 1341//1340 1340//1339 1115//1113 1114//1112
f 1342//1341 1340//1339 1341//1340 1343//1342
f 1324//1323 1340//1339 1342//1341 1326//1325
f 1343//1342 1344//1343 1345//1344 1342//1341
f 1346//1345 1345//1344 1344//1343 1347//1346
f 1331//1330 1328//1327 1345//1344 1346//1345
f 1342//1341 1345//1344 1328//1327 1326//1325
f 1347//1346 1348//1347 1349//1348 1346//1345
f 1337//1336 1349//1348 1348//1347 1334//1333
f 1319//1318 1332//1331 1349//1348 1337//1336
f 1346//1345 1349//1348 1332//1331 1331//1330
f 1350//1349 1351//1350 1352//1351 1353//1352
f 1354//1353 1352//1351 1351//1350 1355//1354
f 1356//1355 1357//1356 1352//1351 1354//1353
f 1353//1352 1352//1351 1357//1356 1358//1357
f 1359//1358 1351//1350 1350//1349
f 1360//1359 1359//1358 1361//1360 1362//1361
f 1363//1362 1364//1363 1359//1358 1360//1359
f 1351//1350 1359//1358 1364//1363 1355//1354
f 1365//1364 1366//1365 1367//1366 1368//1367
f 1368//1367 1369//1368 1370//1369
f 1371//1370 1372//1371 1365//1364 1370//1369
f 1365//1364 1372//1371 1373//1372 1366//1365
f 1369//1368 1374//1373 1375//1374 1370//1369
f 1376//1375 1375//1374 1374//1373 1377//1376
f 1378//1377 1379//1378 1375//1374 1376//1375
f 1370//1369 1375//1374 1379//1378 1371//1370
f 1152//1150 1151//1149 1380//1379 1381//1380
f 1382//1381 1380//1379 1151//1149 1150//1148
f 1383//1382 1384//1383 1380//1379 1382//1381
f 1381//1380 1380//1379 1384//1383 1385//1384
f 1386//1385 1387//1386 1388//1387 1389//1388
f 1387//1386 1390//1389 1391//1390
f 1377//1376 1374//1373 1388//1387 1391//1390
f 1374//1373 1369//1368 1389//1388
f 1390//1389 1387//1386 1392//1391 1393//1392
f 1394//1393 1392//1391 1387//1386 1386//1385
f 1385//1384 1384//1383 1392//1391 1394//1393
f 1393//1392 1392//1391 1384//1383 1383//1382
f 1395//1394 1396//1395 1397//1396 1398//1397
f 1399//1398 1397//1396 1396//1395 1400//1399
f 1401//1400 1402//1401 1397//1396 1399//1398
f 1398//1397 1397//1396 1402//1401 1403//1402
f 1404//1403 1405//1404 1406//1405 1407//1406
f 1147//1145 1406//1405 1405//1404 1150//1148
f 1406//1405 1147//1145 1149//1147
f 1407//1406 1406//1405 1175//1173 1174//1172
f 1408//1407 1409//1408 1405//1404 1404//1403
f 1382//1381 1409//1408 1408//1407 1383//1382
f 1409//1408 1382//1381 1150//1148
f 1377//1376 1410//1409 1411//1410 1376//1375
f 1398//1397 1411//1410 1410//1409 1395//1394
f 1403//1402 1412//1411 1411//1410 1398//1397
f 1376//1375 1411//1410 1412//1411 1378//1377
f 1174//1172 1201//1200 1413//1412 1407//1406
f 1201//1200 1192//1191 1414//1413
f 1415//1414 1416//1415 1413//1412 1414//1413
f 1416//1415 1404//1403 1407//1406
f 1417//1416 1418//1417 1419//1418
f 1417//1416 1420//1419 1404//1403
f 1418//1417 1417//1416 1416//1415 1415//1414
f 1400//1399 1421//1420 1422//1421
f 1415//1414 1423//1422 1422//1421
f 594//593 1422//1421 1423//1422 595//594
f 594//593 534//533 1424//1423
f 1425//1424 1419//1418 1418//1417
f 1421//1420 1426//1425 1418//1417 1415//1414
f 1426//1425 1421//1420 1400//1399
f 1425//1424 1426//1425 1396//1395 1395//1394
f 595//594 1423//1422 1427//1426 1182//1180
f 1414//1413 1427//1426 1423//1422 1415//1414
f 1192//1191 1191//1190 1427//1426 1414//1413
f 1182//1180 1427//1426 1191//1190 1185//1183
f 1390//1389 1428//1427 1429//1428 1391//1390
f 1425//1424 1429//1428 1428//1427 1419//1418
f 1429//1428 1425//1424 1395//1394
f 1391//1390 1429//1428 1410//1409 1377//1376
f 1408//1407 1404//1403 1420//1419
f 1428//1427 1430//1429 1420//1419 1419//1418
f 1428//1427 1390//1389 1393//1392
f 1430//1429 1393//1392 1383//1382
f 1431//1430 1432//1431 1433//1432 1434//1433
f 1412//1411 1433//1432 1432//1431 1378//1377
f 1403//1402 1402//1401 1433//1432 1412//1411
f 1402//1401 1401//1400 1434//1433
f 1435//1434 1436//1435 1432//1431 1431//1430
f 1437//1436 1436//1435 1435//1434 1438//1437
f 1436//1435 1437//1436 1371//1370
f 1432//1431 1436//1435 1379//1378 1378//1377
f 1439//1438 1440//1439 1441//1440 1442//1441
f 1443//1442 1441//1440 1440//1439 1444//1443
f 1441//1440 1443//1442 1438//1437
f 1442//1441 1441//1440 1435//1434 1431//1430
f 1437//1436 1445//1444 1372//1371 1371//1370
f 1438//1437 1446//1445 1445//1444 1437//1436
f 1447//1446 1448//1447 1445//1444 1446//1445
f 1373//1372 1372//1371 1445//1444
f 1443//1442 1449//1448 1446//1445 1438//1437
f 1449//1448 1443//1442 1444//1443 1450//1449
f 1451//1450 1452//1451 1449//1448 1450//1449
f 1446//1445 1449//1448 1452//1451 1447//1446
f 1453//1452 1454//1453 1455//1454 1456//1455
f 1457//1456 1455//1454 1454//1453 1458//1457
f 1459//1458 1460//1459 1455//1454 1457//1456
f 1456//1455 1455//1454 1460//1459 1461//1460
f 1462//1461 1463//1462 1464//1463 1465//1464
f 1466//1465 1464//1463 1463//1462 1467//1466
f 1358//1357 1357//1356 1464//1463 1466//1465
f 1465//1464 1464//1463 1357//1356 1356//1355
f 1468//1467 1469//1468 1470//1469 1471//1470
f 1338//1337 1470//1469 1469//1468 1323//1322
f 1339//1338 1472//1471 1470//1469 1338//1337
f 1471//1470 1470//1469 1472//1471 1473//1472
f 1311//1310 1474//1473 1475//1474 1310//1309
f 1476//1475 1475//1474 1474//1473 1477//1476
f 1001//999 1000//998 1475//1474 1476//1475
f 1310//1309 1475//1474 1000//998 999//997
f 1477//1476 1474//1473 1478//1477 1479//1478
f 1322//1321 1478//1477 1474//1473 1311//1310
f 1323//1322 1469//1468 1478//1477 1322//1321
f 1479//1478 1478//1477 1469//1468 1468//1467
f 1477//1476 1480//1479 1481//1480 1476//1475
f 1480//1479 1482//1481 1483//1482
f 1481//1480 1483//1482 1484//1483
f 1476//1475 1481//1480 1485//1484 1001//999
f 1001//999 1485//1484 1486//1485 996//994
f 1487//1486 1486//1485 1485//1484 1484//1483
f 846//844 845//843 1486//1485 1487//1486
f 996//994 1486//1485 845//843 844//842
f 1488//1487 1489//1488 1482//1481
f 1479//1478 1488//1487 1480//1479 1477//1476
f 1468//1467 1490//1489 1488//1487 1479//1478
f 1491//1490 1489//1488 1488//1487
f 1483//1482 1492//1491 1493//1492 1484//1483
f 1482//1481 1494//1493 1492//1491 1483//1482
f 1495//1494 1493//1492 1492//1491 1494//1493
f 1431//1430 1496//1495 1497//1496 1442//1441
f 1498//1497 1497//1496 1496//1495 1499//1498
f 1500//1499 1501//1500 1497//1496 1498//1497
f 1442//1441 1497//1496 1501//1500 1439//1438
f 1502//1501 1503//1502 1504//1503 1505//1504
f 1506//1505 1504//1503 1503//1502 1499//1498
f 1505//1504 1504//1503 1506//1505 1507//1506
f 1508//1507 1434//1433 1401//1400
f 1509//1508 1507//1506 1506//1505
f 1499//1498 1496//1495 1508//1507 1506//1505
f 1496//1495 1431//1430 1434//1433
f 1510//1509 1511//1510 1512//1511 1513//1512
f 1514//1513 1515//1514 1511//1510 1510//1509
f 1516//1515 1517//1516 1511//1510 1515//1514
f 1512//1511 1511//1510 1517//1516 1518//1517
f 1519//1518 1520//1519 1521//1520
f 1522//1521 1523//1522 1519//1518 1524//1523
f 1525//1524 1519//1518 1523//1522 1526//1525
f 1520//1519 1519//1518 1525//1524 1527//1526
f 1528//1527 1529//1528 1530//1529 1531//1530
f 1532//1531 1533//1532 1530//1529 1529//1528
f 1530//1529 1533//1532 1521//1520 1520//1519
f 1527//1526 1531//1530 1530//1529 1520//1519
f 1534//1533 1535//1534 1533//1532 1532//1531
f 1536//1535 1537//1536 1535//1534 1534//1533
f 1522//1521 1524//1523 1535//1534 1537//1536
f 1521//1520 1533//1532 1535//1534 1524//1523
f 1538//1537 1539//1538 1517//1516 1516//1515
f 1539//1538 1538//1537 1532//1531 1529//1528
f 1540//1539 1539//1538 1529//1528 1528//1527
f 1518//1517 1517//1516 1539//1538 1540//1539
f 1541//1540 1515//1514 1514//1513
f 1542//1541 1536//1535 1534//1533
f 1532//1531 1538//1537 1541//1540 1534//1533
f 1515//1514 1541//1540 1538//1537 1516//1515
f 1513//1512 1543//1542 1544//1543 1510//1509
f 1545//1544 1544//1543 1543//1542 1546//1545
f 1536//1535 1542//1541 1544//1543 1545//1544
f 1510//1509 1544//1543 1542//1541 1514//1513
f 1526//1525 1523//1522 1547//1546 1548//1547
f 1537//1536 1547//1546 1523//1522 1522//1521
f 1536//1535 1545//1544 1547//1546 1537//1536
f 1548//1547 1547//1546 1545//1544 1546//1545
f 1549//1548 1550//1549 1551//1550 1552//1551
f 1553//1552 1551//1550 1550//1549 1554//1553
f 1555//1554 1556//1555 1551//1550 1553//1552
f 1552//1551 1551//1550 1556//1555 1557//1556
f 1549//1548 1558//1557 1559//1558 1550//1549
f 1560//1559 1559//1558 1558//1557 1561//1560
f 1562//1561 1563//1562 1559//1558 1560//1559
f 1550//1549 1559//1558 1563//1562 1554//1553
f 1564//1563 1565//1564 1566//1565 1567//1566
f 1552//1551 1566//1565 1565//1564 1549//1548
f 1557//1556 1568//1567 1566//1565 1552//1551
f 1567//1566 1566//1565 1568//1567 1569//1568
f 1564//1563 1570//1569 1571//1570 1565//1564
f 1572//1571 1571//1570 1570//1569 1573//1572
f 1561//1560 1558//1557 1571//1570 1572//1571
f 1565//1564 1571//1570 1558//1557 1549//1548
f 1507//1506 1574//1573 1575//1574 1505//1504
f 1576//1575 1575//1574 1574//1573 1577//1576
f 1569//1568 1578//1577 1575//1574 1576//1575
f 1505//1504 1575//1574 1578//1577 1502//1501
f 1579//1578 1573//1572 1580//1579
f 1581//1580 1582//1581 1580//1579 1583//1582
f 1581//1580 832//830 839//837
f 1579//1578 1582//1581 839//837 838//836
f 1584//1583 833//831 832//830
f 1581//1580 1583//1582 1585//1584
f 525//524 824//822 1584//1583 1585//1584
f 833//831 1584//1583 824//822 817//815
f 1586//1585 1587//1586 1577//1576
f 1588//1587 1400//1399 1424//1423
f 1586//1585 1424//1423 534//533
f 533//532 539//538 1587//1586
f 1574//1573 1589//1588 1588//1587 1577//1576
f 1509//1508 1589//1588 1574//1573 1507//1506
f 1399//1398 1589//1588 1509//1508 1401//1400
f 1399//1398 1400//1399 1588//1587
f 525//524 1585//1584 1590//1589 524//523
f 1591//1590 1590//1589 1585//1584 1583//1582
f 1591//1590 1592//1591 1593//1592
f 1593//1592 521//520 524//523
f 1594//1593 1567//1566 1569//1568
f 1576//1575 1577//1576 1595//1594
f 1596//1595 1597//1596 1594//1593 1595//1594
f 1597//1596 1564//1563 1567//1566
f 512//511 1598//1597 1599//1598 531//530
f 1600//1599 1599//1598 1598//1597 1592//1591
f 538//537 1599//1598 1600//1599 539//538
f 531//530 1599//1598 538//537 528//527
f 1601//1600 508//507 507//506
f 520//519 521//520 1593//1592
f 1598//1597 1601//1600 1593//1592 1592//1591
f 1598//1597 512//511 508//507
f 1591//1590 1602//1601 1603//1602 1592//1591
f 1602//1601 1591//1590 1583//1582
f 1596//1595 1603//1602 1602//1601 1604//1603
f 539//538 1600//1599 1605//1604 1587//1586
f 1603//1602 1605//1604 1600//1599 1592//1591
f 1603//1602 1596//1595 1595//1594
f 1587//1586 1605//1604 1595//1594 1577//1576
f 1564//1563 1597//1596 1606//1605 1570//1569
f 1604//1603 1606//1605 1597//1596 1596//1595
f 1583//1582 1580//1579 1606//1605 1604//1603
f 1570//1569 1606//1605 1580//1579 1573//1572
f 838//836 837//835 1607//1606 1579//1578
f 1607//1606 837//835 836//834
f 1608//1607 1607//1606 1609//1608 1610//1609
f 1608//1607 1573//1572 1579//1578
f 1611//1610 1612//1611 1613//1612 1614//1613
f 1611//1610 1615//1614 1616//1615
f 1612//1611 1616//1615 846//844
f 1613//1612 1612//1611 1487//1486 1484//1483
f 1611//1610 1617//1616 1618//1617 1615//1614
f 1614//1613 1619//1618 1617//1616 1611//1610
f 1617//1616 1619//1618 1620//1619
f 1621//1620 1622//1621 1615//1614
f 1623//1622 1621//1620 1618//1617 1620//1619
f 1621//1620 1623//1622 1610//1609
f 1622//1621 1621//1620 1609//1608 836//834
f 1624//1623 1625//1624 1626//1625
f 1614//1613 1613//1612 1626//1625
f 1626//1625 1613//1612 1484//1483
f 1627//1626 1626//1625 1493//1492 1495//1494
f 1610//1609 1628//1627 1629//1628 1608//1607
f 1630//1629 1629//1628 1628//1627 1631//1630
f 1561//1560 1572//1571 1629//1628 1630//1629
f 1608//1607 1629//1628 1572//1571 1573//1572
f 1620//1619 1632//1631 1633//1632 1623//1622
f 1634//1633 1633//1632 1632//1631 1635//1634
f 1631//1630 1628//1627 1633//1632 1634//1633
f 1623//1622 1633//1632 1628//1627 1610//1609
f 1624//1623 1636//1635 1637//1636 1625//1624
f 1632//1631 1637//1636 1636//1635 1635//1634
f 1619//1618 1637//1636 1632//1631 1620//1619
f 1614//1613 1625//1624 1637//1636 1619//1618
f 1631//1630 1638//1637 1639//1638 1630//1629
f 1640//1639 1639//1638 1638//1637 1641//1640
f 1562//1561 1560//1559 1639//1638 1640//1639
f 1630//1629 1639//1638 1560//1559 1561//1560
f 1642//1641 1643//1642 1644//1643 1645//1644
f 1646//1645 1644//1643 1643//1642 1647//1646
f 1635//1634 1636//1635 1644//1643 1646//1645
f 1645//1644 1644//1643 1636//1635 1624//1623
f 1646//1645 1648//1647 1634//1633 1635//1634
f 1647//1646 1649//1648 1648//1647 1646//1645
f 1641//1640 1638//1637 1648//1647 1649//1648
f 1634//1633 1648//1647 1638//1637 1631//1630
f 1641//1640 1650//1649 1651//1650 1640//1639
f 1652//1651 1653//1652 1651//1650 1650//1649
f 1654//1653 1655//1654 1651//1650 1653//1652
f 1640//1639 1651//1650 1655//1654 1562//1561
f 1656//1655 1657//1656 1658//1657 1659//1658
f 1660//1659 1658//1657 1657//1656 1661//1660
f 1647//1646 1643//1642 1658//1657 1660//1659
f 1659//1658 1658//1657 1643//1642 1642//1641
f 1661//1660 1662//1661 1663//1662 1660//1659
f 1650//1649 1663//1662 1662//1661 1652//1651
f 1641//1640 1649//1648 1663//1662 1650//1649
f 1660//1659 1663//1662 1649//1648 1647//1646
f 1664//1663 1665//1664 1666//1665 1667//1666
f 1668//1667 1666//1665 1665//1664 1669//1668
f 1670//1669 1671//1670 1666//1665 1668//1667
f 1667//1666 1666//1665 1671//1670 1672//1671
f 1673//1672 1674//1673 1675//1674 1676//1675
f 1677//1676 1678//1677 1674//1673 1673//1672
f 1667//1666 1674//1673 1678//1677 1664//1663
f 1672//1671 1675//1674 1674//1673 1667//1666
f 1679//1678 1680//1679 1681//1680 1682//1681
f 1673//1672 1681//1680 1680//1679 1677//1676
f 1676//1675 1683//1682 1681//1680 1673//1672
f 1682//1681 1681//1680 1683//1682 1684//1683
f 1685//1684 1686//1685 1687//1686 1688//1687
f 172//171 1687//1686 1686//1685 176//175
f 171//170 1689//1688 1687//1686 172//171
f 1688//1687 1687//1686 1689//1688 1690//1689
f 1691//1690 1692//1691 181//180 180//179
f 1693//1692 1694//1693 1692//1691 1691//1690
f 1692//1691 1694//1693 1690//1689
f 181//180 1692//1691 1689//1688 171//170
f 180//179 191//190 1695//1694 1691//1690
f 1696//1695 1695//1694 191//190 190//189
f 1695//1694 1696//1695 1697//1696
f 1691//1690 1695//1694 1698//1697 1693//1692
f 1699//1698 1700//1699 1701//1700 1702//1701
f 1703//1702 1704//1703 1700//1699 1699//1698
f 1705//1704 1700//1699 1704//1703 1706//1705
f 1129//1127 1701//1700 1700//1699 1705//1704
f 276//275 1707//1706 1708//1707 275//274
f 1707//1706 1709//1708 1710//1709
f 137//136 136//135 1708//1707 1710//1709
f 275//274 1708//1707 136//135 141//140
f 135//134 1711//1710 1712//1711 130//129
f 1713//1712 1714//1713 1712//1711 1711//1710
f 143//142 1712//1711 1714//1713 144//143
f 130//129 1712//1711 143//142 127//126
f 1715//1714 1716//1715 1717//1716 1718//1717
f 1707//1706 1717//1716 1716//1715 1709//1708
f 276//275 328//327 1717//1716 1707//1706
f 1718//1717 1717//1716 328//327 329//328
f 1232//1231 1719//1718 1720//1719 1228//1227
f 1719//1718 1721//1720 1722//1721
f 1215//1214 1213//1212 1720//1719 1722//1721
f 1214//1213 1228//1227 1720//1719 1213//1212
f 1723//1722 1724//1723 1725//1724 1726//1725
f 1722//1721 1725//1724 1724//1723 1215//1214
f 1725//1724 1722//1721 1721//1720
f 1726//1725 1725//1724 1727//1726 1728//1727
f 1242//1241 1729//1728 1730//1729 1241//1240
f 1719//1718 1730//1729 1729//1728 1721//1720
f 1232//1231 1231//1230 1730//1729 1719//1718
f 1241//1240 1730//1729 1231//1230 1230//1229
f 1236//1235 1233//1232 1731//1730 1237//1236
f 1732//1731 1731//1730 1233//1232 1225//1224
f 1732//1731 1733//1732 1734//1733
f 1734//1733 1239//1238 1237//1236
f 1735//1734 1736//1735 1737//1736 1738//1737
f 1527//1526 1525//1524 1736//1735 1735//1734
f 1526//1525 1739//1738 1736//1735 1525//1524
f 1737//1736 1736//1735 1739//1738 1740//1739
f 1741//1740 1742//1741 1528//1527
f 1735//1734 1741//1740 1531//1530 1527//1526
f 1741//1740 1735//1734 1738//1737
f 1742//1741 1741//1740 1743//1742 1744//1743
f 1745//1744 1746//1745 1747//1746 1748//1747
f 1749//1748 1747//1746 1746//1745 1750//1749
f 1546//1545 1543//1542 1747//1746 1749//1748
f 1748//1747 1747//1746 1543//1542 1513//1512
f 1546//1545 1749//1748 1751//1750 1548//1547
f 1752//1751 1751//1750 1749//1748 1750//1749
f 1739//1738 1751//1750 1752//1751 1740//1739
f 1548//1547 1751//1750 1739//1738 1526//1525
f 1753//1752 1754//1753 1203//1202 1202//1201
f 1755//1754 1754//1753 1753//1752 1756//1755
f 1224//1223 1223//1222 1754//1753 1755//1754
f 1203//1202 1754//1753 1223//1222 1207//1206
f 1224//1223 1755//1754 1757//1756 1221//1220
f 1758//1757 1757//1756 1755//1754 1756//1755
f 1757//1756 1758//1757 1733//1732
f 1221//1220 1757//1756 1732//1731 1225//1224
f 1127//1125 1125//1123 1759//1758 1760//1759
f 1761//1760 1759//1758 1125//1123 1124//1122
f 1762//1761 1763//1762 1759//1758 1761//1760
f 1760//1759 1759//1758 1763//1762 1764//1763
f 1764//1763 1763//1762 1765//1764 1766//1765
f 1767//1766 1765//1764 1763//1762 1762//1761
f 1765//1764 1767//1766 1363//1362 1360//1359
f 1765//1764 1360//1359 1362//1361 1766//1765
f 1768//1767 1769//1768 1770//1769 1771//1770
f 1772//1771 1770//1769 1769//1768 1773//1772
f 1774//1773 1775//1774 1770//1769 1772//1771
f 1771//1770 1770//1769 1775//1774 1776//1775
f 1777//1776 1778//1777 1779//1778 1780//1779
f 1781//1780 1777//1776 1780//1779 1782//1781
f 156//155 159//158 1777//1776 1781//1780
f 1778//1777 1777//1776 159//158 164//163
f 1783//1782 1784//1783 1785//1784 1786//1785
f 1787//1786 1788//1787 1784//1783 1783//1782
f 1789//1788 1790//1789 1784//1783 1788//1787
f 1791//1790 1785//1784 1784//1783 1790//1789
f 1789//1788 1788//1787 1792//1791 1793//1792
f 1794//1793 1792//1791 1788//1787 1787//1786
f 144//143 1714//1713 1792//1791 1794//1793
f 1793//1792 1792//1791 1714//1713 1713//1712
f 1795//1794 1794//1793 1787//1786
f 1796//1795 1795//1794 1797//1796 1798//1797
f 1795//1794 1796//1795 147//146
f 1794//1793 1795//1794 146//145 144//143
f 1799//1798 1783//1782 1786//1785
f 1800//1799 1801//1800 1802//1801
f 1798//1797 1797//1796 1799//1798 1802//1801
f 1783//1782 1799//1798 1797//1796 1787//1786
f 1803//1802 1804//1803 1805//1804 1806//1805
f 1807//1806 1805//1804 1804//1803 1808//1807
f 176//175 1686//1685 1805//1804 1807//1806
f 1806//1805 1805//1804 1686//1685 1685//1684
f 1808//1807 1804//1803 1809//1808 1810//1809
f 1811//1810 1809//1808 1804//1803 1803//1802
f 1773//1772 1769//1768 1809//1808 1811//1810
f 1810//1809 1809//1808 1769//1768 1768//1767
f 1728//1727 1812//1811 1813//1812 1726//1725
f 1812//1811 1814//1813 1815//1814
f 1073//1071 1816//1815 1813//1812 1815//1814
f 1726//1725 1813//1812 1816//1815 1723//1722
f 1068//1066 1817//1816 1818//1817 1067//1065
f 1819//1818 1818//1817 1817//1816 1820//1819
f 1821//1820 1822//1821 1818//1817 1819//1818
f 1067//1065 1818//1817 1822//1821 244//243
f 1706//1705 1704//1703 1823//1822 1824//1823
f 1825//1824 1823//1822 1704//1703 1703//1702
f 1820//1819 1817//1816 1823//1822 1825//1824
f 1824//1823 1823//1822 1817//1816 1068//1066
f 1826//1825 1815//1814 1814//1813
f 1827//1826 1826//1825 1828//1827 1829//1828
f 230//229 1074//1072 1826//1825 1827//1826
f 1074//1072 1073//1071 1815//1814
f 1830//1829 1831//1830 1832//1831
f 1718//1717 1830//1829 1833//1832 1715//1714
f 329//328 332//331 1830//1829 1718//1717
f 1831//1830 1830//1829 332//331 231//230
f 1834//1833 1827//1826 1829//1828
f 1831//1830 1834//1833 1835//1834 1832//1831
f 231//230 1836//1835 1834//1833 1831//1830
f 1827//1826 1834//1833 1836//1835 230//229
f 1837//1836 1838//1837 1839//1838 1840//1839
f 239//238 1839//1838 1838//1837 236//235
f 244//243 1822//1821 1839//1838 239//238
f 1840//1839 1839//1838 1822//1821 1821//1820
f 1841//1840 1842//1841 1843//1842 1844//1843
f 1845//1844 1843//1842 1842//1841 1846//1845
f 1123//1121 1122//1120 1843//1842 1845//1844
f 1122//1120 1128//1126 1844//1843
f 132//131 1847//1846 1848//1847 140//139
f 1849//1848 1848//1847 1847//1846 1850//1849
f 272//271 1848//1847 1849//1848 269//268
f 141//140 140//139 1848//1847 272//271
f 127//126 149//148 1851//1850 128//127
f 1852//1851 1851//1850 149//148 148//147
f 1851//1850 1852//1851 1850//1849 1847//1846
f 128//127 1851//1850 1847//1846 132//131
f 1709//1708 1853//1852 1854//1853 1710//1709
f 1855//1854 1854//1853 1853//1852 1856//1855
f 133//132 138//137 1854//1853 1855//1854
f 1710//1709 1854//1853 138//137 137//136
f 1856//1855 1857//1856 1858//1857 1855//1854
f 1711//1710 1858//1857 1857//1856 1713//1712
f 134//133 1858//1857 1711//1710 135//134
f 1855//1854 1858//1857 134//133 133//132
f 1859//1858 1860//1859 1861//1860 1862//1861
f 339//338 1861//1860 1860//1859 337//336
f 236//235 1838//1837 1861//1860 339//338
f 1862//1861 1861//1860 1838//1837 1837//1836
f 337//336 1860//1859 1863//1862 338//337
f 1864//1863 1863//1862 1860//1859 1859//1858
f 1863//1862 1864//1863 1697//1696 1696//1695
f 190//189 338//337 1863//1862 1696//1695
f 259//258 1865//1864 1866//1865 258//257
f 1867//1866 1868//1867 1866//1865 1865//1864
f 1869//1868 1870//1869 1866//1865 1868//1867
f 258//257 1866//1865 1870//1869 260//259
f 282//281 279//278 1871//1870 1872//1871
f 1871//1870 279//278 280//279 1873//1872
f 1869//1868 1868//1867 1871//1870 1873//1872
f 1872//1871 1871//1870 1868//1867 1867//1866
f 1518//1517 1874//1873 1875//1874 1512//1511
f 1876//1875 1875//1874 1874//1873 1877//1876
f 1876//1875 1745//1744 1748//1747
f 1513//1512 1512//1511 1875//1874 1748//1747
f 1878//1877 1879//1878 1877//1876
f 1540//1539 1878//1877 1874//1873 1518//1517
f 1528//1527 1742//1741 1878//1877 1540//1539
f 1742//1741 1744//1743 1879//1878
f 1880//1879 1881//1880 1882//1881 1883//1882
f 1884//1883 1882//1881 1881//1880 1885//1884
f 1886//1885 1887//1886 1882//1881 1884//1883
f 1883//1882 1882//1881 1887//1886 1888//1887
f 1453//1452 1456//1455 1889//1888 1890//1889
f 1891//1890 1889//1888 1456//1455 1461//1460
f 1885//1884 1881//1880 1889//1888 1891//1890
f 1890//1889 1889//1888 1881//1880 1880//1879
f 1892//1891 1893//1892 1894//1893 1895//1894
f 1896//1895 1894//1893 1893//1892 1897//1896
f 1898//1897 1899//1898 1894//1893 1896//1895
f 1895//1894 1894//1893 1899//1898 1900//1899
f 1901//1900 1902//1901 1903//1902 1904//1903
f 1896//1895 1903//1902 1902//1901 1898//1897
f 1897//1896 1905//1904 1903//1902 1896//1895
f 1904//1903 1903//1902 1905//1904 1906//1905
f 1723//1722 1907//1906 1908//1907 1724//1723
f 1909//1908 1908//1907 1907//1906 1910//1909
f 1210//1209 1216//1215 1908//1907 1909//1908
f 1724//1723 1908//1907 1216//1215 1215//1214
f 1071//1069 1911//1910 1912//1911 1072//1070
f 1910//1909 1907//1906 1912//1911 1911//1910
f 1912//1911 1907//1906 1723//1722 1816//1815
f 1072//1070 1912//1911 1816//1815 1073//1071
f 1080//1078 1913//1912 1914//1913 1078//1076
f 1915//1914 1914//1913 1913//1912 1916//1915
f 1917//1916 1918//1917 1914//1913 1915//1914
f 1078//1076 1914//1913 1918//1917 1075//1073
f 1919//1918 1920//1919 1921//1920 1922//1921
f 1915//1914 1921//1920 1920//1919 1917//1916
f 1916//1915 1923//1922 1921//1920 1915//1914
f 1924//1923 1922//1921 1921//1920 1923//1922
f 1925//1924 1926//1925 1927//1926
f 1928//1927 1925//1924 1929//1928 1930//1929
f 1931//1930 1932//1931 1925//1924 1928//1927
f 1932//1931 1933//1932 1926//1925
f 1930//1929 1929//1928 1934//1933 1935//1934
f 1929//1928 1927//1926 1936//1935
f 1758//1757 1934//1933 1936//1935 1733//1732
f 1758//1757 1756//1755 1935//1934
f 1900//1899 1937//1936 1938//1937 1895//1894
f 1939//1938 1938//1937 1937//1936 1940//1939
f 1137//1135 1941//1940 1938//1937 1939//1938
f 1895//1894 1938//1937 1941//1940 1892//1891
f 1942//1941 1132//1130 1137//1135
f 1943//1942 1942//1941 1939//1938 1940//1939
f 1942//1941 1943//1942 1702//1701
f 1132//1130 1942//1941 1701//1700 1129//1127
f 1944//1943 1945//1944 1946//1945 1947//1946
f 1948//1947 1946//1945 1945//1944 1949//1948
f 1846//1845 1842//1841 1946//1945 1948//1947
f 1947//1946 1946//1945 1842//1841 1841//1840
f 1949//1948 1945//1944 1950//1949 1951//1950
f 1945//1944 1944//1943 1952//1951
f 1919//1918 1922//1921 1950//1949 1952//1951
f 1951//1950 1950//1949 1922//1921 1924//1923
f 1932//1931 1931//1930 1953//1952
f 1954//1953 1955//1954 1953//1952 1956//1955
f 1955//1954 1954//1953 1957//1956 1958//1957
f 1955//1954 1958//1957 1933//1932
f 1959//1958 1957//1956 1954//1953
f 1960//1959 1954//1953 1956//1955 1961//1960
f 1746//1745 1960//1959 1961//1960 1750//1749
f 1959//1958 1960//1959 1746//1745 1745//1744
f 1906//1905 1962//1961 1963//1962 1904//1903
f 1964//1963 1965//1964 1963//1962 1962//1961
f 1966//1965 1963//1962 1965//1964 1967//1966
f 1904//1903 1963//1962 1966//1965 1901//1900
f 1967//1966 1965//1964 1968//1967 1969//1968
f 1970//1969 1968//1967 1965//1964 1964//1963
f 1888//1887 1887//1886 1968//1967 1970//1969
f 1887//1886 1886//1885 1969//1968
f 1971//1970 1972//1971 1973//1972
f 1974//1973 1975//1974 1976//1975
f 1744//1743 1743//1742 1971//1970 1976//1975
f 1972//1971 1971//1970 1743//1742 1738//1737
f 1977//1976 1978//1977 1979//1978 1980//1979
f 1981//1980 1979//1978 1978//1977 1982//1981
f 1467//1466 1463//1462 1979//1978 1981//1980
f 1980//1979 1979//1978 1463//1462 1462//1461
f 1983//1982 1984//1983 1985//1984 1986//1985
f 1987//1986 1985//1984 1984//1983 1988//1987
f 1989//1988 1990//1989 1985//1984 1987//1986
f 1986//1985 1985//1984 1990//1989 1991//1990
f 1988//1987 1984//1983 1992//1991 1993//1992
f 1994//1993 1992//1991 1984//1983 1983//1982
f 1670//1669 1668//1667 1992//1991 1994//1993
f 1993//1992 1992//1991 1668//1667 1669//1668
f 1995//1994 1996//1995 1997//1996 1998//1997
f 1688//1687 1997//1996 1996//1995 1685//1684
f 1690//1689 1999//1998 1997//1996 1688//1687
f 1998//1997 1997//1996 1999//1998 2000//1999
f 2001//2000 2002//2001 2003//2002
f 2004//2003 2005//2004 2006//2005
f 2001//2000 2006//2005 1693//1692
f 2002//2001 2001//2000 1698//1697 1697//1696
f 2007//2006 2008//2007 2009//2008 2010//2009
f 1819//1818 2009//2008 2008//2007 1821//1820
f 1820//1819 2011//2010 2009//2008 1819//1818
f 2010//2009 2009//2008 2011//2010 2012//2011
f 2013//2012 2014//2013 2015//2014 2016//2015
f 1943//1942 2015//2014 2014//2013 1702//1701
f 1940//1939 2017//2016 2015//2014 1943//1942
f 2016//2015 2015//2014 2017//2016 2018//2017
f 2019//2018 2020//2019 2021//2020 2022//2021
f 2023//2022 2021//2020 2020//2019 2024//2023
f 1709//1708 1716//1715 2021//2020 2023//2022
f 2022//2021 2021//2020 1716//1715 1715//1714
f 2025//2024 2026//2025 2027//2026 2028//2027
f 2029//2028 2027//2026 2026//2025 2030//2029
f 1721//1720 1729//1728 2027//2026 2029//2028
f 2028//2027 2027//2026 1729//1728 1242//1241
f 2031//2030 2032//2031 2033//2032 2034//2033
f 2035//2034 2033//2032 2032//2031 2036//2035
f 1829//1828 1828//1827 2033//2032 2035//2034
f 2034//2033 2033//2032 1828//1827 1814//1813
f 2037//2036 2038//2037 2039//2038 2040//2039
f 1737//1736 2038//2037 2037//2036 1738//1737
f 1740//1739 2041//2040 2038//2037 1737//1736
f 2039//2038 2038//2037 2041//2040 2042//2041
f 2043//2042 2044//2043 2045//2044
f 1753//1752 2043//2042 2046//2045 1756//1755
f 1202//1201 2047//2046 2043//2042 1753//1752
f 2044//2043 2043//2042 2047//2046 2018//2017
f 2048//2047 2049//2048 2050//2049 2051//2050
f 2049//2048 1901//1900 1966//1965
f 1967//1966 2052//2051 2050//2049 1966//1965
f 2051//2050 2050//2049 2052//2051 2053//2052
f 2054//2053 2055//2054 2056//2055 2057//2056
f 1772//1771 2056//2055 2055//2054 1774//1773
f 1773//1772 2058//2057 2056//2055 1772//1771
f 2057//2056 2056//2055 2058//2057 2059//2058
f 147//146 2060//2059 2061//2060 145//144
f 2062//2061 2061//2060 2060//2059 2063//2062
f 1995//1994 2064//2063 2061//2060 2062//2061
f 145//144 2061//2060 2064//2063 148//147
f 1998//1997 2065//2064 2064//2063 1995//1994
f 2000//1999 2066//2065 2065//2064 1998//1997
f 1850//1849 1852//1851 2065//2064 2066//2065
f 148//147 2064//2063 2065//2064 1852//1851
f 1685//1684 1996//1995 2067//2066 1806//1805
f 2062//2061 2067//2066 1996//1995 1995//1994
f 2063//2062 2068//2067 2067//2066 2062//2061
f 1806//1805 2067//2066 2068//2067 1803//1802
f 1850//1849 2066//2065 2069//2068 1849//1848
f 2070//2069 2069//2068 2066//2065 2000//1999
f 2071//2070 2069//2068 2070//2069 2005//2004
f 269//268 1849//1848 2069//2068 2071//2070
f 2005//2004 2004//2003 2072//2071 2071//2070
f 2073//2072 2072//2071 2004//2003 2003//2002
f 274//273 270//269 2072//2071 2073//2072
f 2071//2070 2072//2071 270//269 269//268
f 1694//1693 1693//1692 2006//2005
f 2005//2004 2070//2069 2074//2073 2006//2005
f 2074//2073 2070//2069 2000//1999
f 1694//1693 2074//2073 1999//1998 1690//1689
f 274//273 2073//2072 2075//2074 327//326
f 2003//2002 2076//2075 2075//2074 2073//2072
f 2077//2076 2078//2077 2075//2074 2076//2075
f 327//326 2075//2074 2078//2077 324//323
f 2002//2001 2079//2078 2076//2075 2003//2002
f 1697//1696 1864//1863 2079//2078 2002//2001
f 2079//2078 1864//1863 1859//1858
f 2076//2075 2079//2078 2080//2079 2077//2076
f 234//233 2081//2080 2082//2081 233//232
f 2083//2082 2082//2081 2081//2080 2084//2083
f 2007//2006 2085//2084 2082//2081 2083//2082
f 233//232 2082//2081 2085//2084 235//234
f 235//234 2085//2084 2086//2085 1070//1068
f 2010//2009 2086//2085 2085//2084 2007//2006
f 2012//2011 2087//2086 2086//2085 2010//2009
f 1070//1068 2086//2085 2087//2086 1071//1069
f 1821//1820 2008//2007 2088//2087 1840//1839
f 2083//2082 2088//2087 2008//2007 2007//2006
f 2084//2083 2089//2088 2088//2087 2083//2082
f 1840//1839 2088//2087 2089//2088 1837//1836
f 1910//1909 2090//2089 2091//2090 1909//1908
f 2092//2091 2091//2090 2090//2089 2093//2092
f 2013//2012 2094//2093 2091//2090 2092//2091
f 1909//1908 2091//2090 2094//2093 1210//1209
f 1210//1209 2094//2093 2095//2094 1205//1204
f 2016//2015 2095//2094 2094//2093 2013//2012
f 2018//2017 2047//2046 2095//2094 2016//2015
f 1205//1204 2095//2094 2047//2046 1202//1201
f 1702//1701 2014//2013 2096//2095 1699//1698
f 2092//2091 2096//2095 2014//2013 2013//2012
f 2093//2092 2097//2096 2096//2095 2092//2091
f 1699//1698 2096//2095 2097//2096 1703//1702
f 2098//2097 2099//2098 2100//2099 2101//2100
f 2102//2101 2100//2099 2099//2098 2103//2102
f 161//160 157//156 2100//2099 2102//2101
f 2101//2100 2100//2099 157//156 156//155
f 2103//2102 2104//2103 2105//2104 2102//2101
f 2106//2105 2105//2104 2104//2103 2107//2106
f 168//167 165//164 2105//2104 2106//2105
f 2102//2101 2105//2104 165//164 161//160
f 2108//2107 2104//2103 2103//2102 2109//2108
f 1857//1856 2108//2107 2109//2108 1713//1712
f 2110//2109 2108//2107 1857//1856 1856//1855
f 2107//2106 2104//2103 2108//2107 2110//2109
f 1789//1788 1793//1792 2111//2110 2112//2111
f 2109//2108 2111//2110 1793//1792 1713//1712
f 2103//2102 2099//2098 2111//2110 2109//2108
f 2112//2111 2111//2110 2099//2098 2098//2097
f 2107//2106 2113//2112 2114//2113 2106//2105
f 2115//2114 2114//2113 2113//2112 2024//2023
f 280//279 277//276 2114//2113 2115//2114
f 2106//2105 2114//2113 277//276 168//167
f 2024//2023 2020//2019 2116//2115 2115//2114
f 2117//2116 2116//2115 2020//2019 2019//2018
f 1869//1868 1873//1872 2116//2115 2117//2116
f 2115//2114 2116//2115 1873//1872 280//279
f 1856//1855 1853//1852 2118//2117 2110//2109
f 2023//2022 2118//2117 1853//1852 1709//1708
f 2024//2023 2113//2112 2118//2117 2023//2022
f 2110//2109 2118//2117 2113//2112 2107//2106
f 2119//2118 2120//2119 2121//2120 2122//2121
f 2123//2122 2121//2120 2120//2119 2030//2029
f 1924//1923 1923//1922 2121//2120 2123//2122
f 2122//2121 2121//2120 1923//1922 1916//1915
f 2124//2123 1951//1950 1924//1923
f 2030//2029 2026//2025 2124//2123 2123//2122
f 2026//2025 2025//2024 2125//2124
f 1951//1950 2124//2123 2125//2124 1949//1948
f 1728//1727 1727//1726 2126//2125 2127//2126
f 2029//2028 2126//2125 1727//1726 1721//1720
f 2030//2029 2120//2119 2126//2125 2029//2028
f 2120//2119 2119//2118 2127//2126
f 2128//2127 2129//2128 2130//2129 2131//2130
f 2132//2131 2130//2129 2129//2128 2036//2035
f 262//261 261//260 2130//2129 2132//2131
f 2131//2130 2130//2129 261//260 260//259
f 2036//2035 2032//2031 2133//2132 2132//2131
f 2134//2133 2133//2132 2032//2031 2031//2030
f 1080//1078 1079//1077 2133//2132 2134//2133
f 2132//2131 2133//2132 1079//1077 262//261
f 1832//1831 1835//1834 2135//2134 2136//2135
f 2035//2034 2135//2134 1835//1834 1829//1828
f 2036//2035 2129//2128 2135//2134 2035//2034
f 2136//2135 2135//2134 2129//2128 2128//2127
f 2137//2136 2138//2137 2139//2138 2140//2139
f 2138//2137 2141//2140 2142//2141
f 2139//2138 2142//2141 1123//1121
f 2140//2139 2139//2138 1845//1844 1846//1845
f 2142//2141 2143//2142 1120//1118 1123//1121
f 2143//2142 2142//2141 2141//2140
f 2144//2143 2145//2144 2143//2142 2146//2145
f 1120//1118 2143//2142 2145//2144 1124//1122
f 2147//2146 2148//2147 2146//2145 2141//2140
f 1733//1732 1936//1935 2148//2147 2147//2146
f 1927//1926 2149//2148 2148//2147 1936//1935
f 2146//2145 2148//2147 2149//2148 2144//2143
f 1239//1238 1734//1733 2150//2149 2151//2150
f 2147//2146 2150//2149 1734//1733 1733//1732
f 2141//2140 2138//2137 2150//2149 2147//2146
f 2138//2137 2137//2136 2151//2150
f 2152//2151 2153//2152 2154//2153 2155//2154
f 2153//2152 2156//2155 2157//2156
f 2154//2153 2157//2156 1355//1354
f 2155//2154 2154//2153 1364//1363 1363//1362
f 1355//1354 2157//2156 2158//2157 1354//1353
f 2157//2156 2156//2155 2159//2158
f 2160//2159 2161//2160 2158//2157 2159//2158
f 1354//1353 2158//2157 2161//2160 1356//1355
f 2156//2155 2162//2161 2163//2162 2159//2158
f 1876//1875 2163//2162 2162//2161 1745//1744
f 1877//1876 2164//2163 2163//2162 1876//1875
f 2159//2158 2163//2162 2164//2163 2160//2159
f 1957//1956 1959//1958 2165//2164 2166//2165
f 2162//2161 2165//2164 1959//1958 1745//1744
f 2156//2155 2153//2152 2165//2164 2162//2161
f 2166//2165 2165//2164 2153//2152 2152//2151
f 1356//1355 2161//2160 2167//2166 1465//1464
f 2168//2167 2167//2166 2161//2160 2160//2159
f 2169//2168 2170//2169 2167//2166 2168//2167
f 2170//2169 1462//1461 1465//1464
f 1462//1461 2170//2169 2171//2170 1980//1979
f 2172//2171 2171//2170 2170//2169 2169//2168
f 2173//2172 2174//2173 2171//2170 2172//2171
f 1980//1979 2171//2170 2174//2173 1977//1976
f 2169//2168 2175//2174 2176//2175 2172//2171
f 1976//1975 2176//2175 2175//2174 1744//1743
f 2176//2175 1976//1975 1975//1974
f 2172//2171 2176//2175 2177//2176 2173//2172
f 1744//1743 2175//2174 2178//2177 1879//1878
f 2168//2167 2178//2177 2175//2174 2169//2168
f 2160//2159 2164//2163 2178//2177 2168//2167
f 1879//1878 2178//2177 2164//2163 1877//1876
f 1679//1678 2179//2178 2180//2179 1680//1679
f 2181//2180 2180//2179 2179//2178 2182//2181
f 2183//2182 2184//2183 2180//2179 2181//2180
f 1680//1679 2180//2179 2184//2183 1677//1676
f 2185//2184 2184//2183 2183//2182 2186//2185
f 2187//2186 2185//2184 2186//2185 2188//2187
f 1664//1663 1678//1677 2185//2184 2187//2186
f 2184//2183 2185//2184 1678//1677 1677//1676
f 2188//2187 2189//2188 2190//2189 2187//2186
f 2191//2190 2190//2189 2189//2188 2192//2191
f 1669//1668 1665//1664 2190//2189 2191//2190
f 2187//2186 2190//2189 1665//1664 1664//1663
f 1669//1668 2191//2190 2193//2192 1993//1992
f 2194//2193 2193//2192 2191//2190 2192//2191
f 2195//2194 2196//2195 2193//2192 2194//2193
f 1993//1992 2193//2192 2196//2195 1988//1987
f 1988//1987 2196//2195 2197//2196 1987//1986
f 2198//2197 2197//2196 2196//2195 2195//2194
f 2199//2198 2200//2199 2197//2196 2198//2197
f 2200//2199 1989//1988 1987//1986
f 2201//2200 2202//2201 2203//2202 2204//2203
f 2205//2204 2203//2202 2202//2201 2040//2039
f 1461//1460 1460//1459 2203//2202 2205//2204
f 2204//2203 2203//2202 1460//1459 1459//1458
f 1461//1460 2205//2204 2206//2205 1891//1890
f 2039//2038 2206//2205 2205//2204 2040//2039
f 2042//2041 2207//2206 2206//2205 2039//2038
f 2207//2206 1885//1884 1891//1890
f 1973//1972 1972//1971 2208//2207 2209//2208
f 2037//2036 2208//2207 1972//1971 1738//1737
f 2040//2039 2202//2201 2208//2207 2037//2036
f 2209//2208 2208//2207 2202//2201 2201//2200
f 1885//1884 2207//2206 2210//2209 1884//1883
f 2211//2210 2210//2209 2207//2206 2042//2041
f 2212//2211 2213//2212 2210//2209 2211//2210
f 1884//1883 2210//2209 2213//2212 1886//1885
f 1886//1885 2213//2212 2214//2213 1969//1968
f 2215//2214 2214//2213 2213//2212 2212//2211
f 2053//2052 2052//2051 2214//2213 2215//2214
f 2052//2051 1967//1966 1969//1968
f 2215//2214 2216//2215 2217//2216 2053//2052
f 2212//2211 2218//2217 2216//2215 2215//2214
f 1750//1749 1961//1960 2216//2215 2218//2217
f 2216//2215 1961//1960 1956//1955 2217//2216
f 1740//1739 1752//1751 2219//2218 2041//2040
f 2218//2217 2219//2218 1752//1751 1750//1749
f 2212//2211 2211//2210 2219//2218 2218//2217
f 2042//2041 2041//2040 2219//2218 2211//2210
f 2220//2219 2221//2220 2222//2221 2223//2222
f 2224//2223 2222//2221 2221//2220 2045//2044
f 1900//1899 1899//1898 2222//2221 2224//2223
f 1899//1898 1898//1897 2223//2222
f 1937//1936 1900//1899 2224//2223
f 2044//2043 2225//2224 2224//2223 2045//2044
f 2018//2017 2017//2016 2225//2224 2044//2043
f 2017//2016 1940//1939 1937//1936
f 1930//1929 1935//1934 2226//2225 2227//2226
f 2046//2045 2226//2225 1935//1934 1756//1755
f 2045//2044 2221//2220 2226//2225 2046//2045
f 2221//2220 2220//2219 2227//2226
f 1930//1929 2227//2226 2228//2227 1928//1927
f 2229//2228 2228//2227 2227//2226 2220//2219
f 2048//2047 2230//2229 2228//2227 2229//2228
f 1928//1927 2228//2227 2230//2229 1931//1930
f 1931//1930 2230//2229 2231//2230 1953//1952
f 2051//2050 2231//2230 2230//2229 2048//2047
f 2231//2230 2051//2050 2053//2052
f 2231//2230 2217//2216 1956//1955 1953//1952
f 1901//1900 2049//2048 2232//2231 1902//1901
f 2229//2228 2232//2231 2049//2048 2048//2047
f 2220//2219 2223//2222 2232//2231 2229//2228
f 2232//2231 2223//2222 1898//1897
f 2233//2232 1958//1957 1957//1956
f 2233//2232 2166//2165 2152//2151 2234//2233
f 2235//2234 2236//2235 2233//2232 2234//2233
f 1958//1957 2233//2232 2236//2235 1933//1932
f 2237//2236 1926//1925 1933//1932
f 2236//2235 2235//2234 2238//2237
f 2144//2143 2149//2148 2237//2236 2238//2237
f 1926//1925 2237//2236 2149//2148 1927//1926
f 2235//2234 2239//2238 2240//2239 2238//2237
f 1761//1760 2240//2239 2239//2238 1762//1761
f 1124//1122 2145//2144 2240//2239 1761//1760
f 2145//2144 2144//2143 2238//2237
f 1762//1761 2239//2238 2241//2240 1767//1766
f 2234//2233 2241//2240 2239//2238 2235//2234
f 2152//2151 2155//2154 2241//2240 2234//2233
f 1767//1766 2241//2240 2155//2154 1363//1362
f 2242//2241 1802//1801 1801//1800
f 2057//2056 2242//2241 2243//2242 2054//2053
f 2242//2241 2057//2056 2059//2058
f 1802//1801 2242//2241 2244//2243 1798//1797
f 2098//2097 2245//2244 2246//2245 2112//2111
f 2247//2246 2246//2245 2245//2244 2248//2247
f 1791//1790 1790//1789 2246//2245 2247//2246
f 2112//2111 2246//2245 1790//1789 1789//1788
f 2249//2248 2250//2249 1781//1780 1782//1781
f 2248//2247 2245//2244 2250//2249 2249//2248
f 2101//2100 2250//2249 2245//2244 2098//2097
f 156//155 1781//1780 2250//2249 2101//2100
f 1803//1802 2068//2067 2251//2250 1811//1810
f 2252//2251 2251//2250 2068//2067 2063//2062
f 2059//2058 2058//2057 2251//2250 2252//2251
f 1811//1810 2251//2250 2058//2057 1773//1772
f 1798//1797 2244//2243 2253//2252 1796//1795
f 2252//2251 2253//2252 2244//2243 2059//2058
f 2063//2062 2060//2059 2253//2252 2252//2251
f 1796//1795 2253//2252 2060//2059 147//146
f 1071//1069 2087//2086 2254//2253 1911//1910
f 2255//2254 2254//2253 2087//2086 2012//2011
f 2093//2092 2090//2089 2254//2253 2255//2254
f 1911//1910 2254//2253 2090//2089 1910//1909
f 2012//2011 2011//2010 2256//2255 2255//2254
f 1825//1824 2256//2255 2011//2010 1820//1819
f 1703//1702 2097//2096 2256//2255 1825//1824
f 2255//2254 2256//2255 2097//2096 2093//2092
f 2031//2030 2257//2256 2258//2257 2134//2133
f 2122//2121 2258//2257 2257//2256 2119//2118
f 1916//1915 1913//1912 2258//2257 2122//2121
f 2134//2133 2258//2257 1913//1912 1080//1078
f 2119//2118 2257//2256 2259//2258 2127//2126
f 2034//2033 2259//2258 2257//2256 2031//2030
f 1814//1813 1812//1811 2259//2258 2034//2033
f 1812//1811 1728//1727 2127//2126
f 2019//2018 2260//2259 2261//2260 2117//2116
f 2131//2130 2261//2260 2260//2259 2128//2127
f 260//259 1870//1869 2261//2260 2131//2130
f 2117//2116 2261//2260 1870//1869 1869//1868
f 2262//2261 2022//2021 1715//1714
f 2136//2135 2262//2261 1833//1832 1832//1831
f 2128//2127 2260//2259 2262//2261 2136//2135
f 2022//2021 2262//2261 2260//2259 2019//2018
f 2263//2262 331//330 324//323
f 2264//2263 2263//2262 2078//2077 2077//2076
f 2263//2262 2264//2263 2084//2083
f 2081//2080 234//233 331//330
f 1837//1836 2089//2088 2265//2264 1862//1861
f 2264//2263 2265//2264 2089//2088 2084//2083
f 2077//2076 2080//2079 2265//2264 2264//2263
f 2080//2079 1859//1858 1862//1861
f 2151//2150 2266//2265 1240//1239 1239//1238
f 2266//2265 2151//2150 2137//2136
f 2028//2027 2266//2265 2267//2266 2025//2024
f 1242//1241 1240//1239 2266//2265 2028//2027
f 2140//2139 2268//2267 2267//2266 2137//2136
f 2268//2267 2140//2139 1846//1845 1948//1947
f 1949//1948 2125//2124 2268//2267 1948//1947
f 2267//2266 2268//2267 2125//2124 2025//2024
f 1615//1614 2269//2268 2270//2269 1616//1615
f 2269//2268 2271//2270 2272//2271
f 2270//2269 2272//2271 848//846
f 1616//1615 2270//2269 847//845 846//844
f 1016//1014 2273//2272 2274//2273 1017//1015
f 2275//2274 2274//2273 2273//2272 2276//2275
f 828//826 1004//1002 2274//2273 2275//2274
f 1005//1003 1017//1015 2274//2273 1004//1002
f 2277//2276 2278//2277 2279//2278 2280//2279
f 2273//2272 2279//2278 2278//2277 2276//2275
f 1016//1014 1037//1035 2279//2278 2273//2272
f 2280//2279 2279//2278 1037//1035 1039//1037
f 2276//2275 2281//2280 2282//2281 2275//2274
f 2283//2282 2284//2283 2282//2281 2281//2280
f 830//828 829//827 2282//2281 2284//2283
f 2275//2274 2282//2281 829//827 828//826
f 2276//2275 2278//2277 2285//2284 2281//2280
f 2286//2285 2285//2284 2278//2277 2277//2276
f 2287//2286 2288//2287 2285//2284 2286//2285
f 2281//2280 2285//2284 2288//2287 2283//2282
f 2288//2287 2287//2286 2289//2288
f 2289//2288 836//834 834//832
f 2284//2283 2290//2289 834//832 830//828
f 2290//2289 2284//2283 2283//2282
f 1622//1621 836//834 2289//2288
f 2287//2286 2291//2290 2292//2291 2289//2288
f 2271//2270 2269//2268 2292//2291 2291//2290
f 2269//2268 1615//1614 1622//1621
f 2291//2290 2293//2292 2272//2271 2271//2270
f 2286//2285 2293//2292 2291//2290 2287//2286
f 2277//2276 2294//2293 2293//2292 2286//2285
f 2272//2271 2293//2292 2294//2293 848//846
f 848//846 2294//2293 2295//2294 843//841
f 2280//2279 2295//2294 2294//2293 2277//2276
f 1039//1037 1048//1046 2295//2294 2280//2279
f 843//841 2295//2294 1048//1046 840//838
f 1499//1498 1503//1502 2296//2295 1498//1497
f 2297//2296 2296//2295 1503//1502 1502//1501
f 2296//2295 2297//2296 2298//2297 2299//2298
f 1498//1497 2296//2295 2299//2298 1500//1499
f 2300//2299 2301//2300 1568//1567 1557//1556
f 2297//2296 2301//2300 2300//2299 2298//2297
f 2301//2300 2297//2296 1502//1501
f 1578//1577 1569//1568 1568//1567
f 1556//1555 1555//1554 2302//2301
f 2302//2301 2303//2302 2304//2303
f 2298//2297 2300//2299 2305//2304 2304//2303
f 1557//1556 1556//1555 2305//2304 2300//2299
f 1500//1499 2306//2305 2307//2306 1501//1500
f 2308//2307 2307//2306 2306//2305 2309//2308
f 1444//1443 1440//1439 2307//2306 2308//2307
f 1439//1438 1501//1500 2307//2306 1440//1439
f 1500//1499 2299//2298 2310//2309 2306//2305
f 2298//2297 2311//2310 2310//2309 2299//2298
f 2312//2311 2313//2312 2310//2309 2311//2310
f 2306//2305 2310//2309 2313//2312 2309//2308
f 2312//2311 2311//2310 2314//2313 2315//2314
f 2304//2303 2314//2313 2311//2310 2298//2297
f 2303//2302 2315//2314 2314//2313 2304//2303
f 2316//2315 2317//2316 2318//2317 2319//2318
f 1457//1456 2318//2317 2317//2316 1459//1458
f 1458//1457 2320//2319 2318//2317 1457//1456
f 2319//2318 2318//2317 2320//2319 2321//2320
f 2322//2321 2323//2322 2324//2323 2325//2324
f 2326//2325 2324//2323 2323//2322 2327//2326
f 1991//1990 1990//1989 2324//2323 2326//2325
f 2325//2324 2324//2323 1990//1989 1989//1988
f 2321//2320 2328//2327 2329//2328 2319//2318
f 2330//2329 2329//2328 2328//2327 2331//2330
f 2332//2331 2333//2332 2329//2328 2330//2329
f 2319//2318 2329//2328 2333//2332 2316//2315
f 2334//2333 2335//2334 2323//2322 2322//2321
f 2332//2331 2330//2329 2335//2334 2334//2333
f 2331//2330 2336//2335 2335//2334 2330//2329
f 2335//2334 2336//2335 2327//2326 2323//2322
f 1459//1458 2317//2316 2337//2336 2204//2203
f 2338//2337 2337//2336 2317//2316 2316//2315
f 2339//2338 2340//2339 2337//2336 2338//2337
f 2204//2203 2337//2336 2340//2339 2201//2200
f 2341//2340 2342//2341 2343//2342 2344//2343
f 2325//2324 2343//2342 2342//2341 2322//2321
f 1989//1988 2200//2199 2343//2342 2325//2324
f 2344//2343 2343//2342 2200//2199 2199//2198
f 2345//2344 2346//2345 2347//2346 2348//2347
f 2334//2333 2347//2346 2346//2345 2332//2331
f 2322//2321 2342//2341 2347//2346 2334//2333
f 2348//2347 2347//2346 2342//2341 2341//2340
f 2332//2331 2346//2345 2349//2348 2333//2332
f 2350//2349 2349//2348 2346//2345 2345//2344
f 2338//2337 2349//2348 2350//2349 2339//2338
f 2316//2315 2333//2332 2349//2348 2338//2337
f 2351//2350 2352//2351 2353//2352 2354//2353
f 2209//2208 2352//2351 2351//2350 1973//1972
f 2201//2200 2340//2339 2352//2351 2209//2208
f 2353//2352 2352//2351 2340//2339 2339//2338
f 2345//2344 2355//2354 2356//2355 2350//2349
f 2357//2356 2356//2355 2355//2354 2358//2357
f 2354//2353 2353//2352 2356//2355 2357//2356
f 2350//2349 2356//2355 2353//2352 2339//2338
f 2354//2353 2359//2358 2360//2359 2351//2350
f 2361//2360 2360//2359 2359//2358 2362//2361
f 1975//1974 1974//1973 2360//2359 2361//2360
f 2351//2350 2360//2359 1974//1973 1973//1972
f 2358//2357 2363//2362 2364//2363 2357//2356
f 2365//2364 2364//2363 2363//2362 2366//2365
f 2362//2361 2359//2358 2364//2363 2365//2364
f 2359//2358 2354//2353 2357//2356
f 2367//2366 2361//2360 2362//2361
f 2368//2367 2367//2366 2369//2368 2370//2369
f 2173//2172 2177//2176 2367//2366 2368//2367
f 2361//2360 2367//2366 2177//2176 1975//1974
f 2371//2370 2372//2371 2373//2372 2374//2373
f 2370//2369 2369//2368 2373//2372 2372//2371
f 2365//2364 2373//2372 2369//2368 2362//2361
f 2365//2364 2366//2365 2374//2373
f 2375//2374 2376//2375 2377//2376 2378//2377
f 2379//2378 2380//2379 2376//2375 2375//2374
f 2182//2181 2179//2178 2376//2375 2380//2379
f 2377//2376 2376//2375 2179//2178 1679//1678
f 2370//2369 2381//2380 2382//2381 2368//2367
f 2383//2382 2382//2381 2381//2380 2384//2383
f 1977//1976 2174//2173 2382//2381 2383//2382
f 2368//2367 2382//2381 2174//2173 2173//2172
f 2372//2371 2385//2384 2381//2380 2370//2369
f 2386//2385 2385//2384 2372//2371 2371//2370
f 2387//2386 2388//2387 2385//2384 2386//2385
f 2384//2383 2381//2380 2385//2384 2388//2387
f 2378//2377 2389//2388 2390//2389 2375//2374
f 2386//2385 2390//2389 2389//2388 2387//2386
f 2371//2370 2391//2390 2390//2389 2386//2385
f 2375//2374 2390//2389 2391//2390 2379//2378
f 1684//1683 2392//2391 2393//2392 1682//1681
f 2394//2393 2393//2392 2392//2391 2395//2394
f 2378//2377 2377//2376 2393//2392 2394//2393
f 1682//1681 2393//2392 2377//2376 1679//1678
f 2384//2383 2396//2395 2397//2396 2383//2382
f 2398//2397 2397//2396 2396//2395 2399//2398
f 1982//1981 1978//1977 2397//2396 2398//2397
f 2383//2382 2397//2396 1978//1977 1977//1976
f 2388//2387 2400//2399 2396//2395 2384//2383
f 2401//2400 2400//2399 2388//2387 2387//2386
f 2402//2401 2403//2402 2400//2399 2401//2400
f 2399//2398 2396//2395 2400//2399 2403//2402
f 2395//2394 2404//2403 2405//2404 2394//2393
f 2401//2400 2405//2404 2404//2403 2402//2401
f 2387//2386 2389//2388 2405//2404 2401//2400
f 2394//2393 2405//2404 2389//2388 2378//2377
f 2406//2405 2407//2406 2408//2407 2409//2408
f 2410//2409 2411//2410 2408//2407 2407//2406
f 2398//2397 2408//2407 2411//2410 1982//1981
f 2408//2407 2398//2397 2399//2398 2409//2408
f 2399//2398 2403//2402 2412//2411 2409//2408
f 2413//2412 2412//2411 2403//2402 2402//2401
f 2414//2413 2415//2414 2412//2411 2413//2412
f 2409//2408 2412//2411 2415//2414 2406//2405
f 1642//1641 2416//2415 2417//2416 1659//1658
f 2417//2416 2416//2415 2418//2417 2419//2418
f 2420//2419 2421//2420 2417//2416 2419//2418
f 1659//1658 2417//2416 2421//2420 1656//1655
f 2418//2417 2422//2421 2423//2422 2424//2423
f 2425//2424 2423//2422 2422//2421 1495//1494
f 2426//2425 2427//2426 2423//2422 2425//2424
f 2424//2423 2423//2422 2427//2426 2428//2427
f 1482//1481 1489//1488 2429//2428
f 2429//2428 1489//1488 1491//1490 2430//2429
f 2425//2424 2429//2428 2430//2429 2426//2425
f 1495//1494 1494//1493 2429//2428 2425//2424
f 2416//2415 2431//2430 2422//2421 2418//2417
f 1645//1644 2431//2430 2416//2415 1642//1641
f 2431//2430 1645//1644 1624//1623
f 2431//2430 1627//1626 1495//1494
f 2432//2431 2433//2432 2434//2433
f 2435//2434 2432//2431 2436//2435 2437//2436
f 48//47 45//46 2432//2431 2435//2434
f 2440//2437 2441//2438 2442//2439
f 2437//2436 2436//2435 2438//2440 2442//2439
f 2436//2435 2434//2433 2439//2441
f 2445//2442 2452//2443 2451//2444 2443//2445
f 2452//2443 2449//2446 2448//2447
f 698//696 697//695 2456//2448 716//714
f 2457//2449 2456//2448 697//695 700//698
f 2456//2448 2457//2449 2458//2450
f 716//714 2456//2448 2459//2451 713//711
f 713//711 2459//2451 2460//2452 721//719
f 2461//2453 2460//2452 2459//2451 2458//2450
f 9//9 8//8 2460//2452 2461//2453
f 721//719 2460//2452 8//8 7//7
f 2462//2454 2463//2455 2464//2456
f 2465//2457 2462//2454 2466//2458 2467//2459
f 163//162 170//169 2462//2454 2465//2457
f 2463//2455 2462//2454 170//169 169//168
f 169//168 281//280 2468//2460 2463//2455
f 2469//2461 2468//2460 281//280 282//281
f 2470//2462 2471//2463 2468//2460 2469//2461
f 2463//2455 2468//2460 2471//2463 2464//2456
f 2472//2464 2473//2465 2474//2466 2475//2467
f 67//66 2474//2466 2473//2465 64//63
f 71//70 155//154 2474//2466 67//66
f 155//154 154//153 2475//2467
f 2476//2468 2477//2469 2478//2470 2479//2471
f 2480//2472 2477//2469 2476//2468 2481//2473
f 1919//1918 1952//1951 2477//2469 2480//2472
f 1944//1943 2478//2470 2477//2469 1952//1951
f 2482//2474 2480//2472 2481//2473
f 2483//2475 2482//2474 2484//2476 2485//2477
f 1917//1916 1920//1919 2482//2474 2483//2475
f 2480//2472 2482//2474 1920//1919 1919//1918
f 2486//2478 2487//2479 2488//2480 2489//2481
f 2490//2482 2486//2478 2489//2481 2491//2483
f 1061//1059 1143//1141 2486//2478 2490//2482
f 2487//2479 2486//2478 1143//1141 1142//1140
f 288//287 2492//2484 2493//2485 287//286
f 2494//2486 2493//2485 2492//2484 2495//2487
f 2496//2488 2497//2489 2493//2485 2494//2486
f 287//286 2493//2485 2497//2489 198//197
f 2498//2490 2499//2491 2500//2492 2501//2493
f 1981//1980 2500//2492 2499//2491 1467//1466
f 1982//1981 2411//2410 2500//2492 1981//1980
f 2501//2493 2500//2492 2411//2410 2410//2409
f 1672//1671 1671//1670 2502//2494 2503//2495
f 2504//2496 2502//2494 1671//1670 1670//1669
f 2505//2497 2506//2498 2502//2494 2504//2496
f 2503//2495 2502//2494 2506//2498 2507//2499
f 2505//2497 2504//2496 2508//2500 2509//2501
f 1994//1993 2508//2500 2504//2496 1670//1669
f 1983//1982 2510//2502 2508//2500 1994//1993
f 2509//2501 2508//2500 2510//2502 2511//2503
f 1991//1990 2512//2504 2513//2505 1986//1985
f 2514//2506 2513//2505 2512//2504 2515//2507
f 2511//2503 2510//2502 2513//2505 2514//2506
f 1986//1985 2513//2505 2510//2502 1983//1982
f 2515//2507 2512//2504 2516//2508 2517//2509
f 2326//2325 2516//2508 2512//2504 1991//1990
f 2327//2326 2518//2510 2516//2508 2326//2325
f 2517//2509 2516//2508 2518//2510 2519//2511
f 2520//2512 2521//2513 2522//2514 2523//2515
f 1970//1969 2522//2514 2521//2513 1888//1887
f 1964//1963 2524//2516 2522//2514 1970//1969
f 2523//2515 2522//2514 2524//2516 2525//2517
f 2526//2518 2527//2519 2528//2520 2529//2521
f 2530//2522 2528//2520 2527//2519 2531//2523
f 1897//1896 1893//1892 2528//2520 2530//2522
f 2529//2521 2528//2520 1893//1892 1892//1891
f 1135//1133 2532//2524 2533//2525 1136//1134
f 2529//2521 2533//2525 2532//2524 2526//2518
f 1892//1891 1941//1940 2533//2525 2529//2521
f 1136//1134 2533//2525 1941//1940 1137//1135
f 2534//2526 2535//2527 2536//2528 2537//2529
f 2538//2530 2536//2528 2535//2527 2539//2531
f 2309//2308 2313//2312 2536//2528 2538//2530
f 2537//2529 2536//2528 2313//2312 2312//2311
f 2539//2531 2540//2532 2541//2533 2538//2530
f 1450//1449 2541//2533 2540//2532 1451//1450
f 1444//1443 2308//2307 2541//2533 1450//1449
f 2538//2530 2541//2533 2308//2307 2309//2308
f 2542//2534 2543//2535 2544//2536 2545//2537
f 2525//2517 2524//2516 2544//2536 2543//2535
f 1962//1961 2544//2536 2524//2516 1964//1963
f 2545//2537 2544//2536 1962//1961 1906//1905
f 2531//2523 2546//2538 2547//2539 2530//2522
f 2545//2537 2547//2539 2546//2538 2542//2534
f 1906//1905 1905//1904 2547//2539 2545//2537
f 2530//2522 2547//2539 1905//1904 1897//1896
f 69//68 2548//2540 2549//2541 68//67
f 2550//2542 2549//2541 2548//2540 2551//2543
f 55//54 58//57 2549//2541 2550//2542
f 68//67 2549//2541 58//57 63//62
f 2467//2459 2552//2544 2553//2545 2465//2457
f 2554//2546 2553//2545 2552//2544 2555//2547
f 162//161 2553//2545 2554//2546 164//163
f 2553//2545 162//161 163//162 2465//2457
f 2556//2548 2557//2549 2558//2550 2559//2551
f 2557//2549 2556//2548 2560//2552 2561//2553
f 2562//2554 2557//2549 2561//2553 2555//2547
f 2563//2555 2558//2550 2557//2549 2562//2554
f 2564//2556 2565//2557 2566//2558 2567//2559
f 2562//2554 2566//2558 2565//2557 2563//2555
f 2555//2547 2552//2544 2566//2558 2562//2554
f 2567//2559 2566//2558 2552//2544 2467//2459
f 2563//2555 2565//2557 2568//2560 2569//2561
f 2570//2562 2568//2560 2565//2557 2564//2556
f 125//124 124//123 2568//2560 2570//2562
f 2569//2561 2568//2560 124//123 26//26
f 2560//2552 2571//2563 2572//2564 2561//2553
f 2572//2564 2571//2563 1779//1778 1778//1777
f 164//163 2554//2546 2572//2564 1778//1777
f 2572//2564 2554//2546 2555//2547 2561//2553
f 34//34 2573//2565 2574//2566 29//29
f 2559//2551 2558//2550 2574//2566 2573//2565
f 2569//2561 2574//2566 2558//2550 2563//2555
f 29//29 2574//2566 2569//2561 26//26
f 2577//2567 2578//2568 2579//2569 2580//2570
f 2581//2571 2579//2569 2578//2568 2582//2572
f 2579//2569 2581//2571 1768//1767 1771//1770
f 2580//2570 2579//2569 1771//1770 1776//1775
f 2583//2573 2584//2574 2585//2575 2586//2576
f 2587//2577 2585//2575 2584//2574 2588//2578
f 2582//2572 2578//2568 2585//2575 2587//2577
f 2586//2576 2585//2575 2578//2568 2577//2567
f 2588//2578 2584//2574 2589//2579 2590//2580
f 2591//2581 2589//2579 2584//2574 2583//2573
f 2551//2543 2548//2540 2589//2579 2591//2581
f 2590//2580 2589//2579 2548//2540 69//68
f 2588//2578 2592//2582 2593//2583 2587//2577
f 2594//2584 2593//2583 2592//2582 2595//2585
f 2596//2586 2597//2587 2593//2583 2594//2584
f 2587//2577 2593//2583 2597//2587 2582//2572
f 2595//2585 2592//2582 2598//2588 2599//2589
f 2590//2580 2598//2588 2592//2582 2588//2578
f 69//68 65//64 2598//2588 2590//2580
f 2599//2589 2598//2588 65//64 64//63
f 1807//1806 2600//2590 175//174 176//175
f 1808//1807 2601//2591 2600//2590 1807//1806
f 2596//2586 2602//2592 2600//2590 2601//2591
f 2602//2592 177//176 175//174
f 2596//2586 2594//2584 2603//2593 2602//2592
f 2604//2594 2603//2593 2594//2584 2595//2585
f 2603//2593 2604//2594 2605//2595
f 2602//2592 2603//2593 2606//2596 177//176
f 2582//2572 2597//2587 2607//2597 2581//2571
f 2601//2591 2607//2597 2597//2587 2596//2586
f 1810//1809 2607//2597 2601//2591 1808//1807
f 1768//1767 2581//2571 2607//2597 1810//1809
f 2485//2477 2608//2598 2609//2599 2483//2475
f 2610//2600 2609//2599 2608//2598 2611//2601
f 1075//1073 1918//1917 2609//2599 2610//2600
f 2483//2475 2609//2599 1918//1917 1917//1916
f 2612//2602 2613//2603 2473//2465 2472//2464
f 2612//2602 2605//2595 2604//2594
f 2613//2603 2604//2594 2595//2585 2599//2589
f 64//63 2473//2465 2613//2603 2599//2589
f 2610//2600 2614//2604 1076//1074 1075//1073
f 2615//2605 2614//2604 2610//2600 2611//2601
f 2616//2606 2617//2607 2614//2604 2615//2605
f 254//253 1076//1074 2614//2604 2617//2607
f 2611//2601 2618//2608 2619//2609 2615//2605
f 2620//2610 2619//2609 2618//2608 2621//2611
f 2622//2612 2623//2613 2619//2609 2620//2610
f 2615//2605 2619//2609 2623//2613 2616//2606
f 2624//2614 2625//2615 2490//2482 2491//2483
f 2625//2615 2624//2614 2626//2616 2627//2617
f 1055//1053 1062//1060 2625//2615 2627//2617
f 2490//2482 2625//2615 1062//1060 1061//1059
f 226//225 2628//2618 2629//2619 1084//1082
f 2620//2610 2629//2619 2628//2618 2622//2612
f 2621//2611 2630//2620 2629//2619 2620//2610
f 1084//1082 2629//2619 2630//2620 1081//1079
f 2626//2616 2631//2621 2632//2622 2627//2617
f 2633//2623 2632//2622 2631//2621 2634//2624
f 251//250 1056//1054 2632//2622 2633//2623
f 2627//2617 2632//2622 1056//1054 1055//1053
f 2626//2616 2635//2625 2636//2626 2631//2621
f 2637//2627 2636//2626 2635//2625 2638//2628
f 2639//2629 2640//2630 2636//2626 2637//2627
f 2631//2621 2636//2626 2640//2630 2634//2624
f 242//241 2641//2631 2642//2632 1063//1061
f 2637//2627 2642//2632 2641//2631 2639//2629
f 2638//2628 2643//2633 2642//2632 2637//2627
f 1063//1061 2642//2632 2643//2633 1065//1063
f 2616//2606 2644//2634 2645//2635 2617//2607
f 2645//2635 2644//2634 2646//2636 2647//2637
f 259//258 255//254 2645//2635 2647//2637
f 2617//2607 2645//2635 255//254 254//253
f 2648//2638 2623//2613 2622//2612 2649//2639
f 2650//2640 2651//2641 2648//2638 2649//2639
f 2644//2634 2648//2638 2651//2641 2646//2636
f 2648//2638 2644//2634 2616//2606 2623//2613
f 2649//2639 2652//2642 2653//2643 2650//2640
f 2622//2612 2628//2618 2652//2642 2649//2639
f 224//223 2652//2642 2628//2618 226//225
f 2652//2642 224//223 225//224 2653//2643
f 2633//2623 2654//2644 252//251 251//250
f 2655//2645 2654//2644 2633//2623 2634//2624
f 2656//2646 2657//2647 2654//2644 2655//2645
f 252//251 2654//2644 2657//2647 253//252
f 2658//2648 2659//2649 2660//2650 2661//2651
f 2655//2645 2660//2650 2659//2649 2656//2646
f 2634//2624 2640//2630 2660//2650 2655//2645
f 2661//2651 2660//2650 2640//2630 2639//2629
f 1841//1840 2662//2652 2663//2653 1947//1946
f 2664//2654 2663//2653 2662//2652 2665//2655
f 2479//2471 2478//2470 2663//2653 2664//2654
f 1947//1946 2663//2653 2478//2470 1944//1943
f 241//240 2666//2656 2667//2657 240//239
f 2661//2651 2667//2657 2666//2656 2658//2648
f 2639//2629 2641//2631 2667//2657 2661//2651
f 240//239 2667//2657 2641//2631 242//241
f 1128//1126 2668//2658 2669//2659 1844//1843
f 2668//2658 2670//2660 2671//2661
f 2665//2655 2662//2652 2669//2659 2671//2661
f 1844//1843 2669//2659 2662//2652 1841//1840
f 2672//2662 2673//2663 2674//2664 2675//2665
f 2671//2661 2674//2664 2673//2663 2665//2655
f 2674//2664 2671//2661 2670//2660
f 2675//2665 2674//2664 2676//2666 2677//2667
f 198//197 2497//2489 2678//2668 199//198
f 2679//2669 2678//2668 2497//2489 2496//2488
f 2680//2670 2681//2671 2678//2668 2679//2669
f 196//195 199//198 2678//2668 2681//2671
f 2675//2665 2682//2672 2683//2673 2672//2662
f 2682//2672 2675//2665 2677//2667
f 1119//1117 1248//1247 2682//2672 2684//2674
f 2683//2673 2682//2672 1248//1247 1247//1246
f 2564//2556 2685//2675 2686//2676 2570//2562
f 2687//2677 2686//2676 2685//2675 2688//2678
f 2689//2679 2686//2676 2687//2677 2690//2680
f 2686//2676 2689//2679 125//124 2570//2562
f 2680//2670 2691//2681 2692//2682 2681//2671
f 2475//2467 2692//2682 2691//2681 2472//2464
f 2692//2682 2475//2467 154//153
f 2681//2671 2692//2682 197//196 196//195
f 2688//2678 2685//2675 2693//2683 2694//2684
f 2567//2559 2693//2683 2685//2675 2564//2556
f 2467//2459 2466//2458 2693//2683 2567//2559
f 2694//2684 2693//2683 2466//2458 2464//2456
f 117//116 2695//2685 2696//2686 120//119
f 2697//2687 2696//2686 2695//2685 2690//2680
f 321//320 320//319 2696//2686 2697//2687
f 120//119 2696//2686 320//319 121//120
f 2690//2680 2687//2677 2698//2688 2697//2687
f 2688//2678 2699//2689 2698//2688 2687//2677
f 2700//2690 2698//2688 2699//2689 2701//2691
f 2697//2687 2698//2688 2700//2690 321//320
f 113//112 126//125 2702//2692 116//115
f 2689//2679 2702//2692 126//125 125//124
f 2702//2692 2689//2679 2690//2680
f 116//115 2702//2692 2695//2685 117//116
f 2703//2693 2704//2694 2705//2695 2706//2696
f 2707//2697 2705//2695 2704//2694 2708//2698
f 2646//2636 2651//2641 2705//2695 2707//2697
f 2706//2696 2705//2695 2651//2641 2650//2640
f 2701//2691 2699//2689 2709//2699 2710//2700
f 2699//2689 2688//2678 2694//2684
f 2709//2699 2694//2684 2464//2456
f 2710//2700 2709//2699 2471//2463 2470//2462
f 316//315 2711//2701 2712//2702 323//322
f 2706//2696 2712//2702 2711//2701 2703//2693
f 2650//2640 2653//2643 2712//2702 2706//2696
f 323//322 2712//2702 2653//2643 225//224
f 1867//1866 2713//2703 2714//2704 1872//1871
f 2715//2705 2714//2704 2713//2703 2708//2698
f 2470//2462 2469//2461 2714//2704 2715//2705
f 1872//1871 2714//2704 2469//2461 282//281
f 2708//2698 2704//2694 2716//2706 2715//2705
f 2717//2707 2716//2706 2704//2694 2703//2693
f 2716//2706 2717//2707 2701//2691
f 2710//2700 2470//2462 2715//2705
f 259//258 2647//2637 2718//2708 1865//1864
f 2707//2697 2718//2708 2647//2637 2646//2636
f 2708//2698 2713//2703 2718//2708 2707//2697
f 2713//2703 1867//1866 1865//1864
f 321//320 2700//2690 2719//2709 319//318
f 2717//2707 2719//2709 2700//2690 2701//2691
f 2703//2693 2711//2701 2719//2709 2717//2707
f 319//318 2719//2709 2711//2701 316//315
f 288//287 344//343 2720//2710 2492//2484
f 2721//2711 2720//2710 344//343 294//293
f 2720//2710 2721//2711 2722//2712 2723//2713
f 2495//2487 2492//2484 2720//2710 2723//2713
f 2724//2714 2725//2715 2657//2647 2656//2646
f 2722//2712 2721//2711 2725//2715 2724//2714
f 294//293 293//292 2725//2715 2721//2711
f 2657//2647 2725//2715 293//292 253//252
f 2726//2716 2727//2717 2728//2718 2729//2719
f 2730//2720 2728//2718 2727//2717 2731//2721
f 2498//2490 2732//2722 2728//2718 2730//2720
f 2729//2719 2728//2718 2732//2722 2733//2723
f 2734//2724 2735//2725 2736//2726 2737//2727
f 2738//2728 2736//2726 2735//2725 2726//2716
f 1339//1338 1335//1334 2736//2726 2738//2728
f 1335//1334 1334//1333 2737//2727
f 1358//1357 2739//2729 2740//2730 1353//1352
f 2741//2731 2740//2730 2739//2729 2731//2721
f 2742//2732 2743//2733 2740//2730 2741//2731
f 1353//1352 2740//2730 2743//2733 1350//1349
f 2741//2731 2744//2734 2745//2735 2742//2732
f 2731//2721 2727//2717 2744//2734 2741//2731
f 2726//2716 2735//2725 2744//2734 2727//2717
f 2745//2735 2744//2734 2735//2725 2734//2724
f 1467//1466 2499//2491 2746//2736 1466//1465
f 2730//2720 2746//2736 2499//2491 2498//2490
f 2731//2721 2739//2729 2746//2736 2730//2720
f 1466//1465 2746//2736 2739//2729 1358//1357
f 2738//2728 2747//2737 1472//1471 1339//1338
f 2729//2719 2747//2737 2738//2728 2726//2716
f 2733//2723 2748//2738 2747//2737 2729//2719
f 1473//1472 1472//1471 2747//2737
f 2749//2739 1890//1889 1880//1879
f 2750//2740 2749//2739 2751//2741 2752//2742
f 2753//2743 2754//2744 2749//2739 2750//2740
f 1453//1452 1890//1889 2749//2739 2754//2744
f 1888//1887 2521//2513 2755//2745 1883//1882
f 2756//2746 2755//2745 2521//2513 2520//2512
f 2752//2742 2751//2741 2755//2745 2756//2746
f 1883//1882 2755//2745 2751//2741 1880//1879
f 2757//2747 2758//2748 2759//2749 2760//2750
f 1381//1380 2759//2749 2758//2748 1152//1150
f 1385//1384 2761//2751 2759//2749 1381//1380
f 2760//2750 2759//2749 2761//2751 2762//2752
f 1145//1143 1144//1142 2763//2753 2764//2754
f 2758//2748 2763//2753 1144//1142 1152//1150
f 2757//2747 2765//2755 2763//2753 2758//2748
f 2764//2754 2763//2753 2765//2755 2766//2756
f 2767//2757 2768//2758 2769//2759 2770//2760
f 2771//2761 2769//2759 2768//2758 2772//2762
f 2531//2523 2527//2519 2769//2759 2771//2761
f 2527//2519 2526//2518 2770//2760
f 2772//2762 2773//2763 2774//2764 2775//2765
f 2760//2750 2774//2764 2773//2763 2757//2747
f 2762//2752 2776//2766 2774//2764 2760//2750
f 2775//2765 2774//2764 2776//2766 2777//2767
f 2766//2756 2765//2755 2778//2768 2779//2769
f 2773//2763 2778//2768 2765//2755 2757//2747
f 2772//2762 2768//2758 2778//2768 2773//2763
f 2768//2758 2767//2757 2779//2769
f 2780//2770 2781//2771 2782//2772 2783//2773
f 1824//1823 2782//2772 2781//2771 1706//1705
f 1068//1066 1066//1064 2782//2772 1824//1823
f 2783//2773 2782//2772 1066//1064 1065//1063
f 2771//2761 2784//2774 2546//2538 2531//2523
f 2775//2765 2784//2774 2771//2761 2772//2762
f 2777//2767 2785//2775 2784//2774 2775//2765
f 2784//2774 2785//2775 2542//2534 2546//2538
f 2491//2483 2786//2776 2787//2777 2624//2614
f 2788//2778 2787//2777 2786//2776 2789//2779
f 2638//2628 2635//2625 2787//2777 2788//2778
f 2624//2614 2787//2777 2635//2625 2626//2616
f 1706//1705 2781//2771 2790//2780 1705//1704
f 2791//2781 2790//2780 2781//2771 2780//2770
f 2790//2780 2791//2781 1134//1132
f 1705//1704 2790//2780 1130//1128 1129//1127
f 2780//2770 2792//2782 2793//2783 2791//2781
f 2794//2784 2793//2783 2792//2782 2789//2779
f 2795//2785 2796//2786 2793//2783 2794//2784
f 2791//2781 2793//2783 2796//2786 1134//1132
f 2789//2779 2792//2782 2797//2787 2788//2778
f 2783//2773 2797//2787 2792//2782 2780//2770
f 1065//1063 2643//2633 2797//2787 2783//2773
f 2788//2778 2797//2787 2643//2633 2638//2628
f 2798//2788 2799//2789 2800//2790 2801//2791
f 1096//1094 2800//2790 2799//2789 1093//1091
f 1086//1084 1082//1080 2800//2790 1096//1094
f 2801//2791 2800//2790 1082//1080 1081//1079
f 2488//2480 2802//2792 2803//2793 2489//2481
f 2802//2792 2795//2785 2794//2784
f 2789//2779 2786//2776 2803//2793 2794//2784
f 2489//2481 2803//2793 2786//2776 2491//2483
f 2485//2477 2804//2794 2805//2795 2608//2598
f 2806//2796 2805//2795 2804//2794 2807//2797
f 2621//2611 2618//2608 2805//2795 2806//2796
f 2608//2598 2805//2795 2618//2608 2611//2601
f 1093//1091 2799//2789 2808//2798 1252//1251
f 2809//2799 2808//2798 2799//2789 2798//2788
f 2810//2800 2811//2801 2808//2798 2809//2799
f 1252//1251 2808//2798 2811//2801 1249//1248
f 2809//2799 2812//2802 2813//2803 2810//2800
f 2798//2788 2814//2804 2812//2802 2809//2799
f 2815//2805 2812//2802 2814//2804 2807//2797
f 2813//2803 2812//2802 2815//2805 2816//2806
f 2807//2797 2814//2804 2817//2807 2806//2796
f 2801//2791 2817//2807 2814//2804 2798//2788
f 1081//1079 2630//2620 2817//2807 2801//2791
f 2806//2796 2817//2807 2630//2620 2621//2611
f 2818//2808 2819//2809 2820//2810 2821//2811
f 2822//2812 2820//2810 2819//2809 2823//2813
f 2824//2814 2825//2815 2820//2810 2822//2812
f 2826//2816 2821//2811 2820//2810 2825//2815
f 2816//2806 2815//2805 2827//2817 2828//2818
f 2804//2794 2827//2817 2815//2805 2807//2797
f 2485//2477 2484//2476 2827//2817 2804//2794
f 2484//2476 2481//2473 2828//2818
f 1114//1112 2829//2819 2830//2820 1341//1340
f 2821//2811 2830//2820 2829//2819 2818//2808
f 2831//2821 2830//2820 2821//2811 2826//2816
f 1343//1342 1341//1340 2830//2820 2831//2821
f 1127//1125 2832//2822 2833//2823 1126//1124
f 2834//2824 2833//2823 2832//2822 2823//2813
f 2670//2660 2668//2658 2833//2823 2834//2824
f 1126//1124 2833//2823 2668//2658 1128//1126
f 2823//2813 2819//2809 2835//2825 2834//2824
f 2836//2826 2835//2825 2819//2809 2818//2808
f 2677//2667 2676//2666 2835//2825 2836//2826
f 2676//2666 2670//2660 2834//2824
f 2823//2813 2832//2822 2837//2827 2822//2812
f 1760//1759 2837//2827 2832//2822 1127//1125
f 1764//1763 2838//2828 2837//2827 1760//1759
f 2822//2812 2837//2827 2838//2828 2824//2814
f 2766//2756 2839//2829 2840//2830 2764//2754
f 2841//2831 2840//2830 2839//2829 2842//2832
f 1157//1155 1161//1159 2840//2830 2841//2831
f 2764//2754 2840//2830 1161//1159 1145//1143
f 2684//2674 2843//2833 1117//1115 1119//1117
f 2836//2826 2843//2833 2684//2674 2677//2667
f 2818//2808 2829//2819 2843//2833 2836//2826
f 1117//1115 2843//2833 2829//2819 1114//1112
f 1134//1132 2796//2786 2844//2834 1133//1131
f 2845//2835 2844//2834 2796//2786 2795//2785
f 2846//2836 2847//2837 2844//2834 2845//2835
f 1133//1131 2844//2834 2847//2837 1135//1133
f 2841//2831 2848//2838 1158//1156 1157//1155
f 2848//2838 2841//2831 2842//2832 2849//2839
f 2488//2480 2487//2479 2848//2838 2849//2839
f 1142//1140 1158//1156 2848//2838 2487//2479
f 2842//2832 2850//2840 2851//2841 2849//2839
f 2845//2835 2851//2841 2850//2840 2846//2836
f 2795//2785 2802//2792 2851//2841 2845//2835
f 2849//2839 2851//2841 2802//2792 2488//2480
f 2767//2757 2852//2842 2853//2843 2779//2769
f 2853//2843 2852//2842 2846//2836
f 2842//2832 2839//2829 2853//2843 2850//2840
f 2779//2769 2853//2843 2839//2829 2766//2756
f 2854//2844 1244//1243 1243//1242
f 2855//2845 2854//2844 1272//1271 1271//1270
f 2855//2845 2856//2846 2857//2847
f 1244//1243 2854//2844 2857//2847 1247//1246
f 2852//2842 2858//2848 2847//2837 2846//2836
f 2770//2760 2858//2848 2852//2842 2767//2757
f 2858//2848 2770//2760 2526//2518
f 1135//1133 2847//2837 2858//2848 2532//2524
f 2665//2655 2673//2663 2859//2849 2664//2654
f 2860//2850 2859//2849 2673//2663 2672//2662
f 2861//2851 2862//2852 2859//2849 2860//2850
f 2664//2654 2859//2849 2862//2852 2479//2471
f 2856//2846 2855//2845 2863//2853 2864//2854
f 1283//1282 2863//2853 2855//2845 1271//1270
f 2863//2853 1283//1282 1249//1248
f 2811//2801 2810//2800 2864//2854
f 2861//2851 2865//2855 2866//2856 2867//2857
f 2864//2854 2866//2856 2865//2855 2856//2846
f 2866//2856 2864//2854 2810//2800
f 2867//2857 2866//2856 2813//2803 2816//2806
f 2856//2846 2865//2855 2868//2858 2857//2847
f 2860//2850 2868//2858 2865//2855 2861//2851
f 2672//2662 2683//2673 2868//2858 2860//2850
f 2857//2847 2868//2858 2683//2673 1247//1246
f 2869//2859 2745//2735 2734//2724 2870//2860
f 2871//2861 2869//2859 2870//2860 2872//2862
f 2873//2863 2874//2864 2869//2859 2871//2861
f 2742//2732 2745//2735 2869//2859 2874//2864
f 2479//2471 2862//2852 2875//2865 2476//2468
f 2867//2857 2875//2865 2862//2852 2861//2851
f 2816//2806 2828//2818 2875//2865 2867//2857
f 2476//2468 2875//2865 2828//2818 2481//2473
f 2876//2866 2877//2867 1348//1347 1347//1346
f 2872//2862 2870//2860 2877//2867 2876//2866
f 2737//2727 2877//2867 2870//2860 2734//2724
f 2877//2867 2737//2727 1334//1333 1348//1347
f 2878//2868 1766//1765 1362//1361 2879//2869
f 2873//2863 2880//2870 2878//2868 2879//2869
f 2824//2814 2838//2828 2878//2868 2880//2870
f 1766//1765 2878//2868 2838//2828 1764//1763
f 2824//2814 2880//2870 2881//2871 2825//2815
f 2871//2861 2881//2871 2880//2870 2873//2863
f 2872//2862 2882//2872 2881//2871 2871//2861
f 2825//2815 2881//2871 2882//2872 2826//2816
f 2874//2864 2883//2873 2743//2733 2742//2732
f 2879//2869 2883//2873 2874//2864 2873//2863
f 1362//1361 1361//1360 2883//2873 2879//2869
f 2743//2733 2883//2873 1361//1360 1350//1349
f 2884//2874 2885//2875 2886//2876 2887//2877
f 1389//1388 2886//2876 2885//2875 1386//1385
f 1369//1368 1368//1367 2886//2876 1389//1388
f 2887//2877 2886//2876 1368//1367 1367//1366
f 1386//1385 2885//2875 2888//2878 1394//1393
f 2889//2879 2888//2878 2885//2875 2884//2874
f 2762//2752 2761//2751 2888//2878 2889//2879
f 1394//1393 2888//2878 2761//2751 1385//1384
f 2826//2816 2882//2872 2890//2880 2831//2821
f 2876//2866 2890//2880 2882//2872 2872//2862
f 1347//1346 1344//1343 2890//2880 2876//2866
f 2831//2821 2890//2880 1344//1343 1343//1342
f 2542//2534 2785//2775 2891//2881 2543//2535
f 2892//2882 2891//2881 2785//2775 2777//2767
f 2893//2883 2894//2884 2891//2881 2892//2882
f 2543//2535 2891//2881 2894//2884 2525//2517
f 2893//2883 2895//2885 2896//2886 2897//2887
f 2887//2877 2896//2886 2895//2885 2884//2874
f 1367//1366 2898//2888 2896//2886 2887//2877
f 2897//2887 2896//2886 2898//2888 2899//2889
f 2884//2874 2895//2885 2900//2890 2889//2879
f 2892//2882 2900//2890 2895//2885 2893//2883
f 2777//2767 2776//2766 2900//2890 2892//2882
f 2889//2879 2900//2890 2776//2766 2762//2752
f 2901//2891 2902//2892 2903//2893 2904//2894
f 2905//2895 2903//2893 2902//2892 2906//2896
f 2907//2897 2908//2898 2903//2893 2905//2895
f 2904//2894 2903//2893 2908//2898 2909//2899
f 2525//2517 2894//2884 2910//2900 2523//2515
f 2897//2887 2910//2900 2894//2884 2893//2883
f 2899//2889 2911//2901 2910//2900 2897//2887
f 2523//2515 2910//2900 2911//2901 2520//2512
f 2909//2899 2908//2898 2912//2902 2913//2903
f 2914//2904 2912//2902 2908//2898 2907//2897
f 1451//1450 2540//2532 2912//2902 2914//2904
f 2913//2903 2912//2902 2540//2532 2539//2531
f 2753//2743 2915//2905 2916//2906 2754//2744
f 2917//2907 2916//2906 2915//2905 2906//2896
f 1458//1457 1454//1453 2916//2906 2917//2907
f 2754//2744 2916//2906 1454//1453 1453//1452
f 2321//2320 2320//2319 2918//2908 2919//2909
f 2917//2907 2918//2908 2320//2319 1458//1457
f 2906//2896 2902//2892 2918//2908 2917//2907
f 2919//2909 2918//2908 2902//2892 2901//2891
f 1473//1472 2920//2910 2921//2911 1471//1470
f 2922//2912 2921//2911 2920//2910 2923//2913
f 1491//1490 1490//1489 2921//2911 2922//2912
f 1490//1489 1468//1467 1471//1470
f 2924//2914 2925//2915 2926//2916 2927//2917
f 2928//2918 2926//2916 2925//2915 2929//2919
f 2410//2409 2407//2406 2926//2916 2928//2918
f 2927//2917 2926//2916 2407//2406 2406//2405
f 2930//2920 2748//2738 2733//2723 2931//2921
f 2932//2922 2930//2920 2931//2921 2929//2919
f 2923//2913 2920//2910 2930//2920 2932//2922
f 2920//2910 1473//1472 2748//2738
f 2426//2425 2430//2429 2933//2923 2934//2924
f 2922//2912 2933//2923 2430//2429 1491//1490
f 2923//2913 2935//2925 2933//2923 2922//2912
f 2934//2924 2933//2923 2935//2925 2936//2926
f 2936//2926 2935//2925 2937//2927 2938//2928
f 2932//2922 2937//2927 2935//2925 2923//2913
f 2929//2919 2925//2915 2937//2927 2932//2922
f 2938//2928 2937//2927 2925//2915 2924//2914
f 2410//2409 2928//2918 2939//2929 2501//2493
f 2929//2919 2931//2921 2939//2929 2928//2918
f 2939//2929 2931//2921 2733//2723
f 2732//2722 2498//2490 2501//2493
f 2940//2930 2941//2931 2942//2932 2943//2933
f 2944//2934 2942//2932 2941//2931 2945//2935
f 2395//2394 2392//2391 2942//2932 2944//2934
f 2943//2933 2942//2932 2392//2391 1684//1683
f 2946//2936 2947//2937 2948//2938 2949//2939
f 2950//2940 2948//2938 2947//2937 2951//2941
f 2948//2938 2950//2940 2945//2935
f 2949//2939 2948//2938 2941//2931 2940//2930
f 2945//2935 2952//2942 2953//2943 2944//2934
f 2413//2412 2953//2943 2952//2942 2414//2413
f 2402//2401 2404//2403 2953//2943 2413//2412
f 2944//2934 2953//2943 2404//2403 2395//2394
f 2954//2944 2955//2945 2956//2946 2957//2947
f 2303//2302 2302//2301 2956//2946 2955//2945
f 2956//2946 2302//2301 1555//1554
f 2957//2947 2956//2946 2958//2948 2959//2949
f 2951//2941 2947//2937 2960//2950 2961//2951
f 2962//2952 2960//2950 2947//2937 2946//2936
f 1656//1655 2421//2420 2960//2950 2962//2952
f 2421//2420 2420//2419 2961//2951
f 2963//2953 2964//2954 2965//2955 2966//2956
f 2957//2947 2965//2955 2964//2954 2954//2944
f 2959//2949 2967//2957 2965//2955 2957//2947
f 2966//2956 2965//2955 2967//2957 2968//2958
f 2969//2959 2970//2960 2955//2945 2954//2944
f 2537//2529 2970//2960 2969//2959 2534//2526
f 2315//2314 2970//2960 2537//2529 2312//2311
f 2955//2945 2970//2960 2315//2314 2303//2302
f 2971//2961 2972//2962 2973//2963 2974//2964
f 1563//1562 2973//2963 2972//2962 1554//1553
f 1655//1654 2973//2963 1563//1562 1562//1561
f 2974//2964 2973//2963 1655//1654 1654//1653
f 1554//1553 2972//2962 2975//2965 1553//1552
f 2972//2962 2971//2961 2976//2966
f 2975//2965 2976//2966 2959//2949
f 2958//2948 1555//1554 1553//1552
f 2966//2956 2977//2967 2978//2968 2963//2953
f 2968//2958 2979//2969 2977//2967 2966//2956
f 2979//2969 2515//2507 2517//2509
f 2519//2511 2978//2968 2977//2967 2517//2509
f 2980//2970 2981//2971 2982//2972 2983//2973
f 2984//2974 2982//2972 2981//2971 2985//2975
f 2986//2976 2987//2977 2982//2972 2984//2974
f 2983//2973 2982//2972 2987//2977 2507//2499
f 2985//2975 2981//2971 2988//2978 2989//2979
f 2990//2980 2988//2978 2981//2971 2980//2970
f 1652//1651 1662//1661 2988//2978 2990//2980
f 2989//2979 2988//2978 1662//1661 1661//1660
f 1684//1683 1683//1682 2991//2981 2943//2933
f 2992//2982 2991//2981 1683//1682 1676//1675
f 2986//2976 2993//2983 2991//2981 2992//2982
f 2993//2983 2940//2930 2943//2933
f 2940//2930 2993//2983 2994//2984 2949//2939
f 2984//2974 2994//2984 2993//2983 2986//2976
f 2985//2975 2995//2985 2994//2984 2984//2974
f 2949//2939 2994//2984 2995//2985 2946//2936
f 2996//2986 2987//2977 2986//2976 2992//2982
f 1675//1674 2996//2986 2992//2982 1676//1675
f 1672//1671 2503//2495 2996//2986 1675//1674
f 2507//2499 2987//2977 2996//2986 2503//2495
f 2997//2987 2998//2988 2999//2989 3000//2990
f 3001//2991 3002//2992 2998//2988 2997//2987
f 2963//2953 2978//2968 2998//2988 3002//2992
f 2999//2989 2998//2988 2978//2968 2519//2511
f 2946//2936 2995//2985 3003//2993 2962//2952
f 2989//2979 3003//2993 2995//2985 2985//2975
f 1661//1660 1657//1656 3003//2993 2989//2979
f 2962//2952 3003//2993 1657//1656 1656//1655
f 3002//2992 3004//2994 2964//2954 2963//2953
f 3005//2995 3004//2994 3002//2992 3001//2991
f 2534//2526 2969//2959 3004//2994 3005//2995
f 2954//2944 2964//2954 3004//2994 2969//2959
f 2901//2891 3006//2996 3007//2997 2919//2909
f 3008//2998 3007//2997 3006//2996 3000//2990
f 2331//2330 2328//2327 3007//2997 3008//2998
f 2919//2909 3007//2997 2328//2327 2321//2320
f 2909//2899 3009//2999 3010//3000 2904//2894
f 2997//2987 3010//3000 3009//2999 3001//2991
f 3000//2990 3006//2996 3010//3000 2997//2987
f 2904//2894 3010//3000 3006//2996 2901//2891
f 2327//2326 2336//2335 3011//3001 2518//2510
f 3008//2998 3011//3001 2336//2335 2331//2330
f 3000//2990 2999//2989 3011//3001 3008//2998
f 2518//2510 3011//3001 2999//2989 2519//2511
f 2420//2419 3012//3002 3013//3003 2961//2951
f 3014//3004 3013//3003 3012//3002 3015//3005
f 3016//3006 3017//3007 3013//3003 3014//3004
f 2961//2951 3013//3003 3017//3007 2951//2941
f 3001//2991 3009//2999 3018//3008 3005//2995
f 2913//2903 3018//3008 3009//2999 2909//2899
f 2539//2531 2535//2527 3018//3008 2913//2903
f 3005//2995 3018//3008 2535//2527 2534//2526
f 2951//2941 3017//3007 3019//3009 2950//2940
f 3020//3010 3019//3009 3017//3007 3016//3006
f 2414//2413 2952//2942 3019//3009 3020//3010
f 2950//2940 3019//3009 2952//2942 2945//2935
f 2936//2926 3021//3011 3022//3012 2934//2924
f 3023//3013 3022//3012 3021//3011 3015//3005
f 2428//2427 2427//2426 3022//3012 3023//3013
f 2934//2924 3022//3012 2427//2426 2426//2425
f 2924//2914 3024//3014 3025//3015 2938//2928
f 3014//3004 3025//3015 3024//3014 3016//3006
f 3015//3005 3021//3011 3025//3015 3014//3004
f 2938//2928 3025//3015 3021//3011 2936//2926
f 2428//2427 3023//3013 3026//3016 2424//2423
f 3015//3005 3012//3002 3026//3016 3023//3013
f 2419//2418 3026//3016 3012//3002 2420//2419
f 2424//2423 3026//3016 2419//2418 2418//2417
f 3016//3006 3024//3014 3027//3017 3020//3010
f 2927//2917 3027//3017 3024//3014 2924//2914
f 2406//2405 2415//2414 3027//3017 2927//2917
f 3020//3010 3027//3017 2415//2414 2414//2413
f 3028//3018 3029//3019 3030//3020 3031//3021
f 3032//3022 3030//3020 3029//3019 3033//3023
f 185//184 184//183 3030//3020 3032//3022
f 3031//3021 3030//3020 184//183 179//178
f 3033//3023 3029//3019 3034//3024 3035//3025
f 3036//3026 3034//3024 3029//3019 3028//3018
f 2679//2669 3034//3024 3036//3026 2680//2670
f 3034//3024 2679//2669 2496//2488 3035//3025
f 2605//2595 3037//3027 3038//3028 2606//2596
f 3031//3021 3038//3028 3037//3027 3028//3018
f 179//178 178//177 3038//3028 3031//3021
f 2606//2596 3038//3028 178//177 177//176
f 3039//3029 2691//2681 2680//2670 3036//3026
f 3028//3018 3037//3027 3039//3029 3036//3026
f 3037//3027 2605//2595 2612//2602
f 2472//2464 2691//2681 3039//3029 2612//2602
f 2496//2488 2494//2486 3040//3030 3035//3025
f 2494//2486 2495//2487 3041//3031
f 3042//3032 3043//3033 3040//3030 3041//3031
f 3035//3025 3040//3030 3043//3033 3033//3023
f 3044//3034 3045//3035 3046//3036 3047//3037
f 2724//2714 3046//3036 3045//3035 2722//2712
f 2656//2646 2659//2649 3046//3036 2724//2714
f 3047//3037 3046//3036 2659//2649 2658//2648
f 3048//3038 3049//3039 333//332 188//187
f 3050//3040 3049//3039 3048//3038 3042//3032
f 3044//3034 3051//3041 3049//3039 3050//3040
f 336//335 333//332 3049//3039 3051//3041
f 3033//3023 3043//3033 3052//3042 3032//3022
f 3048//3038 3052//3042 3043//3033 3042//3032
f 188//187 187//186 3052//3042 3048//3038
f 3032//3022 3052//3042 187//186 185//184
f 2722//2712 3045//3035 3053//3043 2723//2713
f 3050//3040 3053//3043 3045//3035 3044//3034
f 3053//3043 3050//3040 3042//3032
f 2723//2713 3053//3043 3041//3031 2495//2487
f 3051//3041 3054//3044 341//340 336//335
f 3047//3037 3054//3044 3051//3041 3044//3034
f 2658//2648 2666//2656 3054//3044 3047//3037
f 3054//3044 2666//2656 241//240 341//340
f 2906//2896 2915//2905 3055//3045 2905//2895
f 2753//2743 3056//3046 3055//3045 2915//2905
f 3057//3047 3055//3045 3056//3046 3058//3048
f 2905//2895 3055//3045 3057//3047 2907//2897
f 2899//2889 3059//3049 3060//3050 2911//2901
f 3061//3051 3062//3052 3060//3050 3059//3049
f 2756//2746 3060//3050 3062//3052 2752//2742
f 2520//2512 2911//2901 3060//3050 2756//2746
f 3063//3053 3064//3054 1448//1447 1447//1446
f 3065//3055 3064//3054 3063//3053 3058//3048
f 3061//3051 3066//3056 3064//3054 3065//3055
f 1448//1447 3064//3054 3066//3056 1373//1372
f 2907//2897 3057//3047 3067//3057 2914//2904
f 3058//3048 3063//3053 3067//3057 3057//3047
f 3067//3057 3063//3053 1447//1446
f 1452//1451 1451//1450 2914//2904
f 2752//2742 3062//3052 3068//3058 2750//2740
f 3065//3055 3068//3058 3062//3052 3061//3051
f 3058//3048 3056//3046 3068//3058 3065//3055
f 2750//2740 3068//3058 3056//3046 2753//2743
f 3061//3051 3059//3049 3069//3059 3066//3056
f 2898//2888 3069//3059 3059//3049 2899//2889
f 3069//3059 2898//2888 1367//1366
f 3069//3059 1366//1365 1373//1372 3066//3056
f 2507//2499 2506//2498 3070//3060 2983//2973
f 3071//3061 3070//3060 2506//2498 2505//2497
f 3072//3062 3073//3063 3070//3060 3071//3061
f 2983//2973 3070//3060 3073//3063 2980//2970
f 2980//2970 3073//3063 3074//3064 2990//2980
f 3075//3065 3074//3064 3073//3063 3072//3062
f 1653//1652 3074//3064 3075//3065 1654//1653
f 2990//2980 3074//3064 1653//1652 1652//1651
f 1654//1653 3075//3065 3076//3066 2974//2964
f 3077//3067 3076//3066 3075//3065 3072//3062
f 3078//3068 3079//3069 3076//3066 3077//3067
f 2974//2964 3076//3066 3079//3069 2971//2961
f 2511//2503 3080//3070 3081//3071 2509//2501
f 3077//3067 3081//3071 3080//3070 3078//3068
f 3072//3062 3071//3061 3081//3071 3077//3067
f 2509//2501 3081//3071 3071//3061 2505//2497
f 2515//2507 2979//2969 3082//3072 2514//2506
f 3083//3073 3082//3072 2979//2969 2968//2958
f 3078//3068 3080//3070 3082//3072 3083//3073
f 2514//2506 3082//3072 3080//3070 2511//2503
f 2971//2961 3079//3069 3084//3074 2976//2966
f 3083//3073 3084//3074 3079//3069 3078//3068
f 2968//2958 2967//2957 3084//3074 3083//3073
f 2976//2966 3084//3074 2967//2957 2959//2949
f 3085//3075 2374//2373 2366//2365
f 3086//3076 3087//3077 3088//3078
f 2379//2378 2391//2390 3085//3075 3088//3078
f 2374//2373 3085//3075 2391//2390 2371//2370
f 3089//3079 3090//3080 3091//3081 3092//3082
f 2380//2379 3091//3081 3090//3080 2182//2181
f 3088//3078 3091//3081 2380//2379 2379//2378
f 3087//3077 3092//3082 3091//3081 3088//3078
f 3093//3083 3094//3084 3095//3085 3096//3086
f 2181//2180 3095//3085 3094//3084 2183//2182
f 2182//2181 3090//3080 3095//3085 2181//2180
f 3096//3086 3095//3085 3090//3080 3089//3079
f 3097//3087 3094//3084 3093//3083 3098//3088
f 3099//3089 3097//3087 3098//3088 3100//3090
f 2188//2187 2186//2185 3097//3087 3099//3089
f 3097//3087 2186//2185 2183//2182 3094//3084
f 3100//3090 3101//3091 3102//3092 3099//3089
f 3103//3093 3102//3092 3101//3091 3104//3094
f 2192//2191 2189//2188 3102//3092 3103//3093
f 3099//3089 3102//3092 2189//2188 2188//2187
f 3105//3095 3106//3096 3107//3097 3108//3098
f 2194//2193 3107//3097 3106//3096 2195//2194
f 2192//2191 3103//3093 3107//3097 2194//2193
f 3108//3098 3107//3097 3103//3093 3104//3094
f 3109//3099 3110//3100 3106//3096 3105//3095
f 3111//3101 3110//3100 3109//3099 3112//3102
f 3110//3100 3111//3101 2199//2198 2198//2197
f 2195//2194 3106//3096 3110//3100 2198//2197
f 2341//2340 3113//3103 3114//3104 2348//2347
f 3115//3105 3114//3104 3113//3103 3116//3106
f 2358//2357 2355//2354 3114//3104 3115//3105
f 2348//2347 3114//3104 2355//2354 2345//2344
f 3112//3102 3117//3107 3118//3108 3111//3101
f 3118//3108 3117//3107 3116//3106 3113//3103
f 2344//2343 3118//3108 3113//3103 2341//2340
f 3111//3101 3118//3108 2344//2343 2199//2198
f 2366//2365 2363//2362 3119//3109 3086//3076
f 2363//2362 2358//2357 3115//3105
f 3119//3109 3115//3105 3116//3106
f 3120//3110 3087//3077 3086//3076
f 3121//3111 3122//3112 3123//3113 3124//3114
f 3092//3082 3123//3113 3122//3112 3089//3079
f 3092//3082 3087//3077 3125//3115
f 3126//3116 3124//3114 3123//3113 3125//3115
f 3121//3111 3127//3117 3128//3118 3122//3112
f 3129//3119 3128//3118 3127//3117 3130//3120
f 3093//3083 3096//3086 3128//3118 3129//3119
f 3089//3079 3122//3112 3128//3118 3096//3086
f 3130//3120 3131//3121 3132//3122 3129//3119
f 3133//3123 3132//3122 3131//3121 3134//3124
f 3100//3090 3098//3088 3132//3122 3133//3123
f 3129//3119 3132//3122 3098//3088 3093//3083
f 3134//3124 3135//3125 3136//3126 3133//3123
f 3136//3126 3135//3125 3137//3127 3138//3128
f 3101//3091 3136//3126 3138//3128 3104//3094
f 3133//3123 3136//3126 3101//3091 3100//3090
f 3139//3129 3140//3130 3141//3131 3142//3132
f 3108//3098 3141//3131 3140//3130 3105//3095
f 3104//3094 3138//3128 3141//3131 3108//3098
f 3142//3132 3141//3131 3138//3128 3137//3127
f 3121//3111 3143//3133 3144//3134 3127//3117
f 3145//3135 3144//3134 3143//3133 3146//3136
f 3147//3137 3148//3138 3144//3134 3145//3135
f 3144//3134 3148//3138 3130//3120 3127//3117
f 3147//3137 3149//3139 3150//3140 3148//3138
f 3151//3141 3152//3142 3150//3140 3149//3139
f 3134//3124 3131//3121 3150//3140 3152//3142
f 3148//3138 3150//3140 3131//3121 3130//3120
f 3153//3143 3154//3144 3155//3145 3156//3146
f 3109//3099 3155//3145 3154//3144 3112//3102
f 3105//3095 3140//3130 3155//3145 3109//3099
f 3156//3146 3155//3145 3140//3130 3139//3129
f 3151//3141 3157//3147 3158//3148 3152//3142
f 3159//3149 3160//3150 3158//3148 3157//3147
f 3137//3127 3135//3125 3158//3148 3160//3150
f 3152//3142 3158//3148 3135//3125 3134//3124
f 3146//3136 3161//3151 3162//3152 3145//3135
f 3157//3147 3162//3152 3161//3151 3159//3149
f 3151//3141 3149//3139 3162//3152 3157//3147
f 3145//3135 3162//3152 3149//3139 3147//3137
f 3163//3153 3164//3154 3165//3155 3166//3156
f 3167//3157 3165//3155 3164//3154 3168//3158
f 3159//3149 3161//3151 3165//3155 3167//3157
f 3166//3156 3165//3155 3161//3151 3146//3136
f 3137//3127 3160//3150 3169//3159 3142//3132
f 3167//3157 3169//3159 3160//3150 3159//3149
f 3168//3158 3170//3160 3169//3159 3167//3157
f 3142//3132 3169//3159 3170//3160 3139//3129
f 3171//3161 3172//3162 3173//3163 3174//3164
f 3172//3162 3126//3116 3125//3115
f 3173//3163 3125//3115 3087//3077
f 3174//3164 3173//3163 3120//3110 3116//3106
f 3175//3165 3176//3166 3124//3114 3126//3116
f 3166//3156 3176//3166 3175//3165 3163//3153
f 3146//3136 3143//3133 3176//3166 3166//3156
f 3124//3114 3176//3166 3143//3133 3121//3111
f 3177//3167 3171//3161 3174//3164
f 3174//3164 3116//3106 3117//3107
f 3117//3107 3112//3102 3154//3144
f 3154//3144 3153//3143 3177//3167
f 3178//3168 3179//3169 3180//3170 3181//3171
f 3182//3172 3180//3170 3179//3169 3163//3153
f 3171//3161 3177//3167 3180//3170 3182//3172
f 3181//3171 3180//3170 3177//3167 3153//3143
f 3182//3172 3163//3153 3175//3165
f 3126//3116 3172//3162 3183//3173 3175//3165
f 3182//3172 3183//3173 3172//3162 3171//3161
f 3168//3158 3164//3154 3184//3174 3185//3175
f 3179//3169 3184//3174 3164//3154 3163//3153
f 3185//3175 3184//3174 3179//3169 3178//3168
f 3139//3129 3170//3160 3186//3176 3156//3146
f 3185//3175 3186//3176 3170//3160 3168//3158
f 3178//3168 3181//3171 3186//3176 3185//3175
f 3156//3146 3186//3176 3181//3171 3153//3143
f 3187//3177 3188//3178 3189//3179 3190//3180
f 2461//2453 3188//3178 3187//3177 9//9
f 3188//3178 2461//2453 2458//2450
f 3191//3181 3189//3179 3188//3178 3192//3182
f 3193//3183 3194//3184 3195//3185
f 3196//3186 1//1 4//4
f 9//9 3187//3177 3193//3183 4//4
f 3190//3180 3194//3184 3193//3183 3187//3177
f 3197//3187 3198//3188 3199//3189 3200//3190
f 3201//3191 3199//3189 3198//3188 3202//3192
f 3195//3185 3194//3184 3199//3189 3201//3191
f 3200//3190 3199//3189 3194//3184 3190//3180
f 3203//3193 3204//3194 3205//3195 3206//3196
f 3204//3194 3203//3193 25//25
f 1//1 3196//3186 3204//3194 24//24
f 3205//3195 3204//3194 3196//3186 3195//3185
f 3206//3196 3205//3195 3207//3197 3208//3198
f 3207//3197 3205//3195 3195//3185
f 3201//3191 3202//3192 3209//3199
f 3208//3198 3207//3197 3209//3199 3210//3200
f 3211//3201 3209//3199 3202//3192
f 3210//3200 3209//3199 3211//3201 3212//3202
f 32//32 35//35 3213//3203 3214//3204
f 3203//3193 3213//3203 35//35 25//25
f 3206//3196 3215//3205 3213//3203 3203//3193
f 3214//3204 3213//3203 3215//3205 3216//3206
f 3216//3206 3215//3205 3217//3207 3218//3208
f 3208//3198 3217//3207 3215//3205 3206//3196
f 3210//3200 3219//3209 3217//3207 3208//3198
f 3218//3208 3217//3207 3219//3209 3220//3210
f 3212//3202 3221//3211 3219//3209 3210//3200
f 44//42 42//39 3221//3211 3212//3202
f 3222//3212 3221//3211 42//39 41//38
f 3220//3210 3219//3209 3221//3211 3222//3212
f 34//34 33//33 3223//3213 3224//3214
f 3214//3204 3223//3213 33//33 32//32
f 3216//3206 3225//3215 3223//3213 3214//3204
f 3224//3214 3223//3213 3225//3215 3226//3216
f 3226//3216 3225//3215 3227//3217 3228//3218
f 3218//3208 3227//3217 3225//3215 3216//3206
f 3220//3210 3229//3219 3227//3217 3218//3208
f 3228//3218 3227//3217 3229//3219 3230//3220
f 3222//3212 3231//3221 3229//3219 3220//3210
f 41//38 53//50 3231//3221 3222//3212
f 3232//3222 3231//3221 53//50 54//53
f 3230//3220 3229//3219 3231//3221 3232//3222
f 3233//3223 3234//3224 3235//3225 3236//3226
f 49//48 47//44 3234//3224 3233//3223
f 3237//3227 3234//3224 47//44 48//47
f 3238//3228 3235//3225 3234//3224 3237//3227
f 3239//3229 3240//3230 3241//3231 3242//3232
f 3243//3233 3244//3234 3241//3231 3240//3230
f 1780//1779 3241//3231 3244//3234 1782//1781
f 1779//1778 3242//3232 3241//3231 1780//1779
f 3236//3226 3235//3225 3245//3235 3246//3236
f 3247//3237 3245//3235 3235//3225 3238//3228
f 3243//3233 3240//3230 3245//3235 3247//3237
f 3246//3236 3245//3235 3240//3230 3239//3229
f 3242//3232 3248//3238 3249//3239 3239//3229
f 2571//2563 3248//3238 3242//3232 1779//1778
f 3248//3238 2571//2563 2560//2552 3250//3240
f 3251//3241 3249//3239 3248//3238 3250//3240
f 3252//3242 3253//3243 3254//3244 3255//3245
f 2249//2248 3254//3244 3253//3243 2248//2247
f 1782//1781 3244//3234 3254//3244 2249//2248
f 3255//3245 3254//3244 3244//3234 3243//3233
f 3256//3246 3257//3247 3258//3248 3259//3249
f 1791//1790 2247//2246 3258//3248 3257//3247
f 2248//2247 3253//3243 3258//3248 2247//2246
f 3259//3249 3258//3248 3253//3243 3252//3242
f 3255//3245 3260//3250 3261//3251 3252//3242
f 3243//3233 3247//3237 3260//3250 3255//3245
f 3238//3228 3262//3252 3260//3250 3247//3237
f 3263//3253 3261//3251 3260//3250 3262//3252
f 3237//3227 3264//3254 3262//3252 3238//3228
f 48//47 2435//2434 3264//3254 3237//3227
f 2437//2436 3265//3255 3264//3254 2435//2434
f 3262//3252 3264//3254 3265//3255 3263//3253
f 3266//3256 3267//3257 3268//3258 3269//3259
f 1786//1785 1785//1784 3267//3257 3266//3256
f 3257//3247 3267//3257 1785//1784 1791//1790
f 3256//3246 3268//3258 3267//3257 3257//3247
f 3259//3249 3270//3260 3271//3261 3256//3246
f 3252//3242 3261//3251 3270//3260 3259//3249
f 3272//3262 3270//3260 3261//3251 3263//3253
f 3273//3263 3271//3261 3270//3260 3272//3262
f 3263//3253 3265//3255 3274//3264 3272//3262
f 2442//2439 3274//3264 3265//3255 2437//2436
f 2441//2438 3275//3265 3274//3264 2442//2439
f 3272//3262 3274//3264 3275//3265 3273//3263
f 3269//3259 3268//3258 3276//3266 3277//3267
f 3271//3261 3276//3266 3268//3258 3256//3246
f 3278//3268 3276//3266 3271//3261 3273//3263
f 3277//3267 3276//3266 3278//3268 3279//3269
f 3273//3263 3275//3265 3280//3270 3278//3268
f 2446//3271 3280//3270 3275//3265 2441//2438
f 3281//3272 3280//3270 2446//3271 2447//3273
f 3279//3269 3278//3268 3280//3270 3281//3272
f 3282//3274 3283//3275 1801//1800
f 3266//3256 3282//3274 1800//1799 1786//1785
f 3269//3259 3284//3276 3282//3274 3266//3256
f 3283//3275 3282//3274 3284//3276 3285//3277
f 3285//3277 3284//3276 3286//3278 3287//3279
f 3277//3267 3286//3278 3284//3276 3269//3259
f 3279//3269 3288//3280 3286//3278 3277//3267
f 3288//3280 3289//3281 3287//3279
f 3281//3272 3290//3282 3288//3280 3279//3269
f 2447//3273 2450//3283 3290//3282 3281//3272
f 3291//3284 3290//3282 2450//3283 2449//2446
f 3290//3282 3291//3284 3289//3281
f 3292//3285 3293//3286 3294//3287 3295//3288
f 1774//1773 2055//2054 3293//3286 3292//3285
f 3296//3289 3293//3286 2055//2054 2054//2053
f 3297//3290 3294//3287 3293//3286 3296//3289
f 2054//2053 2243//2242 3298//3291 3296//3289
f 3283//3275 3298//3291 2243//2242 1801//1800
f 3285//3277 3299//3292 3298//3291 3283//3275
f 3296//3289 3298//3291 3299//3292 3297//3290
f 3297//3290 3299//3292 3300//3293 3301//3294
f 3287//3279 3300//3293 3299//3292 3285//3277
f 3289//3281 3302//3295 3300//3293 3287//3279
f 3301//3294 3300//3293 3302//3295 3303//3296
f 3291//3284 3304//3297 3302//3295 3289//3281
f 2449//2446 2452//2443 3304//3297 3291//3284
f 3305//3298 3304//3297 2452//2443 2445//2442
f 3303//3296 3302//3295 3304//3297 3305//3298
f 3306//3299 3307//3300 3308//3301 3309//3302
f 3308//3301 3307//3300 1776//1775 1775//1774
f 3292//3285 3308//3301 1775//1774 1774//1773
f 3295//3288 3309//3302 3308//3301 3292//3285
f 3295//3288 3294//3287 3310//3303 3311//3304
f 3301//3294 3310//3303 3294//3287 3297//3290
f 3303//3296 3312//3305 3310//3303 3301//3294
f 3311//3304 3310//3303 3312//3305 3313//3306
f 3305//3298 3314//3307 3312//3305 3303//3296
f 2445//2442 2444//3308 3314//3307 3305//3298
f 3313//3306 3312//3305 3314//3307 3315//3309
f 3309//3302 3316//3310 3317//3311 3306//3299
f 3311//3304 3316//3310 3309//3302 3295//3288
f 3313//3306 3318//3312 3316//3310 3311//3304
f 3319//3313 3317//3311 3316//3310 3318//3312
f 3315//3309 3320//3314 3318//3312 3313//3306
f 3318//3312 3320//3314 3321//3315 3319//3313
f 2580//2570 3322//3316 3323//3317 2577//2567
f 1776//1775 3307//3300 3322//3316 2580//2570
f 3324//3318 3322//3316 3307//3300 3306//3299
f 3325//3319 3323//3317 3322//3316 3324//3318
f 3324//3318 3326//3320 3327//3321 3325//3319
f 3306//3299 3317//3311 3326//3320 3324//3318
f 3328//3322 3326//3320 3317//3311 3319//3313
f 3329//3323 3327//3321 3326//3320 3328//3322
f 3330//3324 3331//3325 3332//3326 3333//3327
f 2586//2576 3332//3326 3331//3325 2583//2573
f 2577//2567 3323//3317 3332//3326 2586//2576
f 3333//3327 3332//3326 3323//3317 3325//3319
f 3319//3313 3321//3315 3334//3328 3328//3322
f 3328//3322 3334//3328 3335//3329 3329//3323
f 60//59 56//55 3336//3330 3337//3331
f 3338//3332 3336//3330 56//55 55//54
f 3336//3330 3338//3332 3339//3333 3340//3334
f 3337//3331 3336//3330 3340//3334 3341//3335
f 3345//3336 3342//3337 3344//3338 3346//3339
f 3347//3340 3343//3341 3342//3337 3345//3336
f 3346//3339 3348//3342 3349//3343 3345//3336
f 3340//3334 3349//3343 3348//3342 3341//3335
f 3339//3333 3350//3344 3349//3343 3340//3334
f 3345//3336 3349//3343 3350//3344 3347//3340
f 81//80 80//79 3351//3345 3352//3346
f 3337//3331 3351//3345 80//79 60//59
f 3341//3335 3353//3347 3351//3345 3337//3331
f 3352//3346 3351//3345 3353//3347 3354//3348
f 3355//3349 3354//3348 3353//3347
f 3341//3335 3348//3342 3356//3350 3353//3347
f 3357//3351 3356//3350 3348//3342 3346//3339
f 3358//3352 3355//3349 3356//3350 3357//3351
f 3346//3339 3344//3338 3359//3353 3357//3351
f 3357//3351 3359//3353 3360//3354 3358//3352
f 694//692 693//691 3361//3355 3362//3356
f 3352//3346 3361//3355 693//691 81//80
f 3354//3348 3363//3357 3361//3355 3352//3346
f 3364//3358 3362//3356 3361//3355 3363//3357
f 3363//3357 3365//3359 3366//3360 3364//3358
f 3365//3359 3363//3357 3354//3348
f 3367//3361 3365//3359 3355//3349 3358//3352
f 3368//3362 3366//3360 3365//3359 3367//3361
f 3369//3363 3370//3364 3371//3365 3372//3366
f 3371//3365 3370//3364 700//698 699//697
f 699//697 694//692 3362//3356
f 3372//3366 3371//3365 3362//3356 3364//3358
f 3358//3352 3360//3354 3373//3367 3367//3361
f 2455//3368 3373//3367 3360//3354 2454//3369
f 3367//3361 3373//3367 3374//3370 3368//3362
f 3190//3180 3189//3179 3375//3371 3200//3190
f 3376//3372 3375//3371 3189//3179 3191//3181
f 3368//3362 3374//3370 3379//3373 3378//3374
f 3380//3375 3381//3376 3382//3377 3383//3378
f 3382//3377 3381//3376 2458//2450 2457//2449
f 700//698 3370//3364 3382//3377 2457//2449
f 3383//3378 3382//3377 3370//3364 3369//3363
f 3377//3379 3384//3380 3385//3381 3378//3374
f 3372//3366 3385//3381 3384//3380 3369//3363
f 3364//3358 3366//3360 3385//3381 3372//3366
f 3378//3374 3385//3381 3366//3360 3368//3362
f 3383//3378 3386//3382 3387//3383 3380//3375
f 3369//3363 3384//3380 3386//3382 3383//3378
f 3388//3384 3389//3385 3390//3386 3391//3387
f 3387//3383 3390//3386 3389//3385 3380//3375
f 3393//3388 3394//3389 3191//3181
f 3381//3376 3393//3388 3192//3182 2458//2450
f 3380//3375 3389//3385 3393//3388 3381//3376
f 3394//3389 3393//3388 3389//3385 3388//3384
f 3191//3181 3394//3389 3395//3390 3376//3372
f 3394//3389 3388//3384 3396//3391
f 3391//3387 3397//3392 3396//3391 3388//3384
f 2573//2565 3398//3393 3399//3394 2559//2551
f 3224//3214 3398//3393 2573//2565 34//34
f 3226//3216 3400//3395 3398//3393 3224//3214
f 3398//3393 3400//3395 3401//3396 3399//3394
f 3401//3396 3400//3395 3402//3397 3403//3398
f 3228//3218 3402//3397 3400//3395 3226//3216
f 3230//3220 3404//3399 3402//3397 3228//3218
f 3403//3398 3402//3397 3404//3399 3405//3400
f 3406//3401 3399//3394 3401//3396 3407//3402
f 3250//3240 3406//3401 3407//3402 3251//3241
f 2556//2548 3406//3401 3250//3240 2560//2552
f 2559//2551 3399//3394 3406//3401 2556//2548
f 3409//3403 3408//3404 50//49 49//48
f 3232//3222 3412//3405 3404//3399 3230//3220
f 54//53 2575//3406 3412//3405 3232//3222
f 3413//3407 3412//3405 2575//3406 2576//3408
f 3405//3400 3404//3399 3412//3405 3413//3407
f 3410//3409 3409//3403 3414//3410 3415//3411
f 3233//3223 3414//3410 3409//3403 49//48
f 3236//3226 3416//3412 3414//3410 3233//3223
f 3415//3411 3414//3410 3416//3412 3417//3413
f 3417//3413 3418//3414 3419//3415 3415//3411
f 3413//3407 3419//3415 3418//3414 3405//3400
f 2576//3408 3411//3416 3419//3415 3413//3407
f 3415//3411 3419//3415 3411//3416 3410//3409
f 3339//3333 3338//3332 3420//3417 3421//3418
f 2550//2542 3420//3417 3338//3332 55//54
f 2551//2543 3422//3419 3420//3417 2550//2542
f 3421//3418 3420//3417 3422//3419 3423//3420
f 3246//3236 3424//3421 3416//3412 3236//3226
f 3239//3229 3249//3239 3424//3421 3246//3236
f 3425//3422 3424//3421 3249//3239 3251//3241
f 3417//3413 3416//3412 3424//3421 3425//3422
f 3425//3422 3426//3423 3418//3414 3417//3413
f 3251//3241 3407//3402 3426//3423 3425//3422
f 3403//3398 3426//3423 3407//3402 3401//3396
f 3405//3400 3418//3414 3426//3423 3403//3398
f 2591//2581 3427//3424 3422//3419 2551//2543
f 2583//2573 3331//3325 3427//3424 2591//2581
f 3428//3425 3427//3424 3331//3325 3330//3324
f 3423//3420 3422//3419 3427//3424 3428//3425
f 3429//3426 3430//3427 3431//3428 3432//3429
f 3347//3340 3350//3344 3430//3427 3429//3426
f 3421//3418 3430//3427 3350//3344 3339//3333
f 3423//3420 3431//3428 3430//3427 3421//3418
f 3432//3429 3433//3430 3434//3431 3429//3426
f 3429//3426 3434//3431 3343//3341 3347//3340
f 3437//3432 3436//3433 3433//3430 3432//3429
f 3438//3434 3435//3435 3436//3433 3437//3432
f 3439//3436 3440//3437 3435//3435 3438//3434
f 3329//3323 3335//3329 3440//3437 3439//3436
f 3432//3429 3431//3428 3441//3438 3437//3432
f 3428//3425 3441//3438 3431//3428 3423//3420
f 3330//3324 3442//3439 3441//3438 3428//3425
f 3437//3432 3441//3438 3442//3439 3438//3434
f 3438//3434 3442//3439 3443//3440 3439//3436
f 3333//3327 3443//3440 3442//3439 3330//3324
f 3325//3319 3327//3321 3443//3440 3333//3327
f 3439//3436 3443//3440 3327//3321 3329//3323
f 20//20 21//21 18//18
f 40//3441 43//41 38//40
f 39//43 38//40 42//39
f 102//101 99//98 98//97
f 101//100 109//108 107//106
f 17//17 111//110 114//113
f 94//93 118//117 119//118
f 100//99 119//118 122//121
f 138//137 139//138 136//135
f 144//143 146//145 142//141
f 153//152 151//150 150//149
f 154//153 155//154 151//150
f 153//152 193//192 197//196
f 230//229 1836//1835 228//227
f 228//227 1836//1835 231//230
f 229//228 228//227 233//232
f 198//197 201//200 285//284
f 286//285 285//284 201//200
f 312//311 313//312 310//309
f 332//331 330//329 232//231
f 283//282 343//342 342//341
f 380//379 379//378 383//382
f 364//363 388//387 385//384
f 400//399 404//403 403//402
f 418//417 415//414 420//419
f 406//405 428//427 403//402
f 440//439 442//441 438//437
f 466//465 468//467 464//463
f 445//444 444//443 469//468
f 490//489 494//493 493//492
f 499//498 500//499 496//495
f 505//504 513//512 509//508
f 526//525 527//526 503//502
f 497//496 527//526 526//525
f 498//497 513//512 527//526
f 503//502 527//526 513//512
f 534//533 535//534 532//531
f 537//536 532//531 535//534
f 536//535 541//540 540//539
f 541//540 543//542 470//469
f 439//438 546//545 501//500
f 551//550 556//555 554//553
f 566//565 563//562 562//561
f 576//575 577//576 572//571
f 573//572 572//571 577//576
f 535//534 592//591 591//590
f 598//597 599//598 596//595
f 542//541 596//595 599//598
f 597//596 596//595 591//590
f 598//597 604//601 603//600
f 599//598 603//600 548//547
f 564//563 604//601 605//602
f 608//605 605//602 606//603
f 565//564 605//602 608//605
f 616//614 614//612 613//611
f 626//624 625//623 629//627
f 615//613 632//630 631//629
f 587//586 584//583 631//629
f 621//619 640//638 632//630
f 635//633 645//643 644//642
f 643//641 644//642 618//616
f 638//636 645//643 646//644
f 633//631 646//644 645//643
f 627//625 624//622 646//644
f 639//637 646//644 624//622
f 671//669 672//670 670//668
f 202//201 670//668 672//670
f 283//282 680//678 679//677
f 677//675 680//678 681//679
f 286//285 681//679 680//678
f 203//202 672//670 681//679
f 682//680 681//679 672//670
f 690//688 695//693 706//704
f 769//767 766//764 774//772
f 814//812 816//814 500//499
f 491//490 493//492 816//814
f 500//499 816//814 493//492
f 491//490 815//813 823//821
f 828//826 829//827 826//824
f 831//829 826//824 829//827
f 832//830 833//831 826//824
f 827//825 826//824 833//831
f 837//835 835//833 834//832
f 897//895 896//894 799//797
f 900//898 895//893 903//901
f 898//896 905//903 903//901
f 875//873 911//909 910//908
f 906//904 910//908 911//909
f 879//877 876//874 910//908
f 911//909 913//911 912//910
f 912//910 915//913 914//912
f 919//917 916//914 915//913
f 924//922 925//923 921//919
f 914//912 921//919 925//923
f 943//941 939//937 950//948
f 949//947 952//950 945//943
f 952//950 953//951 433//432
f 433//432 953//951 954//952
f 377//376 960//958 959//957
f 888//886 884//882 962//960
f 984//982 985//983 983//981
f 917//915 973//971 985//983
f 983//981 985//983 973//971
f 990//988 979//977 570//569
f 560//559 981//979 991//989
f 987//985 991//989 981//979
f 970//968 1007//1005 1006//1004
f 1009//1007 1006//1004 1007//1005
f 1008//1006 1007//1005 1010//1008
f 978//976 1010//1008 1007//1005
f 964//962 963//961 1010//1008
f 1011//1009 1010//1008 963//961
f 1009//1007 1013//1011 1017//1015
f 235//234 1070//1068 1069//1067
f 1072//1070 1069//1067 1070//1068
f 229//228 1069//1067 1074//1072
f 1102//1100 1100//1098 1099//1097
f 1110//1108 1107//1105 1106//1104
f 1111//1109 1112//1110 1107//1105
f 1108//1106 1107//1105 1112//1110
f 1142//1140 1143//1141 1139//1137
f 1146//1144 1148//1146 1144//1142
f 1150//1148 1151//1149 1148//1146
f 1141//1139 1156//1154 1153//1151
f 1157//1155 1158//1156 1153//1151
f 1154//1152 1160//1158 1159//1157
f 1149//1147 1146//1144 1159//1157
f 1155//1153 1159//1157 1161//1159
f 900//898 1164//1162 1162//1160
f 1166//1164 1167//1165 1163//1161
f 1170//1168 1171//1169 1168//1166
f 1156//1154 1168//1166 1171//1169
f 1166//1164 1168//1166 1156//1154
f 1165//1163 1169//1167 1168//1166
f 1173//1171 1172//1170 1171//1169
f 1160//1158 1172//1170 1175//1173
f 1181//1179 1180//1178 1179//1177
f 593//592 1183//1181 601//1184
f 1191//1190 1194//1193 1190//1189
f 1195//1194 1198//1197 1197//1196
f 1197//1196 1199//1198 1184//1182
f 637//635 1199//1198 1197//1196
f 1170//1168 1188//1187 1200//1199
f 1192//1191 1201//1200 1200//1199
f 1173//1171 1200//1199 1201//1200
f 1209//1208 1212//1211 1216//1215
f 1254//1253 1256//1255 1255//1254
f 1260//1259 1258//1257 1257//1256
f 1258//1257 1260//1259 1243//1242
f 1263//1262 1265//1264 1261//1260
f 1259//1258 1257//1256 1261//1260
f 1262//1261 1261//1260 1257//1256
f 1259//1258 1269//1268 1267//1266
f 1274//1273 1276//1275 1270//1269
f 1275//1274 1274//1273 1273//1272
f 1256//1255 1274//1273 1275//1274
f 1276//1275 1274//1273 1256//1255
f 1278//1277 1277//1276 1275//1274
f 1102//1100 1277//1276 860//858
f 1271//1270 1268//1267 1282//1281
f 1283//1282 1282//1281 1250//1249
f 1263//1262 1292//1291 1290//1289
f 1262//1261 1294//1293 1292//1291
f 1297//1296 1291//1290 1293//1292
f 1314//1313 1315//1314 1313//1312
f 1318//1317 1321//1320 1309//1308
f 1314//1313 1316//1315 1329//1328
f 1330//1329 1333//1332 1315//1314
f 1337//1336 1336//1335 1320//1319
f 1350//1349 1361//1360 1359//1358
f 1370//1369 1365//1364 1368//1367
f 1391//1390 1388//1387 1387//1386
f 1389//1388 1388//1387 1374//1373
f 1149//1147 1175//1173 1406//1405
f 1150//1148 1405//1404 1409//1408
f 1414//1413 1413//1412 1201//1200
f 1407//1406 1413//1412 1416//1415
f 1419//1418 1420//1419 1417//1416
f 1404//1403 1416//1415 1417//1416
f 1422//1421 1424//1423 1400//1399
f 1422//1421 1421//1420 1415//1414
f 1424//1423 1422//1421 594//593
f 1418//1417 1426//1425 1425//1424
f 1400//1399 1396//1395 1426//1425
f 1395//1394 1410//1409 1429//1428
f 1420//1419 1430//1429 1408//1407
f 1393//1392 1430//1429 1428//1427
f 1383//1382 1408//1407 1430//1429
f 1434//1433 1433//1432 1402//1401
f 1371//1370 1379//1378 1436//1435
f 1438//1437 1435//1434 1441//1440
f 1445//1444 1448//1447 1373//1372
f 1483//1482 1481//1480 1480//1479
f 1484//1483 1485//1484 1481//1480
f 1482//1481 1480//1479 1488//1487
f 1488//1487 1490//1489 1491//1490
f 1401//1400 1509//1508 1508//1507
f 1506//1505 1508//1507 1509//1508
f 1434//1433 1508//1507 1496//1495
f 1521//1520 1524//1523 1519//1518
f 1514//1513 1542//1541 1541//1540
f 1534//1533 1541//1540 1542//1541
f 1580//1579 1582//1581 1579//1578
f 839//837 1582//1581 1581//1580
f 832//830 1581//1580 1584//1583
f 1585//1584 1584//1583 1581//1580
f 1577//1576 1588//1587 1586//1585
f 1424//1423 1586//1585 1588//1587
f 534//533 533//532 1586//1585
f 1587//1586 1586//1585 533//532
f 1588//1587 1589//1588 1399//1398
f 1593//1592 1590//1589 1591//1590
f 524//523 1590//1589 1593//1592
f 1569//1568 1576//1575 1594//1593
f 1595//1594 1594//1593 1576//1575
f 1567//1566 1594//1593 1597//1596
f 507//506 520//519 1601//1600
f 1593//1592 1601//1600 520//519
f 508//507 1601//1600 1598//1597
f 1583//1582 1604//1603 1602//1601
f 1595//1594 1605//1604 1603//1602
f 836//834 1609//1608 1607//1606
f 1579//1578 1607//1606 1608//1607
f 1616//1615 1612//1611 1611//1610
f 846//844 1487//1486 1612//1611
f 1620//1619 1618//1617 1617//1616
f 1615//1614 1618//1617 1621//1620
f 1610//1609 1609//1608 1621//1620
f 1626//1625 1627//1626 1624//1623
f 1626//1625 1625//1624 1614//1613
f 1484//1483 1493//1492 1626//1625
f 1690//1689 1689//1688 1692//1691
f 1697//1696 1698//1697 1695//1694
f 1710//1709 1708//1707 1707//1706
f 1722//1721 1720//1719 1719//1718
f 1721//1720 1727//1726 1725//1724
f 1734//1733 1731//1730 1732//1731
f 1237//1236 1731//1730 1734//1733
f 1528//1527 1531//1530 1741//1740
f 1738//1737 1743//1742 1741//1740
f 1733//1732 1732//1731 1757//1756
f 1787//1786 1797//1796 1795//1794
f 147//146 146//145 1795//1794
f 1786//1785 1800//1799 1799//1798
f 1802//1801 1799//1798 1800//1799
f 1815//1814 1813//1812 1812//1811
f 1814//1813 1828//1827 1826//1825
f 1815//1814 1826//1825 1074//1072
f 1832//1831 1833//1832 1830//1829
f 1829//1828 1835//1834 1834//1833
f 1844//1843 1843//1842 1122//1120
f 1748//1747 1875//1874 1876//1875
f 1877//1876 1874//1873 1878//1877
f 1879//1878 1878//1877 1742//1741
f 1927//1926 1929//1928 1925//1924
f 1926//1925 1925//1924 1932//1931
f 1936//1935 1934//1933 1929//1928
f 1935//1934 1934//1933 1758//1757
f 1137//1135 1939//1938 1942//1941
f 1702//1701 1701//1700 1942//1941
f 1952//1951 1950//1949 1945//1944
f 1953//1952 1955//1954 1932//1931
f 1933//1932 1932//1931 1955//1954
f 1954//1953 1960//1959 1959//1958
f 1969//1968 1968//1967 1887//1886
f 1973//1972 1974//1973 1971//1970
f 1976//1975 1971//1970 1974//1973
f 2003//2002 2004//2003 2001//2000
f 2006//2005 2001//2000 2004//2003
f 1693//1692 1698//1697 2001//2000
f 2045//2044 2046//2045 2043//2042
f 1966//1965 2050//2049 2049//2048
f 2006//2005 2074//2073 1694//1693
f 2000//1999 1999//1998 2074//2073
f 1859//1858 2080//2079 2079//2078
f 1924//1923 2123//2122 2124//2123
f 2125//2124 2124//2123 2026//2025
f 2127//2126 2126//2125 2120//2119
f 2142//2141 2139//2138 2138//2137
f 1123//1121 1845//1844 2139//2138
f 2141//2140 2146//2145 2143//2142
f 2151//2150 2150//2149 2138//2137
f 2157//2156 2154//2153 2153//2152
f 1355//1354 1364//1363 2154//2153
f 2159//2158 2158//2157 2157//2156
f 1465//1464 2167//2166 2170//2169
f 1975//1974 2177//2176 2176//2175
f 1987//1986 2197//2196 2200//2199
f 1891//1890 2206//2205 2207//2206
f 1969//1968 2214//2213 2052//2051
f 2223//2222 2222//2221 1899//1898
f 2224//2223 2225//2224 1937//1936
f 1937//1936 2225//2224 2017//2016
f 2227//2226 2226//2225 2221//2220
f 2053//2052 2217//2216 2231//2230
f 1898//1897 1902//1901 2232//2231
f 1957//1956 2166//2165 2233//2232
f 1933//1932 2236//2235 2237//2236
f 2238//2237 2237//2236 2236//2235
f 2238//2237 2240//2239 2145//2144
f 1801//1800 2243//2242 2242//2241
f 2059//2058 2244//2243 2242//2241
f 2127//2126 2259//2258 1812//1811
f 1715//1714 1833//1832 2262//2261
f 324//323 2078//2077 2263//2262
f 2084//2083 2081//2080 2263//2262
f 331//330 2263//2262 2081//2080
f 1862//1861 2265//2264 2080//2079
f 2137//2136 2267//2266 2266//2265
f 2272//2271 2270//2269 2269//2268
f 848//846 847//845 2270//2269
f 2289//2288 2290//2289 2288//2287
f 834//832 2290//2289 2289//2288
f 2283//2282 2288//2287 2290//2289
f 2289//2288 2292//2291 1622//1621
f 1622//1621 2292//2291 2269//2268
f 1502//1501 1578//1577 2301//2300
f 1568//1567 2301//2300 1578//1577
f 2302//2301 2305//2304 1556//1555
f 2304//2303 2305//2304 2302//2301
f 2357//2356 2364//2363 2359//2358
f 2362//2361 2369//2368 2367//2366
f 2374//2373 2373//2372 2365//2364
f 2429//2428 1494//1493 1482//1481
f 1624//1623 1627//1626 2431//2430
f 1495//1494 2422//2421 2431//2430
f 2434//2433 2436//2435 2432//2431
f 2433//2432 2432//2431 45//46
f 2442//2439 2438//2440 2440//2437
f 2439//2441 2438//2440 2436//2435
f 2448//2447 2451//2444 2452//2443
f 2458//2450 2459//2451 2456//2448
f 2464//2456 2466//2458 2462//2454
f 2475//2467 2474//2466 155//154
f 2481//2473 2484//2476 2482//2474
f 175//174 2600//2590 2602//2592
f 2605//2595 2606//2596 2603//2593
f 2604//2594 2613//2603 2612//2602
f 2671//2661 2669//2659 2668//2658
f 2670//2660 2676//2666 2674//2664
f 2677//2667 2684//2674 2682//2672
f 154//153 197//196 2692//2682
f 2690//2680 2695//2685 2702//2692
f 2694//2684 2709//2699 2699//2689
f 2464//2456 2471//2463 2709//2699
f 2701//2691 2710//2700 2716//2706
f 2715//2705 2716//2706 2710//2700
f 1865//1864 2718//2708 2713//2703
f 2737//2727 2736//2726 1335//1334
f 2747//2737 2748//2738 1473//1472
f 1880//1879 2751//2741 2749//2739
f 2770//2760 2769//2759 2527//2519
f 2779//2769 2778//2768 2768//2758
f 1134//1132 1130//1128 2790//2780
f 2794//2784 2803//2793 2802//2792
f 2828//2818 2827//2817 2484//2476
f 2834//2824 2835//2825 2676//2666
f 2846//2836 2850//2840 2853//2843
f 1243//1242 1272//1271 2854//2844
f 2857//2847 2854//2844 2855//2845
f 2526//2518 2532//2524 2858//2848
f 1249//1248 2811//2801 2863//2853
f 2864//2854 2863//2853 2811//2801
f 2810//2800 2813//2803 2866//2856
f 1471//1470 2921//2911 1490//1489
f 2748//2738 2930//2920 2920//2910
f 2733//2723 2732//2722 2939//2929
f 2501//2493 2939//2929 2732//2722
f 2945//2935 2941//2931 2948//2938
f 1555//1554 2958//2948 2956//2946
f 2961//2951 2960//2950 2421//2420
f 2976//2966 2975//2965 2972//2962
f 2959//2949 2958//2948 2975//2965
f 1553//1552 2975//2965 2958//2948
f 2517//2509 2977//2967 2979//2969
f 2943//2933 2991//2981 2993//2983
f 2612//2602 3039//3029 3037//3027
f 3041//3031 3040//3030 2494//2486
f 3042//3032 3041//3031 3053//3043
f 1447//1446 1452//1451 3067//3057
f 2914//2904 3067//3057 1452//1451
f 1367//1366 1366//1365 3069//3059
f 2366//2365 3086//3076 3085//3075
f 3088//3078 3085//3075 3086//3076
f 3115//3105 3119//3109 2363//2362
f 3116//3106 3120//3110 3119//3109
f 3086//3076 3119//3109 3120//3110
f 3125//3115 3123//3113 3092//3082
f 3125//3115 3173//3163 3172//3162
f 3087//3077 3120//3110 3173//3163
f 3174//3164 3444//3442 3177//3167
f 3117//3107 3444//3442 3174//3164
f 3154//3144 3444//3442 3117//3107
f 3177//3167 3444//3442 3154//3144
f 3175//3165 3183//3173 3182//3172
f 2458//2450 3192//3182 3188//3178
f 3195//3185 3196//3186 3193//3183
f 4//4 3193//3183 3196//3186
f 25//25 24//24 3204//3194
f 3195//3185 3201//3191 3207//3197
f 3209//3199 3207//3197 3201//3191
f 1801//1800 1800//1799 3282//3274
f 3287//3279 3286//3278 3288//3280
f 3289//3281 3288//3280 3290//3282
f 3353//3347 3356//3350 3355//3349
f 3354//3348 3355//3349 3365//3359
f 3362//3356 3371//3365 699//697
f 3191//3181 3192//3182 3393//3388
f 3396//3391 3395//3390 3394//3389
l 3390 3392
l 2453 3344
