# Blender 4.5.2 LTS
# www.blender.org
mtllib ala-derecha.mtl
o 17174_Tiamat_new.001
v -1.480300 1.295468 0.981464
v -1.520900 1.230668 1.055164
v -1.551000 1.426468 1.204264
v -1.499200 1.489168 1.139564
v -1.597600 1.372368 1.253964
v -1.571500 1.183068 1.099364
v -1.623400 1.563068 1.399964
v -1.570100 1.616268 1.347764
v -1.509800 1.678468 1.280564
v -1.574800 1.791068 1.461564
v -1.636900 1.740168 1.528664
v -1.643800 1.887468 1.630564
v -1.573000 1.936468 1.546064
v -1.509400 1.847068 1.378264
v -1.502800 1.985868 1.445364
v -1.179800 1.731968 1.222164
v -1.402700 1.749268 1.202564
v -1.395200 1.901268 1.302464
v -1.168300 1.890768 1.314264
v -1.384500 2.026468 1.364264
v -1.173100 2.032468 1.322464
v -1.365400 1.347668 0.944464
v -1.387700 1.553968 1.082764
v -1.179500 1.542168 1.093564
v -1.166600 1.322768 0.981064
v -0.324300 1.242568 0.651564
v -0.367500 1.033868 0.545064
v -0.474200 1.030668 0.620964
v -0.434700 1.235368 0.732964
v -0.504900 0.849868 0.526164
v -0.397500 0.845468 0.459764
v -0.665000 0.869768 0.604664
v -0.639900 1.041968 0.711964
v -0.610700 1.242468 0.831464
v -0.220300 1.602468 0.876564
v -0.274400 1.435268 0.769564
v -0.396600 1.432968 0.850764
v -0.357900 1.616368 0.956064
v -0.589900 1.448668 0.945464
v -0.568200 1.645968 1.052464
v -0.876800 1.478568 1.071364
v -0.882500 1.268968 0.948264
v -0.864400 1.675368 1.195464
v 0.672500 0.648768 0.083564
v 0.724600 0.832268 0.151764
v 0.736800 0.797768 0.198464
v 0.684700 0.619368 0.135364
v 0.809000 1.001168 0.280064
v 0.797900 1.041368 0.239564
v 0.773900 0.971968 0.327564
v 0.681100 0.789568 0.226164
v 0.624700 0.615168 0.167264
v -0.940300 0.854368 1.358264
v -0.912600 1.058668 1.467564
v -1.023300 1.014568 1.572664
v -1.043100 0.807868 1.468264
v -1.007000 1.220668 1.672864
v -0.881200 1.259468 1.574664
v -1.105500 1.143168 1.782464
v -1.137900 0.954668 1.663864
v -1.173200 0.770668 1.536364
v -0.486700 1.588268 1.582164
v -0.640500 1.581368 1.667564
v -0.683500 1.455768 1.573864
v -0.529000 1.458768 1.491564
v -0.815300 1.576368 1.751964
v -0.847800 1.439168 1.668264
v -0.725000 1.278168 1.476464
v -0.572200 1.278068 1.395764
v -1.041100 1.419768 1.993564
v -1.077200 1.312068 1.887564
v -0.988800 1.403368 1.766364
v -0.946300 1.523768 1.868464
v -1.452700 1.136668 1.718264
v -1.474500 0.976868 1.564764
v -1.315500 0.934968 1.657164
v -1.280800 1.111868 1.790064
v -1.349700 0.768568 1.520264
v -1.491500 0.833368 1.411864
v -1.945900 2.752168 2.634264
v -1.997800 2.882768 2.844464
v -1.927400 2.930068 2.827164
v -1.861400 2.803768 2.598464
v -2.014300 3.079768 3.036364
v -2.067300 3.024968 3.047264
v -1.938000 3.119868 3.030864
v -1.845300 2.965768 2.817964
v -1.765400 2.842768 2.576864
v -1.372200 2.118168 1.408564
v -1.168900 2.123068 1.344764
v -1.492500 2.085168 1.496064
v -1.481500 2.165368 1.536664
v -1.354200 2.186368 1.451264
v -1.156200 2.182568 1.380364
v -1.119600 2.263168 1.496364
v -1.138200 2.233968 1.428464
v -1.331100 2.253168 1.500764
v -1.308600 2.299268 1.563264
v -1.466000 2.245468 1.582064
v -1.450100 2.306368 1.632964
v -1.571600 2.037668 1.602264
v -1.573700 2.118768 1.642064
v -1.649600 1.988368 1.695764
v -1.654000 2.065068 1.743064
v -1.577200 2.202168 1.680964
v -1.581300 2.272668 1.724864
v -1.661300 2.142068 1.788564
v -1.673200 2.211368 1.839764
v -0.850500 1.865968 1.258964
v -0.865500 2.033268 1.218964
v -0.544300 2.006168 1.110064
v -0.537300 1.831568 1.143064
v -0.872300 2.138568 1.222964
v -0.866100 2.196768 1.267864
v -0.562900 2.200168 1.148264
v -0.560700 2.126868 1.101564
v -0.852400 2.224068 1.332664
v -0.840200 2.230668 1.403164
v -0.540300 2.231268 1.300164
v -0.552700 2.230968 1.223464
v -0.314100 1.781368 1.037864
v -0.305500 1.941168 1.030764
v -0.146100 1.887068 0.947964
v -0.164900 1.741968 0.950464
v 1.513400 1.679968 0.555964
v 1.458100 1.774068 0.463564
v 1.521800 1.828868 0.490364
v 1.576900 1.735668 0.599464
v 1.381700 1.840868 0.453264
v 1.392000 1.903068 0.467864
v 1.414300 1.946868 0.495664
v 1.548400 1.876968 0.523864
v 1.604000 1.786168 0.632964
v 1.438700 1.978268 0.534664
v 1.459800 1.996968 0.580164
v 1.525800 1.961068 0.619364
v 1.567800 1.904568 0.701064
v 1.605600 1.839168 0.665364
v 1.559700 1.919168 0.563464
v 1.352400 1.618868 0.627064
v 1.220000 1.569368 0.584864
v 1.215100 1.625868 0.540664
v 1.483600 1.628868 0.659464
v 1.371700 1.658168 0.544964
v 1.401800 1.625968 0.743764
v 1.301400 1.605168 0.699964
v 1.188100 1.549268 0.651864
v -0.918200 1.587468 1.939664
v -1.016400 1.476768 2.063264
v -0.797300 1.658168 1.818264
v -0.759200 1.667968 1.895364
v -0.894600 1.617268 2.000764
v -1.008400 1.522368 2.114464
v 0.560500 1.588568 0.450064
v 0.449900 1.597468 0.503564
v 0.514600 1.754968 0.625164
v 0.643300 1.741968 0.567664
v 0.341400 1.603068 0.559464
v 0.396300 1.763268 0.681864
v 0.549400 1.932768 0.655964
v 0.416600 1.942268 0.718964
v 0.705200 1.905268 0.610764
v 0.576500 2.053568 0.667864
v 0.741800 2.018868 0.622064
v 0.434300 2.072668 0.718464
v 0.465000 2.145968 0.766764
v 0.609900 2.123068 0.714464
v 0.775800 2.088468 0.654464
v 0.407300 1.729368 1.417564
v 0.249100 1.708268 1.554864
v 0.195700 1.664068 1.463164
v 0.353000 1.682268 1.348364
v 0.063800 1.662068 1.561764
v 0.100200 1.718568 1.653364
v 0.022600 1.655168 1.465264
v 0.136800 1.670168 1.369464
v 0.286200 1.681868 1.264764
v 0.411800 1.889668 1.419164
v 0.249400 1.915968 1.558464
v 0.269100 1.813068 1.590064
v 0.422800 1.809968 1.436664
v 0.119900 1.825868 1.696564
v 0.107800 1.938468 1.671864
v 0.221300 1.989268 1.508964
v 0.183000 2.053368 1.447364
v 0.048000 2.082668 1.560864
v 0.081000 2.016568 1.619564
v 0.385300 1.955668 1.375964
v 0.352700 2.023168 1.321464
v -0.890600 1.664568 2.053064
v -1.014500 1.583768 2.170664
v -0.742300 1.705068 1.951764
v -0.739400 1.757968 1.990164
v -0.899000 1.722368 2.093764
v -1.030800 1.660868 2.219464
v -0.760200 1.881968 2.009564
v -0.921600 1.857668 2.137564
v -0.912900 1.785868 2.123164
v -0.747600 1.817768 2.009664
v -1.047800 1.740568 2.258464
v -1.053600 1.828968 2.287864
v -1.831800 2.503768 2.239364
v -1.899400 2.628068 2.419964
v -1.806600 2.690268 2.362464
v -1.730200 2.557768 2.166764
v -1.692600 2.727668 2.329364
v -1.603500 2.581668 2.121264
v -1.582000 2.742668 2.315664
v -1.480100 2.581668 2.097264
v -1.670100 2.874668 2.568164
v -1.492600 2.939168 2.511364
v -1.396400 2.770568 2.268464
v -1.293900 2.594968 2.043264
v -1.049400 2.842468 2.142964
v -0.971500 2.638768 1.924864
v -1.131500 3.049768 2.371764
v -0.746900 3.219568 2.152064
v -0.688100 2.975868 1.936264
v -0.639000 2.735368 1.736064
v -0.363700 3.080768 1.777764
v -0.336200 2.805768 1.606564
v -0.404800 3.357168 1.971964
v -0.131400 3.451368 1.849464
v -0.107100 3.154868 1.668764
v -0.104500 2.864768 1.503064
v 1.821600 3.439668 1.129764
v 1.904900 3.421668 1.064564
v 2.015200 3.852968 1.219164
v 2.005000 3.848667 1.291064
v 1.974000 3.852167 1.347164
v 1.774800 3.449068 1.156764
v 1.690400 2.999468 1.028164
v 1.637900 2.994868 1.059264
v 1.734000 3.001868 0.970864
v 0.577100 2.811668 1.535164
v 0.686400 3.147168 1.630764
v 0.427000 3.085368 1.794564
v 0.338400 2.795868 1.669564
v 0.493500 3.387268 1.939464
v 0.786400 3.475568 1.782764
v 0.219000 3.337768 2.053964
v 0.179100 3.056868 1.907264
v 0.123100 2.792668 1.772864
v -1.141500 2.403568 2.532264
v -0.967200 2.485268 2.389964
v -0.979200 2.665168 2.538864
v -1.175300 2.564468 2.671864
v -0.765900 2.737268 2.430664
v -0.776500 2.543868 2.274964
v -0.779100 2.933168 2.599364
v -1.008300 2.839668 2.715764
v -1.224900 2.723068 2.844664
v 0.654200 3.659467 1.555264
v 0.907900 3.714767 1.468564
v 0.844500 3.357768 1.275664
v 0.620400 3.314468 1.366064
v 1.100900 3.408568 1.166064
v 1.188200 3.794867 1.343464
v 1.042500 2.982868 1.087664
v 0.810500 2.954868 1.185164
v 0.596500 2.943968 1.234364
v -1.538800 2.174668 2.855664
v -1.278000 2.242768 2.768164
v -1.323200 2.371668 2.896464
v -1.576400 2.263968 2.993264
v -1.384500 2.512368 3.056964
v -1.625600 2.374168 3.160064
v 1.482000 1.852468 0.849464
v 1.543400 1.869268 0.777664
v 1.473000 1.961068 0.797664
v 1.434500 1.942668 0.861764
v 1.482200 1.985168 0.741064
v 1.426300 2.060868 0.828964
v 1.436500 2.085968 0.780664
v 1.396600 2.034668 0.882864
v 0.643000 2.163468 0.775464
v 0.813100 2.136768 0.707464
v 0.494600 2.177968 0.834764
v 0.670700 2.179668 0.838864
v 0.519600 2.184768 0.905364
v 0.848200 2.150468 0.776364
v -1.051100 2.017168 2.264864
v -1.042100 1.931668 2.293864
v -0.928000 1.942368 2.116564
v -0.923600 2.024168 2.104164
v -0.777700 1.946368 1.979164
v -0.772400 2.016768 1.979364
v -1.081200 2.125968 2.307564
v -0.935900 2.156668 2.155264
v -0.956900 2.307168 2.248964
v -1.110000 2.249168 2.402464
v -0.789800 2.347368 2.124264
v -0.787100 2.175768 2.023564
v -1.471100 2.378668 1.764464
v -1.448500 2.338768 1.681064
v -1.591100 2.316768 1.775864
v -1.613600 2.362168 1.859964
v -1.693200 2.265268 1.902764
v -1.724100 2.321968 1.986064
v -1.523400 2.455168 1.926964
v -1.660600 2.442668 1.996864
v -1.768900 2.399868 2.098464
v -1.126200 2.322768 1.697264
v -1.109500 2.280968 1.579164
v -1.301000 2.327168 1.627764
v -1.322600 2.364468 1.729064
v -1.195300 2.438868 1.852664
v -1.387300 2.445568 1.898264
v -0.829100 2.236868 1.484664
v -0.840000 2.303068 1.588864
v -0.548100 2.332868 1.428964
v -0.533700 2.249268 1.359864
v -0.589900 2.509968 1.556264
v -0.896900 2.453168 1.732864
v -0.080200 2.399468 1.264164
v -0.089000 2.338268 1.188464
v -0.280600 2.284268 1.270464
v -0.283500 2.361468 1.339164
v -0.290600 2.257568 1.214164
v -0.105500 2.319668 1.129464
v -0.097100 2.603468 1.354364
v -0.309600 2.555268 1.447964
v 1.436600 2.267168 0.926764
v 1.394800 2.114968 0.898064
v 1.429200 2.140168 0.850364
v 1.474900 2.285968 0.879864
v 1.445000 2.157968 0.800664
v 1.491300 2.294668 0.828364
v 1.529700 2.576768 0.992264
v 1.577000 2.590068 0.947064
v 1.586300 2.603068 0.888864
v 0.179900 2.149468 1.441464
v 0.032000 2.178468 1.536264
v 0.355800 2.117168 1.324764
v 0.388800 2.259968 1.359764
v 0.202600 2.292168 1.476264
v 0.053300 2.316568 1.584664
v 0.256100 2.522068 1.551864
v 0.469200 2.504268 1.436464
v 0.074700 2.538568 1.651264
v -0.919700 2.077768 2.118764
v -1.063700 2.065168 2.265064
v -0.775200 2.077268 1.988864
v -1.237300 2.119168 2.648664
v -1.498600 2.073768 2.742664
v -1.461800 1.985668 2.652064
v -1.203800 2.019268 2.554764
v -3.206700 3.319068 4.462863
v -3.177500 3.315068 4.489064
v -3.195500 3.271468 4.467463
v -3.230700 3.287268 4.439363
v -3.158700 3.265968 4.516263
v -3.135600 3.313968 4.537364
v -3.190100 3.221668 4.517764
v -3.229500 3.232068 4.466763
v -3.251400 3.250568 4.444963
v -3.322800 3.294368 4.577064
v -3.344200 3.276568 4.535163
v -3.327500 3.232268 4.585363
v -3.305300 3.275468 4.619463
v -3.320200 3.196468 4.533763
v -3.339200 3.253368 4.484963
v -3.267100 3.165868 4.598763
v -3.276100 3.201568 4.654263
v -3.261600 3.250768 4.694864
v -3.277300 3.362468 4.590364
v -3.308000 3.331968 4.578464
v -3.281000 3.320068 4.640764
v -3.247200 3.357968 4.637363
v -3.232800 3.302068 4.713664
v -3.199200 3.350168 4.710164
v -3.169600 3.360068 4.514664
v -3.120400 3.361768 4.572063
v -3.219500 3.348068 4.470563
v -3.239900 3.373668 4.502764
v -3.183100 3.390168 4.555364
v -3.126600 3.399068 4.619964
v -3.085800 3.318068 4.601264
v -3.105900 3.268568 4.577764
v -3.045600 3.278768 4.633264
v -3.021100 3.330568 4.646463
v -3.137700 3.222968 4.587664
v -3.164400 3.177068 4.617663
v -3.193300 3.141668 4.671964
v -3.226400 3.174568 4.542863
v -3.089100 3.177868 4.676263
v -3.101800 3.139568 4.729764
v -3.207500 3.165668 4.740764
v -3.196300 3.223068 4.791163
v -3.106500 3.142868 4.805764
v -3.095400 3.199068 4.865364
v -3.164600 3.285768 4.804564
v -3.129100 3.340168 4.791463
v -3.068400 3.270468 4.875264
v -3.040200 3.331868 4.855363
v -3.094000 3.384268 4.750964
v -3.160800 3.388768 4.674863
v -3.015800 3.377868 4.809464
v -3.001600 3.402568 4.749164
v -3.066500 3.395368 4.692063
v -3.067900 3.360268 4.640964
v -3.002300 3.386768 4.682263
v -2.960800 3.357668 4.651464
v -2.979000 3.294868 4.639763
v -2.920200 3.315868 4.633163
v -2.903700 3.374168 4.658363
v -2.929400 3.247268 4.637964
v -2.996700 3.235468 4.654664
v -3.006800 3.183568 4.691363
v -2.930300 3.192368 4.682263
v -2.924300 3.170568 4.745463
v -3.007700 3.150768 4.747864
v -2.997200 3.152968 4.818364
v -2.980800 3.201468 4.874264
v -2.908400 3.181568 4.807464
v -2.888400 3.220368 4.858163
v -2.961000 3.269368 4.887764
v -2.943300 3.331168 4.871163
v -2.870600 3.280068 4.883764
v -2.859300 3.343668 4.871964
v -2.933500 3.380468 4.829763
v -2.933000 3.404868 4.770564
v -2.858800 3.392568 4.830264
v -2.867800 3.417768 4.771063
v -2.946100 3.406568 4.702164
v -2.887000 3.416968 4.706563
v -2.830300 2.816568 4.648564
v -2.789200 2.762968 4.663364
v -2.871600 2.713868 4.674364
v -2.910000 2.771168 4.662364
v -2.839600 2.679568 4.725264
v -2.755200 2.727468 4.710764
v -2.895100 2.658168 4.737864
v -2.943300 2.670768 4.698064
v -2.985000 2.732368 4.679864
v -2.803200 2.935868 4.608064
v -2.819000 2.977368 4.679864
v -2.765400 3.039568 4.649264
v -2.745900 2.875768 4.637264
v -2.737200 2.986868 4.593464
v -2.672300 2.936068 4.618764
v -2.881700 2.879668 4.624864
v -2.897400 2.920068 4.695264
v -2.730000 3.037968 4.796464
v -2.765800 3.060468 4.725164
v -2.829100 3.005568 4.744964
v -2.801200 2.985668 4.813964
v -2.904600 2.944768 4.760064
v -2.888300 2.938568 4.830564
v -2.765800 2.949868 4.859564
v -2.694000 3.011268 4.850564
v -2.853000 2.904268 4.884264
v -2.808400 2.849668 4.900864
v -2.726000 2.903068 4.879764
v -2.649000 2.969868 4.880164
v -2.686600 2.850768 4.870064
v -2.598100 2.913968 4.874264
v -2.766200 2.789468 4.898464
v -2.740800 2.741668 4.848764
v -2.656900 2.804568 4.831764
v -2.563200 2.866368 4.824864
v -2.644400 2.774768 4.766664
v -2.667500 2.789768 4.696864
v -2.591900 2.869668 4.689064
v -2.552900 2.839968 4.752164
v -2.737300 2.719468 4.779764
v -2.705300 2.829068 4.658064
v -2.632200 2.906168 4.655264
v -2.872600 3.263468 4.630263
v -2.870900 3.201568 4.671964
v -2.824100 3.204068 4.666064
v -2.824500 3.272668 4.627064
v -2.863500 3.182668 4.739563
v -2.813100 3.186168 4.737164
v -2.792900 3.196768 4.804664
v -2.846200 3.195368 4.802464
v -2.824100 3.229868 4.858263
v -2.769200 3.237268 4.861363
v -2.805600 3.292468 4.891263
v -2.796300 3.361668 4.874264
v -2.750000 3.304868 4.893963
v -2.740300 3.378068 4.871364
v -2.798100 3.408568 4.825863
v -2.810000 3.434768 4.765064
v -2.741800 3.427268 4.816664
v -2.754500 3.455768 4.750463
v -2.829900 3.432368 4.699764
v -2.777000 3.451668 4.678564
v -2.796400 3.406368 4.627163
v -2.847100 3.391568 4.652463
v -2.863400 3.334368 4.632063
v -2.811400 3.343668 4.617564
v -2.775700 3.200668 4.672763
v -2.759200 3.185868 4.746563
v -2.773800 3.266468 4.622663
v -2.741500 3.234068 4.606763
v -2.736600 3.190768 4.682364
v -2.708900 3.186968 4.757763
v -2.739700 3.102568 4.703664
v -2.735300 3.072368 4.618364
v -2.685800 3.085868 4.780264
v -2.665100 3.125568 4.766164
v -2.731500 3.124368 4.688764
v -2.720000 3.105668 4.575864
v -2.642500 3.242968 4.850364
v -2.676300 3.200868 4.814963
v -2.635100 3.171268 4.818163
v -2.591700 3.208068 4.851064
v -2.622200 3.126468 4.825564
v -2.549000 3.137768 4.853364
v -2.733500 3.202368 4.811264
v -2.705900 3.244768 4.861464
v -2.644700 3.073168 4.838564
v -2.591100 3.043368 4.868864
v -2.686900 3.313368 4.895264
v -2.679100 3.391068 4.869364
v -2.621100 3.309868 4.881164
v -2.611400 3.395868 4.864863
v -2.680900 3.447768 4.802763
v -2.696300 3.484668 4.726064
v -2.616000 3.468368 4.790763
v -2.637600 3.524068 4.704864
v -2.739300 3.177968 4.592164
v -2.716300 3.159568 4.682864
v -2.412000 3.041268 4.798764
v -2.472900 3.090768 4.834764
v -2.530200 2.993968 4.858264
v -2.481900 2.943368 4.813564
v -2.302100 3.121768 4.728064
v -2.300300 3.105768 4.653564
v -2.163000 3.189668 4.660563
v -2.342400 3.165168 4.782763
v -2.200200 3.239768 4.723564
v -2.268800 3.289568 4.773364
v -2.382500 2.994668 4.733464
v -2.434100 3.013368 4.641264
v -2.462200 2.905968 4.737764
v -2.572600 2.968368 4.624864
v -2.518900 3.010768 4.581864
v -2.623600 2.987968 4.586264
v -2.584100 3.019968 4.522664
v -2.691600 3.023568 4.575064
v -2.670400 3.044568 4.526864
v -2.647500 3.062768 4.467264
v -2.581000 3.027768 4.451664
v -2.700400 3.129368 4.486764
v -2.680100 3.146368 4.404764
v -2.622500 3.075468 4.395064
v -2.563300 3.029268 4.385964
v -2.591400 3.081768 4.316764
v -2.538600 3.032068 4.313964
v -2.647600 3.149868 4.317264
v -2.604100 3.145168 4.233164
v -2.553700 3.082268 4.241164
v -2.503900 3.036168 4.244764
v -2.431600 2.954468 4.294064
v -2.432400 2.997568 4.296864
v -2.401400 2.993768 4.237064
v -2.419800 2.935968 4.246564
v -2.446300 2.867568 4.294264
v -2.464300 2.989768 4.347464
v -2.460800 2.937468 4.330964
v -2.501100 3.020468 4.368764
v -2.474600 3.023268 4.306664
v -2.440100 3.027168 4.241264
v -2.348600 2.840568 4.082564
v -2.296500 2.817268 3.960764
v -2.262000 2.768968 3.994164
v -2.317400 2.783068 4.107564
v -2.239500 2.783868 3.818064
v -2.181800 2.752468 3.863064
v -2.128800 2.757968 3.937164
v -2.210000 2.752168 4.047764
v -2.263300 2.755268 4.142864
v -2.414000 2.760368 4.293564
v -2.370000 2.779368 4.205364
v -2.307600 2.737768 4.228964
v -2.336800 2.705168 4.310164
v -2.401200 2.851268 4.187864
v -2.242900 2.736968 4.266664
v -2.267000 2.694968 4.335164
v -2.204200 2.761568 4.193664
v -2.155000 2.804468 4.261864
v -2.187900 2.769668 4.320664
v -2.209600 2.721368 4.376164
v -2.339900 3.038768 4.533464
v -2.248900 3.070068 4.548964
v -2.278500 3.092268 4.590764
v -2.388100 3.056368 4.572364
v -2.154900 3.158568 4.591964
v -2.152000 3.127868 4.534964
v -2.464000 3.033268 4.537364
v -2.511500 3.029668 4.485064
v -2.458000 3.007468 4.462864
v -2.409600 3.032768 4.500464
v -2.366900 3.008468 4.508064
v -2.293300 2.976468 4.531464
v -2.305100 3.009168 4.531564
v -2.518400 3.024068 4.428564
v -2.484500 2.990668 4.405864
v -2.502100 2.932068 4.395264
v -2.481000 2.846568 4.388664
v -2.492400 2.836368 4.492064
v -2.469500 2.938168 4.467064
v -2.389900 2.870468 4.552064
v -2.387600 2.936968 4.513564
v -2.289600 2.934068 4.542564
v -2.286000 2.874568 4.581164
v -2.431000 2.730568 4.383164
v -2.426800 2.690768 4.469064
v -2.346000 2.648668 4.388664
v -2.350200 2.587168 4.464464
v -2.418100 2.664268 4.639164
v -2.453700 2.731568 4.580664
v -2.418700 2.636768 4.547764
v -2.403900 2.585168 4.624264
v -2.359800 2.543668 4.540064
v -2.368100 2.529968 4.596264
v -2.214300 2.591068 4.488964
v -2.213500 2.657368 4.429264
v -2.163700 2.692468 4.484764
v -2.168400 2.623568 4.545964
v -2.173000 2.770268 4.436164
v -2.154300 2.734868 4.556564
v -2.161500 2.821468 4.501964
v -2.159100 2.671768 4.589264
v -2.274700 2.638668 4.405264
v -2.273800 2.563668 4.465064
v -2.192600 2.766668 4.618164
v -2.193000 2.665268 4.644364
v -2.195000 2.862268 4.569264
v -2.274800 2.779468 4.640064
v -2.259900 2.669968 4.680864
v -2.248100 2.518368 4.626564
v -2.313700 2.479768 4.632364
v -2.283900 2.494368 4.537964
v -2.223400 2.537068 4.565864
v -2.374900 2.775068 4.615564
v -2.354800 2.669568 4.675164
v -2.343700 2.559368 4.695864
v -2.248900 2.572168 4.670964
v -2.195700 2.588168 4.615064
v -1.410800 1.375568 1.981764
v -1.430100 1.275268 1.861164
v -1.250600 1.266668 1.912764
v -1.225300 1.365768 2.029164
v -1.208900 1.416668 2.103864
v -1.202300 1.456368 2.162064
v -1.392500 1.473868 2.118364
v -1.398200 1.430668 2.058464
v -1.525000 1.451568 2.023564
v -1.548900 1.390468 1.940164
v -1.509400 1.500268 2.089364
v -1.610300 1.513968 2.087064
v -1.629800 1.460268 2.008464
v -1.659100 1.393768 1.917564
v -1.205000 1.513868 2.232664
v -1.394000 1.534568 2.190864
v -1.212200 1.589968 2.302464
v -1.399000 1.604868 2.267464
v -1.504700 1.562468 2.164164
v -1.606400 1.567568 2.172264
v -1.506300 1.631668 2.239164
v -1.604500 1.640868 2.236264
v -1.218600 1.672368 2.362064
v -1.403700 1.674968 2.341864
v -1.215300 1.765668 2.422764
v -1.406300 1.743568 2.415864
v -1.509700 1.699268 2.307364
v -1.516700 1.763568 2.369364
v -1.605600 1.710968 2.290164
v -1.613100 1.772668 2.342664
v -1.409700 1.862968 2.533864
v -1.180200 1.924168 2.480564
v -1.183400 1.970268 2.506164
v -1.430200 1.920268 2.587964
v -1.195800 1.856868 2.463964
v -1.405200 1.806568 2.480264
v -1.528600 1.823468 2.425364
v -1.556600 1.886468 2.481064
v -1.627300 1.829568 2.393564
v -1.663300 1.890968 2.447564
v -1.579000 1.288168 1.815464
v -1.605200 1.154968 1.669464
v -1.694000 1.295568 1.801364
v -1.753700 1.170868 1.661264
v -1.618800 1.000768 1.520864
v -1.736600 1.009968 1.500064
v -1.631100 0.852968 1.391464
v -1.737600 0.872368 1.375864
v -1.759500 1.112168 1.379264
v -1.800900 1.049968 1.439664
v -1.828000 1.198568 1.573164
v -1.793900 1.276668 1.518364
v -1.783000 0.912968 1.316764
v -1.743600 0.957768 1.256264
v -1.748700 1.394868 1.905664
v -1.757900 1.316168 1.818364
v -1.829100 1.392068 1.871364
v -1.811500 1.286068 1.765764
v -1.850600 1.329168 1.693464
v -1.827400 1.415668 1.644564
v -1.891100 1.439468 1.807764
v -1.881900 1.528668 1.750364
v -1.844700 1.489868 1.977964
v -1.746900 1.456568 2.011064
v -1.741800 1.526768 2.099964
v -1.853900 1.579568 2.068064
v -1.717900 1.444768 1.480064
v -1.749800 1.359468 1.501464
v -1.790600 1.513368 1.635564
v -1.745800 1.608368 1.627264
v -1.854600 1.627068 1.732364
v -1.819500 1.761368 1.748764
v -1.723500 1.828868 1.694064
v -1.696500 1.682468 1.585864
v -1.673600 1.509068 1.445464
v -1.914900 1.543968 1.915664
v -1.920100 1.638068 2.002464
v -1.925200 1.701268 1.920064
v -1.915000 1.617768 1.846364
v -1.892300 1.677568 1.807164
v -1.895100 1.753068 1.844564
v -1.741500 1.936168 1.763564
v -1.831200 1.883268 1.822764
v -1.835300 1.966668 1.887064
v -1.739700 2.013968 1.825464
v -1.742400 1.592568 2.174264
v -1.863000 1.648868 2.136064
v -1.747700 1.653168 2.239764
v -1.872200 1.706768 2.192664
v -1.899500 1.828568 1.894664
v -1.907300 1.902868 1.953064
v -1.931700 1.770268 1.976864
v -1.938600 1.831168 2.029064
v -1.919500 1.711168 2.061964
v -1.925600 1.768868 2.112864
v -1.754400 1.712368 2.297564
v -1.880300 1.764868 2.247664
v -1.760200 1.771968 2.347864
v -1.884400 1.822568 2.302264
v -1.933800 1.825568 2.169164
v -1.937500 1.882068 2.228364
v -1.944400 1.944268 2.152864
v -1.944400 1.890268 2.089064
v -1.911500 1.970868 2.018764
v -1.829300 2.037668 1.958464
v -1.912300 2.018868 2.087564
v -1.836100 2.101668 2.050864
v -1.739800 2.088068 1.885364
v -1.749100 2.155868 1.947064
v -1.929100 2.041968 2.266364
v -1.939000 1.989968 2.214564
v -1.933300 1.936768 2.287764
v -1.922600 1.992568 2.348364
v -1.880500 1.879468 2.355864
v -1.875800 1.938868 2.410364
v -1.763400 1.834568 2.391464
v -1.775900 1.896168 2.434764
v -1.917400 2.036868 2.151464
v -1.898000 2.083368 2.171864
v -1.612200 1.959968 2.541664
v -1.737800 1.964468 2.511164
v -1.672800 2.035168 2.622064
v -1.853900 2.057668 2.569764
v -1.769600 2.212168 2.017164
v -1.799300 2.269668 2.100464
v -1.837300 2.165368 2.121764
v -1.855500 2.219368 2.205964
v -1.807200 1.958668 2.479264
v -1.876800 2.005968 2.472064
v -1.890300 2.128368 2.229564
v -1.898000 2.183268 2.311764
v -1.922000 2.093368 2.330864
v -1.927100 2.152768 2.410564
v -1.916800 2.051868 2.417064
v -1.921000 2.116868 2.499864
v -1.712800 2.113868 2.724264
v -1.867400 2.148468 2.677264
v -1.742600 2.199368 2.839564
v -1.884200 2.232168 2.789964
v -1.836700 2.341968 2.201664
v -1.887300 2.434568 2.329864
v -1.880900 2.287868 2.304064
v -1.915900 2.374868 2.426764
v -1.916600 2.252868 2.407964
v -1.941600 2.338268 2.525764
v -1.941500 2.224468 2.507264
v -1.958600 2.309368 2.622364
v -1.931600 2.191268 2.598764
v -1.945400 2.274768 2.712264
v -1.774200 2.291068 2.962564
v -1.903200 2.320268 2.913064
v -1.814700 2.403168 3.115764
v -1.932400 2.429068 3.061464
v -1.941200 2.549668 2.500764
v -1.988300 2.677968 2.694364
v -1.950200 2.483368 2.588364
v -1.990600 2.609668 2.767464
v -1.960800 2.442368 2.673464
v -1.988200 2.565168 2.839364
v -1.975600 2.407768 2.756564
v -1.993900 2.525568 2.911364
v -1.961000 2.366668 2.838564
v -1.983600 2.478368 2.987164
v -2.036200 2.814268 2.884964
v -2.097600 2.958468 3.069964
v -2.039900 2.748968 2.944464
v -2.103100 2.895268 3.115164
v -2.759900 3.334768 4.589963
v -2.721100 3.297568 4.553564
v -2.751700 3.407368 4.580163
v -2.686100 3.394868 4.494763
v -2.595700 3.330768 4.264964
v -2.631000 3.234768 4.245163
v -2.678000 3.250568 4.338764
v -2.632100 3.353468 4.362264
v -2.703800 3.251468 4.436163
v -2.731600 3.480168 4.636564
v -2.682900 3.513368 4.599763
v -2.727800 3.218768 4.513564
v -2.595300 3.548268 4.377064
v -2.677000 3.613068 4.308464
v -2.656500 3.562068 4.272163
v -2.592200 3.482068 4.365163
v -2.616800 3.506968 4.486363
v -2.590800 3.592668 4.479663
v -2.607600 3.630968 4.387363
v -2.696100 3.675668 4.341363
v -2.611700 3.701668 4.402664
v -2.686100 3.739667 4.349063
v -2.582700 3.666168 4.480964
v -2.577400 3.721767 4.484963
v -2.600300 3.767368 4.429163
v -2.664300 3.826868 4.359764
v -2.791500 3.777468 3.881664
v -2.819700 3.796868 3.942964
v -2.695900 3.897268 3.956064
v -2.669300 3.878968 3.903664
v -2.718400 3.902668 4.016963
v -2.841500 3.807467 4.012363
v -2.571200 3.974868 4.053264
v -2.550200 3.970268 3.999164
v -2.530300 3.957868 3.950864
v -2.562000 3.598068 3.582464
v -2.483200 3.717968 3.653764
v -2.451500 3.677668 3.598964
v -2.509600 3.552567 3.538064
v -2.373000 3.768568 3.672764
v -2.387600 3.810168 3.731264
v -2.354300 3.712068 3.610264
v -2.416800 3.626168 3.543964
v -2.457500 3.503768 3.495464
v -2.370000 3.558167 3.487664
v -2.396800 3.441968 3.450364
v -2.323000 3.643867 3.543064
v -2.293500 3.591568 3.500464
v -2.310300 3.515868 3.446064
v -2.306300 3.366568 3.382664
v -2.609200 3.387168 3.566864
v -2.597700 3.483868 3.566164
v -2.534400 3.434868 3.515464
v -2.533500 3.334668 3.522564
v -2.470900 3.384368 3.474664
v -2.461000 3.285368 3.490064
v -2.515500 3.262468 3.550364
v -2.469200 3.232468 3.582764
v -2.543400 3.245968 3.626364
v -2.591000 3.301068 3.588164
v -2.436200 3.239868 3.535164
v -2.420500 3.228368 3.561264
v -2.401400 3.326568 3.434964
v -2.385100 3.234868 3.457064
v -2.307200 3.242268 3.373064
v -2.292200 3.164268 3.397564
v -2.188500 3.111368 3.246364
v -2.194600 3.041168 3.273164
v -2.170600 3.184668 3.237064
v -2.560800 3.355068 3.839964
v -2.650200 3.318668 3.803864
v -2.560400 3.277168 3.741164
v -2.474600 3.317468 3.785364
v -2.634000 3.284468 3.689164
v -2.711600 3.343768 3.759564
v -2.463600 3.253368 3.674764
v -2.372000 3.295968 3.722664
v -2.034600 2.704168 3.013464
v -2.091400 2.854668 3.185164
v -2.021900 2.667868 3.088864
v -2.073900 2.821268 3.265664
v -1.970100 2.584468 3.245664
v -1.882100 2.514068 3.341664
v -1.965400 2.636468 3.543264
v -2.050300 2.743968 3.461964
v -1.691300 2.516468 3.380364
v -1.806200 2.697568 3.628564
v -2.006300 2.628168 3.166664
v -2.058500 2.780368 3.344964
v -2.070600 2.721368 3.710264
v -1.999900 2.737968 3.809164
v -2.146500 2.769968 3.662464
v -2.185000 3.001768 3.339964
v -2.252100 3.154768 3.461564
v -2.157600 2.973468 3.417364
v -2.129800 3.241868 3.568364
v -2.344700 3.223068 3.519564
v -2.394100 3.234368 3.606364
v -2.195400 3.124868 3.731264
v -2.249300 3.090168 3.844664
v -2.250300 3.179668 3.843964
v -2.268900 3.260168 3.849064
v -2.295500 3.293868 3.787264
v -2.141200 3.259768 3.741864
v -2.213300 3.029168 3.733264
v -2.246400 3.012268 3.852364
v -2.188600 3.015668 3.601464
v -2.179400 2.942268 3.626764
v -2.215300 2.937668 3.723764
v -2.262700 2.934568 3.847664
v -2.137600 2.867468 3.557264
v -2.200000 2.845468 3.680464
v -2.270800 2.854668 3.821364
v -2.138200 2.915868 3.479264
v -3.031000 2.795868 4.673064
v -2.958900 2.833068 4.641964
v -3.015200 2.839868 4.717464
v -2.969600 2.871768 4.710064
v -2.910400 2.670368 4.861264
v -2.904200 2.647968 4.793364
v -2.824200 2.675868 4.792764
v -2.826000 2.698668 4.859664
v -2.942000 2.779668 4.918064
v -2.887500 2.807268 4.915664
v -2.938700 2.861968 4.899264
v -3.000400 2.805968 4.898164
v -2.974100 2.892168 4.836964
v -3.045300 2.835768 4.836964
v -2.977300 2.889368 4.769264
v -3.033200 2.836168 4.768164
v -2.848600 2.748268 4.907264
v -2.929900 2.726968 4.902564
v -3.048000 2.700368 4.800164
v -2.999100 2.673668 4.836064
v -3.013900 2.732768 4.879164
v -3.079600 2.752968 4.824564
v -3.073300 2.771468 4.743364
v -3.049200 2.695468 4.735164
v -2.981400 2.656068 4.766364
v -3.274000 3.312668 4.434964
v -3.311800 3.333268 4.466663
v -3.300100 3.241668 4.438464
v -3.275100 3.197768 4.485963
v -3.319700 3.335968 4.521964
v -3.266700 3.381468 4.549364
v -3.215100 3.391968 4.604764
v -2.385300 3.330268 3.844964
v -2.325200 3.269068 3.901464
v -2.388100 3.290068 3.977264
v -2.449500 3.381768 3.911664
v -2.587200 3.221068 4.159863
v -2.555600 3.137168 4.157664
v -2.555300 3.317168 4.182263
v -2.504700 3.309768 4.110864
v -2.523300 3.211168 4.093364
v -2.501600 3.128368 4.089764
v -2.377100 3.111868 3.973764
v -2.388700 3.190468 3.971464
v -2.327100 3.173468 3.907364
v -2.305300 3.096868 3.922664
v -2.457300 3.201268 4.030864
v -2.442100 3.120868 4.028964
v -2.450900 3.298768 4.041463
v -2.387900 2.925168 4.163764
v -2.345500 2.911468 4.060464
v -2.371700 2.985968 4.152764
v -2.327700 2.993868 4.050264
v -2.297000 2.957068 3.948964
v -2.347600 3.050068 4.002364
v -2.286800 3.029368 3.942464
v -2.434700 3.038968 4.134064
v -2.459600 3.068168 4.114964
v -2.404200 3.061568 4.059364
v -2.384700 3.026568 4.104664
v -2.314800 2.883168 3.946564
v -2.462400 3.033768 4.182964
v -2.509100 3.076968 4.175264
v -2.454000 4.048068 3.968464
v -2.433000 4.031068 3.928964
v -2.510900 3.943568 3.911864
v -2.358500 4.109668 3.953164
v -2.377200 4.125268 3.998864
v -2.336100 4.095068 3.912964
v -2.410700 4.014068 3.896664
v -2.489700 3.925067 3.880264
v -2.586800 3.453968 4.310364
v -2.573500 3.430068 4.218564
v -2.639700 3.533267 4.215364
v -2.628400 3.503568 4.136164
v -2.550300 3.419168 4.133163
v -2.516100 3.416368 4.050563
v -2.612600 3.488068 4.049664
v -2.607400 3.451568 3.967264
v -2.484700 3.403968 3.973764
v -2.598700 3.400468 3.898864
v -2.740900 3.445268 4.005164
v -2.721400 3.406268 3.934764
v -2.765000 3.478968 4.081364
v -2.868900 3.508568 4.017263
v -2.828600 3.471968 3.947964
v -2.796400 3.431368 3.885864
v -2.761000 3.391568 3.823864
v -2.698600 3.362768 3.868864
v -2.733100 3.734968 3.792464
v -2.615600 3.835968 3.827464
v -2.588900 3.814268 3.793964
v -2.701900 3.712268 3.753764
v -2.467200 3.903768 3.851764
v -2.558100 3.788568 3.755964
v -2.426600 3.890368 3.823564
v -2.663400 3.682268 3.709864
v -2.765700 3.502968 3.703164
v -2.754800 3.413268 3.724364
v -2.804300 3.456368 3.785964
v -2.812800 3.541568 3.758564
v -2.839600 3.492068 3.841364
v -2.844600 3.571167 3.807564
v -2.642600 3.858268 3.862264
v -2.763000 3.756968 3.833364
v -2.905000 3.568168 3.961664
v -2.869000 3.529368 3.897364
v -2.901300 3.630368 3.919264
v -2.871400 3.599668 3.858464
v -2.732400 3.589767 3.696664
v -2.669100 3.539668 3.630164
v -2.693000 3.447268 3.632264
v -2.614300 3.642368 3.647064
v -2.776700 3.624268 3.745364
v -2.806400 3.648168 3.791164
v -2.679500 3.354968 3.650364
v -2.836000 3.672368 3.835964
v -2.867700 3.697768 3.888664
v -1.416400 3.017668 3.293764
v -1.544500 2.806068 3.514564
v -1.460200 2.659868 3.280264
v -1.311700 2.876068 3.066764
v -1.078600 3.008268 2.931364
v -0.825900 3.127068 2.801464
v -0.883000 3.302868 3.009664
v -1.165700 3.161668 3.150864
v -1.248900 3.294668 3.335364
v -1.510400 3.135968 3.489064
v -0.925800 3.442568 3.198264
v -0.953400 3.542568 3.342764
v -1.311800 3.396568 3.471964
v -1.582100 3.231068 3.625764
v 0.533900 3.673068 2.157364
v 0.243800 3.615668 2.252664
v 0.856400 3.762167 2.032664
v 0.571000 3.915068 2.404464
v 0.909100 4.007267 2.304464
v 0.276800 3.848968 2.481064
v 2.168100 4.216068 1.517864
v 2.151100 4.201468 1.580264
v 2.150000 4.233168 1.456064
v 2.323800 4.556868 1.694764
v 2.344800 4.517067 1.762264
v 2.296300 4.497067 1.824264
v 0.706000 4.210468 2.043164
v 1.018100 4.291368 1.964064
v 0.965100 4.022168 1.707564
v 0.680100 3.957767 1.788264
v 1.271800 4.130867 1.576764
v 1.355200 4.415168 1.840263
v -0.224700 3.908368 2.338064
v -0.177400 3.703968 2.085064
v -0.461700 3.602168 2.211564
v -0.517700 3.810468 2.457664
v -0.815100 3.444868 2.392464
v -0.880200 3.647568 2.626064
v -1.642000 3.210868 2.974364
v -1.568800 3.070968 2.756564
v -1.752900 2.994768 2.812264
v -1.840900 3.141468 3.023164
v -1.214200 3.238468 2.602164
v -1.284400 3.410468 2.823964
v -0.957400 3.946867 2.980864
v -0.926800 3.821568 2.826264
v -1.334100 3.571468 3.019264
v -1.370200 3.693468 3.170464
v -1.706200 3.369868 3.160864
v -1.752600 3.495268 3.303464
v -2.118600 3.251368 3.224764
v -2.030900 3.298168 3.216064
v -2.208800 3.421268 3.357964
v -2.099400 3.470568 3.385264
v -1.916200 3.303168 3.215564
v -1.960000 3.421068 3.368964
v -1.099000 4.369368 3.526364
v -1.071900 4.320168 3.489064
v -1.498700 4.071368 3.625364
v -1.520400 4.117368 3.661864
v -1.050600 4.271668 3.447364
v -1.496700 4.050368 3.559664
v -1.906200 3.909168 3.627864
v -1.894300 3.903667 3.700964
v -1.900200 3.933968 3.741864
v -0.456600 4.782968 3.319364
v -0.421900 4.720868 3.259464
v -0.709300 4.548068 3.355164
v -0.736100 4.599068 3.407564
v -0.700600 4.516368 3.316464
v -0.412900 4.682968 3.220064
v 0.911500 5.202467 2.731564
v 0.895100 5.260668 2.777364
v 1.325900 5.456568 2.613463
v 1.339400 5.397667 2.582863
v 0.556800 5.085368 2.857463
v 0.528800 5.146768 2.891664
v 0.830400 5.389868 2.835763
v 0.458700 5.264368 2.941363
v 1.269500 5.581768 2.692063
v 1.013200 4.505068 2.863364
v 1.041500 4.537767 2.955364
v 0.707900 4.415068 3.054264
v 0.669500 4.377768 2.956164
v 0.718900 4.486268 3.131864
v 1.040500 4.601568 3.028464
v 0.493500 4.360668 3.262964
v 0.479500 4.248668 3.169664
v 0.414000 4.224168 3.042664
v -1.336600 3.459068 3.552964
v -1.605200 3.298068 3.695564
v -0.962600 3.597768 3.421664
v -0.965400 3.647568 3.485264
v -1.323500 3.483768 3.629664
v -1.602100 3.310468 3.772464
v -1.336700 3.658967 3.929164
v -1.024300 3.892067 3.776664
v -1.052500 3.945368 3.815664
v -1.388100 3.778268 3.976664
v -1.369400 3.710368 3.938764
v -1.088500 4.026068 3.849864
v -1.630500 3.588868 4.048064
v -1.602600 3.513368 4.058064
v -1.581600 3.457268 4.051663
v -1.265100 3.464568 3.753164
v -1.575300 3.321968 3.863264
v -0.908200 3.637368 3.625464
v -0.918400 3.726668 3.737764
v -1.549800 3.347368 3.955164
v -1.254700 3.515468 3.865464
v -1.297900 3.597467 3.907864
v -1.562300 3.400768 4.014664
v -0.987600 3.829668 3.740764
v -1.638700 2.940868 3.703064
v -1.825000 2.835668 3.835164
v -1.682600 3.041368 3.835164
v -1.838900 2.946168 3.995964
v -1.711400 3.095768 3.917964
v -1.696400 3.129068 3.841264
v -1.834800 3.070668 4.155164
v -1.843400 3.004368 4.095964
v -1.742700 3.144068 3.987764
v -1.757000 3.210368 4.042964
v -1.745000 3.254468 4.102064
v -1.737700 3.318168 4.157663
v -1.839300 3.222768 4.241663
v -1.846200 3.141468 4.195264
v -2.155900 2.774068 4.116864
v -2.088400 2.790768 4.031264
v -2.055200 2.846368 4.129764
v -2.114600 2.827668 4.195664
v -1.982500 2.806068 3.937364
v -1.980400 2.886168 4.064764
v -2.224700 3.032868 4.521164
v -2.141000 3.071668 4.491064
v -2.207400 2.981468 4.513564
v -2.112300 2.983068 4.454664
v -1.957600 2.951968 4.155964
v -1.935300 3.013068 4.218964
v -2.031900 2.922168 4.212264
v -2.005100 2.983768 4.282064
v -2.054200 2.968268 4.356564
v -2.038800 3.013368 4.372064
v -2.055100 3.049668 4.410464
v -1.997500 3.035668 4.318664
v -2.002100 3.094768 4.351964
v -2.076700 2.895268 4.287964
v -2.114600 2.874468 4.352764
v -2.158500 2.835668 4.394564
v -2.142600 2.895668 4.476964
v -2.201200 2.927268 4.530164
v -1.929800 3.072568 4.265364
v -1.933700 3.150968 4.295264
v 2.776000 5.287868 2.553763
v 2.723100 5.188868 2.439864
v 2.815100 5.288467 2.389063
v 2.856800 5.360868 2.475964
v 2.773000 5.252367 2.303463
v 2.644200 5.117568 2.317664
v 2.840000 5.329868 2.288564
v 2.901200 5.369768 2.331964
v 2.933000 5.423568 2.394363
v 2.749600 5.273868 2.237763
v 2.843200 5.359668 2.238364
v 2.673700 5.161868 2.229164
v 2.664900 5.221268 2.163464
v 2.737200 5.311968 2.178564
v 2.824500 5.385268 2.176164
v 2.926200 5.411668 2.266263
v 2.904700 5.444868 2.199863
v 2.955900 5.511467 2.243464
v 2.967400 5.469568 2.319164
v 2.940300 5.488667 2.449364
v 2.969000 5.539268 2.369564
v 2.924500 5.600967 2.432963
v 2.913800 5.548568 2.485464
v 2.953200 5.591268 2.291564
v 2.903200 5.665267 2.353364
v 2.792900 5.433068 2.123864
v 2.863400 5.494668 2.138864
v 2.772700 5.522367 2.108963
v 2.740500 5.460867 2.107163
v 2.786600 5.578468 2.122164
v 2.898400 5.557368 2.169464
v 2.891000 5.625768 2.208263
v 2.837600 5.692868 2.250564
v 2.781300 5.635868 2.144964
v 2.757000 5.677167 2.182464
v 2.631000 5.615968 2.123564
v 2.648400 5.672768 2.179163
v 2.639000 5.561368 2.091564
v 2.480000 5.611368 2.094163
v 2.489300 5.534368 2.056963
v 2.502600 5.681568 2.175663
v -1.089000 4.265268 3.245764
v -1.062700 4.262868 3.351664
v -0.709500 4.493368 3.237564
v -0.736100 4.484668 3.133864
v -0.421500 4.647468 3.153064
v -0.446100 4.624968 3.060364
v -0.998500 4.041168 3.124664
v -0.980900 4.010468 3.069964
v -1.400800 3.750868 3.260264
v -1.429400 3.787668 3.315564
v -1.778500 3.544268 3.387864
v -1.818700 3.580667 3.431864
v -1.962800 3.474868 3.429564
v -2.019100 3.509868 3.451164
v -1.520700 4.056768 3.460664
v -1.934300 3.908267 3.527764
v -1.530700 4.025268 3.372164
v -1.930900 3.844368 3.453864
v -2.124100 3.800168 3.563564
v -2.208600 3.741467 3.575464
v -2.224600 3.808968 3.628864
v -2.124400 3.850267 3.634564
v -2.101500 3.732968 3.523564
v -2.171300 3.660968 3.533564
v -1.518600 3.964568 3.340564
v -1.906900 3.778768 3.434664
v -1.079800 4.203768 3.191264
v -1.047400 4.131468 3.191264
v -1.499300 3.902967 3.329864
v -1.892800 3.717668 3.429364
v -1.863400 3.649467 3.432464
v -2.056300 3.575668 3.487464
v -2.151900 3.561468 3.480364
v -2.075900 3.649668 3.503764
v -2.238000 3.534368 3.447964
v -2.246700 3.615668 3.517964
v -2.068000 3.698868 3.502264
v -2.295300 3.765168 3.631964
v -2.271900 3.695868 3.572964
v -1.466400 3.843868 3.333164
v -1.016900 4.078168 3.174664
v -2.519800 3.754467 3.708364
v -2.411000 3.843468 3.778264
v -2.386500 3.993968 3.868164
v -2.310800 4.076668 3.875664
v -2.358200 3.979268 3.845164
v -2.281000 4.051568 3.848164
v -2.301700 3.824667 3.694664
v -2.217800 3.845068 3.704264
v -2.301900 3.865067 3.757064
v -2.198600 3.896967 3.771364
v -2.113700 3.858968 3.711164
v -2.102800 3.890568 3.757064
v -2.222400 3.948068 3.792964
v -2.317400 3.905767 3.791364
v -2.329400 3.941567 3.813364
v -2.237700 3.988568 3.808564
v -2.252400 4.025968 3.826864
v -2.322700 3.978268 3.828164
v -2.103700 3.959167 3.789964
v -2.077200 3.931568 3.778164
v -1.917900 4.045268 3.814364
v -1.903500 3.989768 3.776564
v -2.211200 4.160768 3.887364
v -2.178700 4.123968 3.851664
v -2.239600 4.186468 3.936964
v -2.039600 4.297668 3.909564
v -2.074200 4.335068 3.965064
v -2.001700 4.250268 3.875064
v -2.150700 4.081768 3.832464
v -2.130700 4.039868 3.816464
v -1.973200 4.201768 3.862864
v -1.950200 4.149468 3.861664
v -2.118300 3.997168 3.802564
v -1.931200 4.095568 3.846164
v -1.705900 4.495568 3.914364
v -1.807300 4.605468 3.974064
v -1.758900 4.557368 3.921464
v -1.443600 4.885868 3.943664
v -1.500100 4.934068 4.006664
v -1.382800 4.824868 3.928364
v -1.547900 4.185668 3.710064
v -1.146100 4.453168 3.598564
v -1.581800 4.266968 3.767364
v -1.202700 4.553368 3.696664
v -1.618300 4.341268 3.824064
v -1.261400 4.651668 3.802164
v -1.650500 4.402568 3.877664
v -1.312700 4.733168 3.887664
v -1.675300 4.448868 3.910564
v -1.345000 4.780268 3.926963
v -0.879100 5.454968 4.028764
v -1.098800 5.165668 3.977364
v -1.166200 5.224768 4.017864
v -0.962700 5.525368 4.069364
v -1.222000 5.268568 4.097164
v -1.023600 5.571968 4.165864
v -0.800200 4.701868 3.509164
v -0.876100 4.829068 3.647863
v -0.540200 4.908068 3.436764
v -0.634200 5.063568 3.602963
v -0.942000 4.956268 3.805563
v -0.699500 5.214668 3.805664
v -1.002800 5.064368 3.927964
v -0.763500 5.345768 3.959263
v -1.048800 5.121268 3.974564
v -0.818200 5.410068 4.017663
v -0.077000 6.267368 4.077963
v -0.174900 6.352768 4.088264
v 0.171400 6.618668 4.058264
v 0.264900 6.525468 4.058064
v 0.069300 6.705768 4.108963
v -0.269900 6.425368 4.157264
v 0.485500 7.028768 4.073664
v 0.591800 6.934068 4.023263
v 0.682800 6.828968 4.034664
v 0.286600 6.460668 4.014564
v -0.036500 6.199268 4.056764
v 0.694500 6.758468 3.977563
v 0.724300 6.634968 3.860164
v 0.299700 6.375368 3.884064
v -0.021600 6.125768 3.930863
v -0.889800 4.884368 4.415063
v -0.864900 4.843268 4.318463
v -0.529500 5.190168 4.272764
v -0.557500 5.221268 4.390863
v -0.582500 5.239668 4.524064
v -0.912400 4.918868 4.519164
v -1.245100 4.524168 4.536563
v -1.230700 4.482568 4.442664
v -1.237700 4.459668 4.354864
v -1.487600 4.148268 4.441964
v -1.478100 4.122068 4.374464
v -1.509000 4.182268 4.512464
v -1.691500 3.904367 4.493564
v -1.663700 3.883068 4.438064
v -1.649500 3.863868 4.383163
v -1.117400 4.156068 3.925964
v -1.402800 3.888468 4.043164
v -1.425800 4.000268 4.113664
v -1.139900 4.281368 4.032464
v -1.645100 3.770768 4.162563
v -1.631200 3.688668 4.096963
v -1.204000 4.409568 4.228263
v -1.221600 4.433968 4.293864
v -1.484100 4.114168 4.315164
v -1.476900 4.097668 4.256864
v -1.655500 3.852368 4.332664
v -1.669800 3.843967 4.279664
v -1.663700 3.820368 4.220664
v -1.451500 4.062968 4.189064
v -1.173200 4.362768 4.137264
v -1.894600 3.577467 4.419764
v -1.885500 3.606868 4.452963
v -1.959600 3.536367 4.491464
v -1.967800 3.482568 4.457163
v -1.932700 3.621468 4.511064
v -1.877600 3.648067 4.481964
v -1.996100 3.613468 4.553664
v -2.019900 3.508268 4.548163
v -2.054000 3.411168 4.510263
v -1.847200 3.482368 4.246064
v -1.826300 3.336768 4.269864
v -1.737900 3.404468 4.180563
v -1.758800 3.500768 4.149164
v -1.765500 3.596668 4.122764
v -1.807900 3.636268 4.172763
v -1.786400 3.708668 4.442063
v -1.782700 3.689368 4.400264
v -1.811600 3.728768 4.481463
v -1.892300 3.257468 4.349164
v -1.894200 3.365868 4.353464
v -1.958400 3.295368 4.439963
v -1.985400 3.185968 4.396264
v -1.901300 3.429068 4.349363
v -1.890800 3.530768 4.285264
v -1.895400 3.533168 4.341164
v -1.938300 3.418368 4.385164
v -2.096100 3.299368 4.598964
v -2.053500 3.245368 4.554163
v -2.001900 3.343968 4.480664
v -2.050300 3.195568 4.506763
v -1.894100 3.548368 4.385263
v -1.964700 3.441868 4.418963
v -2.070200 3.125368 4.441064
v -1.794800 3.677167 4.355664
v -1.806500 3.665568 4.308064
v -1.820100 3.659368 4.242564
v -1.831700 3.950068 4.551864
v -1.935300 3.745868 4.541964
v -1.864100 3.742867 4.518864
v -1.742800 3.934268 4.538964
v -1.566100 4.233868 4.574764
v -1.640700 4.303668 4.576864
v -1.323500 4.604668 4.578964
v -1.410900 4.689568 4.579763
v -1.828400 4.201368 4.595263
v -1.844700 4.078268 4.565264
v -1.686800 4.366268 4.591063
v -1.717000 4.417268 4.631763
v -1.458500 4.744468 4.619364
v -1.501500 4.791568 4.664664
v -0.985100 4.989968 4.584464
v -0.652600 5.303468 4.632763
v -0.759100 5.398368 4.621163
v -1.082600 5.079768 4.570464
v -1.142500 5.128568 4.618864
v -0.829900 5.443668 4.652164
v -0.921800 5.474768 4.717063
v -1.212500 5.168868 4.675764
v 0.136700 6.358768 4.598363
v 0.459600 6.583668 4.640364
v 0.371500 6.684068 4.672463
v 0.064000 6.462668 4.628263
v 0.710100 6.939268 4.728764
v 0.816400 6.851068 4.697864
v 0.508400 7.018968 4.771863
v 0.201500 6.773968 4.729764
v -0.079200 6.556968 4.684363
v 0.368700 7.091268 4.296864
v 0.422400 7.070068 4.191463
v 0.006000 6.761868 4.201864
v -0.027100 6.774368 4.310364
v -0.323700 6.471468 4.243763
v -0.355400 6.487368 4.337364
v -1.551800 4.966368 4.174664
v -1.292500 5.309468 4.243864
v -1.256600 5.290168 4.172863
v -1.528400 4.953068 4.093264
v -1.060400 5.590868 4.241963
v -1.095700 5.604068 4.309264
v -2.262700 4.206468 3.990064
v -2.100100 4.362268 4.029163
v -2.277500 4.221468 4.045164
v -2.113300 4.377568 4.094764
v -1.857300 4.649468 4.127064
v -1.841500 4.637168 4.047863
v -2.285300 4.237568 4.097963
v -2.118100 4.387968 4.148064
v -2.392200 4.146468 4.052464
v -2.407200 4.188268 4.115963
v -2.280300 4.253568 4.149963
v -2.109600 4.382368 4.203164
v -2.474800 4.068568 4.017464
v -2.502400 4.088668 4.069864
v -1.864900 4.653868 4.192364
v -1.878200 4.658068 4.251564
v -1.606100 4.990468 4.318664
v -1.569600 4.972468 4.250363
v -2.322800 4.271768 4.206863
v -2.261000 4.275968 4.202263
v -2.180300 4.430868 4.323364
v -2.123800 4.392568 4.259064
v -1.952600 3.968168 4.563663
v -1.975100 3.846168 4.531864
v -1.894800 4.151968 4.613163
v -1.942600 4.158268 4.656864
v -2.026900 3.946568 4.592463
v -2.066900 3.809668 4.549364
v -2.162800 3.776268 4.604064
v -2.132600 3.689068 4.606364
v -2.110500 3.717968 4.591464
v -2.124400 3.793568 4.580863
v -2.068700 3.711967 4.585063
v -2.089100 3.646967 4.605763
v -2.007100 3.727568 4.561764
v -2.045900 3.621367 4.586264
v 1.921100 7.751168 4.170363
v 2.001100 7.790668 4.230063
v 2.070700 7.679368 4.222764
v 2.010900 7.623868 4.158063
v 1.920400 7.849669 4.301464
v 1.823400 7.822268 4.257463
v 1.992400 7.843868 4.329063
v 2.060400 7.797168 4.302964
v 2.099400 7.718468 4.277763
v 2.002000 7.651968 4.603263
v 2.069700 7.708468 4.528664
v 2.009300 7.777468 4.550064
v 1.913000 7.586668 4.659964
v 1.927800 7.764568 4.586063
v 1.808500 7.717068 4.626964
v 2.035100 7.550768 4.509163
v 1.970300 7.463668 4.542364
v 2.076700 7.618168 4.492764
v 1.755600 7.822868 4.450364
v 1.762700 7.786868 4.543864
v 1.890700 7.820168 4.522563
v 1.882400 7.855068 4.457364
v 2.007000 7.818069 4.496163
v 1.998600 7.842468 4.446964
v 2.101800 7.740768 4.465864
v 2.108600 7.758068 4.421964
v 2.094500 7.611568 4.434363
v 2.104600 7.618669 4.379064
v 1.887400 7.863769 4.381564
v 1.993200 7.850268 4.387564
v 1.774100 7.831568 4.357664
v 2.097600 7.781968 4.371364
v 2.115400 7.665968 4.326663
v 2.081000 7.574968 4.271163
v 2.028300 7.499268 4.216663
v 2.052600 7.515868 4.343763
v 2.001900 7.424268 4.309464
v 1.973600 7.424668 4.414864
v 2.036100 7.513368 4.419564
v -2.272400 4.145468 4.916364
v -2.204500 4.121168 4.903163
v -2.106400 4.432068 5.055163
v -2.175400 4.453568 5.068463
v -2.047000 4.411868 5.021564
v -2.147600 4.100968 4.867363
v -1.925400 4.785068 5.191963
v -1.982700 4.801168 5.246163
v -2.055900 4.824868 5.277964
v -2.259800 4.454968 5.055064
v -2.351100 4.149268 4.902964
v -2.151800 4.834568 5.277063
v -2.256600 4.862268 5.247864
v -2.352500 4.477368 5.018064
v -2.439400 4.175168 4.865963
v -2.359100 3.752968 4.669663
v -2.301500 3.740367 4.655663
v -2.266500 3.895568 4.765664
v -2.330300 3.912968 4.781263
v -2.214400 3.887068 4.731463
v -2.248700 3.737068 4.635364
v -2.398500 3.922468 4.770864
v -2.413400 3.764068 4.669064
v -2.481100 3.953768 4.742864
v -2.495300 3.778768 4.642364
v -2.174700 3.649467 4.631964
v -2.132000 3.582668 4.636464
v -2.203300 3.753067 4.620564
v -2.232500 3.619368 4.658864
v -2.203200 3.513868 4.685763
v -2.488200 3.660168 4.641364
v -2.560800 3.736468 4.550263
v -2.570400 3.666568 4.585464
v -2.601600 3.610768 4.599164
v -2.510900 3.579967 4.685564
v -2.635900 3.557467 4.594163
v -2.583200 3.556968 4.699463
v -2.167600 3.355268 4.656064
v -2.110400 3.445468 4.626163
v -2.221900 3.403468 4.743964
v -2.077800 3.529468 4.604164
v -2.549400 3.486968 4.789264
v -2.539700 3.390768 4.860864
v -2.450200 3.386968 4.846164
v -2.490100 3.502368 4.787563
v -2.305600 3.617268 4.659463
v -2.374200 3.630568 4.657763
v -2.383600 3.545668 4.708864
v -2.301700 3.532668 4.721963
v -2.413000 3.208768 4.822664
v -2.490200 3.250668 4.855464
v -2.353400 3.331568 4.818163
v -2.558300 3.286468 4.867064
v -2.394600 3.481268 4.799263
v -2.445700 3.519268 4.772163
v -2.441300 3.561968 4.689064
v -2.312800 3.443568 4.786364
v -2.429000 3.645468 4.652063
v -2.586200 3.824667 4.484663
v -2.572900 3.906968 4.565363
v -2.632300 3.913068 4.411163
v -2.628800 4.017868 4.478764
v -2.467000 4.202968 4.161764
v -2.541800 4.101268 4.117663
v -2.583300 4.112568 4.165463
v -2.523000 4.223568 4.206563
v -2.593100 3.965368 4.110263
v -2.610900 3.956868 4.181464
v -2.642200 4.070468 4.256564
v -2.614400 4.134968 4.220064
v -2.646100 4.187868 4.325064
v -2.584100 4.226768 4.266064
v -2.638400 3.993468 4.327663
v -2.662400 3.898868 4.267464
v -2.665100 4.112668 4.401564
v -2.462600 4.330168 4.246764
v -2.378300 4.478968 4.338064
v -2.293400 4.434068 4.331364
v -2.389100 4.299168 4.215464
v -2.554300 4.051768 4.666964
v -2.599400 4.167568 4.573364
v -2.520500 4.268668 4.796363
v -2.550300 4.380368 4.696964
v -2.620100 4.256968 4.490364
v -2.607800 4.319768 4.403064
v -2.562200 4.458768 4.606264
v -2.531200 4.500368 4.511064
v -2.541000 4.338668 4.317163
v -2.466400 4.504968 4.409964
v -2.433800 4.567868 4.945564
v -2.467400 4.675068 4.847764
v -2.338400 4.950868 5.170264
v -2.376600 5.051768 5.069963
v -2.146400 5.096868 4.740664
v -2.260200 4.726668 4.522964
v -2.356000 4.768668 4.578063
v -2.246700 5.135968 4.794363
v -2.419700 4.772268 4.675864
v -2.321900 5.142368 4.889163
v -2.458200 4.743068 4.759863
v -2.357600 5.111968 4.979264
v -2.244100 5.424368 5.505464
v -2.286200 5.509068 5.401363
v -2.152200 5.345468 5.567364
v -2.074900 5.761368 5.896564
v -2.176100 5.845168 5.829864
v -2.209600 5.919068 5.709663
v -1.970600 5.982968 5.208063
v -2.040900 5.556868 4.998263
v -2.150900 5.585668 5.058764
v -2.083600 5.993168 5.291163
v -2.237300 5.584968 5.166863
v -2.161500 5.974468 5.425963
v -2.270700 5.556868 5.287563
v -2.197200 5.953168 5.572464
v -1.598700 7.481668 6.587164
v -1.676000 7.157868 6.373764
v -1.588000 7.109568 6.458263
v -1.486800 7.421168 6.687163
v -1.708500 6.832168 6.305964
v -1.784100 6.880568 6.220464
v -1.609000 6.792068 6.352564
v -1.482900 7.067068 6.508163
v -1.346400 7.367268 6.730663
v -1.820200 6.953168 6.116863
v -1.735700 7.227268 6.272264
v -1.717200 7.288668 6.142063
v -1.807600 7.017768 5.989564
v -1.654900 7.549468 6.461364
v -1.632000 7.610568 6.319063
v -1.382600 7.643668 6.113664
v -1.484500 7.282168 5.930464
v -1.635800 7.321568 5.995963
v -1.538400 7.658468 6.177564
v -1.728700 7.031368 5.848063
v -1.601000 6.984668 5.761964
v 0.736400 1.697568 1.066164
v 0.792300 1.710968 1.137364
v 0.560800 1.698668 1.242164
v 0.496900 1.694168 1.163164
v 0.614900 1.737968 1.307664
v 0.842200 1.739168 1.201764
v 0.634800 1.809168 1.330264
v 0.623100 1.881268 1.308664
v 0.864900 1.881868 1.232164
v 0.871400 1.802368 1.241664
v 0.590200 1.940068 1.258164
v 0.821500 1.943868 1.172864
v 0.795000 2.020968 1.147564
v 0.558400 2.011468 1.208064
v 1.383300 4.630467 2.754264
v 1.381200 4.573568 2.697464
v 1.730400 4.728668 2.565364
v 1.747400 4.783368 2.623464
v 1.007200 4.456667 2.791464
v 1.364100 4.486968 2.604964
v 0.994900 4.373467 2.691964
v 1.704200 4.634468 2.481464
v 1.461900 2.020668 0.670964
v 1.420300 2.100068 0.710264
v 1.410100 2.039368 0.599664
v 1.358000 2.100568 0.634164
v 1.339100 1.739268 0.480464
v 1.292700 1.835168 0.474364
v 1.205700 1.687868 0.506564
v 1.181800 1.780568 0.491364
v 1.395700 2.298368 0.720564
v 1.457700 2.299068 0.762064
v 1.419500 2.162368 0.731164
v 1.363900 2.160168 0.677564
v 2.695900 5.357268 2.122563
v 2.652300 5.416168 2.086463
v 2.608900 5.266268 2.088163
v 2.499000 5.322668 2.077263
v 2.514400 5.029668 2.071964
v 2.456000 5.081968 2.005164
v 2.538900 5.196167 2.051363
v 2.603900 5.142168 2.131564
v 2.418500 5.221368 2.058964
v 2.343200 5.091568 2.019964
v 2.639800 5.490168 2.073864
v 2.496700 5.437868 2.050963
v 2.727200 5.722068 2.299764
v 2.598100 5.704168 2.341864
v 2.705400 5.742468 2.533564
v 2.805100 5.693268 2.436964
v 1.744700 7.436568 4.719364
v 1.826000 7.513168 4.697763
v 1.705100 7.659369 4.670264
v 1.592500 7.599669 4.718063
v 1.906600 7.381468 4.576164
v 1.833800 7.304868 4.599763
v 1.629400 7.750068 4.560863
v 1.507500 7.753268 4.590364
v 1.614500 7.764268 4.422564
v 1.426000 7.761668 4.394964
v 1.968600 7.433568 4.173664
v 1.927600 7.367868 4.120664
v 1.861200 7.499568 4.065363
v 1.937600 7.564768 4.118964
v 1.957400 7.344168 4.274663
v 1.905600 7.247068 4.234464
v 1.917500 7.344568 4.410664
v 1.855000 7.271668 4.416564
v 2.874200 5.453068 2.547964
v 2.800900 5.414668 2.646063
v 2.860400 5.554068 2.568863
v 2.778200 5.575968 2.702164
v 2.841100 5.636768 2.526763
v 2.780900 5.690567 2.633764
v 0.308200 5.501768 3.090263
v 0.678600 5.658967 2.999864
v 0.508600 5.964268 3.272464
v 0.147000 5.770168 3.342164
v 0.979600 6.144568 3.250164
v 1.137100 5.841668 2.922664
v 0.030900 5.988768 3.653563
v 0.371000 6.215268 3.595664
v 0.835000 6.413468 3.596164
v 0.020400 1.289168 0.920864
v -0.057500 1.072168 0.810764
v 0.121400 1.106868 0.651364
v 0.203900 1.338368 0.760264
v 0.038300 0.878668 0.541864
v -0.123700 0.846668 0.709664
v 0.225600 0.916268 0.400064
v 0.315900 1.153268 0.504964
v 0.423100 1.371968 0.632264
v 0.381800 1.454968 0.370264
v 0.303200 1.284968 0.248564
v 0.196000 1.293868 0.308064
v 0.272600 1.460668 0.429164
v 0.490000 1.443168 0.318464
v 0.409400 1.268368 0.197564
v 0.591300 0.716268 0.023664
v 0.662600 0.902068 0.096264
v 0.700300 0.865368 0.124464
v 0.640400 0.680668 0.054164
v 0.778700 1.074968 0.216264
v 0.750400 1.110368 0.192164
v 0.900200 1.263268 0.307064
v 0.922000 1.229168 0.334664
v 0.864500 1.296568 0.284264
v 0.973700 1.463068 0.383964
v 1.011500 1.430568 0.405964
v 1.030900 1.398268 0.430364
v 1.074200 1.622168 0.455864
v 1.105800 1.576068 0.470964
v 1.118500 1.529468 0.494064
v 1.120800 1.485668 0.533964
v 1.012000 1.377068 0.466564
v 1.073900 1.483868 0.582964
v 0.961400 1.373168 0.495864
v 0.902200 1.205468 0.375164
v 0.854800 1.193968 0.401564
v 0.625900 1.628768 0.918264
v 0.688400 1.672068 1.005564
v 0.449700 1.672568 1.100264
v 0.390800 1.624468 1.016964
v 0.241500 1.648668 1.208664
v 0.187000 1.591468 1.138464
v 0.104600 1.471168 1.032564
v 0.299900 1.516168 0.890464
v 0.533000 1.529368 0.783164
v 2.365300 4.869267 1.867164
v 2.268800 4.871568 1.876564
v 2.431600 4.828668 1.911863
v 2.272500 4.594968 1.641664
v 2.191200 4.617468 1.621564
v 1.153700 3.874368 1.914164
v 1.236900 4.116067 2.200864
v 1.051400 3.583368 1.645264
v 1.333000 3.661668 1.562764
v 1.445200 3.985168 1.808964
v 1.536700 4.261268 2.070064
v 0.959600 4.215668 2.527864
v 1.311600 4.326668 2.434864
v 1.635400 4.471368 2.310664
v 2.128000 4.256268 1.406064
v 2.082400 4.295268 1.352264
v 1.996700 3.877767 1.159864
v 1.953700 3.918368 1.092964
v 1.555400 2.610968 0.818764
v 1.490700 2.614968 0.779864
v 1.651000 3.035068 0.809464
v 1.713800 3.016568 0.884064
v 1.878400 3.449268 0.977964
v 1.805900 3.482568 0.915164
v 1.018300 2.918268 1.240064
v 1.167600 3.310068 1.355364
v 0.915800 3.238568 1.466664
v 0.789700 2.866668 1.373464
v 0.612600 4.972668 2.679964
v 0.585700 5.022168 2.772664
v 0.917800 5.164268 2.625164
v 0.943500 5.107168 2.542563
v 1.334600 5.353668 2.481264
v 1.334500 5.299868 2.377863
v 1.572700 1.790468 0.762464
v 1.566300 1.726168 0.739864
v 1.492500 1.771268 0.841664
v 1.476300 1.704568 0.823264
v 1.543800 1.673568 0.703464
v 1.453200 1.656668 0.787964
v 1.351600 2.019868 0.547564
v 1.281100 2.051868 0.568064
v 1.306000 1.974668 0.511564
v 1.222500 1.996868 0.517764
v 1.285000 1.913068 0.485964
v 1.199300 1.911868 0.490564
v 0.823600 2.242368 1.150664
v 0.911400 2.531368 1.200764
v 0.683900 2.515068 1.309264
v 0.598800 2.247468 1.249364
v 0.562700 2.103768 1.218264
v 0.792100 2.096968 1.141064
v 0.763300 2.588668 1.072364
v 0.575100 2.593168 1.118064
v 0.975800 2.590568 0.997264
v 0.903100 2.313768 0.875564
v 0.711000 2.329668 0.939164
v 0.541500 2.347268 0.983364
v 0.530500 2.232468 0.934264
v 0.686400 2.217468 0.874864
v 0.870100 2.190968 0.817264
v 1.839500 7.692369 4.129764
v 1.729200 7.762768 4.219364
v 1.752600 7.631568 4.101764
v 1.632700 7.701168 4.182963
v 1.652700 7.771069 4.324564
v 1.524800 7.736568 4.279863
v 0.267800 6.134568 4.438563
v 0.272500 6.091868 4.326563
v 0.570500 6.341168 4.357664
v 0.573200 6.370068 4.461664
v 0.573400 6.294168 4.265364
v 0.261400 6.056768 4.216464
v 0.947600 6.552468 4.317763
v 0.941100 6.593168 4.408964
v 0.946200 6.612768 4.524364
v 0.226700 6.215668 4.578864
v 0.543500 6.443768 4.602664
v 0.909100 6.702268 4.664464
v 0.932500 4.751868 3.082263
v 1.323600 4.860467 2.986763
v 1.285000 4.921268 3.005564
v 0.883900 4.820467 3.089064
v 1.704900 5.085968 2.889364
v 1.742700 5.020267 2.866064
v 1.626800 5.220367 2.949364
v 1.211700 5.044968 3.063963
v 0.804800 4.945668 3.129963
v 1.264200 5.842868 3.323463
v 0.850600 5.629668 3.382763
v 1.049400 5.304368 3.193064
v 1.476600 5.482667 3.133364
v 0.649300 5.189568 3.242064
v 0.477600 5.474968 3.435763
v 2.615500 5.069568 2.202864
v 2.528900 4.967268 2.133264
v 2.560900 5.016068 2.272664
v 2.478900 4.916368 2.196663
v 2.453100 4.774368 1.976464
v 2.400200 4.737468 2.038964
v 1.061100 4.549568 2.197064
v 1.430000 4.667668 2.090364
v 0.736300 4.427968 2.291964
v 0.762400 4.589268 2.490264
v 1.089800 4.748068 2.375264
v 1.475200 4.871768 2.269063
v 0.748400 4.763868 2.604264
v 1.091500 4.897168 2.521463
v 1.104900 4.836068 2.477164
v 0.763300 4.694767 2.575964
v 1.484400 5.031968 2.388564
v 1.492500 4.972268 2.352864
v 2.402000 6.189068 2.915164
v 2.631700 5.893268 2.781864
v 2.554900 5.901567 2.714164
v 2.362600 6.221767 2.868664
v 2.208800 6.700868 3.054764
v 2.228000 6.588468 3.164664
v 2.174400 6.502568 3.204363
v 2.369200 6.128568 2.956264
v 2.576300 5.819468 2.844664
v 2.692800 5.669368 2.771863
v 2.741300 5.754368 2.706563
v 2.676700 5.795268 2.618664
v 1.384500 4.787568 2.980063
v 1.793900 4.940167 2.858863
v 0.992100 4.678368 3.062064
v 1.424400 4.714568 2.928464
v 1.821200 4.861567 2.809063
v 1.404900 4.679068 2.833264
v 1.794200 4.811868 2.717164
v 0.681400 4.886368 2.619664
v 0.646300 4.928368 2.635464
v 0.970100 5.064268 2.504963
v 1.004700 5.022367 2.504263
v 1.354400 5.235068 2.334464
v 1.392400 5.172468 2.348264
v 1.445200 5.108068 2.390964
v 1.053000 4.968468 2.529863
v 0.718200 4.830768 2.615563
v 2.034400 6.829468 3.609563
v 1.977200 6.992168 3.467264
v 2.064600 6.934468 3.544164
v 1.843100 7.235168 3.824764
v 1.941500 7.182368 3.893963
v 1.894900 7.075368 3.961463
v 1.845500 7.394768 3.978164
v 1.918200 7.305268 4.053063
v 1.896000 7.186768 4.139163
v 0.678900 5.935968 3.650864
v 0.343800 5.721068 3.696064
v 1.060800 6.203468 3.603064
v 0.582400 6.141968 3.945464
v 0.984500 6.387168 3.985564
v 0.269300 5.894468 3.951064
v 0.976100 6.462068 4.221563
v 0.570600 6.231768 4.150363
v 0.256200 5.992268 4.111464
v 1.402900 7.785568 4.621863
v 1.164300 7.843068 4.723564
v 1.162500 7.665168 4.766263
v 1.437700 7.654968 4.744264
v 1.297500 7.801668 4.462764
v 1.077200 7.927068 4.586463
v 0.155800 7.147568 4.501763
v 0.306100 7.104568 4.375063
v -0.086000 6.787968 4.392364
v -0.215900 6.831368 4.520463
v -0.422600 6.511068 4.411464
v -0.545800 6.563168 4.522964
v -1.423100 6.713568 6.243163
v -1.400900 6.686868 6.100063
v -1.290100 6.993568 6.260163
v -1.301100 6.997268 6.403263
v -1.268500 6.973568 6.130863
v -1.388800 6.658368 5.965464
v -1.067100 7.299568 6.338063
v -1.102600 7.304468 6.460963
v -1.127400 7.293468 6.606164
v -1.218400 7.314068 6.710564
v -1.376800 7.020368 6.497264
v -1.501400 6.742668 6.341864
v 1.172000 1.662868 0.891764
v 1.221000 1.689168 0.935064
v 1.021600 1.713768 1.027364
v 0.970200 1.695468 0.970464
v 1.064000 1.737068 1.080464
v 1.255700 1.721568 0.975164
v 1.064200 1.946368 1.121264
v 1.254000 1.932868 1.030964
v 1.222600 2.013568 1.036164
v 1.031000 2.020768 1.103364
v 1.104900 1.864768 1.148964
v 1.283600 1.847168 1.019464
v 1.816500 3.818268 1.394664
v 1.972500 4.164068 1.632464
v 1.730300 4.098968 1.697464
v 1.600400 3.751568 1.466064
v 1.835500 4.396267 1.940964
v 2.110800 4.437968 1.892864
v 2.403600 5.021068 2.410964
v 2.492700 5.053168 2.532663
v 2.180100 4.949568 2.610764
v 2.115600 4.911668 2.506964
v 2.224000 5.015468 2.719863
v 2.545700 5.146967 2.654263
v 1.245100 2.289468 0.757764
v 1.334000 2.293568 0.721364
v 1.294400 2.160268 0.664564
v 1.195400 2.163268 0.689964
v 1.269600 2.112868 0.629964
v 1.170000 2.119768 0.651864
v 2.207900 5.435668 2.181563
v 2.377600 5.501068 2.085164
v 2.388900 5.402168 2.087764
v 2.224800 5.346868 2.183363
v 2.378600 5.299568 2.092164
v 2.219100 5.248968 2.164864
v 1.956900 4.606267 1.645964
v 2.108800 4.621068 1.624764
v 1.992300 4.309368 1.349064
v 1.838700 4.292668 1.381364
v 1.854100 3.932567 1.098364
v 1.710500 3.908168 1.156964
v 1.520900 7.233068 4.714464
v 1.665100 7.359968 4.727164
v 1.531200 7.494268 4.749363
v 1.395500 7.374268 4.724763
v 1.756000 7.233068 4.612164
v 1.603100 7.113568 4.603263
v 2.722000 5.366868 2.703363
v 2.683200 5.511868 2.749564
v 2.533900 5.399968 2.820364
v 2.701100 5.228068 2.605363
v 2.554600 5.279168 2.743264
v 1.954500 6.354168 3.201663
v 1.798900 6.658168 3.617964
v 1.487700 6.427768 3.635464
v 1.629600 6.140968 3.212664
v 1.412000 6.609868 4.044464
v 1.682500 6.887068 3.999363
v 0.551900 0.986368 0.309364
v 0.661700 1.186768 0.438564
v 0.501600 1.182868 0.442764
v 0.399600 0.957368 0.331264
v 0.625300 1.371268 0.587564
v 0.786300 1.361268 0.573964
v 1.224500 1.608568 0.774264
v 1.119100 1.566268 0.716364
v 1.306200 1.645068 0.813964
v 1.099800 1.632968 0.847864
v 1.007800 1.586568 0.784164
v 1.352200 1.675468 0.853664
v 1.379100 1.712868 0.888364
v 0.911800 1.665568 0.918664
v 0.837100 1.613568 0.844664
v 1.401300 1.770468 0.910064
v 1.400400 1.845268 0.921764
v 1.280200 1.776468 1.001464
v 1.366100 1.932168 0.935864
v 1.334000 2.018468 0.952164
v 1.097900 1.787368 1.126364
v 1.333700 2.091168 0.962964
v 1.383100 2.237768 0.994664
v 1.278000 2.214568 1.085864
v 1.224100 2.075968 1.044964
v 1.029100 2.083068 1.102464
v 1.076800 2.219768 1.147164
v 1.734400 3.441968 1.172064
v 1.582000 2.987968 1.074664
v 1.927400 3.845167 1.370664
v 1.638400 3.413968 1.206264
v 1.475700 2.974068 1.099264
v 2.098600 4.189068 1.609164
v 2.241200 4.474267 1.857264
v 1.433600 3.362768 1.279764
v 1.273500 2.947168 1.162964
v 2.487000 4.990468 2.308164
v 2.410600 4.892168 2.226464
v 2.550000 5.073868 2.362864
v 2.346800 4.945768 2.353764
v 2.279400 4.850667 2.268263
v 2.642100 5.126068 2.480363
v 2.078800 4.846968 2.450963
v 2.024700 4.763268 2.358963
v 0.815900 1.526768 0.382764
v 0.692100 1.558668 0.412664
v 0.784800 1.718168 0.517564
v 0.915000 1.689868 0.477464
v 0.864800 1.872468 0.570364
v 0.999800 1.845568 0.519964
v 0.905000 1.992968 0.556764
v 1.042900 1.967068 0.499464
v 0.943100 2.064468 0.585364
v 1.082600 2.041968 0.531964
v 1.131500 1.934368 0.484764
v 1.093500 1.811268 0.499064
v 1.162800 2.017268 0.519264
v 0.909500 1.496568 0.371464
v 1.010100 1.658568 0.460964
v 0.984600 2.110868 0.641064
v 1.129000 2.089168 0.590864
v 1.022000 2.132968 0.706164
v 1.046400 2.174868 0.745964
v 1.091500 2.297768 0.812264
v 1.217500 2.067068 0.579464
v 2.118000 5.053168 2.068964
v 1.831500 4.985968 2.149263
v 1.865000 5.096067 2.213264
v 2.178800 5.165768 2.141064
v 1.883100 5.156968 2.243763
v 1.874000 5.243168 2.284763
v 1.836200 5.321268 2.256063
v 2.266600 5.074268 2.045363
v 2.329600 5.211068 2.087064
v 1.439700 3.036868 0.873764
v 1.258400 3.015168 0.968164
v 1.350000 3.457168 1.054364
v 1.563800 3.488468 0.970564
v 1.475100 3.858067 1.242664
v 1.587200 4.217168 1.473864
v 1.693200 4.517368 1.737363
v 1.558200 3.043068 0.821664
v 1.702700 3.499068 0.916664
v 2.200300 5.569868 2.234263
v 1.806900 5.448068 2.294464
v 1.842600 5.508667 2.409863
v 2.265000 5.659868 2.359864
v 1.854800 5.624968 2.487664
v 2.327400 5.743768 2.482264
v 1.852300 5.671768 2.511963
v 1.787000 5.783567 2.598063
v 2.250700 5.891968 2.629263
v 2.331600 5.784468 2.535064
v 2.572500 5.795968 2.585564
v 2.568600 5.746668 2.509064
v 2.477300 5.904668 2.697363
v 2.385500 5.661767 2.187163
v 2.486600 5.687367 2.355864
v 1.547600 7.134168 3.788464
v 1.202200 6.869568 3.865064
v 1.173800 7.016868 3.998764
v 1.526600 7.296168 3.931364
v 1.150600 7.123268 4.043064
v 1.527500 7.381268 4.005764
v 1.055400 7.241768 4.023563
v 0.935400 7.345868 4.058264
v 1.327300 7.565969 4.102963
v 1.447200 7.476268 4.049764
v 1.651200 7.581068 4.078464
v 1.732300 7.476068 4.036163
v 1.530200 7.657568 4.148464
v 1.749500 7.220268 3.800663
v 1.734900 7.394168 3.946663
v 0.840400 7.403168 4.162263
v 0.750400 7.444468 4.253563
v 1.108600 7.661469 4.287164
v 1.214600 7.623268 4.195663
v 0.678600 7.451468 4.335763
v 0.521200 7.461568 4.502163
v 0.825200 7.692268 4.537164
v 1.015900 7.679468 4.365664
v 1.195900 7.785868 4.394363
v 1.299600 7.746668 4.327963
v 0.974100 7.812268 4.541463
v 1.413200 7.704268 4.243264
v -1.387300 7.975468 6.388663
v -1.254900 7.982968 6.321664
v -1.485800 7.935968 6.504964
v -1.332800 8.190269 6.657164
v -1.266600 8.239768 6.551064
v -1.155700 8.260368 6.481864
v -1.507000 7.878668 6.638663
v -1.333400 8.132468 6.764064
v -1.457000 7.813768 6.765863
v -1.286800 8.077168 6.862264
v -1.329900 7.752769 6.846563
v -1.178200 8.025368 6.929263
v -1.189300 7.701568 6.871763
v -1.059000 7.977268 6.957164
v -1.076300 7.654168 6.840763
v -0.991400 7.628168 6.754764
v -0.895300 7.905368 6.855763
v -0.963000 7.926269 6.936164
v -0.944000 7.637568 6.632864
v -0.938500 7.665568 6.515163
v -0.850900 7.966768 6.649263
v -0.859600 7.926668 6.750664
v 1.018500 7.516868 4.755564
v 0.805200 7.278968 4.804764
v 1.022300 7.219468 4.725364
v 1.267700 7.443168 4.728663
v 1.139500 7.145768 4.698063
v 1.243100 7.008168 4.666264
v 1.306200 6.892268 4.564064
v 1.128800 7.614368 4.758163
v 1.397400 7.554668 4.756664
v 1.305100 6.873268 4.441164
v 1.307900 6.842968 4.336264
v 1.622700 7.054568 4.338964
v 1.613400 7.087868 4.460564
v 1.344200 6.754968 4.229864
v 1.641300 6.994768 4.216964
v 1.816600 7.020268 3.974063
v 1.801200 7.118168 4.184964
v 1.795800 7.166168 4.301363
v 1.776300 7.202468 4.443163
v 2.351300 5.658267 2.896163
v 2.030900 5.453167 2.900663
v 2.138300 5.293067 2.887363
v 2.473500 5.493868 2.868964
v 2.190700 5.209768 2.864764
v 2.224300 5.109767 2.809464
v 2.504400 5.763567 2.869964
v 2.619800 5.608168 2.801464
v 2.313500 6.080368 2.968063
v 2.118300 6.451868 3.210664
v 2.159200 5.979068 2.970364
v 1.965700 6.762368 3.624363
v 1.844500 5.764768 2.989863
v 1.865600 6.957068 3.462564
v 2.048700 6.656268 3.046164
v 1.814100 6.585768 3.044963
v 1.650700 6.888568 3.453763
v 2.282600 6.227368 2.848164
v 2.051100 6.200868 2.789464
v 1.628200 6.050067 2.831264
v 1.429400 6.393167 3.133264
v 1.281700 6.672868 3.523364
v 0.599600 0.788168 0.220664
v 0.549300 0.607368 0.167964
v 0.678000 0.979968 0.324864
v 0.481600 0.775068 0.223864
v 0.442300 0.584968 0.176764
v 0.781000 1.182468 0.431064
v 0.893600 1.366568 0.534464
v 0.168500 0.690968 0.323764
v 0.336000 0.736068 0.251064
v 0.302600 0.540668 0.207464
v 0.136700 0.496068 0.276864
v 0.809400 1.333668 0.266764
v 0.727600 1.373168 0.263164
v 0.704900 1.151868 0.165964
v 0.632100 1.198168 0.147664
v 0.613500 1.415268 0.277564
v 0.525200 1.240768 0.157364
v 0.741300 1.506868 0.734664
v 0.903200 1.491668 0.693164
v 1.007100 1.491068 0.633064
v 2.339200 4.711368 2.071464
v 2.214100 4.662568 2.118764
v 1.945500 4.603668 2.185264
v 1.780300 4.772468 1.985564
v 2.048900 4.859268 1.893564
v 2.196900 4.870168 1.879164
v 1.177300 2.596068 0.908464
v 1.343200 2.599368 0.841464
v 1.432900 2.607868 0.798564
v 1.466000 2.560868 1.028964
v 1.360000 2.541468 1.086964
v 1.155200 2.535968 1.135664
v 2.366300 5.580768 2.112264
v 2.194800 5.493868 2.193364
v 1.812400 5.381068 2.254864
v -2.734300 3.885468 4.082163
v -2.759400 3.869668 4.146364
v -2.861400 3.814568 4.079063
v -2.853200 3.836168 4.129764
v -2.798700 3.510668 4.162963
v -2.924400 3.543067 4.101264
v -2.834600 3.543767 4.250664
v -2.970300 3.585368 4.190363
v -2.994900 3.710867 4.076364
v -2.949800 3.667367 3.995764
v -2.965100 3.606368 4.041664
v -3.019800 3.649467 4.127664
v -2.843900 3.611068 4.312863
v -2.977000 3.642668 4.267464
v -2.847900 3.680568 4.355763
v -2.943300 3.686667 4.316864
v -3.030100 3.703468 4.210964
v -2.972100 3.750368 4.289664
v -2.956900 3.808368 4.234164
v -3.005100 3.758868 4.153664
v -2.837800 3.847068 4.320263
v -2.848800 3.769468 4.363163
v -2.916700 3.825168 4.172364
v -2.802500 3.870667 4.229564
v -2.948200 3.783267 4.106664
v -2.934400 3.755068 4.035163
v -2.902600 3.725267 3.959864
v -2.091700 3.932068 4.624164
v -2.003100 4.147868 4.702663
v -2.056400 4.155668 4.775464
v -2.143400 3.917868 4.659863
v -2.179500 3.899268 4.695164
v -2.105700 4.104968 4.822063
v -1.900000 4.801468 5.128863
v -2.007300 4.420668 4.969463
v -1.963400 4.467268 4.932364
v -1.875000 4.834768 5.067364
v -1.754200 4.461068 4.681464
v -1.801700 4.485268 4.736964
v -1.563600 4.841168 4.733563
v -1.635900 4.874568 4.808964
v -1.859600 4.476168 4.795564
v -1.710600 4.873268 4.874464
v -1.776600 4.863868 4.939663
v -1.901200 4.486868 4.858963
v -1.826100 4.875168 5.010263
v -1.902100 4.571768 4.928463
v -0.210400 7.164768 5.149864
v -0.424200 6.892768 5.115764
v -0.104100 6.844668 4.896364
v 0.148900 7.107368 4.910163
v -0.356600 6.634268 4.837064
v -0.646300 6.678868 5.047564
v -0.975400 7.278568 6.154863
v -1.035100 7.288368 6.266463
v -1.239800 6.955868 6.048663
v -1.176300 6.949568 5.945864
v -1.373600 6.642868 5.881964
v -1.326200 6.653568 5.783363
v -0.654900 6.932168 5.317663
v -0.850700 6.706568 5.236163
v -0.459700 7.209668 5.387764
v -0.645600 7.238068 5.645264
v -0.835200 6.948268 5.531163
v -1.018100 6.712068 5.418863
v -1.025800 6.951168 5.756563
v -0.827400 7.258268 5.926764
v -1.194300 6.687368 5.613864
v 0.397100 7.376068 4.959263
v 0.567300 7.624368 4.948864
v 0.099400 7.742868 5.208364
v -0.038600 7.481568 5.170564
v -0.761900 7.991268 6.442763
v -0.824000 7.985269 6.582264
v -0.911100 7.668768 6.446163
v -0.848600 7.661168 6.321664
v -0.348000 7.888368 5.819664
v -0.584200 7.957169 6.152763
v -0.696500 7.635468 6.050464
v -0.490300 7.588368 5.733864
v -0.299300 7.540868 5.444863
v -0.157400 7.818968 5.513763
v 0.159700 7.874468 5.219363
v 0.643000 7.736868 4.933264
v 0.652300 7.757368 4.931764
v 0.164100 7.913468 5.230063
v -0.076700 7.980968 5.556664
v -0.244400 8.069067 5.884264
v -0.041700 8.086167 5.578263
v -0.201700 8.202467 5.910664
v 0.644700 7.876168 4.923863
v 0.167000 8.044567 5.235463
v 0.561500 7.900468 4.847164
v 0.066600 8.058467 5.172064
v -0.088700 8.200667 5.543963
v -0.252300 8.334167 5.882463
v -0.201700 8.209767 5.491664
v -0.379900 8.341968 5.825064
v 0.505700 7.854068 4.845163
v -0.005000 8.033367 5.130864
v 0.390800 7.767268 4.831264
v -0.123300 7.944068 5.069263
v -0.569100 8.116667 5.708564
v -0.467800 8.263167 5.776664
v -0.290800 8.172567 5.436964
v -0.406400 8.051067 5.372663
v -1.302200 7.642368 6.067564
v -1.169400 7.990768 6.278263
v -1.056000 7.963668 6.188764
v -1.211000 7.621668 5.983764
v -1.059000 8.266068 6.449964
v -0.934600 8.243568 6.346864
v 0.128300 7.571368 4.751564
v -0.332200 7.743468 4.989364
v -0.174500 7.273568 4.725163
v -0.536700 7.419168 4.983464
v -0.594300 7.834168 5.285964
v -0.752400 7.491568 5.254164
v -0.884700 7.518268 5.531764
v -0.739100 7.873569 5.606263
v -0.891500 7.911968 5.943064
v -1.056200 7.572168 5.788664
v -0.735500 8.166067 6.084364
v -1.413600 7.272668 5.875564
v -1.532300 6.966868 5.693363
v -1.346400 7.261568 5.788664
v -1.469000 6.953968 5.604664
v -0.487300 6.960368 4.719064
v -0.779000 7.098968 4.948463
v -0.781400 6.699568 4.672163
v -1.002900 6.814568 4.892963
v -0.959000 7.162168 5.178563
v -1.146900 6.868968 5.092763
v -1.258900 6.899468 5.272464
v -1.093400 7.197168 5.394363
v -1.229700 7.232168 5.613864
v -1.372100 6.929568 5.453564
v -1.221000 6.410568 4.801363
v -1.134700 6.584768 4.846963
v -0.947300 6.475668 4.665564
v -1.059500 6.312868 4.636263
v -0.756800 6.361668 4.525464
v -0.892600 6.212868 4.512764
v -1.257300 6.645968 5.020564
v -1.330500 6.479668 4.958064
v -1.415200 6.524368 5.105164
v -1.351100 6.681468 5.181064
v -1.967000 5.537868 4.955763
v -2.078400 5.084968 4.697864
v -1.885400 5.954768 5.163464
v -1.816100 5.940568 5.092763
v -1.905100 5.540068 4.896264
v -2.005200 5.098768 4.667064
v -1.906200 5.149968 4.634764
v -1.947000 4.888468 4.481063
v -2.093600 4.747868 4.476964
v -1.788800 5.142868 4.534763
v -1.809200 5.269068 4.632664
v -1.733000 5.071368 4.452464
v -1.944200 4.735068 4.375164
v -1.915600 4.674368 4.303264
v -1.667000 5.022368 4.383064
v -2.187100 4.706268 4.492064
v -0.409900 0.007368 0.541464
v -0.496000 0.017668 0.661664
v -1.024400 0.043668 0.931664
v -1.022500 0.099968 0.968264
v -1.157900 0.100468 1.022364
v -1.323200 0.122668 1.068164
v -1.534400 0.187868 1.059964
v -1.480400 0.234668 1.085464
v -1.614600 0.337368 1.079364
v -1.650700 0.277868 1.046564
v -1.724900 0.418368 1.083464
v -1.744400 0.348268 1.034864
v -1.806300 0.398568 1.054064
v -1.799100 0.457568 1.087064
v -1.728900 1.178568 1.347764
v -1.699200 1.250668 1.320464
v -1.704700 1.048668 1.141364
v -1.710100 1.006568 1.218364
v -1.644600 1.311268 1.295364
v -1.627300 1.124768 1.132364
v -1.714300 0.885668 1.143764
v -1.748500 0.848368 1.182364
v -1.704400 0.911368 1.080064
v -1.711500 0.824568 1.040264
v -1.729300 0.795268 1.097964
v -1.767200 0.766668 1.136164
v 0.326300 2.080468 0.743464
v 0.229100 2.080568 0.748364
v 0.255000 2.183668 0.771564
v 0.354000 2.163068 0.782664
v 0.307900 1.948368 0.761164
v 0.213500 1.946768 0.786464
v 0.386900 2.192068 0.861864
v 0.296900 2.222768 0.868864
v 0.330100 2.209268 0.971664
v 0.415400 2.186968 0.946364
v -0.438000 1.707768 1.685464
v -0.603900 1.710168 1.775664
v -0.616100 1.653968 1.730764
v -0.455800 1.653668 1.646464
v 0.455100 4.788368 2.680264
v 0.492400 4.715268 2.667264
v 0.316600 4.627868 2.672764
v 0.269900 4.727468 2.678164
v 0.520500 4.635168 2.659264
v 0.345600 4.535568 2.669164
v 0.522100 4.565368 2.620064
v 0.328800 4.482968 2.614764
v 0.508000 4.483168 2.521864
v 0.311400 4.413368 2.527164
v -0.595500 3.797768 3.244964
v -0.256700 3.940468 3.114964
v -0.251700 3.992167 3.182464
v -0.593200 3.849068 3.313864
v -0.594000 3.736268 3.167764
v -0.261400 3.876967 3.039964
v -0.588500 1.971068 1.856864
v -0.591600 2.034268 1.858864
v -0.569400 1.914368 1.885464
v -0.386200 1.941268 1.791264
v -0.404900 1.997468 1.764764
v -0.409800 2.059768 1.774364
v -0.711300 6.115468 4.399064
v -0.782200 6.150368 4.448664
v -0.638600 6.302268 4.439464
v -0.562300 6.267568 4.382664
v -1.859900 6.685068 6.116763
v -1.792400 6.644368 6.203263
v -1.879900 6.501768 6.156464
v -1.951200 6.543868 6.057464
v -1.770400 6.449868 6.209663
v -1.698200 6.601268 6.258964
v -1.639900 6.380168 6.199964
v -1.581700 6.540968 6.251564
v -1.502200 6.506168 6.138864
v -1.543000 6.329768 6.083263
v -1.472300 6.469868 5.994763
v -1.454800 6.440968 5.859664
v -1.497000 6.289268 5.931064
v -1.494900 6.273868 5.787064
v -1.491100 6.284568 5.706364
v -1.442700 6.436768 5.778963
v -1.398300 6.451668 5.690364
v -1.447900 6.301768 5.624464
v -0.034100 5.688868 4.193064
v -0.023900 5.653668 4.113163
v 0.083600 5.797968 4.106463
v 0.081900 5.848568 4.197063
v 0.094700 5.717368 3.981463
v -0.019700 5.596268 4.008463
v 0.385000 4.612268 3.279964
v 0.619300 4.674768 3.177264
v 0.571000 4.755668 3.198164
v 0.337400 4.701168 3.306664
v 0.497400 4.878868 3.242464
v 0.274700 4.819068 3.358563
v 0.683600 4.578468 3.175564
v 0.459800 4.492268 3.309164
v -1.506400 5.583768 5.140064
v -1.635700 5.249968 5.043364
v -1.546100 5.257168 4.968163
v -1.401000 5.582668 5.046063
v -1.446600 5.251268 4.882763
v -1.274900 5.569568 4.939864
v -1.324600 5.215568 4.774663
v -1.098500 5.529868 4.809063
v 0.090600 5.249368 3.631164
v 0.247200 5.347368 3.541564
v 0.148700 5.563168 3.768663
v 0.013800 5.456768 3.821864
v 0.374200 5.098568 3.356564
v 0.183900 5.019768 3.470163
v -0.764900 1.077468 1.369864
v -0.617300 1.074568 1.293164
v -0.805500 0.875768 1.257964
v -0.667400 0.873668 1.181364
v 0.282400 1.770068 0.735564
v 0.180400 1.770468 0.782864
v 0.220600 1.606868 0.626564
v 0.105300 1.610868 0.687364
v -0.124400 1.454068 0.661164
v -0.054500 1.460768 0.616664
v -0.113500 1.282068 0.497564
v -0.180700 1.269368 0.543764
v -0.057000 1.608268 0.772664
v 0.016900 1.611168 0.732464
v 0.032600 1.463068 0.567164
v -0.030900 1.290868 0.445564
v 0.040100 1.905368 0.846964
v 0.123600 1.929868 0.811064
v 0.096300 1.760568 0.821664
v 0.018600 1.746468 0.857764
v -0.129200 1.603568 0.816564
v -0.061900 1.735768 0.894664
v -0.037600 1.882668 0.893264
v 0.150200 1.461268 0.501764
v 0.079000 1.294668 0.378764
v -0.191100 1.444368 0.708864
v -0.245600 1.255168 0.591764
v -0.290100 1.043268 0.487864
v -0.225400 1.054868 0.440964
v -0.257400 0.857968 0.359064
v -0.320500 0.849968 0.405664
v -0.222100 0.437068 0.099564
v -0.148400 0.434668 0.055364
v -0.180100 0.345368 0.021564
v -0.254900 0.347068 0.070464
v -0.069500 0.430768 0.013264
v -0.333200 0.836268 0.935664
v -0.239500 0.833468 0.840864
v -0.181600 1.056068 0.936664
v -0.271900 1.050468 1.036264
v -0.107000 1.265868 1.046164
v -0.201500 1.257068 1.144664
v -0.491100 0.852568 1.063564
v -0.414800 0.842868 1.006164
v -0.347300 1.045668 1.119164
v -0.421300 1.045568 1.189164
v -0.284600 1.252568 1.224264
v -0.368100 1.256168 1.286864
v -0.458700 1.267468 1.338764
v -0.507500 1.059768 1.239864
v -0.570300 0.865668 1.117364
v -0.226600 1.441468 1.316864
v -0.317400 1.444468 1.377164
v -0.133100 1.442668 1.243964
v -0.067200 1.576068 1.333764
v -0.170700 1.581168 1.399864
v -0.266500 1.580468 1.462864
v -0.366600 1.584968 1.519364
v -0.411900 1.451568 1.431964
v 0.097100 1.632668 1.313564
v -0.019900 1.644168 1.395664
v 0.044200 1.576068 1.246464
v -0.129500 1.659568 1.455364
v -0.089200 1.665668 1.530264
v -0.201600 1.702768 1.567664
v -0.231300 1.657868 1.517364
v -0.029100 1.447468 1.151964
v 0.499400 4.344368 2.333164
v 0.319300 4.290168 2.350864
v 0.497400 4.146768 2.097364
v 0.337500 4.112668 2.122764
v -0.332000 1.651068 1.582664
v -0.309900 1.703868 1.621964
v 0.493300 3.907568 1.848964
v 0.485700 3.620168 1.616864
v 0.361000 3.593168 1.658164
v 0.351400 3.879568 1.882264
v 0.226600 3.843068 1.924264
v 0.199700 4.070568 2.163064
v 0.250400 3.560468 1.704564
v 0.145200 3.528368 1.748564
v 0.113700 3.800868 1.972364
v 0.079600 4.018368 2.217264
v -0.591200 3.622568 3.028764
v -0.277000 3.751468 2.906864
v -0.576000 3.457368 2.853764
v -0.301700 3.586768 2.724264
v -0.006300 3.766768 2.010664
v 0.033000 3.502968 1.782064
v -0.048900 3.978068 2.259864
v -0.553900 3.261368 2.652964
v -0.311300 3.378368 2.523564
v -0.542100 3.051168 2.453064
v -0.324700 3.151868 2.326064
v -0.156800 3.454168 2.440164
v -0.134400 3.670468 2.645164
v -0.177800 3.213868 2.243464
v -0.063800 3.254368 2.186164
v -0.043100 3.506368 2.383064
v -0.018400 3.729468 2.593164
v 0.072000 3.558268 2.326064
v 0.052000 3.293068 2.131364
v 0.100800 3.785268 2.543764
v 0.469300 3.287668 1.422864
v 0.362300 3.262468 1.474664
v 0.455300 2.935968 1.269364
v 0.360000 2.918968 1.321864
v 0.262300 3.234268 1.530164
v 0.156500 3.214268 1.568964
v 0.259800 2.906468 1.370164
v 0.150700 2.902368 1.401964
v 0.043300 2.892868 1.440264
v 0.047600 3.196168 1.602964
v -0.536400 2.824868 2.303264
v -0.563700 2.613468 2.149764
v -0.372900 2.680768 2.031464
v -0.341900 2.914168 2.172964
v -0.128000 2.749468 1.897064
v -0.091500 2.996868 2.034564
v -0.202600 2.965068 2.091364
v -0.233400 2.719368 1.957964
v 0.415300 4.850568 2.709964
v 0.379000 4.906268 2.773963
v 0.221900 4.822868 2.723264
v 0.185900 4.898268 2.813464
v 0.021600 3.026868 1.981164
v -0.020600 2.775468 1.842164
v 0.353200 4.954567 2.881664
v 0.312900 5.035168 2.956863
v 0.164200 4.951067 2.931764
v 0.137400 5.010468 3.025764
v -0.148600 4.821268 2.912764
v -0.131100 4.847467 3.030764
v -0.003400 4.927167 2.971263
v -0.005500 4.895967 2.836664
v 0.002100 4.946268 3.080763
v -0.122800 4.875468 3.116963
v -0.557100 1.848768 1.896964
v -0.555700 1.782568 1.885364
v -0.383500 1.795168 1.795364
v -0.377300 1.869168 1.807464
v -0.268700 4.730068 2.990064
v -0.246300 4.756468 3.088863
v -0.246200 4.801568 3.154863
v -0.061200 2.033768 0.835664
v 0.029400 2.049868 0.786664
v -0.168800 2.037768 0.905564
v -0.075300 2.197568 0.817464
v -0.184600 2.189468 0.903464
v 0.031700 2.203768 0.770464
v -0.571900 1.731068 1.842064
v -0.408400 1.744668 1.744864
v 0.146700 2.198568 0.761264
v 0.127700 2.068168 0.758164
v -0.316300 2.243768 1.119264
v -0.334100 2.185268 1.033864
v -0.153600 2.308968 0.999764
v -0.031100 2.347168 0.914664
v 0.030200 2.344468 1.064364
v 0.089000 2.333568 0.873964
v 0.141100 2.318268 1.023464
v -0.328700 2.079668 0.999664
v 0.160000 2.387568 1.166564
v 0.151900 2.611468 1.257664
v 0.255900 2.602968 1.218364
v 0.260200 2.364968 1.125964
v 0.356200 2.595368 1.182364
v 0.354300 2.347968 1.082664
v 0.239400 2.258868 0.997064
v 0.201100 2.278168 0.867964
v 0.046600 2.615568 1.299164
v 0.056400 2.404668 1.207764
v 0.430300 2.231568 0.986664
v 0.436100 2.346668 1.035464
v 0.347200 2.245268 1.021064
v 0.254600 2.276668 1.057564
v 0.154600 2.319668 1.089264
v 0.447000 2.598468 1.141664
v 0.047200 2.348868 1.127164
v -0.597500 2.099068 1.865264
v -0.412300 2.124468 1.782564
v -0.415900 2.241768 1.806164
v -0.601100 2.207768 1.901864
v -0.588600 2.394468 2.005164
v -0.407500 2.448168 1.889164
v -0.871700 5.918368 4.166064
v -0.913600 5.925668 4.266563
v -0.809900 6.022068 4.297364
v -0.765500 6.015768 4.205863
v -0.840100 6.015268 4.372164
v -0.935100 5.916468 4.346164
v -0.673300 6.111268 4.325764
v -0.631600 6.101268 4.240864
v -0.666000 5.751368 4.045063
v -0.751800 5.632668 4.041664
v -0.861900 5.725868 4.052164
v -0.780700 5.855568 4.056664
v -0.946500 5.787768 4.153264
v -0.399800 6.172768 4.130663
v -0.481000 6.228068 4.220563
v -0.300100 6.089168 4.106063
v -0.455700 5.968568 4.098164
v -0.554000 6.051768 4.140163
v -0.571500 5.858968 4.073763
v -0.677800 5.956668 4.103064
v -0.522200 6.251068 4.305664
v -0.981700 5.798168 4.254164
v -0.999000 5.793068 4.334064
v 0.000600 6.068868 4.558864
v 0.079900 5.934968 4.464563
v -0.100400 6.217468 4.566664
v -0.264700 6.092068 4.583064
v -0.150100 5.938868 4.578864
v -0.048000 5.779768 4.495064
v 0.091700 5.879668 4.324163
v -0.006500 5.697568 4.344364
v -0.347000 4.438168 3.611064
v -0.391800 4.596768 3.718464
v -0.744800 4.403468 3.805464
v -0.712400 4.261168 3.703864
v -0.773200 4.556068 3.939864
v -0.437200 4.783968 3.858563
v -0.646100 4.118968 3.609464
v -0.679700 4.179268 3.650464
v -0.313000 4.355768 3.558064
v -0.287600 4.299368 3.502264
v 0.079400 4.474568 3.427164
v 0.230300 4.544068 3.394964
v 0.173300 4.629168 3.391464
v 0.032900 4.551468 3.439864
v 0.120500 4.736568 3.443664
v -0.011900 4.648868 3.491864
v -0.081200 4.830668 3.592664
v -0.204200 4.734468 3.639964
v -0.144700 4.561368 3.537464
v -0.268800 4.943268 3.776664
v -0.153400 5.045368 3.734064
v -0.104600 4.471768 3.487564
v -0.070400 4.405968 3.449264
v 0.362100 4.139768 2.852464
v 0.317600 4.030368 2.683664
v 0.611800 4.111867 2.614764
v 0.643300 4.256167 2.774664
v 0.044500 4.925968 3.548364
v -0.035900 5.146668 3.692964
v -0.094100 3.834368 2.834564
v -0.064000 3.954068 2.975264
v 0.020100 3.900867 2.783864
v 0.060800 4.008667 2.938164
v 0.658500 4.329168 2.878364
v 0.385000 4.196867 2.955864
v 0.210500 4.110768 3.001064
v 0.183800 4.065768 2.901264
v 0.245600 4.124368 3.089864
v 0.114700 4.062868 3.116664
v 0.084000 4.051968 3.030264
v 0.140300 3.959568 2.739564
v -0.279900 4.181767 2.741064
v -0.259900 4.069968 2.566664
v -0.560500 3.984368 2.670164
v -0.586400 4.106068 2.833564
v -0.047700 4.004368 3.058764
v -0.031500 4.039168 3.132964
v 0.172500 4.239968 2.388964
v 0.154000 4.361768 2.555564
v 0.048000 4.185368 2.443264
v 0.028100 4.302968 2.611764
v -0.602100 4.168968 2.918264
v -0.617600 4.205468 2.962264
v -0.296300 4.299367 2.873164
v -0.287100 4.246568 2.826764
v -0.114000 4.377268 2.769864
v -0.105300 4.320768 2.739464
v 0.023100 4.379668 2.674864
v 0.019100 4.435368 2.695964
v -0.099900 4.251468 2.664964
v -0.081600 4.139868 2.490564
v -0.181400 4.978268 3.234963
v -0.277800 5.121468 3.369763
v -0.173100 5.209868 3.343763
v -0.069000 5.056868 3.207664
v -0.382500 5.297768 3.563563
v -0.285000 5.395568 3.542863
v -0.185600 5.503568 3.498564
v -0.065700 5.304268 3.284964
v 0.048800 5.136368 3.143263
v 0.170300 4.486268 2.653264
v 0.161100 4.434868 2.624864
v -0.385000 5.036268 3.392563
v -0.295100 4.901568 3.261464
v -0.486000 5.204868 3.577064
v 0.278500 5.093868 2.993664
v 0.214100 5.189568 3.054664
v 0.106900 5.056767 3.075863
v -0.015900 4.981868 3.139863
v -0.136300 4.909868 3.167163
v 0.082500 5.386368 3.203063
v -0.049900 5.608668 3.442664
v -0.597900 4.040368 3.577164
v -0.228700 4.201068 3.479164
v -0.537500 3.938168 3.566764
v -0.173900 4.081368 3.448964
v -0.258500 4.839268 3.193863
v 0.318300 4.139268 3.234464
v 0.324900 4.277068 3.333464
v 0.186200 4.214868 3.371664
v 0.180700 4.077668 3.264164
v -0.546700 3.866467 3.448864
v -0.182700 3.982068 3.331064
v 0.040500 4.030268 3.286264
v 0.050700 4.151668 3.408664
v -0.008300 4.295568 3.432964
v 0.144900 4.354068 3.425964
v -0.738900 4.426467 3.036264
v -0.460100 4.579668 2.940064
v -0.696600 4.332067 3.005864
v -0.416900 4.479268 2.875064
v 0.291100 4.419068 3.389264
v 0.023000 4.811667 2.715963
v 0.081900 4.687468 2.662364
v -0.073900 4.623768 2.733264
v -0.130300 4.743068 2.793563
v -0.349500 4.382168 2.874464
v -0.649000 4.259668 2.995764
v -0.017800 4.518268 2.711164
v -0.154100 4.460968 2.793364
v -0.215000 4.560068 2.809464
v -0.269900 4.671768 2.867764
v -0.498800 5.791268 4.065564
v -0.593300 5.689568 4.043664
v -0.386700 5.897868 4.084363
v -0.337000 5.821068 3.981164
v -0.450400 5.723468 3.967664
v -0.542000 5.622168 3.962163
v 0.138700 4.572868 2.656064
v -0.683400 5.581468 4.033264
v -0.625000 5.511368 3.969264
v -0.146900 5.801468 3.728164
v -0.206500 5.939768 3.974564
v -0.276900 5.687068 3.755564
v -0.378600 5.579268 3.773364
v -0.464200 5.471868 3.790164
v -0.236700 6.011568 4.101064
v -0.516900 5.095568 4.119564
v -0.516500 5.153568 4.201364
v -0.850200 4.812368 4.252463
v -0.838700 4.769768 4.180163
v -0.810500 4.682668 4.068163
v -0.491600 4.966468 3.989664
v -0.557100 5.369868 3.799064
v -0.104600 5.351068 3.861964
v -0.131000 5.488068 4.031064
v -0.241400 5.386268 4.051464
v -0.219500 5.248868 3.890563
v -0.235000 5.439968 4.146163
v -0.343600 5.342468 4.164964
v -0.349800 5.283068 4.073364
v -0.343900 5.369168 4.244864
v -0.232500 5.461968 4.226464
v -0.328300 5.143368 3.923863
v -0.915000 6.295168 4.953164
v -1.008000 6.121268 4.941264
v -0.783500 6.082368 4.774263
v -0.674100 6.255968 4.776864
v -0.874200 5.913068 4.790763
v -1.090700 5.955468 4.942163
v -0.663400 5.862568 4.691463
v -0.565800 6.032768 4.667863
v -0.449000 6.204968 4.651964
v -0.132700 5.542068 4.125763
v -0.136600 5.566868 4.205264
v -1.169200 5.789168 4.948664
v -0.961800 5.745168 4.812064
v -0.755200 5.689468 4.727164
v -0.170500 6.309368 4.591464
v -0.334700 6.163368 4.606364
v -0.297300 6.380968 4.644264
v -0.800400 6.478368 4.993763
v -0.540500 6.439768 4.795564
v -1.327200 5.328168 4.308663
v -1.133300 5.624268 4.367564
v -1.381400 5.359368 4.380064
v -1.204400 5.669468 4.438864
v -1.346400 6.157068 4.755263
v -1.284800 6.271268 4.778863
v -1.132500 6.176668 4.624164
v -1.194600 6.061768 4.605763
v -0.974500 6.080468 4.509964
v -1.038600 5.964868 4.493664
v -1.021800 5.799268 4.404064
v -0.960900 5.920468 4.416264
v -1.097100 5.844968 4.481264
v -1.584000 5.481268 4.571564
v -1.480400 5.419068 4.470064
v -1.340700 5.756168 4.552063
v -1.476000 5.841068 4.688263
v -1.399800 6.037168 4.742464
v -1.250000 5.942368 4.596764
v -0.883700 6.028768 4.437563
v -1.821900 6.639968 5.579164
v -1.702500 6.765868 5.675163
v -1.615200 6.737168 5.590863
v -1.705400 6.596668 5.488263
v -1.536500 6.723768 5.480164
v -1.601000 6.569168 5.372764
v -1.945200 6.398468 5.358064
v -1.910200 6.536568 5.456264
v -1.777000 6.480268 5.380163
v -1.817600 6.346068 5.305663
v -1.652100 6.425468 5.304764
v -1.700800 6.292268 5.252264
v -1.449400 6.709068 5.335863
v -1.506100 6.550568 5.242864
v -1.690300 5.573668 5.341364
v -1.722400 5.563468 5.412764
v -1.804700 5.208068 5.282264
v -1.783700 5.229168 5.210363
v -1.808400 5.196568 5.361863
v -1.729100 5.566368 5.499663
v -1.746400 6.156868 5.203564
v -1.842900 6.195368 5.260564
v -1.954100 6.238668 5.298564
v -1.548600 5.963468 5.500864
v -1.589500 5.953068 5.572464
v -1.648300 5.788568 5.504364
v -1.610400 5.796268 5.434064
v -1.657300 5.791668 5.591264
v -1.589500 5.945668 5.657763
v -1.720400 5.242068 5.126863
v -1.610800 5.580968 5.243664
v -1.799600 5.644068 5.804963
v -1.930000 5.689068 5.898463
v -2.037500 5.300068 5.581564
v -1.928200 5.266768 5.547164
v -1.848400 5.219668 5.468264
v -1.737000 5.595068 5.652763
v -1.496700 6.135668 5.562464
v -1.543700 6.122968 5.637064
v -1.524700 6.103168 5.723663
v -2.166300 6.305368 5.952463
v -2.067600 6.428568 6.011064
v -2.062300 6.454968 5.873363
v -2.141700 6.332668 5.794164
v -1.964700 6.579268 5.947364
v -1.955800 6.616868 5.830064
v -2.038600 6.482568 5.740264
v -2.095800 6.349568 5.647763
v -2.116600 6.200368 5.567564
v -2.166300 6.185468 5.717163
v -2.199500 6.156368 5.871663
v -1.817100 6.806368 5.770364
v -1.914200 6.646968 5.697663
v -1.879400 6.793068 5.900764
v -1.994500 6.520268 5.595564
v -2.043500 6.386168 5.491263
v -1.880700 6.738868 6.016363
v -1.358600 6.317368 5.472363
v -1.415800 6.145868 5.421663
v -1.304200 6.148168 5.254463
v -1.235200 6.324068 5.291763
v -1.465900 5.971268 5.376063
v -1.354600 5.973068 5.230763
v -2.060500 6.233768 5.411863
v -1.527200 5.802868 5.322763
v -1.416300 5.804168 5.198764
v -0.990200 6.502068 5.171264
v -1.092500 6.315568 5.124264
v -1.143400 6.505868 5.344664
v -1.171900 6.139868 5.100664
v -1.240100 5.971568 5.088764
v -1.292500 6.484468 5.529464
v -1.661300 6.151668 5.084964
v -1.727000 5.937268 4.996064
v -1.604900 6.277268 5.137564
v -1.519700 6.261368 5.009664
v -1.571700 6.137168 4.965764
v -1.636400 5.928668 4.889964
v -1.307300 5.803368 5.078663
v -1.550000 6.404168 5.188264
v -1.460600 6.381068 5.059763
v -1.662000 5.529468 4.661764
v -1.562600 5.896668 4.795763
v -1.734900 5.556168 4.743964
v -1.493800 6.099168 4.860663
v -1.442800 6.221268 4.888264
v -1.822100 5.552868 4.824163
v -1.382400 6.337368 4.925364
v -0.897600 0.035768 0.884164
v -0.795900 0.022068 0.835264
v -0.811100 0.091168 0.830664
v -0.902900 0.098468 0.905564
v -0.714000 0.004468 0.804364
v -0.644300 -0.013532 0.774764
v -0.673500 0.048268 0.722664
v -0.717400 0.068668 0.810464
v -0.567000 0.029468 0.743464
v -0.145100 1.773068 1.714964
v -0.032200 1.747668 1.692764
v -0.015800 1.842268 1.738164
v -0.132400 1.858068 1.751164
v -0.021400 1.947168 1.723064
v -0.134900 1.950968 1.745564
v -0.246700 1.952068 1.760964
v -0.243400 1.869768 1.766864
v -0.254800 1.791968 1.741264
v -0.058200 1.690668 1.614564
v -0.169500 1.720468 1.648564
v -0.281000 1.745268 1.682064
v -0.266200 2.010168 1.725664
v -0.151200 2.019268 1.712464
v -0.174700 2.078568 1.660064
v -0.287100 2.070368 1.693064
v -0.162300 2.294968 1.695064
v -0.150900 2.503368 1.776564
v -0.263900 2.479168 1.824864
v -0.279200 2.273668 1.735264
v -0.078900 2.180068 1.599364
v -0.064000 2.089168 1.631664
v -0.059400 2.313168 1.652064
v -0.179300 2.166668 1.646364
v -0.040500 2.024168 1.681964
v -0.283800 2.148468 1.705564
v -0.049800 2.528168 1.721564
v -0.456100 6.002168 4.625463
v -0.550500 5.830668 4.663464
v -0.382100 5.940868 4.611164
v -0.470700 5.774468 4.664464
v -0.100700 5.559168 4.364664
v -0.202700 5.446868 4.382763
v -0.146700 5.637368 4.527964
v -0.242300 5.505968 4.553664
v -0.447100 5.488368 4.696864
v -0.566500 5.603468 4.700064
v -0.359700 5.389468 4.561264
v -0.339700 5.638868 4.679463
v -0.646600 5.656068 4.693764
v -0.250400 5.791568 4.634064
v -0.325100 5.354668 4.393263
v -1.996800 6.369168 6.152663
v -2.108000 6.225968 6.127764
v -1.937900 6.124468 6.194163
v -1.852200 6.288668 6.215564
v -2.154400 6.074868 6.026064
v -2.008800 5.982168 6.091864
v -1.839900 5.907868 6.058663
v -1.710900 5.862868 5.929564
v -1.627600 5.992768 6.004663
v -1.762100 6.047668 6.138964
v -1.692100 6.209568 6.185063
v -1.560300 6.147868 6.059863
v -1.527900 6.118268 5.876063
v -1.597000 5.966068 5.815663
v -1.661900 5.819068 5.753963
v -0.658200 8.305067 6.161664
v -0.610300 8.332767 6.202864
v -0.865900 8.377968 6.436764
v -0.836900 8.462868 6.518964
v -1.078800 8.482468 6.613064
v -0.978100 8.488069 6.587363
v -1.001500 8.403168 6.538464
v -1.104800 8.400068 6.562364
v -1.228400 8.410968 6.781064
v -1.177300 8.458668 6.680863
v -1.209500 8.375669 6.629964
v -1.262500 8.321868 6.732564
v -1.271500 8.267468 6.835764
v -1.237600 8.359968 6.885564
v -1.228300 8.210368 6.933463
v -1.194600 8.304568 6.985064
v -1.118000 8.156968 6.997563
v -1.088800 8.251768 7.055663
v -0.998100 8.105268 7.027663
v -0.964700 8.203768 7.078163
v -0.783400 8.126268 6.967864
v -0.861800 8.152268 7.049363
v -0.899300 8.052968 7.001663
v -0.829100 8.032068 6.919264
v -0.788000 8.056668 6.817564
v -0.746900 8.148968 6.864863
v -0.775900 8.106968 6.721964
v -0.735200 8.196568 6.772964
v -0.472300 8.132067 6.234364
v -0.658200 8.156068 6.528963
v -0.406800 8.259867 6.277164
v -0.606000 8.293268 6.609763
v -0.735500 8.138268 6.662364
v -0.687800 8.236768 6.714864
v -0.508900 8.350067 6.236564
v -0.675800 8.423068 6.535664
v -1.019200 8.695868 6.765663
v -0.929100 8.688169 6.734763
v -0.957300 8.586268 6.657464
v -1.054800 8.589568 6.684163
v -0.837300 8.655368 6.730464
v -0.853900 8.569668 6.647663
v -1.139700 8.572268 6.754164
v -1.088400 8.687268 6.831364
v -1.184700 8.538768 6.851164
v -1.128500 8.670268 6.918364
v -1.186100 8.498268 6.957463
v -1.124100 8.643269 7.020364
v -1.137000 8.453568 7.054664
v -1.074200 8.613069 7.111863
v -1.038400 8.414668 7.118263
v -0.986600 8.588868 7.169463
v -0.924300 8.378368 7.131063
v -0.883300 8.561668 7.183264
v -0.719400 8.484668 7.071764
v -0.789300 8.521968 7.142464
v -0.823100 8.329868 7.104064
v -0.736100 8.293068 7.034063
v -1.034900 8.792868 6.884664
v -0.968600 8.795668 6.832764
v -1.072300 8.780468 6.958263
v -1.020300 8.834969 6.981164
v -0.974100 8.858368 6.947364
v -0.908600 8.865768 6.914264
v -1.071300 8.761968 7.048863
v -1.004500 8.838568 7.047864
v -1.025700 8.740568 7.128863
v -0.988900 8.809368 7.113463
v -0.686400 8.464968 6.995363
v -0.701500 8.297368 6.937063
v -0.944300 8.724968 7.180663
v -0.920600 8.825068 7.137263
v -0.844300 8.704768 7.195364
v -0.828500 8.811268 7.139064
v -0.932900 8.876868 7.042264
v -0.852500 8.881068 7.031863
v -0.755500 8.786768 6.898864
v -0.831900 8.843468 6.901464
v -0.781700 8.850568 7.014963
v -0.733400 8.798968 6.995664
v -0.753200 8.784168 7.113064
v -0.699200 8.743568 7.066363
v -0.758700 8.670268 7.153463
v -0.699500 8.631868 7.088464
v -0.744300 8.501268 6.678364
v -0.884000 8.783368 6.808964
v -0.808800 8.737068 6.810264
v -0.706900 8.715668 6.940864
v -0.764600 8.665068 6.807664
v -0.682000 8.696168 7.012963
v -0.706800 8.753068 6.984963
v -0.676600 8.598068 7.019263
v -1.311200 0.990168 0.696064
v -1.340400 1.159768 0.805364
v -1.151700 1.110068 0.881164
v -1.137400 0.932768 0.784564
v -1.448600 1.102268 0.852164
v -1.424500 0.939468 0.733464
v -0.891400 1.071868 0.822664
v -0.897000 0.903068 0.710264
v -0.551800 0.368168 0.295064
v -0.466100 0.360368 0.237264
v -0.680000 0.384168 0.353964
v -0.530700 0.441068 0.314364
v -0.665400 0.457768 0.377764
v -0.442000 0.435968 0.255964
v -0.523000 0.528868 0.353564
v -0.429200 0.523068 0.295264
v -0.665200 0.547568 0.418564
v -0.520800 0.627768 0.404664
v -0.669900 0.649168 0.470864
v -0.420700 0.620268 0.346464
v -0.672500 0.747968 0.528264
v -0.517800 0.725568 0.457564
v -0.413000 0.717868 0.397064
v 0.204700 1.059668 0.157364
v 0.114400 1.073468 0.211464
v 0.296800 1.039268 0.111364
v 0.198900 0.821268 0.066564
v 0.122700 0.842368 0.105764
v 0.050000 0.860468 0.150064
v 0.003300 0.427868 -0.021336
v 0.078900 0.425068 -0.053836
v 0.031600 0.513168 0.016564
v 0.104800 0.502868 -0.017936
v -0.038700 0.522068 0.052764
v 0.058300 0.607868 0.049064
v -0.010800 0.621268 0.086464
v 0.130400 0.592768 0.014064
v 0.403600 1.014768 0.073164
v 0.297100 0.801868 0.029864
v 0.511800 0.982468 0.054264
v 0.405000 0.780568 0.002964
v 0.014100 0.721468 0.114964
v 0.081800 0.704268 0.075564
v 0.153000 0.685368 0.039364
v 0.600500 0.942768 0.066164
v 0.509000 0.752168 -0.001336
v 0.541300 0.602068 -0.023336
v 0.596300 0.566668 0.005364
v 0.557300 0.488968 -0.029036
v 0.502300 0.524368 -0.057436
v 0.593000 0.448668 0.004664
v 0.588200 0.486668 0.132964
v 0.559000 0.383868 0.105664
v 0.507900 0.205968 0.040264
v 0.528000 0.284568 0.074464
v 0.518900 0.475368 0.140364
v 0.496900 0.369868 0.118164
v 0.421100 0.449068 0.151364
v 0.405600 0.343068 0.127264
v 0.455400 0.181268 0.053264
v 0.368500 0.153168 0.054064
v 0.473300 0.266368 0.090164
v 0.386600 0.239368 0.095164
v 0.280600 0.400668 0.177964
v 0.260900 0.290668 0.148764
v 0.114000 0.351968 0.246164
v 0.088200 0.238068 0.211364
v -0.014500 0.659568 0.460964
v -0.043200 0.468968 0.408464
v -0.172600 0.636568 0.625064
v -0.203400 0.454568 0.563164
v 0.211300 0.099968 0.058164
v 0.235100 0.185668 0.107164
v 0.057200 0.128168 0.168564
v -0.249500 0.209368 0.476764
v -0.089000 0.213868 0.333764
v -0.064000 0.327168 0.372264
v -0.226000 0.319168 0.518564
v -0.267300 0.095968 0.441564
v -0.114300 0.101068 0.294564
v -0.289100 0.630268 0.755164
v -0.328300 0.457568 0.685064
v -0.384400 0.637468 0.849464
v -0.431000 0.472268 0.772764
v -0.475300 0.230168 0.697464
v -0.376200 0.217168 0.599364
v -0.354800 0.326668 0.637364
v -0.457800 0.341968 0.727664
v -0.489100 0.116068 0.671664
v -0.396200 0.105068 0.563864
v -0.960100 0.662868 1.261464
v -1.067500 0.622768 1.365164
v -1.090800 0.468568 1.274064
v -0.977400 0.501468 1.177664
v -1.207300 0.607168 1.417364
v -1.236300 0.469668 1.320164
v -1.276100 0.280168 1.191364
v -1.129000 0.269668 1.135864
v -1.111700 0.359268 1.199164
v -1.258000 0.365568 1.249864
v -0.991200 0.382368 1.114664
v -1.002300 0.283568 1.063664
v -1.295600 0.208968 1.124064
v -1.144600 0.178968 1.074764
v -1.013100 0.184568 1.014264
v -1.381500 0.626268 1.408664
v -1.403600 0.520568 1.316964
v -1.509800 0.718368 1.299064
v -1.532200 0.621568 1.226564
v -1.572100 0.463468 1.163864
v -1.433200 0.367668 1.189164
v -1.417000 0.440968 1.245564
v -1.555000 0.531968 1.202764
v -1.774900 0.698668 1.229564
v -1.759800 0.770568 1.293064
v -1.782700 0.816368 1.234764
v -1.787800 0.740768 1.179664
v -1.590200 0.398768 1.124564
v -1.451000 0.299068 1.135164
v -1.674900 0.654568 1.244564
v -1.652800 0.739368 1.303564
v -1.784900 0.573668 1.150464
v -1.699900 0.531068 1.164964
v -1.689200 0.588368 1.202264
v -1.778800 0.635768 1.183864
v -1.792000 0.512668 1.116764
v -1.711600 0.474668 1.125964
v -1.826900 0.479968 1.051064
v -1.820000 0.538468 1.074364
v -1.808600 0.604768 1.106664
v -1.807100 0.625268 1.059664
v -1.825500 0.555468 1.023464
v -1.797400 0.671068 1.139264
v -1.785500 0.693768 1.096864
v -0.407200 0.354468 0.191864
v -0.359300 0.349768 0.152564
v -0.379900 0.434968 0.211164
v -0.330000 0.435368 0.174464
v -0.362600 0.523368 0.249964
v -0.308700 0.526068 0.212864
v -0.349900 0.621068 0.298064
v -0.292200 0.624968 0.257864
v -0.280100 0.436668 0.138164
v -0.311200 0.347668 0.113164
v -0.159200 1.065668 0.394864
v -0.082600 1.073768 0.342764
v -0.122400 0.870568 0.263064
v -0.193800 0.865868 0.312864
v -0.338900 0.720268 0.345164
v -0.278000 0.725668 0.301464
v 0.014000 1.076868 0.277964
v -0.036600 0.869368 0.205464
v -0.067400 0.731168 0.163264
v -0.148700 0.733868 0.214064
v -0.091200 0.629068 0.131564
v -0.169800 0.631468 0.178264
v -0.234500 0.629168 0.219164
v -0.216800 0.731168 0.258964
v -0.595100 0.507268 0.874064
v -0.517000 0.488668 0.831364
v -0.469800 0.650868 0.912064
v -0.549100 0.668068 0.958464
v -0.117700 0.528268 0.095364
v -0.193600 0.530768 0.138764
v -0.254700 0.529168 0.176964
v -0.628900 0.257468 0.808464
v -0.555600 0.242068 0.763964
v -0.540600 0.356168 0.790664
v -0.616400 0.373368 0.833464
v -0.809600 0.190568 0.847064
v -0.713400 0.163668 0.824364
v -0.704200 0.279568 0.844464
v -0.796800 0.301268 0.881464
v -0.637000 0.139368 0.793864
v -0.565700 0.125968 0.744464
v -0.759500 0.534268 0.981864
v -0.671900 0.525068 0.920264
v -0.626600 0.683368 1.009164
v -0.717400 0.690668 1.073664
v -0.693100 0.393968 0.872564
v -0.782500 0.409068 0.923064
v -0.842300 0.689268 1.154164
v -0.875300 0.532368 1.062664
v -0.889200 0.406568 1.005864
v -0.895400 0.299568 0.966364
v -0.900800 0.191068 0.932464
v -0.856900 0.479668 0.457164
v -0.891700 0.779968 0.629664
v -1.121800 0.795468 0.717964
v -0.880800 0.678768 0.565064
v -1.105500 0.686168 0.656264
v -0.868000 0.574668 0.504364
v -1.088100 0.573068 0.591364
v -1.251500 0.635268 0.490364
v -1.397400 0.733568 0.533964
v -1.266000 0.747268 0.554164
v -1.686100 0.887468 0.825864
v -1.707300 0.969668 0.958764
v -1.628500 0.983768 0.960764
v -1.627000 0.873568 0.817064
v -1.569700 1.017068 0.935564
v -1.569400 0.883268 0.790464
v -1.409000 0.822268 0.631164
v -1.286500 0.859668 0.618864
v -1.510800 1.051968 0.901764
v -1.504300 0.904568 0.762064
v -1.487000 0.724268 0.555564
v -1.555600 0.733868 0.594064
v -1.621700 0.750968 0.638964
v -1.679600 0.742668 0.606664
v -1.679300 0.786368 0.671264
v -1.679700 0.829668 0.737864
v -1.624000 0.802168 0.716564
v -1.561800 0.795668 0.681464
v -1.493900 0.800168 0.652264
v 0.453800 0.632068 -0.038436
v 0.349800 0.652668 -0.025536
v 0.417700 0.549668 -0.066936
v 0.319400 0.564868 -0.050736
v 0.193100 0.491568 -0.053336
v 0.287500 0.480668 -0.083136
v 0.220800 0.578768 -0.021436
v 0.381400 0.471668 -0.101736
v 0.246300 0.669068 0.003564
v -1.751400 0.689868 0.703964
v -1.758100 0.664068 0.745764
v -1.747900 0.716668 1.051564
v -1.770100 0.643468 1.002964
v -1.724600 0.745168 0.992064
v -1.741800 0.671168 0.938764
v -1.716400 0.743068 0.654064
v -1.718500 0.784468 0.711764
v -1.740500 0.733468 0.698964
v -1.739000 0.768968 0.750964
v -1.734600 0.804168 0.800364
v -1.724900 0.825468 0.863364
v -1.725300 0.869568 0.847464
v -1.721400 0.827668 0.768864
v -1.721800 0.903268 0.965764
v -1.713500 0.833668 0.951764
v -1.792300 0.569968 0.954464
v -1.760800 0.597868 0.882964
v -1.740300 0.752168 0.786064
v -1.745400 0.719868 0.743364
v -1.748900 0.696468 0.785864
v -1.737500 0.736768 0.827764
v -1.752900 0.649468 0.829264
v -1.735900 0.706668 0.879064
v -1.733000 0.781768 0.815564
v -1.728700 0.782368 0.856964
v -1.722400 0.769068 0.920964
vn -0.7293 0.3414 -0.5929
vn -0.8487 0.2584 -0.4615
vn -0.8480 0.2541 -0.4652
vn -0.7350 0.3643 -0.5719
vn -0.8182 0.2756 -0.5046
vn -0.7629 0.3931 -0.5133
vn -0.8027 0.3030 -0.5138
vn -0.8193 0.2979 -0.4899
vn -0.7623 0.3332 -0.5548
vn -0.8205 0.2955 -0.4894
vn -0.7932 0.3090 -0.5247
vn -0.7623 0.3236 -0.5605
vn -0.8243 0.2908 -0.4858
vn -0.7534 0.3339 -0.5665
vn -0.7416 0.3453 -0.5751
vn 0.0319 0.5145 -0.8569
vn -0.3219 0.4955 -0.8067
vn -0.3400 0.4430 -0.8295
vn -0.0768 0.2568 -0.9634
vn -0.4107 0.4364 -0.8005
vn -0.2485 0.1891 -0.9500
vn -0.1634 0.5529 -0.8171
vn -0.2877 0.5159 -0.8069
vn 0.0716 0.5252 -0.8479
vn 0.1373 0.4773 -0.8679
vn -0.5488 0.5062 -0.6653
vn -0.5415 0.4483 -0.7112
vn -0.4513 0.4883 -0.7469
vn -0.4626 0.5130 -0.7231
vn -0.3966 0.4733 -0.7866
vn -0.4974 0.4281 -0.7545
vn -0.3165 0.5183 -0.7945
vn -0.3391 0.5232 -0.7819
vn -0.3447 0.5069 -0.7901
vn -0.4271 0.5553 -0.7136
vn -0.4955 0.5607 -0.6634
vn -0.4070 0.5246 -0.7477
vn -0.3439 0.5062 -0.7909
vn -0.3228 0.4870 -0.8115
vn -0.3179 0.4763 -0.8198
vn -0.1448 0.5094 -0.8483
vn -0.1731 0.5037 -0.8463
vn -0.1550 0.4458 -0.8816
vn 0.8632 -0.0668 -0.5005
vn 0.8488 -0.0712 -0.5240
vn 0.8817 -0.4173 0.2201
vn 0.8610 -0.3513 0.3679
vn 0.9420 -0.3348 -0.0236
vn 0.8270 -0.1233 -0.5486
vn 0.4506 -0.5131 0.7305
vn 0.1946 -0.4623 0.8651
vn 0.1521 -0.3233 0.9340
vn 0.6568 -0.4145 0.6299
vn 0.6148 -0.4322 0.6597
vn 0.7187 -0.3813 0.5814
vn 0.6555 -0.4316 0.6196
vn 0.7427 -0.3727 0.5563
vn 0.5635 -0.4563 0.6886
vn 0.5110 -0.5138 0.6891
vn 0.3769 -0.5466 0.7478
vn 0.2249 -0.5868 0.7778
vn 0.3495 -0.6793 0.6453
vn 0.3572 -0.6621 0.6589
vn 0.4234 -0.5556 0.7156
vn 0.3759 -0.5571 0.7405
vn 0.5252 -0.5820 0.6208
vn 0.5374 -0.5139 0.6687
vn 0.4595 -0.4935 0.7385
vn 0.3805 -0.4922 0.7829
vn 0.6211 -0.6783 0.3926
vn 0.6111 -0.5770 0.5419
vn 0.7323 -0.4891 0.4738
vn 0.7497 -0.5707 0.3351
vn -0.3577 -0.6182 0.6999
vn -0.4437 -0.5927 0.6722
vn -0.2499 -0.5736 0.7801
vn -0.1206 -0.5972 0.7930
vn -0.3698 -0.5472 0.7509
vn -0.4740 -0.5710 0.6703
vn -0.7802 0.4366 -0.4480
vn -0.7402 0.4288 -0.5179
vn -0.4681 0.6604 -0.5872
vn -0.5157 0.6952 -0.5007
vn -0.4984 0.5489 -0.6710
vn -0.7373 0.3414 -0.5830
vn -0.2838 0.6774 -0.6786
vn -0.3272 0.7464 -0.5795
vn -0.3655 0.7897 -0.4927
vn -0.4201 0.4785 -0.7711
vn -0.3233 0.3978 -0.8586
vn -0.7280 0.3738 -0.5747
vn -0.6569 0.4326 -0.6175
vn -0.3846 0.5996 -0.7018
vn -0.2605 0.6350 -0.7273
vn 0.0261 0.9493 -0.3133
vn -0.1290 0.8314 -0.5405
vn -0.2789 0.7332 -0.6202
vn -0.0972 0.8733 -0.4773
vn -0.5363 0.5763 -0.6166
vn -0.3937 0.7183 -0.5736
vn -0.8084 0.2771 -0.5193
vn -0.7975 0.2410 -0.5531
vn -0.7470 0.3204 -0.5825
vn -0.7770 0.2915 -0.5579
vn -0.7560 0.3210 -0.5704
vn -0.6853 0.4361 -0.5832
vn -0.8092 0.2621 -0.5258
vn -0.8210 0.2731 -0.5014
vn -0.2292 0.0585 -0.9716
vn -0.3095 -0.1020 -0.9454
vn -0.3636 -0.1676 -0.9164
vn -0.3606 0.1348 -0.9229
vn -0.3449 0.3350 -0.8768
vn -0.2484 0.7875 -0.5640
vn -0.2631 0.7501 -0.6068
vn -0.3683 0.2069 -0.9064
vn -0.0938 0.9676 -0.2344
vn -0.0090 0.9947 -0.1024
vn -0.1142 0.9835 -0.1400
vn -0.1217 0.9760 -0.1806
vn -0.4012 0.2445 -0.8828
vn -0.4524 -0.1660 -0.8762
vn -0.4891 -0.1328 -0.8621
vn -0.4429 0.3235 -0.8362
vn 0.5016 -0.6811 -0.5334
vn 0.2736 -0.2823 -0.9195
vn 0.5922 0.0158 -0.8056
vn 0.8465 -0.4156 -0.3327
vn -0.0310 0.0587 -0.9978
vn 0.0878 0.3351 -0.9381
vn 0.2414 0.5385 -0.8073
vn 0.7047 0.2460 -0.6655
vn 0.9732 -0.1736 -0.1506
vn 0.3927 0.6774 -0.6221
vn 0.5629 0.7157 -0.4134
vn 0.6714 0.7331 -0.1082
vn 0.8252 0.5037 0.2556
vn 0.9802 0.1773 0.0877
vn 0.7557 0.5273 -0.3884
vn 0.2264 -0.9488 -0.2201
vn 0.5930 -0.7243 -0.3517
vn 0.4626 -0.4773 -0.7471
vn 0.3713 -0.9257 -0.0725
vn 0.1455 -0.7730 -0.6175
vn 0.1667 -0.9521 0.2562
vn 0.2590 -0.9510 0.1688
vn 0.3660 -0.8983 0.2432
vn 0.6938 -0.7013 0.1639
vn 0.6179 -0.6808 0.3933
vn 0.4642 -0.8214 0.3313
vn 0.4220 -0.8900 0.1726
vn 0.6688 -0.6754 0.3107
vn 0.6025 -0.5812 0.5470
vn -0.1662 0.6817 -0.7125
vn -0.2874 0.6901 -0.6642
vn -0.3472 0.4561 -0.8194
vn -0.2416 0.4826 -0.8419
vn -0.3235 0.6811 -0.6569
vn -0.3676 0.4409 -0.8189
vn -0.3277 0.1940 -0.9247
vn -0.3765 0.1125 -0.9196
vn -0.2163 0.2553 -0.9424
vn -0.2169 0.3922 -0.8939
vn -0.2368 0.3311 -0.9134
vn -0.2282 0.3305 -0.9158
vn -0.0475 0.7817 -0.6218
vn -0.1069 0.7374 -0.6669
vn -0.1790 0.6532 -0.7357
vn 0.4630 -0.6519 0.6005
vn 0.4667 -0.6836 0.5611
vn 0.1733 -0.9786 0.1109
vn 0.1796 -0.9715 0.1546
vn 0.0718 -0.9513 0.2998
vn 0.2538 -0.6541 0.7125
vn 0.0354 -0.9970 0.0681
vn 0.1662 -0.9778 0.1277
vn 0.1664 -0.9751 0.1463
vn 0.5460 0.4516 0.7056
vn 0.5990 0.4638 0.6527
vn 0.6332 -0.0255 0.7736
vn 0.5893 -0.0294 0.8074
vn 0.4374 -0.0870 0.8951
vn 0.4809 0.4153 0.7722
vn 0.5414 0.6616 0.5188
vn 0.6015 0.4265 0.6755
vn 0.5259 0.4941 0.6923
vn 0.4576 0.6461 0.6109
vn 0.4882 0.6415 0.5917
vn 0.5358 0.3510 0.7679
vn 0.6737 -0.4659 0.5736
vn 0.5898 -0.4397 0.6773
vn 0.5110 -0.6642 0.5456
vn 0.5427 -0.3504 0.7633
vn 0.6598 -0.2708 0.7010
vn 0.6047 -0.3001 0.7378
vn 0.5342 0.2761 0.7990
vn 0.7091 0.0440 0.7037
vn 0.6667 -0.1194 0.7357
vn 0.5406 -0.0465 0.8400
vn 0.6640 -0.2356 0.7096
vn 0.7346 -0.1709 0.6567
vn -0.7904 0.3037 -0.5320
vn -0.8198 0.3609 -0.4447
vn -0.5465 0.6414 -0.5385
vn -0.5304 0.5770 -0.6211
vn -0.2967 0.7730 -0.5608
vn -0.2451 0.7458 -0.6195
vn -0.2393 0.7667 -0.5957
vn -0.1769 0.7627 -0.6220
vn -0.3711 0.7758 -0.5103
vn -0.4416 0.6903 -0.5732
vn -0.3333 0.6807 -0.6524
vn -0.2835 0.6856 -0.6705
vn -0.4722 0.5589 -0.6817
vn -0.4424 0.5611 -0.6996
vn -0.5072 0.5619 -0.6535
vn -0.5662 0.4927 -0.6608
vn -0.5368 0.4748 -0.6974
vn -0.4917 0.4802 -0.7264
vn -0.4754 0.4480 -0.7572
vn -0.4398 0.4518 -0.7762
vn -0.5151 0.4940 -0.7004
vn -0.4735 0.4928 -0.7300
vn -0.4526 0.4371 -0.7772
vn -0.4398 0.4377 -0.7842
vn 0.4748 -0.4020 0.7830
vn 0.9020 -0.3631 0.2335
vn 0.9561 -0.2704 -0.1132
vn 0.8305 -0.4917 0.2619
vn 0.5885 -0.5971 0.5452
vn 0.4011 -0.4335 0.8070
vn 0.6427 -0.3470 0.6830
vn 0.4050 -0.2901 0.8671
vn 0.9155 -0.3667 0.1654
vn 0.5413 -0.3993 0.7399
vn 0.5897 -0.4308 0.6831
vn 0.4738 -0.4528 0.7553
vn 0.4209 -0.4580 0.7830
vn 0.4659 -0.5218 0.7146
vn 0.5343 -0.5605 0.6327
vn 0.4390 -0.5082 0.7410
vn 0.4275 -0.4725 0.7707
vn 0.4129 -0.4677 0.7815
vn 0.8032 -0.2856 0.5227
vn 0.6218 -0.4681 0.6279
vn 0.5923 -0.4985 0.6330
vn 0.7782 -0.3250 0.5373
vn 0.5519 -0.5187 0.6530
vn 0.5562 -0.5299 0.6402
vn 0.5780 -0.5212 0.6280
vn 0.5913 -0.5204 0.6161
vn 0.7601 -0.3536 0.5452
vn -0.3884 0.5340 -0.7510
vn -0.4147 0.5406 -0.7319
vn -0.4123 0.3589 -0.8374
vn -0.3830 0.3874 -0.8386
vn -0.4435 0.3539 -0.8235
vn -0.4323 0.5299 -0.7296
vn -0.4434 0.2376 -0.8643
vn -0.3248 0.2852 -0.9018
vn -0.2392 0.3446 -0.9078
vn 0.1420 -0.7582 0.6363
vn 0.6832 -0.3890 0.6180
vn 0.7061 -0.3885 0.5921
vn 0.1892 -0.7804 0.5960
vn 0.7410 -0.3844 0.5506
vn 0.1970 -0.7858 0.5863
vn 0.6943 0.1470 0.7045
vn 0.7753 0.3027 0.5543
vn 0.8121 0.3643 0.4559
vn 0.7447 0.2222 0.6293
vn 0.8346 0.5100 0.2083
vn 0.9121 0.0841 0.4012
vn 0.9864 0.1579 0.0458
vn 0.7958 0.0531 0.6033
vn -0.0311 0.9160 -0.4000
vn -0.0329 0.9001 -0.4345
vn 0.0030 0.9651 -0.2619
vn -0.0865 0.8795 -0.4679
vn -0.1604 0.8591 -0.4861
vn -0.0463 0.8839 -0.4654
vn 0.7900 0.1897 0.5831
vn 0.7934 0.0865 0.6026
vn 0.7231 0.1697 0.6695
vn 0.7191 -0.0869 0.6895
vn 0.5698 0.2371 0.7869
vn 0.5951 -0.0654 0.8010
vn 0.8276 -0.1751 0.5333
vn 0.6809 -0.2655 0.6826
vn 0.6599 -0.3955 0.6388
vn 0.8240 -0.2429 0.5119
vn 0.5745 -0.4567 0.6792
vn 0.6039 -0.3019 0.7377
vn -0.2287 0.8498 -0.4749
vn -0.2669 0.8298 -0.4901
vn -0.6377 0.5638 -0.5248
vn -0.5996 0.6095 -0.5186
vn -0.8134 0.3069 -0.4941
vn -0.8001 0.3172 -0.5092
vn -0.2243 0.8034 -0.5515
vn -0.5563 0.5860 -0.5892
vn -0.7885 0.3029 -0.5353
vn -0.0548 0.8569 -0.5125
vn 0.0538 0.9516 -0.3026
vn 0.0250 0.9275 -0.3731
vn 0.0116 0.9043 -0.4268
vn -0.1856 0.7458 -0.6398
vn -0.0905 0.8362 -0.5408
vn -0.1221 0.9313 -0.3432
vn -0.2969 0.7038 -0.6453
vn -0.3704 0.5268 -0.7651
vn -0.2505 0.8150 -0.5224
vn -0.4445 0.4730 -0.7607
vn -0.4017 0.5683 -0.7181
vn -0.3733 0.5470 -0.7493
vn -0.3295 0.8542 -0.4023
vn -0.3414 0.7765 -0.5296
vn -0.3666 0.5084 -0.7792
vn -0.2679 0.9397 -0.2126
vn -0.2758 0.9568 -0.0918
vn -0.3992 0.3974 -0.8262
vn -0.4075 0.4368 -0.8020
vn 0.7953 -0.3168 0.5169
vn 0.8094 -0.2268 0.5417
vn 0.9035 -0.2467 0.3505
vn 0.8576 -0.3542 0.3728
vn 0.9771 -0.1993 -0.0749
vn 0.9487 -0.2917 -0.1218
vn 0.6184 -0.3037 0.7248
vn 0.8621 -0.3259 0.3880
vn 0.9476 -0.2803 -0.1530
vn 0.5495 -0.0906 0.8305
vn 0.5307 -0.0314 0.8470
vn 0.4944 -0.1672 0.8530
vn 0.4392 -0.3467 0.8288
vn 0.4747 -0.3386 0.8124
vn 0.4880 -0.3396 0.8041
vn 0.4193 -0.4058 0.8121
vn 0.4470 -0.3998 0.8002
vn 0.4483 -0.3797 0.8092
vn 0.6970 -0.1929 0.6907
vn 0.7993 0.0042 0.6009
vn 0.6068 -0.1555 0.7795
vn 0.6839 -0.3777 0.6242
vn 0.0774 -0.7198 0.6899
vn 0.0344 -0.7079 0.7055
vn 0.6841 -0.3601 0.6342
vn 0.5571 0.2979 -0.7752
vn 0.7100 0.1535 -0.6873
vn 0.6634 -0.2345 -0.7106
vn 0.3620 -0.0195 -0.9320
vn 0.7388 -0.3062 -0.6003
vn 0.7629 0.0752 -0.6421
vn 0.5863 -0.6151 -0.5271
vn 0.4187 -0.6146 -0.6685
vn 0.2512 -0.4042 -0.8795
vn -0.8859 0.2672 0.3793
vn -0.9897 0.1181 0.0807
vn -0.9006 -0.2505 0.3553
vn -0.8595 0.1175 0.4974
vn -0.6882 -0.7151 -0.1221
vn -0.9077 -0.1959 -0.3711
vn -0.3941 -0.9180 0.0437
vn -0.7867 -0.4449 0.4281
vn -0.8331 0.0088 0.5530
vn -0.6282 0.7140 0.3092
vn -0.8152 0.4912 0.3068
vn -0.7533 0.4151 0.5101
vn -0.5545 0.7008 0.4489
vn -0.7263 0.3763 0.5753
vn -0.5622 0.6642 0.4928
vn 0.5394 0.5746 -0.6155
vn 0.6635 0.4903 -0.5651
vn 0.2722 0.6363 -0.7218
vn -0.0912 0.8905 -0.4457
vn 0.1679 0.9332 -0.3176
vn 0.2603 0.9413 -0.2150
vn 0.7030 0.1523 -0.6947
vn 0.7352 -0.1915 -0.6502
vn 0.4671 0.0766 -0.8809
vn 0.2088 0.3242 -0.9227
vn 0.6203 -0.6012 -0.5038
vn 0.3482 -0.8363 -0.4235
vn -0.1412 -0.9855 -0.0937
vn 0.2301 -0.8957 -0.3804
vn 0.2664 -0.8394 -0.4738
vn 0.0564 -0.9798 -0.1917
vn -0.6024 -0.6751 0.4259
vn -0.7159 -0.1242 0.6870
vn -0.2308 -0.8774 0.4207
vn -0.3470 -0.3591 0.8664
vn -0.6144 0.3383 0.7128
vn -0.4706 0.6396 0.6078
vn -0.3225 0.1884 0.9276
vn -0.2666 0.5684 0.7784
vn -0.2829 0.8926 0.3512
vn -0.2784 0.9201 0.2755
vn -0.2045 0.8308 0.5176
vn -0.1277 0.9858 0.1092
vn 0.0361 0.9847 -0.1704
vn 0.4876 0.5877 -0.6456
vn -0.0157 0.8257 -0.5639
vn -0.0947 0.4992 -0.8613
vn -0.0727 0.0695 -0.9949
vn -0.1011 0.1672 -0.9807
vn -0.1575 0.6010 -0.7836
vn -0.0853 -0.3682 -0.9258
vn -0.0813 -0.4514 -0.8886
vn 0.0268 -0.8181 -0.5744
vn 0.1114 -0.8174 -0.5653
vn 0.1994 -0.9691 -0.1451
vn 0.1783 -0.9574 -0.2272
vn 0.1553 -0.9177 0.3657
vn 0.0950 -0.5192 0.8493
vn 0.2665 -0.9046 0.3326
vn 0.1678 -0.6390 0.7507
vn -0.0076 0.0080 0.9999
vn -0.1012 0.4653 0.8794
vn -0.0116 -0.1240 0.9922
vn -0.1260 0.4350 0.8916
vn -0.1514 0.7907 0.5932
vn -0.1468 0.9629 0.2264
vn -0.1637 0.7907 0.5899
vn -0.2142 0.9472 0.2386
vn -0.1299 0.9295 -0.3451
vn -0.2264 0.9347 -0.2740
vn 0.0330 -0.2867 -0.9575
vn 0.2089 -0.4619 -0.8620
vn 0.0970 -0.5206 -0.8483
vn -0.0440 -0.3014 -0.9525
vn 0.3293 -0.8500 -0.4112
vn 0.4180 -0.7675 -0.4861
vn 0.1715 -0.9302 -0.3245
vn -0.1916 -0.7315 -0.6544
vn -0.3271 -0.4337 -0.8396
vn -0.3380 0.1269 -0.9325
vn -0.6758 0.6156 -0.4053
vn -0.7986 0.4652 -0.3818
vn 0.0925 -0.3349 -0.9377
vn -0.3155 -0.0323 -0.9484
vn 0.1517 -0.4817 -0.8631
vn -0.3283 0.2014 -0.9229
vn -0.5760 0.6966 -0.4277
vn -0.4941 0.6715 0.5522
vn -0.7135 0.6756 0.1858
vn -0.6036 0.7971 0.0145
vn -0.3398 0.7524 0.5643
vn -0.5999 0.7954 -0.0861
vn -0.3905 0.8057 0.4454
vn -0.1630 0.5134 0.8425
vn -0.3808 0.4733 0.7943
vn -0.0992 0.5432 0.8337
vn 0.0995 0.1910 0.9765
vn 0.0417 0.1613 0.9860
vn -0.0742 0.1491 0.9860
vn 0.3068 -0.2494 0.9185
vn 0.2857 -0.2434 0.9269
vn 0.3437 -0.2459 0.9063
vn 0.5205 -0.6691 0.5304
vn 0.4812 -0.6140 0.6257
vn 0.5336 -0.6064 0.5895
vn 0.5679 -0.8229 0.0152
vn 0.4718 -0.6534 -0.5920
vn 0.4515 -0.5701 -0.6864
vn 0.5865 -0.8005 0.1234
vn 0.5115 -0.8585 0.0371
vn 0.2664 -0.4178 -0.8686
vn 0.3378 -0.5084 -0.7921
vn -0.0317 -0.2683 -0.9628
vn 0.0106 -0.8109 -0.5850
vn -0.0096 -0.7948 -0.6068
vn -0.0950 -0.2618 -0.9604
vn 0.1226 -0.9897 -0.0734
vn 0.0249 -0.9985 -0.0479
vn 0.0251 -0.9292 0.3688
vn 0.1169 -0.9338 0.3381
vn 0.0511 -0.6757 0.7354
vn 0.0534 -0.6477 0.7600
vn -0.0516 -0.1210 0.9913
vn -0.1296 0.4904 0.8618
vn -0.0123 -0.0784 0.9968
vn -0.0990 0.5393 0.8363
vn -0.1816 0.8069 0.5621
vn -0.2671 0.9296 0.2541
vn -0.1700 0.8196 0.5471
vn -0.3005 0.9163 0.2647
vn -0.3558 0.9077 -0.2226
vn -0.5009 0.8538 -0.1417
vn -0.5892 0.4741 -0.6543
vn -0.3669 0.5900 -0.7193
vn -0.1874 0.2132 -0.9589
vn -0.3777 0.0853 -0.9220
vn -0.1177 -0.8784 -0.4632
vn -0.0080 -0.9992 0.0388
vn -0.4592 -0.3650 -0.8099
vn -0.8989 -0.2267 -0.3750
vn -0.5834 -0.8104 -0.0538
vn -0.1715 -0.9689 0.1785
vn -0.8072 0.5454 0.2257
vn -0.8884 0.1979 -0.4143
vn -0.6082 0.5890 0.5321
vn -0.6988 0.4231 0.5768
vn -0.9422 0.3108 0.1251
vn -0.9319 -0.2178 -0.2900
vn -0.0388 -0.4500 0.8922
vn -0.1173 -0.7095 0.6949
vn -0.5633 -0.2099 0.7992
vn -0.1936 -0.1782 0.9648
vn -0.5819 0.1617 0.7971
vn -0.0075 0.0134 0.9999
vn 0.0035 -0.8939 0.4483
vn 0.0723 -0.6007 0.7962
vn -0.4554 0.4535 0.7661
vn -0.0282 0.1946 0.9805
vn 0.0944 -0.0598 0.9937
vn -0.0102 0.5414 0.8407
vn 0.1391 -0.1210 0.9829
vn 0.0427 0.4896 0.8709
vn -0.1455 0.8145 0.5616
vn -0.3707 0.8706 0.3235
vn -0.1573 0.7501 0.6424
vn -0.4324 0.8085 0.3993
vn -0.9875 -0.1313 -0.0872
vn 0.5887 -0.2669 0.7630
vn 0.3503 -0.0385 0.9358
vn 0.3675 -0.0848 0.9262
vn 0.6039 -0.4374 0.6663
vn 0.6749 -0.5360 0.5071
vn 0.5575 -0.8180 0.1418
vn 0.7298 -0.4547 0.5105
vn 0.5022 -0.2363 0.8318
vn 0.6960 -0.1718 0.6972
vn 0.4837 -0.0830 0.8713
vn 0.7673 -0.6324 0.1064
vn 0.4904 -0.8011 -0.3431
vn 0.6939 -0.6539 0.3016
vn 0.0164 -0.7499 -0.6613
vn 0.1878 -0.7086 -0.6802
vn -0.0915 -0.9499 -0.2988
vn 0.1806 -0.9306 -0.3183
vn -0.5040 -0.3916 -0.7698
vn -0.5919 -0.6551 -0.4695
vn -0.6143 -0.7099 -0.3445
vn -0.2982 -0.9464 -0.1239
vn -0.8878 -0.3371 -0.3134
vn -0.8820 -0.3551 -0.3097
vn -0.6721 -0.6730 -0.3090
vn -0.4020 -0.9033 -0.1500
vn -0.6879 -0.6498 -0.3234
vn -0.4325 -0.8736 -0.2233
vn -0.8398 -0.3946 -0.3729
vn -0.8044 -0.4235 -0.4167
vn -0.6638 -0.6530 -0.3646
vn -0.4598 -0.8417 -0.2831
vn -0.8803 0.1162 -0.4599
vn -0.7821 -0.4127 -0.4670
vn -0.9137 -0.0814 -0.3981
vn -0.9222 0.1613 -0.3514
vn -0.9185 -0.0816 -0.3869
vn -0.8426 -0.2762 -0.4623
vn -0.8476 0.0596 -0.5272
vn -0.4572 -0.8746 -0.1616
vn -0.3818 -0.8864 -0.2618
vn -0.4507 -0.8549 -0.2569
vn -0.8759 -0.3224 -0.3591
vn -0.8262 -0.5101 -0.2392
vn -0.4782 -0.8613 -0.1715
vn -0.5864 -0.7651 -0.2661
vn -0.6893 -0.6867 -0.2308
vn -0.2717 -0.9624 0.0016
vn 0.1183 -0.9801 0.1592
vn 0.0054 -1.0000 0.0056
vn -0.0984 -0.9861 -0.1340
vn -0.7172 -0.5733 -0.3962
vn -0.6150 -0.6656 -0.4228
vn -0.1490 -0.9269 -0.3446
vn -0.2376 -0.8338 -0.4984
vn -0.8868 -0.1968 -0.4182
vn 0.3900 -0.8903 -0.2351
vn 0.3468 -0.7992 -0.4909
vn 0.3921 -0.9199 0.0014
vn 0.6851 -0.7231 0.0885
vn 0.7544 -0.6491 -0.0979
vn 0.7529 -0.5583 -0.3485
vn -0.0965 -0.6525 0.7516
vn 0.2917 -0.5968 0.7475
vn 0.3187 -0.8264 0.4642
vn 0.3036 -0.9443 0.1269
vn 0.5968 -0.6497 0.4709
vn 0.5637 -0.6147 0.5517
vn 0.1888 -0.9820 0.0079
vn -0.0744 -0.9966 0.0363
vn -0.5114 -0.7651 0.3911
vn 0.0412 -0.9059 0.4214
vn -0.3585 -0.3626 0.8602
vn -0.0208 -0.2056 0.9784
vn -0.2857 -0.9540 0.0904
vn -0.9573 -0.2780 0.0798
vn -0.9986 -0.0093 -0.0518
vn -0.9578 -0.2015 -0.2050
vn -0.9518 0.0482 0.3028
vn -0.8640 0.1984 0.4628
vn -0.3992 0.4529 0.7972
vn -0.3627 0.3909 0.8459
vn 0.0195 0.4417 0.8970
vn -0.0395 0.5323 0.8456
vn -0.7798 -0.5528 -0.2937
vn -0.8426 -0.4894 -0.2247
vn -0.3355 -0.7511 -0.5686
vn -0.4853 -0.6839 -0.5447
vn -0.7741 -0.0477 0.6313
vn -0.9023 0.0057 0.4311
vn -0.8973 -0.4192 -0.1384
vn -0.8791 -0.3793 0.2888
vn -0.6475 -0.6581 -0.3843
vn -0.7507 -0.6595 -0.0387
vn 0.6580 -0.5765 -0.4844
vn 0.6543 -0.4876 -0.5781
vn 0.9265 -0.2016 -0.3177
vn 0.9140 -0.3881 -0.1183
vn 0.9578 -0.2255 -0.1782
vn 0.9805 0.1036 0.1672
vn 0.9857 -0.0306 0.1659
vn 0.9560 -0.0853 0.2807
vn 0.2499 -0.6991 -0.6700
vn 0.1636 -0.7141 -0.6806
vn 0.6391 0.3192 0.6998
vn 0.7008 -0.0031 0.7134
vn 0.5955 0.3851 0.7051
vn 0.0370 0.4501 0.8922
vn 0.2317 0.1719 0.9575
vn 0.6128 -0.6976 0.3713
vn -0.1301 -0.9363 0.3263
vn 0.0990 -0.9010 -0.4224
vn 0.7279 -0.6722 -0.1357
vn -0.3897 0.4371 0.8106
vn -0.3428 0.2116 0.9153
vn -0.3325 -0.3363 0.8811
vn 0.4923 -0.3183 0.8101
vn 0.8351 -0.4127 0.3636
vn -0.2410 -0.7440 0.6232
vn -0.2716 -0.6784 0.6826
vn 0.0053 -0.6856 0.7279
vn 0.0592 -0.7959 0.6025
vn 0.0820 -0.8276 0.5552
vn 0.1065 -0.7879 0.6065
vn -0.2606 -0.7575 0.5986
vn -0.2461 -0.7694 0.5895
vn -0.2125 -0.7649 0.6081
vn -0.2088 -0.7462 0.6321
vn -0.2178 -0.7544 0.6192
vn -0.0650 -0.8173 0.5726
vn -0.0676 -0.7998 0.5964
vn -0.0990 -0.7817 0.6158
vn 0.1406 -0.7090 0.6910
vn -0.2735 -0.7301 0.6262
vn 0.2040 -0.6089 0.7665
vn -0.2715 -0.7061 0.6540
vn -0.1814 -0.7514 0.6344
vn -0.0524 -0.7579 0.6503
vn -0.2029 -0.7019 0.6828
vn -0.0902 -0.6527 0.7522
vn 0.2756 -0.5583 0.7825
vn -0.2484 -0.7013 0.6682
vn 0.3705 -0.4904 0.7888
vn -0.1963 -0.6970 0.6897
vn -0.2699 -0.6784 0.6833
vn -0.3141 -0.6773 0.6653
vn -0.1116 -0.6422 0.7584
vn -0.1198 -0.6656 0.7366
vn -0.0077 -0.6694 0.7429
vn 0.6351 -0.2982 0.7125
vn 0.7011 -0.3024 0.6458
vn 0.0273 -0.6886 0.7246
vn 0.4991 -0.3784 0.7796
vn -0.1134 -0.6798 0.7246
vn -0.3159 -0.6857 0.6558
vn -0.2880 -0.7158 0.6361
vn -0.1406 -0.6809 0.7187
vn -0.1550 -0.7019 0.6952
vn -0.2034 -0.7133 0.6707
vn -0.2088 -0.6832 0.6998
vn -0.1171 -0.7366 0.6661
vn -0.4434 -0.6693 0.5962
vn -0.2301 -0.6640 0.7115
vn -0.4833 -0.6139 0.6242
vn -0.1897 -0.6258 0.7566
vn -0.5581 -0.5150 0.6506
vn -0.8880 0.2067 -0.4107
vn -0.9864 -0.1609 0.0329
vn -0.9746 -0.2201 0.0416
vn -0.8716 0.2209 -0.4377
vn -0.9996 -0.0273 -0.0008
vn -0.8733 0.2718 -0.4043
vn -0.1899 -0.7742 0.6038
vn -0.1529 -0.7511 0.6422
vn -0.5394 -0.6499 0.5354
vn -0.5789 -0.6776 0.4535
vn -0.9675 -0.2410 -0.0772
vn -0.8726 0.1409 -0.4676
vn -0.9511 -0.3081 0.0226
vn -0.9049 0.0267 -0.4248
vn -0.5963 -0.6329 0.4939
vn -0.2129 -0.7945 0.5687
vn -0.2563 -0.7501 0.6096
vn -0.6458 -0.5714 0.5064
vn -0.8308 0.2670 -0.4883
vn -0.8400 0.2626 -0.4747
vn -0.7666 0.2464 -0.5930
vn -0.7540 0.2503 -0.6073
vn -0.7696 0.1922 -0.6089
vn -0.7067 0.2968 -0.6423
vn -0.6896 0.3365 -0.6413
vn -0.7827 0.2693 -0.5611
vn -0.8078 0.2943 -0.5107
vn -0.9364 -0.3154 0.1537
vn -0.9403 -0.2525 0.2284
vn -0.9878 0.0283 -0.1532
vn -0.9668 -0.0010 -0.2557
vn -0.8705 0.1630 -0.4644
vn -0.8726 0.2075 -0.4421
vn -0.6799 0.3856 -0.6238
vn -0.7234 0.3558 -0.5918
vn -0.7200 0.4503 -0.5280
vn -0.7045 0.4364 -0.5597
vn -0.2928 -0.7052 0.6457
vn -0.6917 -0.5418 0.4774
vn -0.2612 -0.6948 0.6701
vn -0.7122 -0.5396 0.4491
vn -0.8821 0.2313 -0.4104
vn -0.8820 0.2649 -0.3898
vn -0.9925 0.0109 -0.1215
vn -0.9934 0.0020 -0.1143
vn -0.9470 -0.2342 0.2197
vn -0.9475 -0.2743 0.1642
vn -0.2423 -0.6658 0.7057
vn -0.7108 -0.5203 0.4734
vn -0.2472 -0.6126 0.7508
vn -0.6985 -0.4884 0.5231
vn -0.9536 -0.2548 0.1604
vn -0.9597 -0.2000 0.1976
vn -0.9926 0.1088 -0.0533
vn -0.9949 0.0464 -0.0900
vn -0.8705 0.3637 -0.3315
vn -0.7329 0.5083 -0.4521
vn -0.8707 0.4154 -0.2632
vn -0.7967 0.4623 -0.3893
vn -0.7615 0.3935 -0.5151
vn -0.8128 0.3336 -0.4776
vn -0.9784 0.2041 -0.0320
vn -0.9857 0.1684 -0.0045
vn -0.9567 -0.1404 0.2549
vn -0.9582 -0.1413 0.2489
vn -0.6758 -0.4710 0.5670
vn -0.6818 -0.4889 0.5442
vn -0.2535 -0.5918 0.7651
vn -0.2851 -0.6360 0.7171
vn -0.9193 0.3731 -0.1252
vn -0.8752 0.4332 -0.2153
vn -0.2422 -0.7592 0.6041
vn -0.2121 -0.7252 0.6550
vn -0.2357 -0.7870 0.5701
vn -0.5589 -0.6576 0.5052
vn -0.8458 0.2718 -0.4591
vn -0.8735 0.2015 -0.4431
vn -0.8689 0.3309 -0.3680
vn -0.9161 0.1972 -0.3490
vn -0.3712 -0.6707 0.6422
vn -0.7219 -0.5204 0.4561
vn -0.9158 0.3230 -0.2386
vn -0.9481 0.1758 -0.2649
vn -0.9898 0.1194 -0.0777
vn -0.9937 0.0007 -0.1123
vn -0.9578 -0.2198 0.1852
vn -0.9282 -0.3242 0.1825
vn -0.2463 -0.7977 0.5504
vn -0.5796 -0.6778 0.4525
vn -0.2571 -0.8085 0.5294
vn -0.5901 -0.6909 0.4176
vn -0.8965 0.1254 -0.4249
vn -0.9263 0.0701 -0.3701
vn -0.9423 0.0831 -0.3243
vn -0.9656 0.0136 -0.2595
vn -0.9631 0.0768 -0.2578
vn -0.9793 0.0347 -0.1992
vn -0.9924 -0.0757 -0.0971
vn -0.9934 -0.0980 -0.0589
vn -0.9019 -0.3898 0.1861
vn -0.8945 -0.4072 0.1847
vn -0.2912 -0.8060 0.5154
vn -0.6048 -0.6882 0.4007
vn -0.3387 -0.8144 0.4713
vn -0.6455 -0.6541 0.3943
vn -0.9625 0.0433 -0.2677
vn -0.9630 0.0524 -0.2644
vn -0.9854 -0.0564 -0.1608
vn -0.9825 -0.1434 -0.1191
vn -0.9886 -0.0154 -0.1495
vn -0.9865 -0.1260 -0.1044
vn -0.9925 -0.1113 -0.0507
vn -0.9860 -0.1600 -0.0463
vn -0.9017 -0.3971 0.1710
vn -0.9216 -0.3621 0.1399
vn -0.9465 0.0538 -0.3182
vn -0.9075 0.0340 -0.4187
vn -0.9709 -0.1880 -0.1481
vn -0.9459 -0.2609 -0.1929
vn -0.6481 -0.0744 -0.7579
vn -0.8975 0.0341 -0.4397
vn -0.7225 0.2853 -0.6298
vn -0.8394 0.3024 -0.4517
vn -0.8746 0.2639 -0.4068
vn -0.8798 0.0968 -0.4653
vn -0.9215 0.1460 -0.3599
vn -0.8653 0.3237 -0.3828
vn -0.9502 0.0987 -0.2955
vn -0.6193 0.7662 -0.1717
vn -0.6851 0.6968 -0.2121
vn -0.9679 -0.0184 -0.2505
vn -0.9643 -0.1109 0.2406
vn -0.3735 -0.5513 0.7461
vn -0.5219 -0.7137 0.4672
vn -0.9970 0.0366 -0.0683
vn -0.8793 0.3748 -0.2940
vn -0.9787 0.2045 -0.0181
vn -0.8434 -0.1892 0.5028
vn -0.2474 -0.3111 0.9176
vn -0.7845 -0.1119 0.6099
vn -0.3418 -0.0121 0.9397
vn -0.9718 0.0776 0.2228
vn -0.9536 0.0065 0.3009
vn -0.8487 -0.1182 0.5155
vn -0.6708 0.2166 0.7093
vn -0.5668 0.6261 -0.5354
vn -0.6045 0.6870 -0.4031
vn -0.4536 0.8127 -0.3657
vn -0.3875 0.7544 -0.5299
vn -0.5262 0.8439 -0.1050
vn -0.5614 0.7792 -0.2789
vn -0.6379 0.7175 -0.2797
vn -0.5364 0.7664 -0.3534
vn -0.4765 0.7496 -0.4593
vn -0.4119 0.4578 -0.7879
vn -0.2811 0.6951 -0.6617
vn -0.2631 0.6473 -0.7154
vn -0.3835 0.3786 -0.8424
vn -0.2839 0.7110 -0.6433
vn -0.2742 0.7426 -0.6111
vn -0.2095 0.6568 -0.7244
vn -0.2474 0.5699 -0.7836
vn -0.3762 0.3184 -0.8701
vn -0.2431 0.4880 -0.8383
vn -0.3986 0.2591 -0.8798
vn -0.1177 0.6089 -0.7845
vn -0.0856 0.6130 -0.7854
vn -0.2463 0.4883 -0.8372
vn -0.4802 0.2326 -0.8458
vn -0.6274 -0.1334 -0.7672
vn -0.5435 0.1775 -0.8204
vn -0.5106 0.1098 -0.8528
vn -0.5733 -0.2456 -0.7817
vn -0.4955 0.0209 -0.8684
vn -0.5530 -0.4498 -0.7014
vn -0.4837 -0.6929 -0.5347
vn -0.2047 -0.9735 -0.1020
vn -0.3350 -0.9398 -0.0678
vn -0.6297 -0.5415 -0.5570
vn -0.3337 -0.8779 -0.3434
vn -0.2474 -0.9126 -0.3255
vn -0.5554 -0.0680 -0.8288
vn -0.6125 -0.6796 -0.4037
vn -0.7050 -0.1298 -0.6973
vn -0.8001 -0.5781 -0.1603
vn -0.8323 -0.0074 -0.5543
vn -0.9050 -0.2961 -0.3054
vn -0.6693 0.2241 -0.7084
vn -0.0187 -0.8158 0.5780
vn -0.2161 -0.8819 0.4190
vn -0.0631 -0.9076 0.4151
vn 0.0044 -0.8771 0.4803
vn -0.5246 -0.8485 -0.0694
vn -0.6616 -0.7492 -0.0321
vn -0.0067 -0.9407 0.3391
vn -0.0442 -0.9299 0.3652
vn -0.9621 -0.2695 -0.0418
vn -0.9114 -0.4103 -0.0315
vn -0.9561 -0.2913 0.0313
vn -0.9067 -0.4217 0.0002
vn -0.8010 -0.5756 0.1646
vn -0.4109 -0.8526 0.3230
vn -0.4132 -0.8543 0.3153
vn -0.8461 -0.5254 -0.0897
vn 0.2650 -0.7711 0.5790
vn 0.3238 -0.7542 0.5713
vn -0.9203 -0.3758 0.1083
vn -0.9122 -0.4082 -0.0366
vn -0.2826 -0.9571 0.0646
vn 0.1638 -0.9325 0.3219
vn -0.6680 -0.6823 -0.2970
vn -0.8621 -0.5067 0.0052
vn -0.6013 -0.6392 0.4794
vn -0.9140 -0.4006 0.0646
vn -0.9891 0.1203 0.0850
vn -0.3740 -0.9264 0.0443
vn -0.0467 -0.9734 0.2242
vn -0.9166 0.2312 -0.3261
vn -0.8950 -0.0471 -0.4435
vn -0.7631 -0.1230 -0.6345
vn -0.8342 -0.4640 -0.2980
vn -0.4805 -0.8471 -0.2271
vn -0.9591 0.0724 -0.2735
vn -0.9364 0.0564 -0.3463
vn -0.9797 0.0029 -0.2004
vn -0.9467 -0.1204 -0.2986
vn -0.9308 0.0768 -0.3573
vn -0.9109 0.2130 -0.3533
vn -0.8874 -0.3280 -0.3241
vn -0.8664 -0.2333 -0.4416
vn -0.9264 -0.1073 -0.3609
vn -0.9108 -0.3873 -0.1431
vn -0.6934 0.0902 -0.7149
vn -0.3834 0.2061 -0.9003
vn -0.6673 0.6687 -0.3280
vn -0.5720 0.7199 -0.3932
vn 0.0406 -0.8141 0.5793
vn 0.1083 -0.9897 0.0939
vn 0.3999 -0.9123 0.0884
vn 0.3555 -0.7571 0.5481
vn -0.1222 -0.0810 0.9892
vn 0.0500 0.0814 0.9954
vn -0.2726 0.5046 0.8192
vn -0.5495 0.1939 0.8127
vn -0.5515 0.7692 0.3228
vn -0.7917 0.5244 0.3133
vn -0.6386 0.7579 -0.1331
vn -0.7666 0.6287 -0.1306
vn 0.1822 -0.3479 0.9197
vn -0.0903 -0.4509 0.8880
vn -0.7388 -0.6475 0.1867
vn -0.4111 -0.7979 0.4409
vn -0.5325 -0.3559 0.7679
vn -0.9373 -0.1114 0.3301
vn -0.9484 0.0934 -0.3029
vn -0.6798 -0.5955 -0.4282
vn -0.3115 -0.9390 -0.1459
vn -0.1286 0.3558 -0.9257
vn -0.6301 0.5923 -0.5022
vn -0.3701 -0.4011 -0.8379
vn -0.0911 -0.8413 -0.5329
vn -0.7941 0.6070 -0.0296
vn -0.4384 0.8963 -0.0674
vn -0.2774 0.9477 0.1579
vn -0.4053 -0.9117 0.0669
vn -0.6979 -0.4571 -0.5513
vn -0.7595 -0.3343 -0.5580
vn -0.4687 -0.8710 0.1471
vn -0.8172 0.0411 -0.5749
vn -0.7407 -0.4429 -0.5053
vn -0.8580 0.1453 -0.4926
vn -0.8092 -0.0147 -0.5874
vn -0.7270 0.0127 -0.6865
vn -0.7052 -0.4029 -0.5834
vn -0.6403 -0.3783 -0.6685
vn -0.6988 -0.0455 -0.7138
vn -0.6623 -0.1681 -0.7302
vn -0.6905 -0.3350 -0.6411
vn -0.6846 -0.0107 -0.7289
vn -0.6549 -0.3846 -0.6505
vn -0.7627 -0.1675 -0.6247
vn -0.9170 0.0988 -0.3865
vn -0.9346 0.0348 -0.3541
vn -0.9180 0.0133 -0.3962
vn -0.8991 -0.2702 -0.3443
vn -0.9141 0.1097 -0.3904
vn -0.7122 -0.4837 -0.5087
vn -0.8135 -0.1168 -0.5697
vn -0.5336 -0.7398 -0.4099
vn -0.5844 -0.6791 -0.4442
vn -0.5844 -0.6673 -0.4617
vn -0.5803 -0.7194 -0.3816
vn -0.9575 -0.0415 -0.2855
vn -0.6292 -0.6676 -0.3979
vn -0.5866 -0.7075 -0.3942
vn -0.5625 0.6402 -0.5233
vn -0.5248 0.6091 -0.5946
vn -0.4181 0.7008 -0.5780
vn -0.5254 0.6881 -0.5005
vn -0.5248 0.7241 -0.4475
vn -0.4989 0.6386 -0.5860
vn -0.4762 0.5486 -0.6872
vn -0.3517 0.6397 -0.6834
vn -0.9852 -0.1350 -0.1054
vn -0.9447 -0.2892 -0.1548
vn -0.5082 -0.8246 0.2486
vn -0.4155 -0.8951 0.1617
vn -0.8377 -0.4802 -0.2599
vn -0.7186 -0.6668 -0.1977
vn -0.2883 -0.9321 0.2194
vn -0.1391 -0.8807 0.4528
vn -0.5596 -0.8283 -0.0294
vn -0.0386 -0.8228 0.5671
vn -0.1413 -0.9093 0.3915
vn -0.1841 -0.8704 0.4566
vn -0.1569 -0.9394 0.3048
vn -0.5925 -0.8052 0.0224
vn -0.6382 -0.7630 0.1027
vn -0.6580 -0.7440 0.1162
vn -0.6845 -0.7272 0.0510
vn -0.2549 -0.8594 0.4433
vn -0.4614 0.5763 -0.6745
vn -0.2895 0.6831 -0.6705
vn -0.2793 0.6832 -0.6747
vn -0.4170 0.5681 -0.7095
vn -0.3045 0.6282 -0.7160
vn -0.2569 0.6772 -0.6895
vn -0.2846 0.5903 -0.7554
vn -0.4121 0.5613 -0.7177
vn -0.7486 -0.0252 -0.6626
vn -0.8067 -0.4268 -0.4087
vn -0.8446 -0.4327 -0.3152
vn -0.8072 -0.0140 -0.5901
vn -0.8746 -0.4265 -0.2307
vn -0.8605 0.0033 -0.5095
vn -0.3284 0.7069 -0.6265
vn -0.5150 0.5890 -0.6228
vn -0.8491 -0.4275 -0.3103
vn -0.8815 -0.4183 -0.2192
vn -0.8800 -0.0074 -0.4749
vn -0.8882 -0.0043 -0.4594
vn -0.5783 0.3204 -0.7503
vn -0.5724 0.2589 -0.7780
vn -0.6903 -0.0558 -0.7213
vn -0.4341 0.5442 -0.7179
vn -0.6232 0.3506 -0.6991
vn -0.6729 0.3708 -0.6401
vn -0.7372 -0.4515 -0.5027
vn -0.6983 0.3674 -0.6144
vn -0.7380 0.3866 -0.5531
vn 0.7823 -0.3014 0.5451
vn 0.7535 -0.3384 0.5637
vn 0.7696 -0.3736 0.5179
vn 0.7665 -0.3429 0.5431
vn 0.6003 -0.5235 0.6046
vn 0.5769 -0.5340 0.6181
vn 0.5809 -0.5602 0.5905
vn 0.5927 -0.5246 0.6112
vn 0.5719 -0.5263 0.6292
vn 0.7840 -0.2578 0.5647
vn 0.5693 -0.6023 0.5595
vn 0.5434 -0.6413 0.5418
vn 0.5583 -0.5449 0.6256
vn 0.7939 -0.2551 0.5519
vn 0.3967 -0.6469 0.6512
vn 0.4174 -0.6147 0.6693
vn 0.4526 -0.6782 0.5790
vn 0.3555 -0.7114 0.6063
vn 0.3990 -0.7207 0.5669
vn 0.3914 -0.7005 0.5968
vn 0.9125 -0.3910 -0.1203
vn 0.6890 -0.6354 0.3486
vn 0.9131 -0.1444 -0.3812
vn 0.8576 0.0066 -0.5143
vn 0.9093 -0.4157 -0.0209
vn 0.6415 -0.6447 0.4157
vn -0.3543 0.7025 -0.6172
vn -0.4164 0.6687 -0.6160
vn -0.4119 0.6368 -0.6518
vn -0.3655 0.6390 -0.6768
vn -0.4330 0.6289 -0.6457
vn -0.4166 0.6826 -0.6004
vn -0.4891 0.6515 -0.5800
vn -0.4960 0.5848 -0.6418
vn -0.5227 0.5655 -0.6380
vn -0.4983 0.6155 -0.6107
vn -0.5723 0.5263 -0.6289
vn -0.5680 0.5480 -0.6140
vn -0.4806 0.6147 -0.6255
vn -0.5024 0.6626 -0.5555
vn -0.3620 0.7404 -0.5663
vn -0.3018 0.6917 -0.6561
vn -0.5519 0.5638 -0.6144
vn -0.5808 0.5504 -0.5998
vn -0.5544 0.5956 -0.5814
vn -0.5622 0.5734 -0.5960
vn -0.5789 0.5538 -0.5985
vn -0.5699 0.5760 -0.5861
vn -0.4558 0.5943 -0.6626
vn -0.4738 0.6403 -0.6046
vn -0.4837 0.4269 -0.7640
vn -0.1640 0.6619 -0.7314
vn -0.2723 0.5049 -0.8191
vn 0.0521 0.7088 -0.7035
vn -0.2261 0.7040 -0.6733
vn -0.1228 0.7395 -0.6618
vn -0.4823 0.3761 -0.7911
vn -0.4833 0.4088 -0.7742
vn -0.4654 0.6818 -0.5644
vn -0.4269 0.4239 -0.7988
vn -0.5411 0.7282 -0.4208
vn -0.4199 0.9035 -0.0860
vn -0.2904 0.9537 0.0785
vn -0.3312 0.9051 -0.2668
vn -0.3093 0.6282 -0.7139
vn -0.5252 0.3992 -0.7515
vn -0.5548 0.4721 -0.6850
vn -0.5550 0.5060 -0.6603
vn -0.5251 0.4288 -0.7351
vn -0.5780 0.7117 -0.3992
vn -0.5808 0.6462 -0.4951
vn -0.4904 0.6589 -0.5704
vn -0.4225 0.3508 -0.8357
vn -0.3844 0.3643 -0.8483
vn -0.4233 0.6349 -0.6464
vn -0.4303 0.4806 -0.7641
vn -0.3788 0.2447 -0.8925
vn -0.3638 0.2959 -0.8832
vn -0.3908 0.2353 -0.8899
vn -0.3924 0.4146 -0.8210
vn 0.3928 -0.8484 0.3549
vn 0.4253 -0.8041 0.4154
vn 0.5319 -0.7736 0.3445
vn 0.4988 -0.8267 0.2603
vn 0.5220 -0.4530 0.7227
vn 0.3907 -0.4829 0.7837
vn 0.5748 -0.3787 0.7254
vn 0.6073 -0.7433 0.2805
vn 0.5047 -0.8632 0.0104
vn 0.5586 -0.7143 0.4216
vn 0.7870 -0.5195 0.3329
vn 0.5240 -0.6619 0.5361
vn 0.4966 -0.8525 0.1634
vn 0.4488 -0.8917 -0.0593
vn 0.7122 -0.7015 -0.0265
vn 0.4196 0.0117 0.9076
vn 0.5380 -0.2231 0.8129
vn 0.5124 -0.2203 0.8300
vn 0.5315 -0.3358 0.7777
vn 0.4401 -0.1088 0.8913
vn 0.5183 -0.2483 0.8184
vn 0.4451 -0.0193 0.8953
vn 0.4492 0.1826 0.8746
vn 0.5820 -0.0994 0.8071
vn 0.4755 -0.8794 0.0237
vn 0.6174 -0.7845 0.0585
vn 0.5225 -0.8342 0.1764
vn 0.4753 -0.2649 0.8390
vn 0.5998 -0.7087 0.3715
vn 0.5639 -0.5141 0.6463
vn 0.4846 -0.1297 0.8651
vn 0.6363 -0.4056 0.6562
vn 0.4238 -0.0203 0.9055
vn 0.7860 -0.3196 0.5292
vn 0.5618 -0.6628 0.4951
vn 0.8595 -0.2111 0.4655
vn 0.6702 -0.5920 0.4477
vn 0.8446 -0.3136 0.4340
vn 0.9586 -0.1644 0.2325
vn 0.7969 -0.3490 0.4930
vn 0.7248 -0.5629 0.3972
vn 0.8089 -0.3066 0.5016
vn 0.7999 -0.4387 0.4094
vn 0.7357 -0.5420 0.4062
vn 0.7347 -0.3401 0.5871
vn 0.7635 -0.3588 0.5370
vn 0.7864 -0.2852 0.5479
vn 0.3997 -0.9031 0.1572
vn 0.4312 -0.8690 0.2427
vn 0.6046 -0.7305 0.3176
vn 0.6338 -0.7371 0.2347
vn 0.4190 -0.8061 0.4179
vn 0.5680 -0.7278 0.3843
vn 0.3117 -0.2416 0.9189
vn 0.5930 -0.2722 0.7578
vn 0.1755 0.1181 0.9774
vn 0.3870 0.0705 0.9194
vn 0.7177 -0.2060 0.6652
vn 0.5851 -0.6932 0.4209
vn 0.6378 -0.5858 0.5000
vn 0.6704 -0.6581 0.3427
vn 0.7213 -0.5567 0.4120
vn 0.7589 -0.4695 0.4513
vn 0.7360 -0.3679 0.5682
vn 0.7465 -0.2025 0.6339
vn 0.7518 -0.3729 0.5439
vn 0.7434 -0.2926 0.6014
vn 0.7459 -0.6182 0.2480
vn 0.7868 -0.5530 0.2742
vn 0.8883 -0.4460 0.1093
vn 0.8902 -0.0999 0.4445
vn 0.4826 0.4012 0.7786
vn 0.7063 -0.3494 0.6157
vn 0.7146 -0.3725 0.5921
vn 0.7512 -0.5618 0.3465
vn 0.7056 -0.7010 0.1036
vn 0.7361 -0.6751 0.0487
vn 0.7794 -0.5521 0.2962
vn 0.7260 -0.6508 -0.2222
vn 0.6794 -0.7303 0.0714
vn 0.6637 -0.6934 -0.2805
vn 0.7299 -0.6819 -0.0473
vn 0.8508 -0.4735 0.2280
vn 0.6865 -0.5582 -0.4660
vn 0.6068 -0.6785 -0.4140
vn 0.7932 -0.5293 -0.3011
vn 0.7104 -0.3848 -0.5893
vn 0.5847 -0.5208 -0.6220
vn 0.5394 -0.5784 -0.6119
vn 0.7578 -0.5735 -0.3112
vn 0.6974 -0.4031 -0.5926
vn 0.9118 -0.0191 -0.4101
vn 0.9648 -0.2609 -0.0322
vn 0.9063 -0.1433 0.3976
vn 0.9774 0.1327 0.1648
vn 0.8023 0.4752 0.3613
vn 0.8459 0.2017 0.4937
vn 0.8930 0.4117 -0.1818
vn 0.6442 0.7593 0.0921
vn 0.3702 -0.3218 -0.8714
vn 0.5395 -0.1164 -0.8339
vn 0.2650 0.0551 -0.9627
vn 0.2616 -0.1595 -0.9519
vn 0.2917 0.3029 -0.9073
vn 0.6683 0.2279 -0.7081
vn 0.6378 0.5625 -0.5261
vn 0.3984 0.8719 -0.2848
vn 0.2627 0.5559 -0.7886
vn 0.1138 0.8222 -0.5578
vn 0.0914 0.6057 -0.7904
vn -0.0055 0.8588 -0.5123
vn 0.1583 0.3746 -0.9136
vn -0.0805 0.6021 -0.7943
vn -0.0630 0.2457 -0.9673
vn -0.0620 0.9164 -0.3954
vn -0.5555 0.7760 -0.2986
vn -0.4759 0.8780 0.0512
vn -0.5126 0.8559 -0.0680
vn -0.5262 0.8310 -0.1806
vn -0.5434 0.8152 -0.2003
vn -0.5124 0.8450 -0.1532
vn -0.5731 0.5741 -0.5847
vn -0.5572 0.6158 -0.5571
vn -0.5603 0.5664 -0.6044
vn -0.4671 0.3215 -0.8237
vn -0.4586 0.5852 -0.6687
vn -0.2850 0.2153 -0.9340
vn -0.1170 0.6020 -0.7898
vn -0.0345 0.5319 -0.8461
vn -0.4038 0.9136 -0.0484
vn -0.4095 0.8621 -0.2986
vn -0.4610 0.6545 -0.5993
vn -0.4358 0.4077 -0.8024
vn -0.4484 0.5531 -0.7022
vn -0.3600 0.4318 -0.8270
vn -0.3505 0.7131 -0.6072
vn -0.3144 0.8997 -0.3029
vn -0.4258 0.2268 -0.8759
vn -0.2345 0.3721 -0.8981
vn -0.3516 0.2074 -0.9129
vn -0.3418 0.0734 -0.9369
vn -0.4683 0.1960 -0.8615
vn -0.3686 -0.0502 -0.9282
vn -0.2448 -0.0465 -0.9685
vn -0.2744 -0.0507 -0.9603
vn -0.1835 -0.0822 -0.9796
vn -0.1659 0.2788 -0.9459
vn -0.0007 0.5794 -0.8150
vn -0.2963 0.1685 -0.9401
vn -0.0523 0.6392 -0.7673
vn -0.0584 0.5751 -0.8160
vn -0.4416 0.0652 -0.8948
vn -0.3407 0.6084 -0.7168
vn -0.2192 0.5402 -0.8125
vn -0.2682 -0.0454 -0.9623
vn -0.5170 0.2844 -0.8073
vn -0.2620 0.6953 -0.6693
vn -0.2216 0.6785 -0.7004
vn -0.4233 0.4885 -0.7630
vn -0.4218 0.5408 -0.7278
vn -0.3781 0.4515 -0.8082
vn -0.3217 0.4445 -0.8360
vn -0.2918 0.7713 -0.5657
vn -0.1726 0.8698 -0.4622
vn -0.2064 0.7146 -0.6684
vn -0.0990 0.5977 -0.7956
vn -0.1547 0.9317 -0.3287
vn -0.1143 0.6809 -0.7234
vn -0.1155 0.3384 -0.9339
vn -0.2195 0.5116 -0.8307
vn -0.2833 0.4236 -0.8604
vn -0.1603 0.3426 -0.9257
vn -0.2198 0.3827 -0.8973
vn -0.3277 0.4095 -0.8514
vn -0.0397 0.3547 -0.9341
vn -0.0736 0.4587 -0.8855
vn -0.2535 0.4692 -0.8459
vn -0.2947 0.4875 -0.8219
vn -0.3808 0.5868 -0.7146
vn -0.2102 0.4356 -0.8753
vn -0.4920 0.6728 -0.5525
vn -0.3488 0.5082 -0.7874
vn -0.5150 0.6153 -0.5968
vn -0.1366 0.3355 -0.9321
vn -0.0725 0.3321 -0.9404
vn -0.0266 0.3251 -0.9453
vn 0.0090 0.1535 -0.9881
vn -0.0286 0.1752 -0.9841
vn -0.0284 0.3167 -0.9481
vn -0.1670 0.3683 -0.9146
vn -0.0194 0.0942 -0.9954
vn -0.5130 0.5324 -0.6734
vn -0.2373 0.2782 -0.9307
vn -0.2563 0.3440 -0.9033
vn -0.5498 0.5951 -0.5862
vn -0.0169 0.1141 -0.9933
vn -0.4261 0.4038 -0.8096
vn -0.4936 0.4227 -0.7601
vn -0.4187 0.4056 -0.8125
vn -0.4913 0.4604 -0.7394
vn -0.4123 0.4399 -0.7978
vn -0.4762 0.4913 -0.7293
vn -0.3535 0.4488 -0.8207
vn -0.4188 0.4635 -0.7809
vn -0.1626 0.2751 -0.9476
vn -0.1820 0.2611 -0.9480
vn -0.1389 0.2235 -0.9648
vn -0.0896 0.2346 -0.9680
vn -0.3753 0.4526 -0.8089
vn -0.4504 0.3367 -0.8269
vn -0.5973 0.5680 -0.5662
vn -0.7206 0.4094 -0.5596
vn -0.5271 0.4337 -0.7308
vn -0.5429 0.4817 -0.6879
vn -0.5349 0.4072 -0.7404
vn -0.5758 0.4832 -0.6595
vn -0.5274 0.5199 -0.6720
vn -0.5721 0.5231 -0.6317
vn -0.4318 0.4652 -0.7727
vn -0.4752 0.4637 -0.7478
vn -0.1633 0.2702 -0.9489
vn -0.2287 0.2955 -0.9276
vn -0.1766 0.0832 -0.9808
vn -0.2556 0.1563 -0.9541
vn -0.1566 0.1026 -0.9823
vn -0.2183 0.2022 -0.9547
vn -0.3968 0.4177 -0.8174
vn -0.5074 0.4161 -0.7546
vn -0.4107 0.4682 -0.7824
vn -0.1022 0.0835 -0.9913
vn -0.1580 0.2440 -0.9568
vn -0.4568 0.5539 -0.6961
vn -0.4699 0.4191 -0.7769
vn -0.3666 0.5671 -0.7375
vn -0.3655 0.6393 -0.6765
vn -0.5288 0.6839 -0.5027
vn -0.6332 0.6243 -0.4576
vn 0.6923 -0.6115 0.3832
vn 0.6832 -0.5965 0.4213
vn 0.6600 -0.6722 0.3354
vn 0.5900 -0.7588 0.2761
vn 0.5176 -0.7193 0.4634
vn 0.5589 -0.5276 0.6397
vn 0.5534 -0.4329 0.7116
vn 0.7415 -0.6192 0.2582
vn 0.7440 -0.6100 0.2726
vn 0.7520 -0.5314 0.3901
vn 0.8037 -0.5691 0.1738
vn 0.6096 -0.4737 0.6356
vn 0.5973 -0.4406 0.6702
vn 0.7331 -0.5020 0.4588
vn 0.8074 -0.5540 0.2028
vn 0.5699 -0.3963 0.7198
vn 0.5710 -0.3613 0.7372
vn 0.6139 -0.4184 0.6694
vn 0.5917 -0.4964 0.6352
vn 0.5743 -0.4913 0.6548
vn 0.4964 -0.4315 0.7533
vn 0.6720 -0.5814 0.4586
vn 0.7054 -0.5795 0.4081
vn 0.7987 -0.5867 0.1335
vn 0.7430 -0.5503 0.3810
vn 0.8007 -0.5982 -0.0317
vn 0.7853 -0.6082 0.1155
vn 0.7018 -0.5491 0.4538
vn 0.6644 -0.4977 0.5576
vn 0.6254 -0.5447 0.5587
vn 0.7559 -0.5383 0.3726
vn 0.6774 -0.5599 0.4772
vn 0.7190 -0.3869 0.5774
vn 0.7489 -0.4313 0.5031
vn 0.5735 -0.3308 0.7495
vn 0.5796 -0.4681 0.6670
vn 0.5519 -0.1602 0.8184
vn 0.7086 -0.2923 0.6422
vn 0.7883 -0.1008 0.6070
vn 0.7332 0.2069 0.6478
vn 0.7742 -0.0246 0.6325
vn 0.6591 0.0798 0.7478
vn 0.5976 0.2850 0.7495
vn 0.6276 -0.0559 0.7765
vn 0.7401 -0.3470 0.5761
vn 0.6903 -0.5362 0.4858
vn 0.7514 -0.6398 0.1615
vn 0.5541 -0.4284 0.7138
vn 0.7604 -0.2887 0.5818
vn 0.7718 0.1040 0.6273
vn 0.7722 -0.1000 0.6274
vn 0.7008 -0.4550 0.5494
vn 0.7886 0.0969 0.6072
vn 0.9270 -0.1251 0.3537
vn 0.9296 -0.3379 0.1472
vn 0.7503 0.0170 0.6609
vn 0.7224 -0.0449 0.6901
vn 0.7131 -0.2350 0.6605
vn 0.7316 0.1596 0.6628
vn 0.6870 -0.5273 0.5000
vn 0.8412 -0.4518 0.2971
vn 0.7661 -0.1796 0.6171
vn 0.6800 -0.4040 0.6119
vn 0.7701 -0.6378 -0.0146
vn 0.7942 -0.6065 -0.0371
vn 0.7964 -0.5891 0.1365
vn 0.0836 -0.1396 0.9867
vn 0.2432 -0.0638 0.9679
vn 0.3807 -0.2932 0.8770
vn 0.3025 -0.2709 0.9138
vn 0.2278 -0.2298 0.9462
vn 0.0598 -0.0893 0.9942
vn 0.1476 -0.1117 0.9827
vn 0.1984 -0.1577 0.9674
vn 0.4274 -0.3270 0.8429
vn 0.2027 -0.2013 0.9583
vn 0.3160 -0.2516 0.9148
vn 0.5071 -0.3763 0.7754
vn 0.4274 -0.3306 0.8414
vn 0.4953 -0.3760 0.7832
vn 0.1510 -0.1933 0.9695
vn 0.1357 -0.4053 0.9041
vn -0.0208 -0.2050 0.9785
vn 0.1391 -0.1819 0.9734
vn 0.3943 -0.4024 0.8262
vn 0.2917 -0.3817 0.8770
vn 0.3765 -0.3829 0.8436
vn 0.4436 -0.4181 0.7927
vn 0.0160 -0.1963 0.9804
vn 0.0373 -0.2531 0.9667
vn 0.0850 -0.3012 0.9498
vn 0.0747 -0.3109 0.9475
vn 0.1120 -0.2493 0.9619
vn 0.0876 -0.1923 0.9774
vn 0.1692 -0.3498 0.9214
vn 0.2152 -0.4079 0.8873
vn 0.2082 -0.4658 0.8600
vn -0.5822 0.6457 -0.4941
vn -0.5670 0.6556 -0.4988
vn -0.5736 0.6560 -0.4906
vn -0.6040 0.6889 -0.4008
vn -0.6522 0.5816 -0.4863
vn -0.6324 0.5835 -0.5096
vn -0.7043 0.6570 -0.2689
vn -0.6658 0.5607 -0.4923
vn -0.6628 0.5802 -0.4735
vn -0.6671 0.6654 -0.3350
vn -0.7632 0.4611 -0.4527
vn -0.6892 0.4936 -0.5305
vn -0.5532 0.7141 -0.4290
vn -0.6134 0.6792 -0.4030
vn -0.5712 0.7469 -0.3404
vn -0.6553 0.7132 -0.2487
vn -0.6943 0.6941 -0.1902
vn -0.6465 0.6553 -0.3906
vn -0.5283 0.7975 -0.2915
vn -0.6826 0.7306 -0.0166
vn -0.4731 0.7308 -0.4920
vn -0.3401 0.7184 -0.6069
vn -0.4418 0.8558 -0.2693
vn -0.6740 0.7355 -0.0698
vn -0.5784 0.6402 -0.5055
vn -0.5531 0.5908 -0.5874
vn -0.7117 0.6836 -0.1619
vn -0.6621 0.6278 -0.4092
vn -0.5849 0.5310 -0.6131
vn -0.6952 0.6199 -0.3639
vn -0.0268 0.7344 -0.6782
vn -0.3173 0.8270 -0.4642
vn -0.2631 0.5698 -0.7785
vn -0.5319 0.6656 -0.5234
vn 0.2899 -0.3060 0.9068
vn 0.1179 -0.0904 0.9889
vn 0.5123 -0.3626 0.7785
vn 0.5838 -0.4244 0.6921
vn 0.4444 -0.3978 0.8026
vn 0.3604 -0.0353 0.9321
vn 0.5132 -0.1393 0.8469
vn 0.3079 0.2273 0.9239
vn 0.2674 0.2268 0.9365
vn 0.5061 -0.0749 0.8592
vn 0.2937 0.2153 0.9313
vn 0.3788 0.1808 0.9077
vn 0.2737 0.1296 0.9530
vn 0.5143 0.0016 0.8576
vn 0.1640 0.5669 -0.8073
vn 0.3824 0.6517 -0.6551
vn 0.7481 0.1391 -0.6488
vn 0.5791 0.0707 -0.8122
vn 0.0492 0.9317 -0.3600
vn -0.1957 0.8590 -0.4732
vn 0.3310 0.9146 -0.2322
vn 0.6229 0.6973 -0.3545
vn 0.8693 0.2550 -0.4234
vn 0.5987 0.0160 0.8008
vn 0.7861 0.1269 0.6049
vn 0.4426 0.5797 0.6842
vn 0.4566 0.0058 0.8896
vn 0.1565 0.5880 0.7936
vn 0.0310 0.5684 0.8222
vn 0.7923 -0.4269 0.4358
vn 0.7777 -0.4354 0.4535
vn 0.8604 -0.2698 0.4324
vn -0.3000 0.9383 0.1720
vn -0.1485 0.8353 0.5294
vn -0.0171 0.8368 0.5472
vn -0.0771 0.9526 0.2942
vn 0.4047 0.7982 0.4463
vn 0.3603 0.9006 0.2431
vn 0.8913 0.2710 0.3635
vn 0.9081 0.3838 0.1677
vn 0.9248 -0.3221 0.2027
vn 0.9527 -0.2931 0.0800
vn -0.0789 0.9964 -0.0296
vn 0.3338 0.9426 -0.0029
vn -0.3409 0.9329 -0.1160
vn 0.8080 0.5861 -0.0597
vn 0.9888 -0.0668 -0.1331
vn 0.9021 -0.3156 -0.2945
vn 0.8190 -0.3674 -0.4407
vn 0.8622 -0.5035 0.0559
vn 0.8572 -0.5146 0.0205
vn 0.8022 -0.5635 0.1973
vn 0.8216 -0.5398 0.1833
vn -0.0846 -0.4487 0.8897
vn 0.1579 -0.5064 0.8477
vn 0.1717 -0.4775 0.8617
vn -0.0520 -0.4542 0.8894
vn 0.5484 -0.4878 0.6792
vn 0.4928 -0.5338 0.6872
vn 0.7404 -0.4455 0.5033
vn 0.3751 -0.5099 0.7741
vn 0.0773 -0.5123 0.8553
vn -0.2843 -0.3929 0.8745
vn -0.3145 -0.3887 0.8660
vn -0.1989 -0.4701 0.8599
vn -0.5852 -0.3222 0.7441
vn -0.5966 -0.2498 0.7626
vn -0.6182 -0.2636 0.7405
vn 0.0161 -0.3595 0.9330
vn 0.2262 -0.3109 0.9231
vn 0.2116 -0.5774 0.7886
vn -0.0774 -0.5266 0.8466
vn 0.5299 -0.5480 0.6472
vn 0.3174 -0.1850 0.9301
vn -0.3177 -0.4628 0.8276
vn -0.2124 -0.3092 0.9270
vn -0.6504 -0.3186 0.6895
vn -0.6359 -0.1887 0.7483
vn 0.3065 0.2355 0.9223
vn 0.4232 0.1440 0.8945
vn 0.4250 -0.1667 0.8897
vn 0.2049 0.3148 0.9268
vn 0.4943 0.2179 0.8415
vn -0.3919 0.2715 0.8790
vn -0.9046 0.0464 0.4238
vn -0.7729 0.4215 0.4743
vn -0.7623 0.5877 0.2713
vn -0.1286 0.7078 0.6946
vn -0.7816 0.6235 -0.0182
vn -0.3334 0.7831 0.5249
vn 0.7296 0.0070 0.6838
vn 0.6669 -0.0868 0.7401
vn 0.6635 0.1568 0.7316
vn 0.6028 -0.0377 0.7970
vn -0.1761 0.6723 0.7190
vn 0.1025 0.3405 0.9346
vn 0.2243 0.2198 0.9494
vn -0.0589 0.6526 0.7554
vn 0.0277 0.3582 0.9332
vn -0.0101 0.2319 0.9727
vn 0.0286 0.7175 0.6960
vn 0.2296 0.5501 0.8029
vn 0.3609 -0.1328 0.9231
vn 0.2030 -0.0934 0.9747
vn 0.3821 0.0092 0.9241
vn 0.1079 -0.1213 0.9867
vn 0.1984 0.5193 0.8312
vn 0.0875 0.7632 0.6402
vn 0.0631 0.6844 0.7264
vn 0.4100 0.3030 0.8603
vn -0.0745 0.1697 0.9827
vn -0.9252 -0.1294 0.3567
vn -0.8897 -0.1745 0.4219
vn -0.9577 -0.0052 0.2876
vn -0.9485 -0.1314 0.2882
vn -0.3764 0.5987 -0.7071
vn -0.6108 0.5088 -0.6067
vn -0.7159 0.3712 -0.5914
vn -0.4987 0.5208 -0.6928
vn -0.7509 0.6385 -0.1688
vn -0.8561 0.4972 -0.1411
vn -0.9537 0.0045 -0.3007
vn -0.7932 0.3201 -0.5180
vn -0.9155 0.3138 -0.2518
vn -0.6696 0.5013 -0.5480
vn -0.9996 -0.0222 -0.0161
vn -0.6859 0.7074 0.1707
vn -0.9955 -0.0011 0.0946
vn -0.2992 0.6041 -0.7386
vn -0.1220 0.5691 -0.8132
vn 0.0548 0.5337 -0.8439
vn 0.0015 0.6249 -0.7807
vn -0.8742 -0.1503 0.4617
vn -0.9395 -0.0021 0.3426
vn -0.8603 -0.0716 0.5048
vn -0.9482 0.0920 0.3042
vn -0.9696 0.1702 0.1757
vn -0.8813 0.4200 -0.2167
vn -0.9549 0.2880 0.0729
vn -0.8163 0.5091 -0.2730
vn -0.6174 0.5605 -0.5520
vn -0.5431 0.6062 -0.5810
vn -0.8560 -0.0518 0.5144
vn -0.9614 0.1397 0.2371
vn -0.8713 -0.1064 0.4791
vn -0.9805 0.1202 0.1552
vn -0.3050 0.5367 -0.7867
vn -0.2074 0.5762 -0.7905
vn -0.4735 0.5750 -0.6672
vn -0.4657 0.5262 -0.7115
vn -0.7969 0.4783 -0.3691
vn -0.8014 0.4321 -0.4136
vn -0.9366 0.3382 -0.0919
vn -0.9424 0.3040 -0.1395
vn -0.8502 -0.2012 0.4866
vn -0.9859 0.0797 0.1474
vn -0.5251 -0.4307 0.7340
vn -0.4988 -0.4669 0.7302
vn -0.8643 -0.2343 0.4450
vn -0.9946 0.0548 0.0881
vn -0.3952 0.4182 -0.8179
vn -0.3204 0.4955 -0.8074
vn -0.5253 0.4882 -0.6969
vn -0.6961 0.3978 -0.5977
vn -0.8405 0.3907 -0.3753
vn -0.8964 0.3355 -0.2896
vn -0.9576 0.2641 -0.1151
vn -0.9616 0.2464 -0.1209
vn -0.8222 -0.0594 0.5661
vn -0.8085 -0.0782 0.5832
vn -0.6235 -0.2433 0.7430
vn -0.5584 -0.2553 0.7893
vn -0.6361 -0.1326 0.7601
vn -0.8533 0.0278 0.5206
vn -0.3028 -0.3325 0.8932
vn -0.3176 -0.4231 0.8486
vn -0.2155 -0.4037 0.8892
vn -0.9592 0.1845 0.2141
vn -0.9582 0.1432 0.2476
vn -0.9098 0.3721 -0.1839
vn -0.9058 0.3801 -0.1871
vn -0.9548 0.1953 0.2243
vn -0.8902 0.4157 -0.1865
vn -0.3437 0.5541 -0.7582
vn -0.3606 0.5258 -0.7704
vn -0.5655 0.5115 -0.6470
vn -0.5646 0.5617 -0.6047
vn -0.5898 0.4954 -0.6378
vn -0.4443 0.5296 -0.7226
vn 0.0943 -0.9720 0.2150
vn 0.1185 -0.9676 0.2228
vn 0.1437 -0.9698 0.1973
vn 0.0912 -0.9876 0.1274
vn 0.3348 -0.6904 0.6413
vn 0.2529 -0.7981 0.5468
vn 0.4023 -0.0503 0.9141
vn 0.3308 0.5340 0.7781
vn 0.2735 0.4601 0.8447
vn 0.3603 -0.2751 0.8914
vn 0.3064 0.6563 0.6895
vn 0.2126 0.5625 0.7990
vn 0.2412 0.2360 0.9413
vn 0.3639 0.2853 0.8866
vn 0.4591 -0.7386 0.4936
vn 0.4466 -0.6699 0.5930
vn 0.4727 -0.6866 0.5525
vn 0.4184 -0.8413 0.3424
vn 0.3881 -0.7556 0.5276
vn 0.4345 -0.7106 0.5534
vn 0.3785 -0.7246 0.5759
vn 0.4940 -0.6900 0.5290
vn 0.7552 0.6418 -0.1331
vn 0.8344 0.4064 -0.3724
vn 0.4836 0.7268 -0.4877
vn 0.3675 0.6439 -0.6711
vn -0.0318 -0.3953 -0.9180
vn -0.1500 0.0066 -0.9887
vn 0.2447 -0.2735 -0.9302
vn -0.0211 -0.0021 -0.9998
vn 0.2793 0.1579 -0.9471
vn 0.7451 -0.0978 -0.6598
vn 0.8355 0.0419 -0.5479
vn 0.4474 0.3517 -0.8223
vn 0.4718 -0.3290 -0.8180
vn 0.2848 -0.1635 -0.9446
vn 0.4658 -0.1301 -0.8753
vn -0.0020 0.0219 -0.9998
vn 0.8181 -0.1397 -0.5578
vn 0.3623 0.2565 -0.8961
vn 0.3929 0.0426 -0.9186
vn 0.7428 -0.3081 -0.5944
vn -0.1561 0.3128 -0.9369
vn -0.2347 0.4885 -0.8404
vn 0.2119 0.0484 -0.9761
vn -0.0456 -0.0907 -0.9948
vn 0.0151 0.9974 -0.0706
vn -0.0716 0.9854 -0.1547
vn 0.3936 0.8888 -0.2348
vn 0.4095 0.9036 0.1258
vn 0.3432 -0.1207 0.9315
vn 0.3726 -0.0291 0.9275
vn 0.0481 0.5310 0.8460
vn 0.2108 0.4131 0.8859
vn 0.7346 -0.4666 0.4926
vn 0.6534 -0.5416 0.5289
vn -0.0672 0.8895 0.4520
vn 0.2366 0.9025 0.3598
vn -0.2034 0.9791 -0.0012
vn 0.0703 0.9763 -0.2046
vn 0.8253 -0.2655 -0.4984
vn 0.9368 -0.0452 -0.3470
vn 0.4546 0.3332 -0.8260
vn 0.4692 0.0692 -0.8804
vn 0.8728 -0.4879 0.0095
vn 0.8453 -0.5120 0.1527
vn 0.7736 -0.5994 0.2053
vn 0.7197 -0.6534 0.2348
vn 0.8337 -0.2350 0.4997
vn 0.7480 -0.2828 0.6004
vn 0.8486 0.1680 0.5016
vn 0.7347 0.0316 0.6776
vn 0.7442 0.6020 0.2894
vn 0.8356 0.5056 0.2150
vn -0.4560 0.3582 -0.8147
vn -0.3389 0.4440 -0.8295
vn -0.3525 0.5890 -0.7272
vn -0.5477 0.4832 -0.6830
vn -0.3917 0.6025 -0.6954
vn -0.3863 0.5055 -0.7716
vn -0.6288 0.5836 -0.5138
vn -0.4383 0.6724 -0.5965
vn -0.3569 0.6640 -0.6571
vn 0.6254 -0.5536 0.5499
vn 0.6491 -0.4913 0.5808
vn 0.6095 -0.5094 0.6075
vn 0.5506 -0.5955 0.5850
vn 0.6358 -0.4451 0.6306
vn 0.6911 -0.4291 0.5816
vn 0.5155 -0.4507 0.7288
vn 0.4635 -0.5452 0.6985
vn 0.3087 -0.6811 0.6639
vn -0.2859 0.6816 -0.6736
vn -0.3232 0.5633 -0.7604
vn -0.3910 0.5730 -0.7203
vn -0.3416 0.6866 -0.6418
vn -0.1810 0.6626 -0.7268
vn -0.2280 0.5390 -0.8109
vn 0.4842 0.1399 -0.8637
vn 0.5790 0.1137 -0.8073
vn 0.6965 0.0438 -0.7162
vn 0.6323 0.0716 -0.7714
vn 0.6911 -0.0203 -0.7224
vn 0.6008 0.0708 -0.7963
vn 0.6550 -0.0146 -0.7555
vn 0.8588 -0.3718 -0.3525
vn 0.5045 0.1562 -0.8491
vn 0.4364 0.1925 -0.8789
vn 0.6364 -0.0183 -0.7711
vn 0.8274 -0.4002 -0.3940
vn 0.2610 0.1449 -0.9544
vn 0.5534 -0.0955 -0.8274
vn 0.7161 -0.2954 -0.6324
vn 0.6908 -0.7193 -0.0739
vn 0.6208 -0.7132 0.3255
vn 0.3412 -0.8288 0.4436
vn 0.4017 -0.6963 0.5949
vn 0.7073 -0.6075 0.3614
vn 0.4628 -0.5564 0.6901
vn 0.1339 -0.8753 0.4647
vn 0.1149 -0.9309 0.3467
vn 0.1826 -0.9352 0.3034
vn 0.2816 -0.8640 0.4173
vn 0.3264 -0.8767 0.3534
vn 0.4173 -0.7996 0.4318
vn 0.5440 -0.6719 0.5026
vn 0.4093 -0.7533 0.5148
vn 0.1758 -0.7979 0.5766
vn 0.3172 0.4679 -0.8249
vn -0.0521 0.6415 -0.7653
vn 0.8239 0.0841 -0.5604
vn 0.5696 0.3603 -0.7387
vn 0.1896 0.6079 -0.7710
vn 0.4515 -0.7010 0.5521
vn 0.4633 -0.7226 0.5130
vn 0.4595 -0.6204 0.6355
vn 0.4097 -0.6143 0.6744
vn 0.4823 -0.6602 0.5757
vn 0.5236 -0.6973 0.4895
vn 0.3795 -0.7171 0.5846
vn 0.4461 -0.7256 0.5240
vn 0.5020 -0.7310 0.4623
vn 0.8538 0.0532 -0.5178
vn 0.5065 0.4074 -0.7599
vn 0.8957 -0.0358 -0.4433
vn 0.4858 0.2942 -0.8231
vn 0.7329 -0.1631 -0.6606
vn 0.1048 0.0752 -0.9916
vn 0.3518 0.0242 -0.9358
vn 0.8475 -0.2171 -0.4844
vn 0.8163 -0.1040 -0.5682
vn 0.3689 0.1625 -0.9152
vn 0.4103 -0.2865 0.8658
vn 0.3837 -0.4830 0.7871
vn 0.5453 -0.4583 0.7019
vn 0.5694 -0.3307 0.7526
vn -0.4689 0.5854 -0.6614
vn -0.4601 0.6935 -0.5545
vn -0.4996 0.7322 -0.4630
vn -0.5038 0.5182 -0.6912
vn -0.4203 0.8206 -0.3872
vn -0.4387 0.6300 -0.6408
vn 0.8545 -0.0425 0.5177
vn 0.8288 -0.4124 0.3782
vn 0.6615 -0.1606 0.7325
vn 0.5395 -0.5323 0.6524
vn 0.7078 -0.6861 0.1681
vn 0.3673 -0.7942 0.4841
vn 0.1556 0.6740 -0.7221
vn 0.0789 0.6778 -0.7310
vn 0.0185 0.5131 -0.8581
vn 0.0926 0.4920 -0.8657
vn -0.0779 0.2636 -0.9615
vn -0.0044 0.1282 -0.9917
vn 0.2326 -0.2049 0.9507
vn 0.3283 -0.1992 0.9233
vn 0.4697 -0.3263 0.8203
vn 0.3986 -0.3016 0.8661
vn 0.3723 -0.1879 0.9089
vn 0.2605 -0.0299 0.9650
vn -0.2526 0.3969 -0.8824
vn -0.1970 0.3878 -0.9004
vn -0.3464 0.3564 -0.8678
vn -0.2495 0.4739 -0.8445
vn -0.2194 0.4890 -0.8443
vn -0.2990 0.4403 -0.8466
vn -0.3027 0.4989 -0.8120
vn -0.2168 0.6112 -0.7612
vn -0.2008 0.6132 -0.7640
vn 0.0270 0.4709 -0.8818
vn -0.2804 0.7857 -0.5514
vn -0.0083 0.4965 -0.8680
vn -0.1607 0.7696 -0.6179
vn -0.3095 0.9279 -0.2080
vn -0.1110 0.9274 -0.3571
vn 0.5706 -0.6847 0.4535
vn 0.6609 -0.7108 0.2410
vn 0.5420 -0.7809 0.3107
vn 0.5127 -0.7840 0.3500
vn 0.4851 -0.7699 0.4147
vn 0.6400 -0.7157 0.2796
vn 0.4706 -0.6975 0.5404
vn 0.5524 -0.7968 0.2449
vn 0.5175 -0.7827 0.3458
vn 0.2609 -0.4692 0.8437
vn 0.2612 -0.5369 0.8022
vn 0.2714 -0.4656 0.8423
vn 0.2641 0.0279 0.9641
vn 0.2503 -0.0176 0.9680
vn 0.2950 -0.1739 0.9395
vn 0.2566 -0.0484 0.9653
vn 0.2513 -0.2063 0.9457
vn 0.1872 -0.0947 0.9777
vn 0.3475 -0.2631 0.9000
vn 0.2841 -0.2844 0.9156
vn 0.2838 -0.1949 0.9389
vn 0.4034 -0.3288 0.8539
vn 0.3164 -0.4249 0.8482
vn 0.2441 -0.3296 0.9120
vn 0.4033 -0.2810 0.8709
vn 0.3294 -0.2996 0.8954
vn 0.4371 -0.4214 0.7946
vn 0.8223 -0.5296 -0.2080
vn 0.8853 -0.4428 -0.1417
vn 0.6369 -0.7091 0.3027
vn 0.6395 -0.6828 0.3532
vn 0.9295 -0.3662 -0.0427
vn 0.6575 -0.6360 0.4039
vn -0.4360 0.6556 -0.6166
vn -0.3920 0.6785 -0.6212
vn -0.3858 0.7228 -0.5733
vn -0.4436 0.6488 -0.6183
vn -0.4377 0.6684 -0.6014
vn -0.4092 0.6390 -0.6513
vn -0.3143 0.1642 -0.9350
vn -0.3510 0.2230 -0.9094
vn -0.4171 0.5916 -0.6899
vn -0.4257 0.4386 -0.7914
vn -0.3550 0.1854 -0.9163
vn -0.4282 0.5205 -0.7387
vn 0.8941 0.3896 0.2208
vn 0.7858 0.5743 0.2295
vn 0.3483 0.7287 -0.5896
vn 0.5697 0.5573 -0.6040
vn 0.5558 0.6426 -0.5274
vn 0.9341 0.0728 0.3494
vn 0.6543 -0.3274 0.6817
vn 0.5661 -0.0718 0.8212
vn 0.5290 0.0292 0.8481
vn 0.6243 0.0111 0.7811
vn 0.8734 0.3888 0.2932
vn 0.4827 0.7918 -0.3741
vn 0.2990 -0.1579 0.9411
vn 0.2702 -0.2395 0.9325
vn 0.3048 -0.1172 0.9452
vn 0.3955 -0.6971 0.5980
vn 0.4109 -0.6681 0.6203
vn 0.4097 -0.8542 0.3202
vn 0.3820 -0.8974 0.2207
vn -0.2965 -0.0138 -0.9549
vn -0.4059 0.2612 -0.8758
vn -0.4112 0.0907 -0.9070
vn -0.1918 -0.3510 -0.9165
vn -0.3089 0.0724 -0.9483
vn -0.1015 -0.4324 -0.8960
vn -0.1477 -0.3440 -0.9273
vn -0.1867 -0.2758 -0.9429
vn -0.2447 -0.0358 -0.9689
vn 0.8060 -0.2818 0.5205
vn 0.2371 0.8474 -0.4751
vn 0.9117 0.3977 0.1030
vn 0.3550 0.7199 -0.5964
vn 0.9602 0.2792 -0.0109
vn 0.7850 -0.4313 0.4447
vn 0.5300 0.5837 -0.6152
vn 0.9836 0.1248 -0.1306
vn 0.8729 -0.4325 0.2258
vn 0.4543 -0.5609 0.6921
vn 0.5430 -0.5401 0.6430
vn 0.4244 -0.6397 0.6409
vn 0.4988 -0.7214 0.4805
vn 0.4155 -0.8268 0.3792
vn 0.5959 -0.6179 0.5129
vn 0.4207 -0.7424 0.5214
vn 0.4764 -0.7893 0.3874
vn 0.6152 -0.6740 0.4089
vn 0.3035 0.8841 0.3552
vn 0.4184 0.6475 0.6370
vn 0.2103 0.0642 0.9755
vn 0.2019 0.4529 0.8684
vn 0.2279 0.9464 -0.2287
vn 0.0546 0.9732 -0.2235
vn -0.4241 0.4854 -0.7645
vn -0.5191 0.5802 -0.6276
vn -0.5303 0.5889 -0.6099
vn -0.4382 0.4883 -0.7547
vn -0.5114 0.4838 -0.7102
vn -0.3952 0.4389 -0.8069
vn 0.7552 -0.5054 0.4174
vn 0.8831 -0.4235 0.2019
vn 0.8415 -0.5159 0.1606
vn 0.7269 -0.5926 0.3470
vn 0.7812 -0.5495 0.2962
vn 0.8802 -0.4250 0.2114
vn 0.7735 -0.5409 0.3304
vn 0.8421 -0.5136 0.1647
vn 0.7212 -0.5803 0.3783
vn 0.2565 -0.5542 0.7919
vn 0.2078 -0.6027 0.7704
vn 0.2463 -0.5225 0.8163
vn 0.0924 -0.8915 0.4435
vn 0.1591 -0.8746 0.4580
vn 0.0771 -0.9480 0.3089
vn 0.0627 -0.9359 0.3465
vn 0.2013 -0.8453 0.4949
vn 0.3416 -0.7100 0.6158
vn 0.3138 0.4036 0.8594
vn 0.5688 0.1485 0.8090
vn 0.4842 0.0230 0.8747
vn 0.2442 0.1719 0.9544
vn 0.4648 0.0875 0.8811
vn 0.6097 -0.0642 0.7901
vn 0.3552 -0.5772 0.7353
vn 0.2950 -0.6710 0.6803
vn 0.4321 -0.6429 0.6325
vn 0.4311 -0.5747 0.6956
vn 0.3880 -0.7337 0.5577
vn 0.2997 -0.7396 0.6026
vn 0.3992 -0.8685 0.2938
vn 0.4168 -0.8824 0.2183
vn 0.3806 -0.8969 0.2252
vn 0.4187 -0.8459 0.3305
vn 0.3847 -0.7504 0.5374
vn 0.4710 -0.6711 0.5726
vn -0.3091 0.4342 -0.8462
vn -0.1929 0.3506 -0.9164
vn -0.0291 0.5299 -0.8476
vn -0.1964 0.6151 -0.7636
vn -0.0000 0.6857 -0.7279
vn -0.0793 0.7947 -0.6018
vn -0.3602 0.0108 -0.9328
vn -0.3940 0.0933 -0.9144
vn -0.3541 -0.0734 -0.9323
vn -0.3691 0.0285 -0.9289
vn -0.3326 0.1563 -0.9300
vn -0.3897 0.3043 -0.8692
vn -0.3025 0.7022 -0.6445
vn -0.0742 0.6932 -0.7169
vn -0.0510 0.6212 -0.7820
vn -0.3365 0.6317 -0.6984
vn -0.1810 0.5015 -0.8460
vn -0.3944 0.5233 -0.7554
vn 0.1616 -0.3342 0.9286
vn 0.2562 -0.2678 0.9288
vn 0.0876 0.0033 0.9961
vn -0.0399 -0.1267 0.9911
vn 0.5571 -0.6241 0.5478
vn 0.4788 -0.6997 0.5303
vn 0.5880 -0.3517 0.7284
vn 0.5236 -0.1462 0.8393
vn 0.4107 -0.2937 0.8632
vn 0.6149 -0.6248 0.4812
vn 0.4202 -0.4857 0.7665
vn 0.3451 -0.5460 0.7634
vn 0.4777 -0.6624 0.5771
vn 0.4383 -0.7280 0.5271
vn 0.4165 -0.4621 0.7830
vn 0.5213 -0.6703 0.5281
vn 0.6212 -0.5841 0.5224
vn 0.0464 -0.4742 0.8792
vn 0.0203 -0.5696 0.8217
vn 0.1884 -0.5862 0.7879
vn 0.3169 -0.4645 0.8269
vn 0.0767 -0.6944 0.7154
vn 0.1406 -0.6900 0.7100
vn 0.1851 -0.8950 0.4059
vn 0.1604 -0.8729 0.4607
vn 0.1651 -0.8943 0.4159
vn 0.0774 -0.8715 0.4843
vn 0.1254 -0.8306 0.5425
vn 0.2454 -0.8177 0.5207
vn 0.4129 -0.6281 0.6596
vn 0.0949 -0.8850 0.4558
vn 0.1152 -0.8209 0.5593
vn 0.5737 -0.2747 0.7716
vn 0.6543 0.0192 0.7560
vn 0.5314 -0.3768 0.7587
vn 0.6795 0.1336 0.7214
vn 0.6769 0.0177 0.7358
vn 0.4040 -0.5171 0.7546
vn 0.6829 -0.2474 0.6873
vn 0.7267 -0.2842 0.6254
vn 0.4681 -0.2517 0.8471
vn 0.4399 -0.2618 0.8590
vn 0.1845 -0.1390 0.9730
vn 0.1670 -0.2155 0.9621
vn 0.3938 -0.4297 0.8126
vn 0.2794 -0.2557 0.9255
vn 0.3678 -0.5975 0.7126
vn 0.4001 -0.4315 0.8086
vn 0.3020 -0.2472 0.9207
vn 0.3766 -0.6859 0.6226
vn 0.4739 -0.7001 0.5341
vn 0.3707 -0.4615 0.8060
vn 0.3083 -0.2515 0.9174
vn 0.4517 -0.7290 0.5143
vn 0.4439 -0.7195 0.5341
vn 0.4750 -0.8333 0.2829
vn 0.4299 -0.7401 0.5171
vn 0.4348 -0.7108 0.5530
vn 0.5566 -0.8081 0.1930
vn 0.4330 -0.7475 0.5037
vn 0.4239 -0.7492 0.5090
vn 0.0129 0.5474 -0.8368
vn -0.0463 0.6329 -0.7728
vn -0.1692 0.4853 -0.8578
vn -0.1018 0.4359 -0.8942
vn -0.2656 0.2208 -0.9385
vn -0.2408 0.1466 -0.9594
vn -0.3257 0.2539 -0.9107
vn -0.2154 0.2124 -0.9532
vn -0.1899 0.6539 -0.7323
vn -0.0604 0.6245 -0.7787
vn -0.0144 0.1230 -0.9923
vn -0.0922 0.1108 -0.9896
vn 0.0917 0.5454 -0.8332
vn 0.1989 0.4035 -0.8931
vn 0.0337 0.3305 -0.9432
vn -0.0466 0.8883 -0.4568
vn 0.0307 0.8331 -0.5523
vn -0.1014 0.8579 -0.5038
vn -0.2254 0.6302 -0.7430
vn -0.2725 0.4648 -0.8424
vn 0.0580 0.7346 -0.6761
vn -0.2632 0.6462 -0.7163
vn -0.4032 0.5965 -0.6940
vn -0.3799 0.5293 -0.7587
vn -0.3289 0.4906 -0.8070
vn -0.3585 0.4322 -0.8275
vn -0.2576 -0.0374 -0.9655
vn -0.1414 -0.2278 -0.9634
vn -0.3086 0.5591 -0.7696
vn -0.3918 0.3699 -0.8424
vn -0.4314 0.2247 -0.8737
vn -0.4721 0.2202 -0.8536
vn -0.4126 0.3784 -0.8286
vn -0.3742 0.3939 -0.8395
vn -0.3856 0.5363 -0.7508
vn -0.4067 0.6283 -0.6633
vn -0.4123 0.6901 -0.5948
vn -0.2624 0.2077 -0.9423
vn -0.1715 0.3560 -0.9186
vn -0.4304 0.6830 -0.5901
vn -0.3188 0.7056 -0.6329
vn -0.3434 0.7465 -0.5699
vn -0.2687 0.8699 -0.4137
vn -0.2832 0.5123 -0.8108
vn -0.0869 0.8327 -0.5468
vn -0.2084 0.4931 -0.8446
vn -0.2355 0.5005 -0.8331
vn 0.0551 0.5784 -0.8139
vn 0.0057 0.7478 -0.6639
vn 0.1328 0.8060 -0.5769
vn 0.0518 0.9054 -0.4214
vn 0.1781 0.6403 -0.7472
vn -0.3037 0.8666 -0.3960
vn -0.1138 0.9680 -0.2235
vn -0.4047 0.6318 -0.6611
vn -0.4616 0.6205 -0.6340
vn -0.3660 0.4520 -0.8135
vn -0.3708 0.5871 -0.7196
vn -0.1360 0.1430 -0.9803
vn -0.2401 0.4833 -0.8419
vn 0.0010 0.0837 -0.9965
vn -0.2414 0.4449 -0.8624
vn -0.1526 0.5655 -0.8105
vn -0.1156 0.3579 -0.9266
vn -0.0652 0.4918 -0.8682
vn 0.0133 0.5384 -0.8426
vn -0.1207 0.7020 -0.7019
vn -0.1053 0.7038 -0.7026
vn -0.0324 0.6950 -0.7183
vn -0.3978 0.6201 -0.6762
vn -0.4736 0.6473 -0.5972
vn -0.3079 0.7187 -0.6235
vn -0.2432 0.7130 -0.6576
vn -0.5316 0.6531 -0.5393
vn -0.4503 0.5937 -0.6669
vn -0.4362 0.6337 -0.6389
vn -0.3886 0.7107 -0.5865
vn -0.0939 0.8074 -0.5825
vn -0.0439 0.8597 -0.5089
vn -0.4056 0.6233 -0.6686
vn -0.1190 0.8447 -0.5218
vn -0.5581 0.6184 -0.5533
vn -0.4083 0.5811 -0.7040
vn -0.8264 0.5380 -0.1662
vn -0.8636 0.5024 -0.0432
vn -0.6783 0.5719 -0.4613
vn -0.4106 0.5734 -0.7090
vn -0.9000 0.3414 0.2710
vn -0.8732 0.3206 0.3670
vn -0.7381 0.0974 0.6676
vn -0.7124 0.0813 0.6971
vn -0.4122 -0.1298 0.9018
vn -0.4279 -0.1585 0.8898
vn -0.0882 -0.3030 0.9489
vn -0.1606 -0.3216 0.9332
vn 0.3305 -0.4446 0.8325
vn 0.7302 -0.4626 0.5028
vn 0.7425 -0.5124 0.4314
vn 0.3079 -0.4866 0.8176
vn 0.9131 -0.3881 0.1253
vn 0.9098 -0.3848 0.1553
vn 0.9084 -0.4103 0.0799
vn 0.9069 -0.4148 0.0737
vn 0.2228 -0.1716 0.9596
vn 0.2846 -0.2203 0.9330
vn 0.1861 -0.1551 0.9702
vn 0.0023 -0.1423 0.9898
vn 0.0843 -0.1524 0.9847
vn 0.2152 -0.3505 0.9115
vn 0.5120 -0.7136 0.4781
vn 0.1231 -0.2173 0.9683
vn 0.0242 -0.0471 0.9986
vn 0.5714 -0.8003 0.1818
vn 0.5330 -0.7185 0.4468
vn 0.5530 -0.7624 0.3361
vn 0.5670 -0.7946 0.2173
vn 0.5078 -0.5898 0.6280
vn 0.5798 -0.6853 0.4408
vn 0.5937 -0.6186 0.5147
vn 0.6248 -0.6910 0.3635
vn 0.6248 -0.7213 0.2988
vn 0.6331 -0.7373 0.2358
vn 0.1606 -0.0894 0.9830
vn 0.1177 -0.1258 0.9851
vn 0.0879 -0.1285 0.9878
vn 0.3038 -0.1352 0.9431
vn 0.2212 -0.2893 0.9313
vn 0.3445 -0.5110 0.7875
vn 0.3241 -0.0818 0.9425
vn 0.4659 -0.1086 0.8781
vn 0.2968 -0.2637 0.9178
vn 0.4005 -0.5129 0.7593
vn 0.2246 -0.2705 0.9362
vn 0.5263 -0.5888 0.6134
vn 0.3138 -0.2355 0.9198
vn -0.2089 0.7521 -0.6251
vn -0.1329 0.6111 -0.7803
vn -0.2931 0.5863 -0.7552
vn -0.3505 0.6923 -0.6308
vn 0.1939 0.4849 -0.8528
vn -0.0384 0.4901 -0.8708
vn -0.3246 0.4917 -0.8080
vn -0.4477 0.5518 -0.7036
vn -0.4988 0.6390 -0.5856
vn -0.0059 -0.3642 0.9313
vn 0.0864 -0.2645 0.9605
vn -0.0841 -0.4587 0.8846
vn 0.1658 -0.3462 0.9234
vn 0.2066 -0.2435 0.9476
vn 0.2032 -0.5432 0.8146
vn 0.3472 -0.6917 0.6333
vn 0.5273 -0.3319 0.7822
vn 0.3566 -0.3336 0.8727
vn 0.3556 -0.2519 0.9001
vn 0.5169 -0.2684 0.8129
vn 0.3357 0.3362 -0.8799
vn 0.1773 0.5066 -0.8437
vn 0.4764 0.2054 -0.8549
vn 0.2408 0.3723 -0.8963
vn 0.0116 0.6183 -0.7858
vn -0.0387 0.4877 -0.8721
vn 0.0862 -0.7615 0.6425
vn 0.2009 -0.7648 0.6121
vn 0.2870 -0.8025 0.5231
vn 0.5094 -0.6697 0.5404
vn 0.4080 -0.7004 0.5856
vn 0.3912 -0.7607 0.5179
vn -0.4143 0.6650 -0.6214
vn -0.2658 0.7030 -0.6597
vn -0.0866 0.6936 -0.7152
vn -0.3818 0.2985 -0.8747
vn -0.4059 0.2643 -0.8749
vn -0.3732 0.2286 -0.8992
vn 0.5201 -0.2348 0.8212
vn 0.3886 -0.1455 0.9099
vn 0.2560 -0.0960 0.9619
vn -0.4106 0.4704 -0.7811
vn -0.3958 0.2844 -0.8732
vn -0.2292 0.2005 -0.9525
vn -0.5258 0.8503 0.0250
vn -0.3964 0.9172 -0.0405
vn -0.4349 0.8576 -0.2746
vn -0.3051 0.9125 -0.2723
vn -0.1636 -0.9422 0.2923
vn -0.5718 -0.8202 0.0159
vn -0.1958 -0.8370 0.5110
vn -0.6529 -0.7196 0.2363
vn -0.8473 0.2761 -0.4538
vn -0.8412 0.0769 -0.5352
vn -0.8382 -0.4103 -0.3592
vn -0.9469 -0.2720 -0.1716
vn -0.1708 -0.6048 0.7778
vn -0.6725 -0.4634 0.5771
vn -0.1542 -0.3078 0.9389
vn -0.5528 -0.2148 0.8052
vn -0.9730 0.0417 0.2270
vn -0.7246 0.3071 0.6170
vn -0.6253 0.7583 0.1843
vn -0.8155 0.5485 -0.1847
vn -0.2890 0.7503 0.5946
vn -0.1945 0.2473 0.9492
vn -0.4287 0.8873 -0.1701
vn -0.2745 0.9616 -0.0045
vn -0.5448 0.7558 -0.3633
vn -0.6298 0.6251 -0.4610
vn -0.7163 0.4736 -0.5125
vn 0.5433 -0.4360 0.7175
vn 0.6356 -0.4606 0.6196
vn 0.7523 -0.4627 0.4690
vn 0.6725 -0.4421 0.5936
vn 0.7131 -0.4582 0.5305
vn 0.7348 -0.4908 0.4682
vn 0.9075 -0.3353 0.2531
vn 0.7740 -0.4409 0.4544
vn 0.7748 -0.4275 0.4657
vn 0.8805 -0.3250 0.3451
vn 0.5685 -0.3996 0.7191
vn 0.6372 -0.4069 0.6546
vn 0.5453 -0.3975 0.7380
vn 0.5850 -0.4050 0.7027
vn 0.6973 -0.4169 0.5830
vn 0.6401 -0.4013 0.6552
vn 0.7067 -0.3848 0.5937
vn 0.7405 -0.4213 0.5237
vn 0.7708 -0.3652 0.5220
vn 0.7581 -0.3808 0.5294
vn 0.5247 -0.4248 0.7377
vn 0.4520 -0.5704 0.6858
vn 0.3703 -0.5124 0.7748
vn 0.3395 -0.4139 0.8447
vn 0.3560 -0.5717 0.7392
vn 0.4549 -0.5965 0.6612
vn 0.6953 -0.5563 0.4550
vn 0.7152 -0.5602 0.4179
vn 0.7047 -0.5820 0.4059
vn 0.6465 -0.6104 0.4577
vn 0.8367 -0.4665 0.2869
vn 0.7534 -0.5341 0.3836
vn 0.5318 -0.6098 0.5876
vn 0.5353 -0.6130 0.5811
vn 0.6165 -0.4885 0.6175
vn 0.6703 -0.5311 0.5183
vn 0.5769 -0.6328 0.5164
vn 0.5936 -0.6187 0.5145
vn 0.6104 -0.6343 0.4744
vn 0.6782 -0.5476 0.4901
vn 0.6649 -0.5937 0.4532
vn 0.3181 -0.3230 0.8913
vn 0.3940 -0.1830 0.9007
vn 0.5316 -0.3424 0.7747
vn 0.5085 -0.3855 0.7700
vn 0.7511 -0.5135 0.4150
vn 0.8242 -0.4894 0.2847
vn 0.8303 -0.4146 0.3725
vn 0.7821 -0.4241 0.4566
vn 0.6725 -0.5082 0.5381
vn 0.6827 -0.5166 0.5167
vn 0.7367 -0.4384 0.5149
vn 0.7075 -0.4642 0.5330
vn 0.6514 -0.4487 0.6118
vn 0.6604 -0.4691 0.5864
vn 0.5592 -0.3025 0.7719
vn 0.4008 -0.1409 0.9053
vn 0.4133 -0.0127 0.9105
vn 0.6619 -0.1661 0.7310
vn 0.7075 -0.4303 0.5606
vn 0.7148 -0.4601 0.5267
vn 0.8692 0.0347 0.4933
vn 0.8873 0.0371 0.4596
vn 0.4025 0.6474 0.6472
vn 0.6674 0.6762 0.3121
vn -0.1389 0.8864 -0.4416
vn 0.0989 0.9206 -0.3778
vn 0.5830 0.8123 0.0138
vn 0.5531 0.8259 0.1095
vn 0.0148 0.9333 -0.3589
vn -0.1728 0.9425 -0.2862
vn -0.3596 0.5446 -0.7576
vn -0.1203 0.7897 -0.6016
vn -0.2807 0.5828 -0.7626
vn -0.2613 0.6615 -0.7029
vn -0.6424 0.6433 -0.4165
vn -0.5418 0.7225 -0.4296
vn -0.3152 0.8217 -0.4749
vn -0.5088 0.6917 -0.5126
vn -0.4482 0.5536 -0.7019
vn -0.4101 0.5779 -0.7056
vn -0.5037 0.5958 -0.6255
vn -0.5459 0.5577 -0.6252
vn -0.3493 0.5973 -0.7220
vn -0.4840 0.6158 -0.6217
vn -0.2883 0.5140 -0.8079
vn -0.4284 0.4988 -0.7534
vn -0.3870 0.4076 -0.8271
vn -0.5380 0.4129 -0.7349
vn -0.6528 0.5443 -0.5268
vn -0.6995 0.4776 -0.5316
vn -0.7135 0.5132 -0.4769
vn -0.7164 0.5551 -0.4226
vn -0.6487 0.6021 -0.4655
vn -0.6373 0.5405 -0.5492
vn -0.6190 0.6195 -0.4828
vn -0.5459 0.5489 -0.6330
vn -0.5853 0.5398 -0.6050
vn -0.6234 0.5627 -0.5429
vn -0.6611 0.5309 -0.5302
vn -0.3767 0.4542 -0.8073
vn -0.5055 0.5104 -0.6956
vn -0.4016 0.4383 -0.8041
vn -0.5507 0.4994 -0.6688
vn -0.6284 0.5467 -0.5534
vn -0.6445 0.5337 -0.5476
vn -0.6702 0.5393 -0.5099
vn -0.6545 0.5800 -0.4851
vn -0.6340 0.5821 -0.5091
vn -0.6734 0.5372 -0.5079
vn -0.5779 0.4239 -0.6974
vn -0.5562 0.4615 -0.6911
vn -0.4481 0.4068 -0.7961
vn -0.4622 0.3882 -0.7973
vn -0.3825 0.3748 -0.8445
vn -0.3791 0.3505 -0.8564
vn -0.6542 0.5042 -0.5637
vn -0.6735 0.4456 -0.5898
vn -0.6971 0.4676 -0.5436
vn -0.6779 0.5195 -0.5201
vn -0.4805 0.4868 -0.7295
vn -0.3892 0.5291 -0.7540
vn -0.4264 0.4610 -0.7782
vn -0.6198 0.4678 -0.6302
vn -0.6218 0.4516 -0.6398
vn -0.4556 0.5065 -0.7320
vn -0.5281 0.4759 -0.7032
vn -0.4897 0.4936 -0.7187
vn -0.4114 0.5032 -0.7600
vn -0.5477 0.4440 -0.7091
vn -0.5870 0.4336 -0.6837
vn -0.4985 0.4379 -0.7482
vn -0.5009 0.5088 -0.7002
vn -0.5538 0.5396 -0.6341
vn -0.4943 0.4572 -0.7393
vn -0.2348 0.5369 -0.8103
vn -0.3363 -0.3936 0.8555
vn -0.2915 -0.3157 0.9030
vn -0.2900 -0.2582 0.9215
vn -0.3037 -0.4187 0.8558
vn -0.2669 -0.5082 0.8188
vn -0.2644 -0.4342 0.8611
vn -0.3555 -0.4358 0.8269
vn -0.5779 -0.3510 0.7367
vn -0.9029 0.2210 -0.3687
vn -0.8157 0.3420 -0.4666
vn -0.8941 0.3306 -0.3022
vn -0.9610 0.1324 -0.2430
vn -0.7681 0.3478 -0.5376
vn -0.6826 0.5029 -0.5303
vn -0.9385 0.2203 -0.2657
vn -0.8500 0.3489 -0.3947
vn -0.9977 0.0654 -0.0171
vn -0.9883 0.1451 -0.0464
vn -0.8848 0.3546 -0.3024
vn -0.8498 0.3873 -0.3576
vn -0.1108 0.1661 -0.9799
vn -0.0602 -0.0209 -0.9980
vn 0.1917 0.5677 -0.8006
vn 0.1127 0.7242 -0.6803
vn -0.2864 0.0147 -0.9580
vn -0.2443 -0.0966 -0.9649
vn 0.1917 0.9610 -0.1993
vn 0.3905 0.8886 -0.2405
vn 0.2372 0.9082 -0.3448
vn -0.0170 0.9134 -0.4066
vn 0.2900 -0.7593 0.5826
vn 0.3206 -0.8468 0.4245
vn 0.3411 -0.6515 0.6776
vn 0.3374 -0.6779 0.6532
vn -0.2086 0.1708 -0.9630
vn -0.1708 0.0588 -0.9836
vn 0.0082 0.0613 -0.9981
vn -0.0168 0.2324 -0.9725
vn -0.2569 0.2411 -0.9359
vn -0.1371 0.4218 -0.8963
vn -0.3538 0.6087 -0.7101
vn -0.2455 0.7455 -0.6196
vn -0.3339 0.7565 -0.5624
vn -0.3083 0.7599 -0.5723
vn 0.5412 -0.6682 0.5105
vn 0.4500 -0.7179 0.5311
vn 0.3527 -0.9134 0.2031
vn 0.5026 -0.8292 0.2445
vn 0.5425 -0.6473 0.5355
vn 0.4836 -0.6800 0.5511
vn 0.4558 0.2620 0.8506
vn 0.4960 -0.0264 0.8679
vn 0.4204 0.3809 0.8235
vn 0.2964 0.3672 0.8817
vn 0.3788 0.2448 0.8925
vn 0.4906 -0.0904 0.8667
vn -0.4976 0.6189 -0.6078
vn -0.3693 0.4149 -0.8316
vn -0.4374 0.3704 -0.8195
vn -0.5790 0.4886 -0.6527
vn -0.8410 0.2106 0.4983
vn -0.6522 -0.0059 0.7580
vn -0.5413 0.2389 0.8062
vn -0.7663 0.4468 0.4617
vn -0.2189 -0.0274 0.9754
vn -0.3274 -0.2294 0.9166
vn 0.3740 -0.2709 0.8870
vn 0.2916 -0.4425 0.8480
vn 0.7824 -0.4283 0.4521
vn 0.8164 -0.2492 0.5210
vn 0.9177 -0.3188 0.2372
vn 0.9385 -0.3087 0.1546
vn 0.9611 -0.2104 0.1790
vn 0.9724 -0.2305 0.0358
vn 0.9251 -0.3409 0.1670
vn 0.8894 -0.3885 0.2408
vn 0.8072 -0.4497 0.3823
vn 0.8141 -0.4250 0.3958
vn 0.7933 -0.5981 0.1139
vn 0.7271 -0.5887 0.3532
vn 0.7186 -0.5792 0.3849
vn 0.7775 -0.5980 0.1948
vn 0.6825 -0.5502 0.4811
vn 0.6795 -0.5787 0.4509
vn 0.4191 0.1758 0.8907
vn 0.3470 0.1146 0.9308
vn 0.3839 -0.0564 0.9217
vn 0.4830 -0.0313 0.8751
vn 0.4277 -0.1410 0.8928
vn 0.5196 -0.1587 0.8396
vn 0.4232 -0.0074 0.9060
vn 0.4189 0.1103 0.9013
vn 0.6225 -0.4351 0.6505
vn 0.6340 -0.4194 0.6497
vn 0.5892 -0.4255 0.6869
vn 0.5940 -0.4068 0.6940
vn 0.5527 -0.4223 0.7184
vn 0.5464 -0.3725 0.7501
vn 0.5087 -0.4202 0.7514
vn 0.4307 -0.3531 0.8305
vn 0.6121 -0.3393 0.7143
vn 0.5858 -0.3594 0.7264
vn 0.6285 -0.4805 0.6117
vn 0.6272 -0.4832 0.6108
vn 0.5064 -0.2451 0.8267
vn 0.5809 -0.2409 0.7775
vn 0.4679 -0.4851 0.7387
vn 0.3633 -0.4962 0.7885
vn 0.5029 -0.4867 0.7143
vn 0.4137 -0.5362 0.7358
vn -0.3596 0.3948 -0.8455
vn -0.3977 0.3368 -0.8535
vn -0.3338 0.6592 -0.6738
vn -0.3454 0.6486 -0.6782
vn -0.4935 0.6030 -0.6267
vn -0.4274 0.6326 -0.6458
vn -0.5195 0.5200 -0.6780
vn -0.5654 0.5024 -0.6542
vn -0.4103 0.6389 -0.6507
vn -0.3697 0.6488 -0.6651
vn -0.3707 0.6532 -0.6602
vn -0.4606 0.5490 -0.6975
vn -0.4015 -0.1934 -0.8952
vn -0.2886 -0.1736 -0.9416
vn -0.4304 0.3194 -0.8442
vn -0.4458 0.3464 -0.8254
vn -0.4456 0.6024 -0.6622
vn -0.4309 0.3686 -0.8237
vn -0.4537 -0.1530 -0.8779
vn -0.3627 0.6728 -0.6448
vn -0.4327 0.5710 -0.6976
vn -0.5282 0.5793 -0.6208
vn -0.5761 0.4996 -0.6469
vn -0.5722 0.4275 -0.6999
vn -0.5732 0.4222 -0.7023
vn -0.5728 0.3991 -0.7160
vn -0.5573 0.4073 -0.7236
vn -0.4764 0.4442 -0.7588
vn -0.4323 0.4620 -0.7744
vn -0.4680 0.4431 -0.7646
vn -0.5037 0.4281 -0.7503
vn 0.5903 -0.4622 0.6618
vn 0.6615 -0.4351 0.6108
vn 0.6548 -0.4825 0.5817
vn 0.6457 -0.5042 0.5735
vn 0.6323 -0.5475 0.5481
vn 0.6157 -0.5309 0.5823
vn 0.4319 -0.5624 0.7051
vn 0.5062 -0.5156 0.6913
vn 0.6038 -0.5300 0.5954
vn 0.4725 -0.5370 0.6988
vn 0.5604 -0.5003 0.6600
vn 0.4502 -0.4786 0.7539
vn 0.3733 -0.4814 0.7930
vn 0.3547 -0.5122 0.7822
vn 0.4062 -0.5689 0.7151
vn 0.4787 -0.5483 0.6857
vn 0.4230 -0.5381 0.7290
vn 0.5256 -0.5913 0.6116
vn 0.3896 -0.6894 0.6107
vn 0.4134 -0.6212 0.6657
vn 0.4085 -0.6291 0.6613
vn 0.3323 -0.6716 0.6623
vn 0.3703 -0.5459 0.7516
vn 0.3236 -0.8495 0.4167
vn 0.1847 -0.8986 0.3981
vn 0.4348 -0.7629 0.4785
vn 0.1646 -0.8737 0.4577
vn -0.1309 -0.9667 0.2199
vn 0.0701 -0.9250 0.3734
vn 0.3800 -0.7121 0.5904
vn 0.5645 -0.6255 0.5386
vn -0.3249 0.7495 -0.5768
vn -0.3383 0.7453 -0.5745
vn -0.3211 0.7074 -0.6297
vn -0.3235 0.7017 -0.6348
vn 0.3641 -0.6839 0.6322
vn 0.2453 -0.7914 0.5599
vn -0.3462 0.6347 -0.6909
vn -0.3820 0.5335 -0.7546
vn -0.4159 0.5052 -0.7562
vn -0.3497 0.6177 -0.7044
vn -0.4467 0.5785 -0.6825
vn -0.4579 0.6534 -0.6027
vn -0.4544 0.4701 -0.7567
vn -0.4048 0.4922 -0.7706
vn -0.4455 0.5881 -0.6751
vn -0.4723 0.6530 -0.5921
vn 0.5506 -0.6206 0.5582
vn 0.5098 -0.6688 0.5411
vn 0.5700 -0.5625 0.5988
vn 0.5567 -0.6138 0.5597
vn -0.4417 0.6001 -0.6669
vn -0.4043 0.5044 -0.7630
vn -0.4629 0.6639 -0.5873
vn 0.5880 -0.5431 0.5995
vn 0.5865 -0.5610 0.5841
vn 0.6040 -0.4951 0.6246
vn 0.5854 -0.5109 0.6295
vn 0.5710 -0.5676 0.5931
vn 0.5578 -0.6385 0.5303
vn 0.5491 -0.5173 0.6564
vn 0.5133 -0.5167 0.6853
vn 0.5559 -0.5673 0.6076
vn 0.5501 -0.6442 0.5315
vn 0.5137 -0.5792 0.6329
vn 0.4873 -0.5082 0.7101
vn 0.4927 -0.6677 0.5580
vn -0.4165 0.4078 -0.8126
vn -0.4970 0.3932 -0.7735
vn -0.3696 0.3669 -0.8537
vn -0.4611 0.3711 -0.8060
vn -0.4521 0.4173 -0.7883
vn -0.3580 0.4497 -0.8183
vn -0.3607 0.4085 -0.8385
vn -0.3070 0.4319 -0.8481
vn -0.3740 0.4359 -0.8186
vn -0.3892 0.4464 -0.8058
vn 0.5895 -0.4733 0.6546
vn 0.5603 -0.5195 0.6451
vn 0.5448 -0.4912 0.6796
vn 0.5897 -0.4602 0.6637
vn 0.5146 -0.4432 0.7340
vn 0.4920 -0.4816 0.7253
vn 0.5391 -0.4693 0.6994
vn 0.5229 -0.4566 0.7197
vn -0.2753 0.4633 -0.8424
vn -0.2935 0.7513 -0.5911
vn -0.0769 0.5820 -0.8095
vn -0.0960 0.8396 -0.5347
vn 0.4607 -0.4816 0.7456
vn 0.4592 -0.4599 0.7600
vn -0.3044 0.7318 -0.6097
vn -0.3619 0.4635 -0.8089
vn -0.2028 0.8403 -0.5027
vn -0.4182 0.6415 -0.6431
vn -0.6140 0.7345 -0.2890
vn -0.6014 0.7883 -0.1300
vn -0.4337 0.8778 -0.2034
vn -0.3556 0.8311 -0.4276
vn -0.5622 0.7362 -0.3768
vn -0.5665 0.7139 -0.4115
vn 0.4803 0.0395 0.8762
vn 0.4787 -0.4068 0.7780
vn 0.3958 -0.4859 0.7793
vn 0.3825 0.0256 0.9236
vn -0.6055 0.7720 -0.1935
vn -0.6113 0.7537 -0.2414
vn -0.5731 0.6010 -0.5570
vn -0.4687 -0.2562 -0.8454
vn -0.3300 -0.2408 -0.9127
vn -0.5414 -0.2009 -0.8164
vn -0.5066 0.2451 -0.8266
vn -0.6008 0.2972 -0.7421
vn -0.2418 0.3056 -0.9210
vn 0.3714 -0.8300 0.4162
vn 0.2826 -0.8225 0.4936
vn 0.0506 0.4153 -0.9083
vn -0.1519 -0.1619 -0.9750
vn -0.3146 0.9146 -0.2540
vn -0.4745 0.5450 -0.6913
vn -0.4441 0.8560 -0.2647
vn -0.2584 0.8947 -0.3642
vn 0.0077 0.9998 -0.0193
vn 0.1491 0.8895 -0.4320
vn 0.3366 0.9392 -0.0682
vn -0.4919 -0.0370 -0.8699
vn -0.1901 0.5786 -0.7932
vn -0.3068 0.3913 -0.8676
vn -0.3009 0.3758 -0.8765
vn -0.2186 0.5119 -0.8307
vn -0.3513 0.3516 -0.8677
vn -0.3518 0.4514 -0.8201
vn 0.4091 0.8866 -0.2159
vn 0.4156 0.8414 -0.3455
vn -0.3431 0.3904 -0.8543
vn -0.2829 0.5954 -0.7520
vn -0.2855 0.5698 -0.7706
vn -0.3925 0.4160 -0.8203
vn -0.0986 0.6826 -0.7241
vn 0.1008 0.7986 -0.5934
vn 0.1317 0.8948 -0.4267
vn -0.2859 0.3522 -0.8912
vn -0.0845 0.9313 -0.3543
vn 0.5077 -0.1446 0.8493
vn 0.4806 -0.1309 0.8671
vn 0.4972 -0.2779 0.8219
vn 0.5206 -0.3469 0.7801
vn 0.5410 -0.4564 0.7064
vn 0.5169 -0.4280 0.7414
vn -0.5955 0.6002 -0.5340
vn -0.7467 0.6175 -0.2475
vn -0.5666 0.7851 -0.2501
vn -0.4309 0.7570 -0.4911
vn -0.5961 0.7061 -0.3822
vn -0.7840 0.5684 -0.2494
vn -0.5733 0.7375 -0.3570
vn -0.5013 0.6964 -0.5135
vn 0.0286 0.1092 -0.9936
vn -0.0678 0.0766 -0.9948
vn -0.3884 0.1800 -0.9037
vn -0.2489 0.3786 -0.8915
vn -0.7505 0.3670 -0.5497
vn -0.3474 0.2839 -0.8937
vn -0.5974 0.5167 -0.6132
vn -0.1139 0.0673 -0.9912
vn -0.0883 0.2136 -0.9729
vn -0.3007 0.4681 -0.8309
vn 0.0399 0.2447 -0.9688
vn -0.1538 0.5419 -0.8263
vn -0.6668 0.5853 -0.4613
vn -0.8728 0.4163 -0.2549
vn -0.8433 0.4634 -0.2723
vn 0.2372 -0.2350 0.9426
vn 0.6312 -0.4765 0.6119
vn 0.0564 -0.1202 0.9911
vn 0.1693 -0.0228 0.9853
vn 0.3021 -0.0231 0.9530
vn 0.6772 -0.3188 0.6631
vn 0.7960 -0.5682 0.2085
vn 0.8408 -0.5098 0.1820
vn 0.4549 -0.3782 0.8063
vn 0.5053 -0.4063 0.7613
vn 0.4887 -0.4752 0.7316
vn 0.4699 -0.3837 0.7950
vn 0.5248 -0.5102 0.6814
vn 0.5667 -0.3806 0.7308
vn 0.4303 -0.2332 0.8720
vn 0.4643 -0.3274 0.8230
vn 0.4625 -0.4154 0.7833
vn 0.3909 -0.2804 0.8767
vn 0.1749 0.0212 0.9844
vn 0.3294 0.1619 0.9302
vn 0.3851 -0.0008 0.9229
vn 0.3692 -0.1470 0.9176
vn 0.5085 -0.2122 0.8345
vn 0.4764 -0.2659 0.8380
vn 0.5228 -0.2965 0.7992
vn 0.5513 -0.3082 0.7753
vn 0.4840 -0.2978 0.8228
vn 0.6012 -0.3214 0.7316
vn 0.5649 -0.3430 0.7505
vn 0.4364 -0.2894 0.8519
vn 0.2881 -0.1511 0.9456
vn 0.4322 -0.8109 0.3945
vn 0.3928 -0.7705 0.5021
vn 0.3714 -0.7303 0.5734
vn 0.4181 -0.7460 0.5183
vn 0.5537 -0.2697 0.7878
vn 0.5849 -0.3356 0.7384
vn 0.5414 -0.6835 0.4896
vn 0.4585 -0.7657 0.4511
vn 0.5430 -0.7057 0.4551
vn 0.4625 -0.8109 0.3586
vn 0.4596 -0.7741 0.4354
vn 0.4806 -0.8476 0.2251
vn 0.4448 -0.8868 0.1250
vn 0.4556 -0.8252 0.3338
vn 0.4376 -0.8967 -0.0663
vn 0.3066 -0.9510 -0.0412
vn 0.3782 -0.9080 0.1805
vn 0.4820 -0.7438 0.4631
vn -0.4388 0.7080 -0.5534
vn -0.4570 0.7027 -0.5453
vn -0.4604 0.6607 -0.5929
vn -0.4347 0.6837 -0.5862
vn 0.3708 -0.8479 0.3790
vn 0.2376 -0.9674 0.0877
vn -0.4561 0.6927 -0.5587
vn -0.4388 0.6656 -0.6037
vn -0.4860 0.6799 -0.5490
vn -0.5154 0.6090 -0.6029
vn -0.4328 0.6465 -0.6283
vn -0.4577 0.4252 -0.7809
vn -0.4136 0.2207 -0.8833
vn -0.4579 0.6127 -0.6442
vn -0.5268 0.1717 -0.8325
vn -0.5383 0.4807 -0.6922
vn -0.5148 0.4271 -0.7434
vn -0.4419 0.1413 -0.8859
vn -0.5080 0.6518 -0.5631
vn -0.4784 0.6961 -0.5354
vn -0.4738 0.4296 -0.7687
vn -0.5176 0.4290 -0.7403
vn -0.5867 0.3516 -0.7295
vn -0.5310 0.3333 -0.7791
vn -0.5752 0.4857 -0.6582
vn -0.6428 0.4072 -0.6488
vn -0.6434 0.4234 -0.6378
vn -0.6125 0.3129 -0.7259
vn -0.5584 0.2644 -0.7864
vn -0.1855 0.2879 -0.9395
vn -0.3572 0.5858 -0.7275
vn -0.5262 0.4221 -0.7382
vn -0.5233 0.4230 -0.7398
vn -0.5654 0.5025 -0.6541
vn -0.4300 0.2761 -0.8596
vn -0.4910 0.2491 -0.8348
vn -0.5246 0.3714 -0.7660
vn -0.5531 0.4737 -0.6853
vn -0.4909 0.5382 -0.6851
vn -0.5715 0.3173 -0.7568
vn -0.6430 0.4337 -0.6312
vn 0.3430 -0.0222 0.9391
vn 0.2767 -0.0736 0.9581
vn 0.4784 -0.3755 0.7938
vn 0.3443 -0.4432 0.8277
vn -0.5312 0.4844 -0.6951
vn 0.5265 -0.7858 0.3246
vn 0.4695 -0.3928 0.7907
vn 0.3721 -0.3955 0.8397
vn 0.4184 -0.8427 0.3388
vn 0.4848 -0.8557 0.1809
vn 0.3015 -0.9269 0.2237
vn 0.2914 -0.9139 0.2827
vn 0.3267 -0.3853 0.8630
vn 0.1913 -0.0813 0.9782
vn 0.1955 -0.1241 0.9728
vn -0.5333 0.4409 -0.7219
vn -0.5423 0.5952 -0.5930
vn -0.4107 -0.0020 -0.9118
vn -0.3977 0.0694 -0.9149
vn 0.3790 -0.0287 0.9250
vn -0.2978 0.5303 -0.7938
vn -0.1897 0.1594 -0.9688
vn -0.4768 0.0561 -0.8772
vn -0.5742 0.4200 -0.7027
vn -0.2844 -0.1476 -0.9473
vn -0.4273 0.0697 -0.9014
vn -0.4205 -0.0364 -0.9066
vn -0.4472 -0.0573 -0.8926
vn -0.4279 0.0543 -0.9022
vn -0.5656 0.5069 -0.6505
vn -0.2170 0.4112 -0.8853
vn -0.2433 0.3272 -0.9131
vn -0.2634 0.4022 -0.8768
vn -0.5280 0.6092 -0.5917
vn -0.5167 0.5840 -0.6260
vn -0.5544 0.4631 -0.6915
vn -0.1057 0.0074 -0.9944
vn -0.2604 0.2667 -0.9279
vn -0.5269 0.4210 -0.7384
vn -0.6635 0.5368 -0.5211
vn -0.6132 0.6017 -0.5118
vn -0.6130 0.5469 -0.5702
vn -0.6408 0.4643 -0.6114
vn -0.6284 0.4576 -0.6290
vn -0.3662 0.3708 -0.8535
vn 0.6863 -0.5295 0.4985
vn 0.7014 -0.5822 0.4111
vn 0.6701 -0.5966 0.4416
vn 0.6432 -0.5649 0.5169
vn 0.5808 -0.5191 0.6270
vn 0.6261 -0.4133 0.6612
vn -0.5919 0.5099 -0.6242
vn 0.6149 -0.4776 0.6275
vn 0.6640 -0.5955 0.4521
vn 0.6524 -0.6101 0.4496
vn 0.6074 -0.4629 0.6456
vn 0.6802 -0.6841 0.2633
vn 0.6911 -0.6571 0.3011
vn 0.6889 -0.5623 0.4575
vn 0.6693 -0.7424 0.0296
vn 0.6870 -0.7266 -0.0057
vn 0.6451 -0.4163 0.6407
vn 0.5477 -0.4179 0.7248
vn 0.5824 -0.3174 0.7484
vn 0.4688 -0.2338 0.8518
vn 0.4527 -0.3494 0.8203
vn 0.4704 -0.1482 0.8699
vn 0.5880 -0.2623 0.7651
vn 0.3362 -0.0339 0.9412
vn 0.3712 -0.1197 0.9208
vn 0.3718 -0.2361 0.8978
vn 0.7064 -0.6414 0.2993
vn 0.7453 -0.6657 0.0366
vn 0.5753 -0.2850 0.7667
vn 0.4296 -0.2141 0.8773
vn 0.3158 -0.1687 0.9337
vn 0.1482 -0.2584 0.9546
vn 0.2648 -0.1431 0.9536
vn 0.3003 -0.3804 0.8747
vn 0.5075 -0.5146 0.6912
vn 0.4306 -0.4656 0.7732
vn -0.6258 0.5192 -0.5821
vn -0.5843 0.4724 -0.6598
vn -0.5259 0.4458 -0.7244
vn -0.4511 0.4277 -0.7833
vn -0.5729 0.3970 -0.7171
vn -0.5782 0.4219 -0.6983
vn -0.4737 0.3562 -0.8054
vn -0.4773 0.3345 -0.8126
vn -0.4398 0.3275 -0.8363
vn -0.4645 0.3530 -0.8122
vn -0.6833 0.4782 -0.5518
vn -0.6745 0.4843 -0.5572
vn -0.4688 0.3862 -0.7944
vn -0.5372 0.4066 -0.7390
vn -0.4851 0.4009 -0.7771
vn -0.4592 0.4050 -0.7906
vn -0.5477 0.4123 -0.7280
vn -0.5703 0.3769 -0.7298
vn -0.4722 0.3514 -0.8084
vn -0.5365 0.5011 -0.6790
vn -0.3897 0.7708 -0.5039
vn -0.4360 0.6082 -0.6633
vn -0.5177 0.6133 -0.5965
vn -0.3313 0.7195 -0.6103
vn -0.6422 0.5713 -0.5111
vn -0.5427 0.5933 -0.5946
vn -0.4858 0.4698 -0.7371
vn -0.4439 0.7072 -0.5503
vn -0.2220 0.6097 -0.7609
vn -0.2160 0.4129 -0.8848
vn -0.4604 0.4888 -0.7411
vn -0.4621 0.4404 -0.7697
vn -0.6765 0.5358 -0.5052
vn -0.6669 0.4953 -0.5567
vn 0.7996 -0.4118 0.4370
vn 0.9179 -0.3358 0.2114
vn 0.9529 -0.2827 0.1094
vn 0.8634 -0.3578 0.3557
vn 0.9122 -0.3444 0.2222
vn 0.9408 -0.3200 0.1119
vn -0.5330 0.4655 -0.7065
vn -0.2626 0.3607 -0.8950
vn -0.4522 0.3420 -0.8237
vn 0.7950 -0.4215 0.4363
vn 0.8994 -0.3860 0.2051
vn 0.8805 -0.4022 0.2508
vn 0.7746 -0.4503 0.4441
vn 0.9239 -0.3717 0.0913
vn 0.9278 -0.3727 0.0164
vn 0.7111 -0.4071 0.5732
vn 0.6790 -0.4407 0.5872
vn 0.5335 -0.5829 0.6129
vn 0.0201 -0.6033 0.7972
vn -0.1020 -0.5569 0.8243
vn 0.2712 -0.5591 0.7835
vn 0.6558 -0.4801 0.5826
vn 0.8394 -0.4463 0.3101
vn 0.8079 -0.3966 0.4358
vn 0.9342 -0.3388 0.1114
vn 0.9542 -0.2889 -0.0775
vn -0.9198 0.3458 0.1857
vn -0.7752 0.5381 0.3308
vn -0.8214 0.5699 0.0249
vn -0.9013 0.4109 -0.1373
vn -0.8475 0.5067 0.1581
vn -0.8501 0.5250 -0.0411
vn -0.8374 0.5372 -0.1011
vn -0.8989 0.3773 -0.2229
vn -0.9209 0.2902 -0.2602
vn -0.9478 0.2408 -0.2092
vn -0.9936 0.0928 0.0640
vn -0.6444 0.5267 -0.5543
vn -0.6857 0.6569 -0.3136
vn -0.9120 0.3903 -0.1259
vn -0.7558 0.6060 -0.2482
vn -0.8367 0.4123 -0.3604
vn -0.9309 0.2910 0.2206
vn 0.7758 -0.4302 0.4617
vn 0.7863 -0.3794 0.4877
vn 0.7442 -0.3554 0.5656
vn 0.7059 -0.4466 0.5498
vn 0.7476 -0.3941 0.5346
vn 0.7416 -0.3374 0.5798
vn -0.8243 0.3262 -0.4627
vn 0.6969 -0.4452 0.5623
vn 0.6813 -0.4022 0.6116
vn 0.5869 -0.5329 0.6095
vn 0.6359 -0.4387 0.6350
vn 0.6558 -0.5322 0.5355
vn 0.6671 -0.3543 0.6553
vn 0.6891 -0.3109 0.6546
vn 0.7372 -0.4931 0.4620
vn -0.6824 0.4892 -0.5431
vn -0.6597 0.4423 -0.6076
vn -0.6615 0.5085 -0.5513
vn -0.6593 0.5155 -0.5473
vn -0.6653 0.4511 -0.5948
vn -0.6523 0.4276 -0.6259
vn 0.6628 -0.3434 0.6654
vn -0.6634 0.4596 -0.5905
vn -0.6928 0.4664 -0.5500
vn -0.5909 0.4133 -0.6928
vn -0.6141 0.4196 -0.6685
vn -0.6177 0.4179 -0.6662
vn -0.6318 0.4128 -0.6560
vn -0.6303 0.4681 -0.6194
vn -0.6248 0.4314 -0.6508
vn -0.6589 0.4585 -0.5963
vn 0.4721 -0.1728 0.8645
vn 0.3544 0.0802 0.9317
vn 0.3959 -0.0458 0.9171
vn 0.5120 -0.2569 0.8196
vn 0.4152 -0.4522 0.7894
vn 0.3797 -0.4453 0.8109
vn 0.5915 0.2448 0.7682
vn 0.2011 0.6852 0.7001
vn 0.4501 0.0325 0.8924
vn 0.5017 -0.1816 0.8458
vn 0.2652 0.1234 0.9563
vn 0.0422 -0.6137 0.7884
vn 0.0639 -0.6340 0.7707
vn 0.2030 -0.1402 0.9691
vn 0.1266 -0.1529 0.9801
vn 0.2851 0.3349 0.8981
vn 0.1724 0.2747 0.9459
vn 0.1417 0.3172 0.9377
vn 0.1894 -0.1130 0.9754
vn 0.1687 -0.5903 0.7893
vn -0.0724 -0.8878 0.4546
vn -0.0406 -0.8819 0.4697
vn 0.1131 -0.8210 0.5597
vn 0.1361 0.5418 0.8294
vn 0.1254 0.5751 0.8084
vn 0.2266 0.3963 0.8897
vn 0.3556 0.1531 0.9220
vn 0.3965 -0.3716 0.8395
vn 0.4729 -0.3841 0.7930
vn 0.4382 -0.4329 0.7878
vn 0.4416 -0.3208 0.8379
vn 0.4635 -0.0204 0.8859
vn 0.3551 0.4952 0.7929
vn 0.4602 -0.3465 0.8174
vn 0.4200 -0.0637 0.9053
vn 0.3036 0.5835 0.7532
vn 0.4774 -0.1474 0.8662
vn 0.4917 -0.3642 0.7909
vn 0.2900 -0.0250 0.9567
vn 0.2010 0.0867 0.9757
vn 0.1742 0.1343 0.9755
vn 0.1000 0.1960 0.9755
vn 0.7879 -0.6028 0.1262
vn 0.6810 -0.7250 0.1030
vn 0.6940 -0.3405 0.6344
vn 0.6510 -0.4954 0.5752
vn 0.2372 -0.3115 0.9202
vn -0.0567 -0.0070 0.9984
vn 0.5359 -0.6786 0.5023
vn 0.3627 -0.0467 0.9307
vn 0.0970 -0.0718 0.9927
vn 0.3641 0.0679 0.9289
vn 0.6017 -0.7908 0.1125
vn -0.5205 0.3209 0.7913
vn -0.6984 0.0686 0.7124
vn -0.1916 -0.2842 0.9394
vn -0.1210 0.0081 0.9926
vn -0.8204 -0.2270 0.5247
vn -0.3478 -0.5023 0.7917
vn 0.1498 -0.6109 0.7774
vn 0.6090 -0.6110 0.5057
vn 0.6740 -0.5672 0.4733
vn 0.2735 -0.4965 0.8238
vn 0.3771 -0.2644 0.8876
vn 0.7849 -0.3329 0.5226
vn 0.9338 -0.3331 0.1306
vn 0.8612 -0.4779 0.1731
vn 0.8552 -0.4599 0.2391
vn -0.4584 0.7885 -0.4101
vn -0.1779 0.9507 -0.2539
vn -0.4105 0.6825 -0.6047
vn -0.0291 0.8282 -0.5597
vn -0.3992 0.5682 -0.7196
vn -0.2060 0.5944 -0.7774
vn -0.2827 0.5905 -0.7559
vn -0.3841 0.5767 -0.7210
vn -0.9210 0.3809 -0.0814
vn -0.7277 0.5305 -0.4348
vn -0.7200 0.5416 -0.4340
vn -0.9018 0.4288 -0.0530
vn -0.9266 0.2344 0.2942
vn -0.9431 0.2026 0.2635
vn -0.7551 -0.0477 0.6538
vn -0.7685 -0.0539 0.6376
vn -0.4735 -0.2866 0.8329
vn -0.4529 -0.2611 0.8525
vn -0.1709 -0.4115 0.8952
vn -0.1013 -0.3405 0.9348
vn 0.7402 -0.4906 0.4598
vn 0.3124 -0.4419 0.8409
vn 0.2827 -0.5355 0.7958
vn 0.7108 -0.5658 0.4178
vn 0.8842 -0.4637 0.0566
vn 0.8922 -0.4311 0.1345
vn 0.8719 -0.4833 0.0793
vn 0.8735 -0.4730 0.1150
vn 0.6674 -0.5644 0.4858
vn 0.7097 -0.5764 0.4050
vn 0.8403 0.1477 0.5216
vn 0.8833 -0.1478 0.4449
vn 0.7681 -0.5631 0.3049
vn 0.7846 -0.5296 0.3224
vn 0.2664 0.9603 0.0832
vn 0.4436 0.8913 -0.0937
vn -0.4028 0.6306 -0.6634
vn -0.0002 0.6157 -0.7880
vn -0.0707 0.6172 -0.7836
vn -0.4055 0.6049 -0.6853
vn 0.1565 0.6041 -0.7814
vn 0.1805 0.6773 -0.7133
vn -0.7357 0.5405 -0.4082
vn -0.7190 0.5673 -0.4014
vn -0.9136 0.4004 -0.0710
vn -0.8899 0.4512 -0.0669
vn -0.9240 0.2265 0.3082
vn -0.8975 0.2830 0.3383
vn -0.7358 0.0087 0.6771
vn -0.7037 0.0952 0.7041
vn -0.3864 -0.1884 0.9029
vn -0.3610 -0.0634 0.9304
vn -0.0254 -0.2673 0.9633
vn 0.0721 -0.1845 0.9802
vn 0.7730 -0.1903 0.6051
vn 0.4653 -0.2230 0.8566
vn 0.3425 -0.2820 0.8962
vn 0.7531 -0.3053 0.5827
vn -0.6060 0.6845 -0.4052
vn -0.2787 0.7293 -0.6248
vn -0.8109 0.5809 -0.0710
vn -0.6141 0.7889 -0.0224
vn -0.3841 0.8968 -0.2194
vn -0.0406 0.9236 -0.3812
vn -0.8253 0.4589 0.3292
vn -0.5746 0.7730 0.2687
vn -0.6362 0.3051 0.7086
vn -0.5043 0.6094 0.6118
vn 0.9000 -0.2979 0.3183
vn 0.9067 -0.1692 0.3864
vn -0.2707 0.2333 0.9340
vn -0.1329 0.6715 0.7290
vn 0.1814 0.1549 0.9711
vn 0.2686 0.6444 0.7159
vn -0.2176 0.9509 0.2201
vn 0.2081 0.9650 0.1598
vn 0.6187 0.6618 -0.4232
vn 0.3560 0.8194 -0.4492
vn 0.5607 0.8263 0.0527
vn 0.7791 0.6222 -0.0767
vn 0.6197 0.5355 0.5738
vn 0.8716 0.3677 0.3242
vn 0.5877 0.0189 0.8088
vn 0.8457 -0.0449 0.5318
vn 0.4143 0.7961 -0.4410
vn 0.1510 0.6678 -0.7289
vn 0.3469 0.6119 -0.7108
vn 0.9623 0.2010 0.1831
vn 0.8936 0.4406 -0.0854
vn 0.8310 0.4745 -0.2904
vn 0.9294 -0.0789 0.3606
vn 0.0140 0.5253 -0.8508
vn -0.0834 0.5236 -0.8479
vn 0.1911 0.4814 -0.8554
vn 0.1978 0.4885 -0.8499
vn -0.6556 0.3780 -0.6537
vn -0.4601 0.5290 -0.7131
vn -0.2143 0.5286 -0.8214
vn -0.2578 0.5197 -0.8145
vn -0.4269 0.3779 -0.8216
vn -0.4233 0.3521 -0.8348
vn -0.3547 0.3524 -0.8660
vn -0.3415 0.3805 -0.8594
vn -0.5223 0.3593 -0.7734
vn -0.5133 0.3897 -0.7646
vn -0.3971 0.4181 -0.8170
vn -0.4891 0.4249 -0.7617
vn -0.3189 0.4097 -0.8546
vn -0.3719 0.4398 -0.8175
vn -0.3080 0.4491 -0.8387
vn -0.4769 0.4320 -0.7655
vn -0.3068 0.4928 -0.8143
vn -0.3682 0.4615 -0.8071
vn -0.4780 0.4324 -0.7645
vn -0.3737 0.4176 -0.8282
vn -0.4495 0.4320 -0.7819
vn -0.2874 0.3901 -0.8748
vn -0.3245 0.3104 -0.8935
vn -0.3934 0.3301 -0.8581
vn -0.4512 0.3542 -0.8191
vn -0.3257 0.4779 -0.8158
vn -0.3417 0.4773 -0.8096
vn -0.3504 0.4362 -0.8288
vn -0.3201 0.4252 -0.8466
vn -0.3853 0.4337 -0.8145
vn -0.3742 0.4757 -0.7960
vn -0.3677 0.3604 -0.8572
vn -0.4077 0.3674 -0.8359
vn -0.3198 0.3624 -0.8754
vn -0.1568 0.3540 -0.9220
vn -0.2346 0.2919 -0.9272
vn 0.0787 0.2930 -0.9529
vn -0.0814 0.2697 -0.9595
vn -0.4308 0.3336 -0.8385
vn -0.3873 0.3195 -0.8648
vn -0.3302 0.3081 -0.8922
vn 0.3753 0.2006 -0.9049
vn 0.1956 0.2210 -0.9555
vn 0.4065 0.1800 -0.8957
vn 0.5204 0.1179 -0.8458
vn 0.5082 0.1202 -0.8528
vn 0.3613 0.1989 -0.9110
vn 0.2341 -0.2980 0.9254
vn 0.1294 -0.2477 0.9602
vn 0.1609 -0.2425 0.9567
vn 0.2234 -0.2860 0.9318
vn 0.2169 -0.2316 0.9483
vn 0.2112 -0.2850 0.9350
vn 0.2459 -0.4419 0.8627
vn 0.2747 -0.3758 0.8850
vn 0.2003 -0.3943 0.8969
vn 0.1974 -0.4710 0.8598
vn 0.3891 -0.4262 0.8167
vn 0.3399 -0.3777 0.8613
vn 0.3444 -0.2679 0.8998
vn 0.3308 -0.3552 0.8743
vn 0.5053 -0.3062 0.8068
vn 0.4901 -0.3980 0.7755
vn 0.6461 -0.3482 0.6792
vn 0.6299 -0.2880 0.7213
vn 0.6887 -0.3780 0.6187
vn 0.6625 -0.3343 0.6703
vn 0.3099 -0.4580 0.8332
vn 0.2224 -0.4696 0.8544
vn 0.4988 -0.4147 0.7611
vn 0.6336 -0.3535 0.6881
vn 0.6018 -0.3758 0.7047
vn 0.6064 -0.3279 0.7244
vn 0.6369 -0.3548 0.6844
vn 0.6634 -0.3075 0.6821
vn 0.6028 -0.3659 0.7091
vn 0.6484 -0.4233 0.6327
vn 0.6135 -0.3835 0.6903
vn 0.5417 -0.4632 0.7014
vn 0.5230 -0.4091 0.7477
vn 0.6254 -0.2681 0.7328
vn 0.6482 -0.3383 0.6822
vn 0.6155 -0.3570 0.7027
vn 0.5687 -0.3298 0.7536
vn 0.7032 -0.1788 0.6882
vn 0.6836 -0.2515 0.6851
vn 0.7464 -0.1250 0.6537
vn 0.7651 -0.1557 0.6248
vn 0.6718 -0.4105 0.6166
vn 0.5600 -0.4815 0.6742
vn 0.4748 -0.5309 0.7019
vn 0.6759 -0.4235 0.6032
vn 0.1154 -0.5882 0.8004
vn 0.0228 -0.5911 0.8062
vn -0.0340 -0.6196 0.7842
vn 0.3532 -0.5742 0.7386
vn 0.4196 -0.5586 0.7155
vn -0.0162 -0.5642 0.8255
vn 0.6368 -0.4214 0.6457
vn 0.5682 -0.4224 0.7062
vn -0.0468 -0.5942 0.8030
vn 0.2776 -0.5556 0.7838
vn -0.0144 -0.5381 0.8428
vn 0.2665 -0.5438 0.7958
vn 0.4794 -0.4389 0.7600
vn -0.4510 -0.5091 0.7331
vn -0.4469 -0.5085 0.7360
vn -0.4429 -0.5238 0.7276
vn -0.3772 -0.3532 0.8561
vn -0.3516 -0.4201 0.8366
vn -0.3658 -0.5036 0.7827
vn -0.3805 -0.5250 0.7613
vn -0.3700 -0.3174 0.8731
vn -0.7459 -0.3381 0.5739
vn -0.6677 -0.4195 0.6150
vn -0.9923 0.1068 -0.0619
vn -0.9910 0.1326 -0.0203
vn -0.3509 -0.4499 0.8212
vn -0.3356 -0.5087 0.7928
vn -0.1944 -0.5216 0.8307
vn -0.1581 -0.5777 0.8008
vn -0.6772 -0.2899 0.6763
vn -0.2942 -0.4793 0.8269
vn -0.2568 -0.4556 0.8523
vn -0.7248 -0.3043 0.6181
vn -0.6292 -0.3125 0.7117
vn -0.2909 -0.4997 0.8159
vn -0.8397 -0.1583 0.5195
vn -0.9321 -0.0136 0.3619
vn -0.9725 0.0410 0.2293
vn -0.9277 0.3270 -0.1804
vn -0.9347 0.3282 -0.1361
vn -0.9888 0.1022 0.1084
vn -0.8794 0.3879 -0.2761
vn -0.5396 0.3995 -0.7411
vn -0.5505 0.3759 -0.7454
vn -0.5794 0.3987 -0.7109
vn -0.5431 0.4120 -0.7316
vn -0.5216 0.4255 -0.7395
vn -0.5240 0.4265 -0.7372
vn -0.5280 0.4190 -0.7387
vn -0.5351 0.4093 -0.7390
vn -0.5246 0.4279 -0.7360
vn -0.5241 0.4063 -0.7485
vn -0.5515 0.4239 -0.7185
vn -0.5240 0.4295 -0.7355
vn -0.5262 0.3882 -0.7566
vn -0.5553 0.3947 -0.7320
vn -0.5431 0.4123 -0.7314
vn -0.5529 0.3988 -0.7316
vn -0.4941 0.4336 -0.7536
vn -0.4896 0.3761 -0.7867
vn -0.4679 0.3540 -0.8098
vn -0.5034 0.3738 -0.7790
vn -0.4460 0.3793 -0.8107
vn -0.4812 0.3928 -0.7837
vn -0.5157 0.4024 -0.7564
vn -0.5345 0.3875 -0.7511
vn 0.3691 -0.4245 0.8268
vn 0.4147 -0.4120 0.8114
vn 0.4166 -0.4908 0.7652
vn 0.3737 -0.5220 0.7667
vn -0.4210 0.4377 -0.7945
vn -0.4614 0.4391 -0.7709
vn -0.5048 0.4329 -0.7469
vn 0.4164 -0.1991 0.8871
vn 0.5405 -0.2197 0.8121
vn 0.4802 -0.2994 0.8245
vn 0.3932 -0.2842 0.8744
vn 0.4439 -0.2264 0.8670
vn 0.2587 -0.1614 0.9524
vn 0.3220 -0.2377 0.9164
vn 0.4846 -0.3178 0.8150
vn 0.4488 -0.3460 0.8239
vn 0.4956 -0.2236 0.8393
vn 0.4935 -0.4841 0.7226
vn 0.4202 -0.4626 0.7807
vn 0.4206 -0.5435 0.7264
vn 0.4602 -0.5387 0.7057
vn 0.3827 -0.3239 0.8652
vn 0.5065 -0.3872 0.7704
vn 0.5688 -0.4871 0.6628
vn 0.6225 -0.4433 0.6450
vn 0.6371 -0.3557 0.6838
vn 0.6266 -0.3037 0.7177
vn 0.5933 -0.2790 0.7550
vn -0.2973 0.4986 -0.8142
vn 0.1819 0.4890 -0.8531
vn -0.3160 0.4655 -0.8267
vn 0.1582 0.5099 -0.8456
vn -0.3117 0.4270 -0.8488
vn 0.0933 0.5051 -0.8580
vn -0.3047 0.3968 -0.8659
vn 0.4405 0.4942 -0.7495
vn 0.3092 0.5411 -0.7821
vn -0.2737 0.8186 -0.5050
vn -0.7038 0.6327 -0.3229
vn -0.3990 0.7606 -0.5122
vn -0.1514 0.7879 -0.5969
vn -0.6111 0.5890 -0.5288
vn -0.4320 0.6760 -0.5970
vn -0.0756 0.6921 -0.7179
vn -0.2492 0.6415 -0.7255
vn 0.1524 0.5351 -0.8309
vn -0.6775 0.4748 -0.5617
vn -0.4708 0.6182 -0.6294
vn -0.2503 0.7989 -0.5468
vn -0.1427 0.8118 -0.5662
vn -0.0390 0.8151 -0.5781
vn -0.0899 0.8232 -0.5606
vn -0.2849 0.7504 -0.5965
vn -0.2504 0.7774 -0.5769
vn -0.3318 0.6974 -0.6353
vn -0.2786 0.7492 -0.6009
vn 0.0941 0.2669 -0.9591
vn -0.1420 0.2977 -0.9440
vn 0.0058 0.3411 -0.9400
vn -0.1605 0.3702 -0.9150
vn -0.2569 0.3677 -0.8937
vn -0.2551 0.4056 -0.8777
vn -0.1736 0.4161 -0.8926
vn -0.1136 0.4227 -0.8991
vn -0.2583 0.3029 -0.9173
vn -0.8611 0.4086 -0.3027
vn -0.8563 0.4268 -0.2907
vn -0.9622 0.2559 -0.0937
vn -0.9466 0.3079 -0.0956
vn -0.5737 0.6745 -0.4646
vn -0.6483 0.6294 -0.4284
vn -0.7056 0.5735 -0.4162
vn -0.9076 0.3583 -0.2190
vn -0.9574 0.2546 -0.1361
vn -0.9859 0.1669 -0.0121
vn -0.9905 0.0540 0.1264
vn -0.8581 0.4931 -0.1429
vn -0.7281 0.5642 -0.3894
vn -0.9943 0.1067 -0.0084
vn -0.9985 -0.0014 0.0540
vn -0.8303 0.4805 -0.2823
vn -0.9439 0.3199 -0.0817
vn -0.9898 0.1253 0.0673
vn -0.9851 0.1715 0.0109
vn -0.9807 0.1838 0.0668
vn -0.9831 0.1448 0.1122
vn -0.9748 0.2227 0.0120
vn -0.9753 0.2199 0.0218
vn -0.9754 0.2043 0.0826
vn -0.9792 0.1875 0.0780
vn -0.9897 0.0637 0.1279
vn -0.9892 0.0920 0.1145
vn -0.9884 0.1351 0.0694
vn -0.9547 -0.1509 0.2565
vn -0.8566 0.1491 -0.4939
s 1
usemtl _17174_Tiamat_v1default
f 1//1 2//2 3//3 4//4
f 5//5 3//3 2//2 6//6
f 7//7 8//8 3//3 5//5
f 4//4 3//3 8//8 9//9
f 10//10 11//11 12//12 13//13
f 14//14 10//10 13//13 15//15
f 9//9 8//8 10//10 14//14
f 11//11 10//10 8//8 7//7
f 16//16 17//17 18//18 19//19
f 14//14 18//18 17//17 9//9
f 15//15 20//20 18//18 14//14
f 18//18 20//20 21//21
f 22//22 23//23 24//24 25//25
f 4//4 23//23 22//22 1//1
f 9//9 17//17 23//23 4//4
f 16//16 24//24 23//23 17//17
f 26//26 27//27 28//28 29//29
f 30//30 28//28 27//27 31//31
f 32//32 33//33 28//28 30//30
f 29//29 28//28 33//33 34//34
f 35//35 36//36 37//37 38//38
f 29//29 37//37 36//36 26//26
f 34//34 39//39 37//37 29//29
f 38//38 37//37 39//39 40//40
f 25//25 24//24 41//41 42//42
f 43//43 41//41 24//24 16//16
f 40//40 39//39 41//41 43//43
f 42//42 41//41 39//39 34//34
f 44//44 45//45 46//46 47//47
f 48//48 46//46 45//45 49//49
f 46//46 48//48 50//50
f 47//47 46//46 51//51 52//52
f 53//53 54//54 55//55 56//56
f 57//57 55//55 54//54 58//58
f 59//59 60//60 55//55 57//57
f 56//56 55//55 60//60 61//61
f 62//62 63//63 64//64 65//65
f 64//64 63//63 66//66 67//67
f 64//64 67//67 58//58 68//68
f 65//65 64//64 68//68 69//69
f 70//70 71//71 72//72 73//73
f 57//57 72//72 71//71 59//59
f 58//58 67//67 72//72 57//57
f 73//73 72//72 67//67 66//66
f 74//74 75//75 76//76 77//77
f 78//78 76//76 75//75 79//79
f 61//61 60//60 76//76 78//78
f 77//77 76//76 60//60 59//59
f 80//80 81//81 82//82 83//83
f 84//84 82//82 81//81 85//85
f 86//86 87//87 82//82 84//84
f 83//83 82//82 87//87 88//88
f 21//21 20//20 89//89 90//90
f 91//91 89//89 20//20 15//15
f 92//92 93//93 89//89 91//91
f 90//90 89//89 93//93 94//94
f 95//95 96//96 97//97 98//98
f 93//93 97//97 96//96 94//94
f 92//92 99//99 97//97 93//93
f 99//99 100//100 98//98
f 92//92 91//91 101//101 102//102
f 13//13 101//101 91//91 15//15
f 12//12 103//103 101//101 13//13
f 102//102 101//101 103//103 104//104
f 105//105 106//106 100//100
f 105//105 99//99 92//92 102//102
f 104//104 107//107 105//105 102//102
f 106//106 105//105 107//107 108//108
f 16//16 19//19 109//109 43//43
f 19//19 21//21 110//110
f 111//111 112//112 109//109 110//110
f 43//43 109//109 112//112 40//40
f 21//21 90//90 113//113 110//110
f 114//114 113//113 90//90 94//94
f 115//115 116//116 113//113 114//114
f 110//110 113//113 116//116 111//111
f 117//117 114//114 94//94
f 96//96 95//95 118//118
f 119//119 120//120 117//117 118//118
f 114//114 117//117 120//120 115//115
f 40//40 112//112 121//121 38//38
f 122//122 121//121 112//112 111//111
f 123//123 124//124 121//121 122//122
f 38//38 121//121 124//124 35//35
f 125//125 126//126 127//127 128//128
f 127//127 126//126 129//129 130//130
f 131//131 132//132 127//127 130//130
f 128//128 127//127 132//132 133//133
f 134//134 135//135 136//136
f 137//137 138//138 139//139 136//136
f 139//139 138//138 133//133 132//132
f 134//134 139//139 132//132 131//131
f 140//140 141//141 142//142
f 143//143 140//140 144//144 125//125
f 145//145 146//146 140//140 143//143
f 141//141 140//140 146//146 147//147
f 73//73 148//148 149//149 70//70
f 150//150 148//148 73//73 66//66
f 148//148 150//150 151//151
f 152//152 153//153 149//149
f 154//154 155//155 156//156 157//157
f 158//158 159//159 156//156 155//155
f 160//160 156//156 159//159 161//161
f 157//157 156//156 160//160 162//162
f 162//162 160//160 163//163 164//164
f 165//165 163//163 160//160 161//161
f 166//166 167//167 163//163 165//165
f 164//164 163//163 167//167 168//168
f 169//169 170//170 171//171 172//172
f 173//173 171//171 170//170 174//174
f 175//175 176//176 171//171 173//173
f 172//172 171//171 176//176 177//177
f 178//178 179//179 180//180 181//181
f 182//182 180//180 179//179 183//183
f 174//174 170//170 180//180 182//182
f 181//181 180//180 170//170 169//169
f 184//184 185//185 186//186 187//187
f 184//184 187//187 183//183 179//179
f 188//188 184//184 179//179 178//178
f 189//189 185//185 184//184 188//188
f 153//153 152//152 190//190 191//191
f 192//192 190//190 152//152 151//151
f 193//193 194//194 190//190 192//192
f 191//191 190//190 194//194 195//195
f 196//196 197//197 198//198 199//199
f 200//200 198//198 197//197 201//201
f 195//195 194//194 198//198 200//200
f 199//199 198//198 194//194 193//193
f 202//202 203//203 204//204 205//205
f 83//83 204//204 203//203 80//80
f 88//88 206//206 204//204 83//83
f 205//205 204//204 206//206 207//207
f 207//207 206//206 208//208 209//209
f 210//210 208//208 206//206 88//88
f 211//211 212//212 208//208 210//210
f 209//209 208//208 212//212 213//213
f 213//213 212//212 214//214 215//215
f 216//216 214//214 212//212 211//211
f 217//217 218//218 214//214 216//216
f 215//215 214//214 218//218 219//219
f 219//219 218//218 220//220 221//221
f 222//222 220//220 218//218 217//217
f 223//223 224//224 220//220 222//222
f 221//221 220//220 224//224 225//225
f 226//226 227//227 228//228
f 229//229 230//230 231//231
f 232//232 226//226 231//231 233//233
f 234//234 227//227 226//226
f 235//235 236//236 237//237 238//238
f 239//239 237//237 236//236 240//240
f 241//241 242//242 237//237 239//239
f 238//238 237//237 242//242 243//243
f 244//244 245//245 246//246 247//247
f 248//248 246//246 245//245 249//249
f 250//250 251//251 246//246 248//248
f 247//247 246//246 251//251 252//252
f 253//253 254//254 255//255 256//256
f 257//257 255//255 254//254 258//258
f 259//259 260//260 255//255 257//257
f 256//256 255//255 260//260 261//261
f 262//262 263//263 264//264 265//265
f 247//247 264//264 263//263 244//244
f 252//252 266//266 264//264 247//247
f 265//265 264//264 266//266 267//267
f 268//268 269//269 270//270 271//271
f 272//272 270//270 269//269 137//137
f 273//273 270//270 272//272 274//274
f 271//271 270//270 273//273 275//275
f 168//168 167//167 276//276 277//277
f 278//278 276//276 167//167 166//166
f 279//279 276//276 278//278 280//280
f 277//277 276//276 279//279 281//281
f 282//282 283//283 284//284 285//285
f 283//283 201//201 197//197
f 284//284 197//197 196//196
f 285//285 284//284 286//286 287//287
f 288//288 289//289 290//290 291//291
f 292//292 290//290 289//289 293//293
f 249//249 245//245 290//290 292//292
f 291//291 290//290 245//245 244//244
f 294//294 295//295 296//296 297//297
f 106//106 296//296 295//295 100//100
f 108//108 298//298 296//296 106//106
f 297//297 296//296 298//298 299//299
f 207//207 300//300 301//301 205//205
f 297//297 301//301 300//300 294//294
f 299//299 302//302 301//301 297//297
f 205//205 301//301 302//302 202//202
f 303//303 304//304 305//305 306//306
f 98//98 305//305 304//304 95//95
f 100//100 295//295 305//305 98//98
f 306//306 305//305 295//295 294//294
f 213//213 307//307 308//308 209//209
f 306//306 308//308 307//307 303//303
f 294//294 300//300 308//308 306//306
f 209//209 308//308 300//300 207//207
f 309//309 310//310 311//311
f 118//118 309//309 312//312 119//119
f 95//95 304//304 309//309 118//118
f 310//310 309//309 304//304 303//303
f 219//219 313//313 314//314 215//215
f 310//310 314//314 313//313 311//311
f 303//303 307//307 314//314 310//310
f 215//215 314//314 307//307 213//213
f 315//315 316//316 317//317 318//318
f 319//319 317//317 316//316 320//320
f 119//119 312//312 317//317 319//319
f 318//318 317//317 312//312 311//311
f 225//225 321//321 322//322 221//221
f 318//318 322//322 321//321 315//315
f 311//311 313//313 322//322 318//318
f 221//221 322//322 313//313 219//219
f 323//323 324//324 325//325 326//326
f 273//273 325//325 324//324 275//275
f 274//274 327//327 325//325 273//273
f 326//326 325//325 327//327 328//328
f 233//233 329//329 330//330 232//232
f 326//326 330//330 329//329 323//323
f 328//328 331//331 330//330 326//326
f 331//331 234//234 232//232
f 186//186 185//185 332//332 333//333
f 334//334 332//332 185//185 189//189
f 335//335 336//336 332//332 334//334
f 333//333 332//332 336//336 337//337
f 238//238 338//338 339//339 235//235
f 340//340 338//338 238//238 243//243
f 337//337 336//336 338//338 340//340
f 339//339 338//338 336//336 335//335
f 341//341 342//342 282//282
f 343//343 341//341 285//285 287//287
f 293//293 289//289 341//341 343//343
f 342//342 341//341 289//289 288//288
f 244//244 263//263 344//344 291//291
f 345//345 344//344 263//263 262//262
f 346//346 347//347 344//344 345//345
f 291//291 344//344 347//347 288//288
f 348//348 349//349 350//350 351//351
f 352//352 350//350 349//349 353//353
f 354//354 355//355 350//350 352//352
f 351//351 350//350 355//355 356//356
f 357//357 358//358 359//359 360//360
f 361//361 359//359 358//358 362//362
f 363//363 364//364 359//359 361//361
f 360//360 359//359 364//364 365//365
f 366//366 367//367 368//368 369//369
f 360//360 368//368 367//367 357//357
f 365//365 370//370 368//368 360//360
f 369//369 368//368 370//370 371//371
f 353//353 349//349 372//372 373//373
f 374//374 372//372 349//349 348//348
f 375//375 376//376 372//372 374//374
f 373//373 372//372 376//376 377//377
f 353//353 378//378 379//379 352//352
f 380//380 379//379 378//378 381//381
f 352//352 379//379 382//382 354//354
f 383//383 384//384 363//363
f 382//382 383//383 385//385 354//354
f 384//384 383//383 386//386 387//387
f 365//365 364//364 388//388 389//389
f 384//384 388//388 364//364 363//363
f 388//388 384//384 387//387
f 389//389 388//388 390//390 391//391
f 371//371 370//370 392//392 393//393
f 389//389 392//392 370//370 365//365
f 391//391 394//394 392//392 389//389
f 393//393 392//392 394//394 395//395
f 371//371 393//393 396//396 397//397
f 398//398 396//396 393//393 395//395
f 399//399 400//400 396//396 398//398
f 397//397 396//396 400//400 377//377
f 381//381 378//378 401//401 402//402
f 373//373 401//401 378//378 353//353
f 377//377 400//400 401//401 373//373
f 400//400 399//399 402//402
f 381//381 403//403 404//404 380//380
f 405//405 404//404 403//403 406//406
f 407//407 408//408 404//404 405//405
f 410//409 409//410 408//408 407//407
f 411//411 412//412 409//410 410//409
f 409//410 412//412 387//387 386//386
f 391//391 390//390 413//413 414//414
f 412//412 413//413 390//390 387//387
f 411//411 415//415 413//413 412//412
f 414//414 413//413 415//415 416//416
f 395//395 394//394 417//417 418//418
f 414//414 417//417 394//394 391//391
f 416//416 419//419 417//417 414//414
f 418//418 417//417 419//419 420//420
f 398//398 421//421 422//422 399//399
f 418//418 421//421 398//398 395//395
f 420//420 423//423 421//421 418//418
f 421//421 423//423 424//424 422//422
f 406//406 403//403 425//425 426//426
f 402//402 425//425 403//403 381//381
f 425//425 402//402 399//399
f 426//426 425//425 422//422 424//424
f 427//427 428//428 429//429 430//430
f 431//431 429//429 428//428 432//432
f 433//433 434//434 429//429 431//431
f 430//430 429//429 434//434 435//435
f 436//436 437//437 438//438
f 439//439 436//436 440//440 441//441
f 427//427 442//442 436//436 439//439
f 437//437 436//436 442//442 443//443
f 444//444 445//445 446//446 447//447
f 437//437 446//446 445//445 438//438
f 443//443 448//448 446//446 437//437
f 449//449 447//447 446//446
f 444//444 447//447 450//450 451//451
f 452//452 450//450 447//447 449//449
f 453//453 454//454 450//450 452//452
f 451//451 450//450 454//454 455//455
f 455//455 454//454 456//456 457//457
f 458//458 456//456 454//454 453//453
f 459//459 460//460 456//456 458//458
f 457//457 456//456 460//460 461//461
f 462//462 463//463 464//464
f 462//462 465//465 461//461 460//460
f 466//466 462//462 460//460 459//459
f 463//463 462//462 466//466 432//432
f 432//432 428//428 467//467 463//463
f 439//439 467//467 428//428 427//427
f 441//441 468//468 467//467
f 464//464 463//463 467//467 468//468
f 407//407 469//469 470//470 410//409
f 471//471 470//470 469//469 472//472
f 473//473 470//470 471//471 474//474
f 410//409 470//470 473//473 411//411
f 474//474 475//475 476//476 473//473
f 477//477 476//476 475//475 478//478
f 416//416 415//415 476//476 477//477
f 473//473 476//476 415//415 411//411
f 420//420 419//419 479//479 480//480
f 477//477 479//479 419//419 416//416
f 478//478 481//481 479//479 477//477
f 480//480 479//479 481//481 482//482
f 424//424 423//423 483//483 484//484
f 480//480 483//483 423//423 420//420
f 482//482 485//485 483//483 480//480
f 484//484 483//483 485//485 486//486
f 424//424 484//484 487//487 426//426
f 487//487 484//484 486//486 488//488
f 489//489 490//490 487//487 488//488
f 426//426 487//487 490//490 406//406
f 472//472 469//469 491//491 492//492
f 405//405 491//491 469//469 407//407
f 406//406 490//490 491//491 405//405
f 492//492 491//491 490//490 489//489
f 474//474 471//471 493//493 494//494
f 495//495 493//493 471//471 472//472
f 493//493 495//495 496//496
f 494//494 493//493 497//497 498//498
f 438//438 445//445 499//499 500//500
f 501//501 499//499 445//445 444//444
f 502//502 503//503 499//499 501//501
f 500//500 499//499 503//503 504//504
f 505//505 506//506 507//507 508//508
f 509//509 510//510 508//508
f 478//478 475//475 511//511 512//512
f 494//494 511//511 475//475 474//474
f 498//498 506//506 511//511 494//494
f 512//512 511//511 506//506 505//505
f 501//501 513//513 509//509 502//502
f 444//444 451//451 513//513 501//501
f 514//514 513//513 451//451 455//455
f 509//509 513//513 514//514 510//510
f 482//482 481//481 515//515 516//516
f 512//512 515//515 481//481 478//478
f 505//505 517//517 515//515 512//512
f 516//516 515//515 517//517 518//518
f 486//486 485//485 519//519 520//520
f 516//516 519//519 485//485 482//482
f 518//518 521//521 519//519 516//516
f 520//520 519//519 521//521 522//522
f 523//523 504//504 503//503
f 497//497 496//496 523//523
f 525//524 526//525 527//526 528//527
f 514//514 527//526 526//525 510//510
f 455//455 457//457 527//526 514//514
f 528//527 527//526 457//457 461//461
f 529//528 530//529 531//530
f 532//531 529//528 533//532 534//533
f 525//524 535//534 529//528 532//531
f 535//534 536//535 530//529
f 528//527 537//536 535//534 525//524
f 537//536 528//527 461//461 465//465
f 441//441 540//537 538//538 468//468
f 540//537 541//539 539//540
f 441//441 440//440 542//541 540//537
f 440//440 438//438 500//500
f 504//504 543//542 542//541 500//500
f 540//537 542//541 543//542 541//539
f 544//543 545//544 541//539
f 546//545 544//543 543//542 504//504
f 547//546 548//547 544//543 546//545
f 545//544 544//543 548//547 549//548
f 549//548 548//547 550//549 551//550
f 552//551 550//549 548//547 547//546
f 553//552 554//553 550//549 552//551
f 551//550 550//549 554//553 555//554
f 556//555 557//556 558//557
f 556//555 559//558 560//559
f 561//560 557//556 556//555 562//561
f 561//560 563//562 564//563 557//556
f 551//550 564//563 563//562 549//548
f 555//554 565//564 564//563 551//550
f 557//556 564//563 565//564 558//557
f 566//565 567//566 568//567 569//568
f 567//566 570//569 571//570
f 568//567 571//570 572//571
f 569//568 568//567 573//572 574//573
f 575//574 576//575 577//576 578//577
f 575//574 560//559 579//578
f 569//568 576//575 579//578 566//565
f 574//573 577//576 576//575 569//568
f 578//577 577//576 580//579 581//580
f 582//581 580//579 577//576 574//573
f 583//582 584//583 580//579 582//581
f 581//580 580//579 584//583 585//584
f 586//585 587//586 588//587 589//588
f 590//589 588//587 587//586 591//590
f 588//587 590//589 531//530 530//529
f 530//529 536//535 589//588
f 592//591 593//592 594//593
f 589//588 592//591 595//594 586//585
f 536//535 539//540 592//591 589//588
f 593//592 592//591 539//540 541//539
f 586//585 595//594 596//595 598//596
f 599//597 600//598 594//593
f 545//544 599//597 593//592 541//539
f 549//548 563//562 599//597 545//544
f 600//598 599//597 563//562 561//560
f 601//599 600//598 561//560
f 562//561 560//559 602//600
f 602//600 603//601 604//602
f 600//598 601//599 604//602 594//593
f 605//603 606//604 604//602 603//601
f 607//605 606//604 605//603 608//606
f 603//601 602//600 609//607 610//608
f 575//574 609//607 602//600 560//559
f 578//577 611//609 609//607 575//574
f 610//608 609//607 611//609 612//610
f 613//611 614//612 615//613 616//614
f 610//608 615//613 614//612 603//601
f 612//610 617//615 615//613 610//608
f 616//614 615//613 617//615 618//616
f 619//617 620//618 621//619 622//620
f 620//618 585//584 623//621
f 624//622 621//619 623//621 625//623
f 626//624 622//620 621//619 624//622
f 627//625 628//626 612//610
f 581//580 627//625 611//609 578//577
f 627//625 581//580 585//584
f 619//617 628//626 627//625 620//618
f 626//624 624//622 629//627 630//628
f 625//623 631//629 629//627 624//622
f 632//630 629//627 631//629 608//606
f 633//631 630//628 629//627 632//630
f 634//632 635//633 636//634 637//635
f 618//616 617//615 636//634 635//633
f 617//615 612//610 628//626
f 637//635 636//634 628//626 619//617
f 608//606 605//603 638//636 632//630
f 614//612 638//636 605//603 603//601
f 613//611 639//637 638//636 614//612
f 632//630 638//636 639//637 633//631
f 640//638 641//639 633//631
f 639//637 613//611 616//614
f 618//616 635//633 640//638 616//614
f 641//639 640//638 635//633 634//632
f 642//640 641//639 634//632
f 637//635 619//617 622//620
f 642//640 622//620 626//624
f 630//628 633//631 641//639
f 643//641 644//642 645//643 646//644
f 77//77 645//643 644//642 74//74
f 59//59 71//71 645//643 77//77
f 646//644 645//643 71//71 70//70
f 70//70 149//149 647//645 646//644
f 648//646 647//645 149//149 153//153
f 649//647 650//648 647//645 648//646
f 646//644 647//645 650//648 643//641
f 643//641 650//648 651//649 652//650
f 653//651 651//649 650//648 649//647
f 654//652 655//653 651//649 653//651
f 652//650 651//649 655//653 656//654
f 648//646 657//655 658//656 649//647
f 191//191 657//655 648//646 153//153
f 195//195 659//657 657//655 191//191
f 660//658 658//656 657//655 659//657
f 654//652 653//651 661//659 662//660
f 649//647 658//656 661//659 653//651
f 660//658 663//661 661//659 658//656
f 662//660 661//659 663//661 664//662
f 659//657 665//663 666//664 660//658
f 200//200 665//663 659//657 195//195
f 200//200 201//201 667//665
f 665//663 667//665 668//666
f 669//667 663//661 660//658 666//664
f 670//668 669//667 666//664 668//666
f 671//669 669//667 670//668 672//670
f 664//662 663//661 669//667 671//669
f 673//671 674//672 675//673 676//674
f 675//673 674//672 282//282
f 288//288 347//347 675//673 342//342
f 676//674 675//673 347//347 346//346
f 677//675 674//672 673//671
f 678//676 668//666 667//665
f 677//675 667//665 201//201
f 283//283 282//282 674//672
f 668//666 678//676 679//677 670//668
f 673//671 680//678 679//677 678//676
f 681//679 679//677 680//678 682//680
f 672//670 670//668 679//677 681//679
f 74//74 644//642 683//681 684//682
f 652//650 683//681 644//642 643//641
f 656//654 685//683 683//681 652//650
f 684//682 683//681 685//683 686//684
f 687//685 684//682 686//684 688//686
f 689//687 687//685 688//686 690//688
f 79//79 75//75 687//685 689//687
f 684//682 687//685 75//75 74//74
f 691//689 692//690 693//691 694//692
f 695//693 692//690 691//689 696//694
f 690//688 688//686 692//690 695//693
f 693//691 692//690 688//686 686//684
f 697//695 698//696 685//683 656//654
f 699//697 700//698 698//696 697//695
f 685//683 698//696 700//698 686//684
f 694//692 693//691 701//699 702//700
f 701//699 693//691 686//684
f 703//701 701//699 700//698 699//697
f 702//700 701//699 703//701 704//702
f 705//703 706//704 707//705 708//706
f 697//695 706//704 705//703 699//697
f 656//654 655//653 706//704 697//695
f 707//705 706//704 655//653 654//652
f 709//707 710//708 711//709 712//710
f 702//700 711//709 710//708 694//692
f 704//702 713//711 711//709 702//700
f 712//710 711//709 713//711 714//712
f 714//712 715//713 716//714 712//710
f 11//11 716//714 715//713 12//12
f 7//7 717//715 716//714 11//11
f 712//710 716//714 717//715 709//707
f 718//716 719//717 720//718 721//719
f 704//702 703//701 718//716 721//719
f 699//697 705//703 718//716 703//701
f 718//716 705//703 708//706 719//717
f 721//719 722//720 713//711 704//702
f 720//718 723//721 722//720 721//719
f 714//712 713//711 722//720 723//721
f 12//12 715//713 724//722 103//103
f 725//723 724//722 715//713 714//712
f 726//724 727//725 724//722 725//723
f 104//104 103//103 724//722 727//725
f 708//706 707//705 728//726 729//727
f 662//660 728//726 707//705 654//652
f 664//662 730//728 728//726 662//660
f 729//727 728//726 730//728 731//729
f 732//730 733//731 726//724 725//723
f 723//721 732//730 725//723 714//712
f 720//718 734//732 732//730 723//721
f 733//731 732//730 734//732 735//733
f 735//733 734//732 736//734 737//735
f 719//717 736//734 734//732 720//718
f 729//727 736//734 719//717 708//706
f 737//735 736//734 729//727 731//729
f 731//729 730//728 738//736 739//737
f 671//669 738//736 730//728 664//662
f 672//670 740//738 738//736 671//669
f 739//737 738//736 740//738 741//739
f 731//729 739//737 742//740 737//735
f 743//741 742//740 739//737 741//739
f 744//742 745//743 742//740 743//741
f 737//735 742//740 745//743 735//733
f 726//724 733//731 746//744 747//745
f 745//743 746//744 733//731 735//733
f 748//746 746//744 745//743 744//742
f 746//744 748//746 749//747 747//745
f 108//108 107//107 750//748 751//749
f 727//725 750//748 107//107 104//104
f 726//724 747//745 750//748 727//725
f 751//749 750//748 747//745 749//747
f 752//750 753//751 754//752 755//753
f 743//741 754//752 753//751 744//742
f 741//739 756//754 754//752 743//741
f 755//753 754//752 756//754 757//755
f 741//739 740//738 758//756 756//754
f 681//679 758//756 740//738 672//670
f 682//680 759//757 758//756 681//679
f 756//754 758//756 759//757 757//755
f 744//742 753//751 760//758 748//746
f 761//759 760//758 753//751 752//750
f 748//746 760//758 761//759 749//747
f 682//680 680//678 762//760 763//761
f 676//674 762//760 680//678 673//671
f 346//346 764//762 762//760 676//674
f 763//761 762//760 764//762 765//763
f 299//299 298//298 766//764 767//765
f 751//749 766//764 298//298 108//108
f 749//747 768//766 766//764 751//749
f 767//765 766//764 768//766 769//767
f 763//761 770//768 759//757 682//680
f 770//768 763//761 765//763
f 757//755 759//757 770//768 771//769
f 769//767 768//766 772//770 773//771
f 761//759 772//770 768//766 749//747
f 752//750 774//772 772//770 761//759
f 773//771 772//770 774//772 775//773
f 775//773 774//772 776//774 777//775
f 755//753 776//774 774//772 752//750
f 757//755 771//769 776//774 755//753
f 777//775 776//774 771//769 765//763
f 765//763 764//762 778//776 779//777
f 345//345 778//776 764//762 346//346
f 262//262 780//778 778//776 345//345
f 779//777 778//776 780//778 781//779
f 202//202 302//302 782//780 783//781
f 767//765 782//780 302//302 299//299
f 769//767 784//782 782//780 767//765
f 783//781 782//780 784//782 785//783
f 785//783 784//782 786//784 787//785
f 773//771 786//784 784//782 769//767
f 775//773 788//786 786//784 773//771
f 787//785 786//784 788//786 789//787
f 789//787 788//786 790//788 791//789
f 777//775 790//788 788//786 775//773
f 765//763 779//777 790//788 777//775
f 791//789 790//788 779//777 781//779
f 792//790 793//791 781//779 780//778
f 265//265 792//790 780//778 262//262
f 267//267 794//792 792//790 265//265
f 795//793 793//791 792//790 794//792
f 80//80 203//203 796//794 797//795
f 783//781 796//794 203//203 202//202
f 785//783 798//796 796//794 783//781
f 797//795 796//794 798//796 799//797
f 799//797 798//796 800//798 801//799
f 787//785 800//798 798//796 785//783
f 789//787 802//800 800//798 787//785
f 801//799 800//798 802//800 803//801
f 803//801 802//800 804//802 805//803
f 791//789 804//802 802//800 789//787
f 781//779 793//791 804//802 791//789
f 805//803 804//802 793//791 795//793
f 81//81 806//804 807//805 85//85
f 797//795 806//804 81//81 80//80
f 799//797 808//806 806//804 797//795
f 807//805 806//804 808//806 809//807
f 495//495 810//808 811//809 496//496
f 495//495 472//472 492//492
f 810//808 492//492 489//489
f 811//809 810//808 812//810 813//811
f 814//812 815//813 816//814 817//815
f 552//551 816//814 815//813 553//552
f 547//546 818//816 816//814 552//551
f 817//815 816//814 818//816 813//811
f 819//817 812//810 489//489
f 520//520 819//817 488//488 486//486
f 522//522 820//818 819//817 520//520
f 812//810 819//817 820//818 813//811
f 546//545 821//819 818//816 547//546
f 523//523 821//819 546//545 504//504
f 496//496 811//809 821//819 523//523
f 818//816 821//819 811//809 813//811
f 822//820 823//821 824//822
f 825//823 813//811 826//824
f 822//820 826//824 827//825
f 828//826 829//827 823//821
f 829//827 828//826 830//828 831//829
f 832//830 830//828 828//826 827//825
f 833//831 834//832 830//828 832//830
f 834//832 835//833 831//829
f 836//834 837//835 838//836 839//837
f 840//838 838//836 837//835 841//839
f 842//840 843//841 838//836 840//838
f 844//842 839//837 838//836 843//841
f 845//843 846//844 847//845 848//846
f 849//847 847//845 846//844 850//848
f 851//849 852//850 847//845 849//847
f 848//846 847//845 852//850 853//851
f 853//851 852//850 854//852 855//853
f 856//854 854//852 852//850 851//849
f 857//855 858//856 854//852 856//854
f 855//853 854//852 858//856 859//857
f 860//858 861//859 862//860 863//861
f 848//846 862//860 861//859 845//843
f 853//851 864//862 862//860 848//846
f 863//861 862//860 864//862 865//863
f 866//864 867//865 868//866
f 863//861 866//864 869//867 860//858
f 866//864 863//861 865//863
f 867//865 866//864 870//868 871//869
f 865//863 864//862 872//870 873//871
f 855//853 872//870 864//862 853//851
f 859//857 874//872 872//870 855//853
f 873//871 872//870 874//872 875//873
f 875//873 874//872 876//874 877//875
f 878//876 876//874 874//872 859//857
f 85//85 807//805 876//874 878//876
f 877//875 876//874 807//805 809//807
f 879//877 880//878 881//879 882//880
f 883//881 881//879 880//878 884//882
f 868//866 885//883 881//879 883//881
f 882//880 881//879 885//883 886//884
f 809//807 808//806 887//885 888//886
f 801//799 887//885 808//806 799//797
f 803//801 889//887 887//885 801//799
f 888//886 887//885 889//887 890//888
f 891//889 892//890 893//891 894//892
f 891//889 795//793 794//792
f 895//893 892//890 794//792 267//267
f 893//891 892//890 895//893 896//894
f 890//888 889//887 897//895 898//896
f 805//803 897//895 889//887 803//801
f 795//793 891//889 897//895 805//803
f 898//896 897//895 891//889 894//892
f 899//897 893//891 896//894
f 571//570 899//897 900//898 572//571
f 901//899 899//897 571//570 570//569
f 899//897 901//899 894//892
f 902//900 903//901 875//873
f 888//886 902//900 877//875 809//807
f 890//888 904//902 902//900 888//886
f 904//902 905//903 903//901
f 870//868 865//863 873//871
f 875//873 903//901 906//904 873//871
f 867//865 907//905 885//883 868//866
f 908//906 909//907 910//908
f 910//908 911//909 912//910
f 909//907 908//906 914//911 915//912
f 916//913 914//911 908//906 905//903
f 914//911 916//913 917//914
f 915//912 914//911 918//915 919//916
f 917//914 920//917 921//918 918//915
f 901//899 921//918 920//917 894//892
f 570//569 922//919 921//918 901//899
f 918//915 921//918 922//919 919//916
f 898//896 923//920 904//902 890//888
f 894//892 920//917 923//920 898//896
f 917//914 916//913 923//920 920//917
f 916//913 905//903 904//902
f 435//435 924//921 925//922 430//430
f 926//923 927//924 925//922 924//921
f 443//443 442//442 925//922 927//924
f 430//430 925//922 442//442 427//427
f 928//925 929//926 930//927 931//928
f 433//433 431//431 930//927 929//926
f 432//432 466//466 930//927 431//431
f 459//459 931//928 930//927 466//466
f 932//929 933//930 934//931 935//932
f 452//452 934//931 933//930 453//453
f 449//449 936//933 934//931 452//452
f 935//932 934//931 936//933 937//934
f 448//448 938//935 936//933 449//449
f 927//924 938//935 448//448 443//443
f 926//923 939//936 938//935 927//924
f 936//933 938//935 939//936 937//934
f 928//925 931//928 940//937 941//938
f 458//458 940//937 931//928 459//459
f 453//453 933//930 940//937 458//458
f 941//938 940//937 933//930 932//929
f 942//939 943//940 944//941 945//942
f 941//938 944//941 943//940 928//925
f 932//929 935//932 944//941 941//938
f 944//941 935//932 937//934
f 926//923 924//921 946//943 939//936
f 946//943 924//921 435//435
f 946//943 947//944 942//939
f 939//936 946//943 945//942 937//934
f 942//939 947//944 948//945 943//940
f 435//435 434//434 948//945
f 433//433 929//926 948//945 434//434
f 943//940 948//945 929//926 928//925
f 374//374 949//946 950//947 375//375
f 351//351 949//946 374//374 348//348
f 356//356 951//948 949//946 351//351
f 950//947 949//946 951//948 362//362
f 362//362 951//948 952//949 361//361
f 356//356 355//355 952//949 951//948
f 354//354 385//385 952//949 355//355
f 361//361 952//949 385//385 363//363
f 357//357 367//367 953//950 358//358
f 954//951 953//950 367//367 366//366
f 953//950 954//951 375//375
f 362//362 358//358 953//950 950//947
f 366//366 369//369 955//952 954//951
f 397//397 955//952 369//369 371//371
f 377//377 376//376 955//952 397//397
f 954//951 955//952 376//376 375//375
f 886//884 912//910 956//953 882//880
f 957//954 956//953 912//910 911//909
f 958//955 959//956 956//953 957//954
f 882//880 956//953 959//956 879//877
f 553//552 815//813 960//957 961//958
f 962//959 960//957 815//813 814//812
f 963//960 964//961 960//957 962//959
f 961//958 960//957 964//961 965//962
f 966//963 967//964 968//965 969//966
f 957//954 968//965 967//964 958//955
f 911//909 910//908 968//965 957//954
f 910//908 909//907 969//966
f 965//962 964//961 970//967 971//968
f 972//969 970//967 964//961 963//960
f 958//955 967//964 970//967 972//969
f 971//968 970//967 967//964 966//963
f 566//565 579//578 973//970 974//971
f 559//558 973//970 579//578 560//559
f 558//557 975//972 973//970 559//558
f 974//971 973//970 975//972 976//973
f 977//974 976//973 978//975
f 969//966 979//976 978//975 966//963
f 979//976 969//966 909//907
f 977//974 979//976 915//912 919//916
f 980//977 981//978 982//979 983//980
f 971//968 982//979 981//978 965//962
f 966//963 978//975 982//979 971//968
f 976//973 983//980 982//979 978//975
f 919//916 922//919 984//981 977//974
f 567//566 984//981 922//919 570//569
f 567//566 566//565 974//971
f 977//974 984//981 974//971 976//973
f 983//980 976//973 975//972
f 555//554 554//553 986//982 985//983
f 961//958 986//982 554//553 553//552
f 965//962 981//978 986//982 961//958
f 985//983 986//982 981//978 980//977
f 844//842 987//984 988//985 989//986
f 990//987 988//985 987//984 991//988
f 992//989 993//990 988//985 990//987
f 989//986 988//985 993//990 994//991
f 814//812 817//815 995//992 996//993
f 825//823 995//992 817//815 813//811
f 824//822 997//994 995//992 825//823
f 996//993 995//992 997//994 998//995
f 963//960 962//959 999//996 1000//997
f 996//993 999//996 962//959 814//812
f 998//995 1001//998 999//996 996//993
f 1001//998 1002//999 1000//997
f 1003//1000 1000//997 1002//999
f 1004//1001 879//877 959//956
f 1003//1000 959//956 958//955
f 972//969 963//960 1000//997
f 1002//999 1001//998 1005//1002 1006//1003
f 1001//998 998//995 1007//1004
f 1008//1005 1009//1006 1005//1002 1007//1004
f 1006//1003 1005//1002 1009//1006 1010//1007
f 1011//1008 1012//1009 1006//1003 1010//1007
f 884//882 880//878 1012//1009 1011//1008
f 1004//1001 1012//1009 880//878 879//877
f 1006//1003 1012//1009 1004//1001 1002//999
f 1013//1010 1014//1011 1015//1012 1016//1013
f 1017//1014 1015//1012 1014//1011 994//991
f 1018//1015 1015//1012 1017//1014 1019//1016
f 1016//1013 1015//1012 1018//1015 1020//1017
f 1021//1018 1022//1019 1023//1020 1024//1021
f 1011//1008 1023//1020 1022//1019 884//882
f 1010//1007 1025//1022 1023//1020 1011//1008
f 1024//1021 1023//1020 1025//1022 1026//1023
f 839//837 1027//1024 1028//1025 836//834
f 989//986 1027//1024 839//837 844//842
f 994//991 1014//1011 1027//1024 989//986
f 1027//1024 1014//1011 1013//1010 1028//1025
f 1008//1005 1029//1026 1030//1027 1009//1006
f 1031//1028 1032//1029 1030//1027 1029//1026
f 1026//1023 1025//1022 1030//1027 1032//1029
f 1009//1006 1030//1027 1025//1022 1010//1007
f 1021//1018 1033//1030 1034//1031 1035//1032
f 1036//1033 1034//1031 1033//1030 1020//1017
f 845//843 861//859 1034//1031 1036//1033
f 1035//1032 1034//1031 861//859 860//858
f 1037//1034 1038//1035 1013//1010 1016//1013
f 1020//1017 1033//1030 1037//1034 1016//1013
f 1024//1021 1037//1034 1033//1030 1021//1018
f 1026//1023 1038//1035 1037//1034 1024//1021
f 860//858 869//867 1039//1036 1035//1032
f 883//881 1039//1036 869//867 868//866
f 884//882 1022//1019 1039//1036 883//881
f 1035//1032 1039//1036 1022//1019 1021//1018
f 1040//1037 1038//1035 1026//1023 1032//1029
f 1041//1038 1040//1037 1032//1029 1031//1028
f 836//834 1028//1025 1040//1037 1041//1038
f 1038//1035 1040//1037 1028//1025 1013//1010
f 1042//1039 1043//1040 1044//1041 1045//1042
f 895//893 1044//1041 1043//1040 896//894
f 267//267 266//266 1044//1041 895//893
f 1045//1042 1044//1041 266//266 252//252
f 252//252 251//251 1046//1043 1045//1042
f 1047//1044 1046//1043 251//251 250//250
f 1048//1045 1049//1046 1046//1043 1047//1044
f 1045//1042 1046//1043 1049//1046 1042//1039
f 1042//1039 1049//1046 1050//1047 1051//1048
f 1052//1049 1050//1047 1049//1046 1048//1045
f 1053//1050 1054//1051 1050//1047 1052//1049
f 1051//1048 1050//1047 1054//1051 1055//1052
f 239//239 1056//1053 1057//1054 241//241
f 240//240 1058//1055 1056//1053 239//239
f 1059//1056 1056//1053 1058//1055 1060//1057
f 1061//1058 1057//1054 1056//1053 1059//1056
f 1062//1059 1063//1060 230//230
f 229//229 228//228 1064//1061
f 1065//1062 1066//1063 1062//1059 1064//1061
f 1066//1063 1067//1064 1063//1060
f 1068//1065 1069//1066 1070//1067 1071//1068
f 1072//1069 1070//1067 1069//1066 1073//1070
f 258//258 254//254 1070//1067 1072//1069
f 1071//1068 1070//1067 254//254 253//253
f 1074//1071 1075//1072 1076//1073 1077//1074
f 222//222 1076//1073 1075//1072 223//223
f 217//217 1078//1075 1076//1073 222//222
f 1077//1074 1076//1073 1078//1075 1079//1076
f 1080//1077 1081//1078 1082//1079 1083//1080
f 210//210 1082//1079 1081//1078 211//211
f 88//88 87//87 1082//1079 210//210
f 1083//1080 1082//1079 87//87 86//86
f 1079//1076 1078//1075 1084//1081 1085//1082
f 216//216 1084//1081 1078//1075 217//217
f 211//211 1081//1078 1084//1081 216//216
f 1085//1082 1084//1081 1081//1078 1080//1077
f 1086//1083 1087//1084 1088//1085 1089//1086
f 1085//1082 1088//1085 1087//1084 1079//1076
f 1080//1077 1090//1087 1088//1085 1085//1082
f 1089//1086 1088//1085 1090//1087 1091//1088
f 84//84 1092//1089 1093//1090 86//86
f 878//876 1092//1089 84//84 85//85
f 1094//1091 1092//1089 878//876 859//857
f 1094//1091 1095//1092 1093//1090
f 1091//1088 1090//1087 1096//1093 1097//1094
f 1083//1080 1096//1093 1090//1087 1080//1077
f 86//86 1093//1090 1096//1093 1083//1080
f 1097//1094 1096//1093 1093//1090 1095//1092
f 1098//1095 1099//1096 1100//1097 1101//1098
f 1099//1096 1102//1099 1103//1100
f 1100//1097 1103//1100 1104//1101
f 1105//1102 1106//1103 1101//1098
f 1107//1104 1108//1105 1109//1106 1110//1107
f 1111//1108 1109//1106 1108//1105 1112//1109
f 1102//1099 1099//1096 1109//1106 1111//1108
f 1110//1107 1109//1106 1099//1096 1098//1095
f 1113//1110 1114//1111 1115//1112 1116//1113
f 1117//1114 1118//1115 1114//1111 1113//1110
f 1119//1116 1114//1111 1118//1115 1120//1117
f 1121//1118 1115//1112 1114//1111 1119//1116
f 1122//1119 1123//1120 1124//1121 1125//1122
f 1126//1123 1124//1121 1123//1120 1127//1124
f 1128//1125 1129//1126 1124//1121 1126//1123
f 1125//1122 1124//1121 1129//1126 1130//1127
f 1055//1052 1054//1051 1131//1128 1132//1129
f 1133//1130 1131//1128 1054//1051 1053//1050
f 1131//1128 1133//1130 1134//1131
f 1132//1129 1131//1128 1135//1132 1136//1133
f 1137//1134 1138//1135 1139//1136
f 1140//1137 1141//1138 1139//1136 1142//1139
f 1141//1138 1140//1137 1143//1140
f 1137//1134 1141//1138 1144//1141 1145//1142
f 1146//1143 1147//1144 1136//1133
f 1146//1143 1135//1132 1134//1131 1148//1145
f 1146//1143 1148//1145 1149//1146
f 1150//1147 1147//1144 1146//1143 1151//1148
f 1152//1149 1153//1150 1150//1147
f 1151//1148 1149//1146 1154//1151
f 1138//1135 1137//1134 1152//1149 1154//1151
f 1152//1149 1137//1134 1145//1142
f 896//894 1043//1040 1155//1152 1156//1153
f 1051//1048 1155//1152 1043//1040 1042//1039
f 1055//1052 1157//1154 1155//1152 1051//1048
f 1156//1153 1155//1152 1157//1154 1158//1155
f 1159//1156 1158//1155 1157//1154
f 1055//1052 1132//1129 1160//1157 1157//1154
f 1136//1133 1159//1156 1160//1157 1132//1129
f 1161//1158 1162//1159 1163//1160 1164//1161
f 1163//1160 1162//1159 1158//1155
f 1159//1156 1136//1133 1147//1144
f 1147//1144 1150//1147 1164//1161
f 1165//1162 1164//1161 1150//1147
f 1153//1150 1145//1142 1166//1163
f 1167//1164 1168//1165 1165//1162 1166//1163
f 1168//1165 1161//1158 1164//1161
f 574//573 573//572 1169//1166 582//581
f 1170//1167 1169//1166 573//572 572//571
f 1171//1168 1172//1169 1169//1166 1170//1167
f 582//581 1169//1166 1172//1169 583//582
f 572//571 900//898 1173//1170 1170//1167
f 1156//1153 1173//1170 900//898 896//894
f 1158//1155 1174//1171 1173//1170 1156//1153
f 1170//1167 1173//1170 1174//1171 1171//1168
f 591//590 587//586 1175//1172 1176//1173
f 587//586 586//585 598//596
f 597//1174 1177//1175 1175//1172 598//596
f 1176//1173 1175//1172 1177//1175 1178//1176
f 1162//1159 1179//1177 1174//1171 1158//1155
f 1180//1178 1179//1177 1162//1159 1161//1158
f 1181//1179 1179//1177 1180//1178 1182//1180
f 1171//1168 1174//1171 1179//1177 1181//1179
f 1183//1181 1184//1182 1185//1183 1178//1176
f 1186//1184 1184//1182 1183//1181 1182//1180
f 1187//1185 1185//1183 1184//1182 1186//1184
f 583//582 1172//1169 1188//1186 1189//1187
f 1181//1179 1188//1186 1172//1169 1171//1168
f 1182//1180 1183//1181 1188//1186 1181//1179
f 1189//1187 1188//1186 1183//1181 1178//1176
f 625//623 623//621 1190//1188 1191//1189
f 584//583 1190//1188 623//621 585//584
f 1189//1187 1190//1188 584//583 583//582
f 1189//1187 1178//1176 1191//1189
f 607//605 1192//1190 1177//1175 597//1174
f 608//606 631//629 1192//1190 607//605
f 631//629 625//623 1191//1189
f 1191//1189 1178//1176 1177//1175
f 1193//1191 1180//1178 1161//1158
f 1194//1192 1193//1191 1168//1165 1167//1164
f 1187//1185 1186//1184 1193//1191 1194//1192
f 1182//1180 1180//1178 1193//1191 1186//1184
f 1195//1193 1196//1194 1197//1195 1198//1196
f 1199//1197 1197//1195 1196//1194 1200//1198
f 1201//1199 1202//1200 1197//1195 1199//1197
f 1198//1196 1197//1195 1202//1200 1203//1201
f 1201//1199 1199//1197 1204//1202 1205//1203
f 1199//1197 1200//1198 1206//1204
f 1207//1205 1208//1206 1204//1202 1206//1204
f 1205//1203 1204//1202 1208//1206 1209//1207
f 1205//1203 1210//1208 1202//1200 1201//1199
f 1211//1209 1210//1208 1205//1203 1209//1207
f 1212//1210 1213//1211 1210//1208 1211//1209
f 1202//1200 1210//1208 1213//1211 1203//1201
f 1214//1212 1215//1213 1216//1214 1217//1215
f 1203//1201 1213//1211 1215//1213 1214//1212
f 1218//1216 1215//1213 1213//1211 1212//1210
f 1219//1217 1216//1214 1215//1213 1218//1216
f 1209//1207 1220//1218 1221//1219 1211//1209
f 1222//1220 1221//1219 1220//1218 1223//1221
f 1224//1222 1225//1223 1221//1219 1222//1220
f 1211//1209 1221//1219 1225//1223 1212//1210
f 1219//1217 1218//1216 1226//1224 1227//1225
f 1212//1210 1225//1223 1226//1224 1218//1216
f 1226//1224 1225//1223 1224//1222 1228//1226
f 1227//1225 1226//1224 1228//1226 1229//1227
f 1228//1226 1230//1228 1231//1229 1229//1227
f 1224//1222 1232//1230 1230//1228 1228//1226
f 1233//1231 1230//1228 1232//1230 1234//1232
f 1235//1233 1231//1229 1230//1228 1233//1231
f 1236//1234 1237//1235 1238//1236 1239//1237
f 1111//1108 1238//1236 1237//1235 1102//1099
f 1240//1238 1238//1236 1111//1108 1112//1109
f 1241//1239 1239//1237 1238//1236 1240//1238
f 1242//1240 1243//1241 1244//1242 1245//1243
f 1089//1086 1244//1242 1243//1241 1086//1083
f 1091//1088 1246//1244 1244//1242 1089//1086
f 1245//1243 1244//1242 1246//1244 1247//1245
f 1248//1246 1249//1247 1247//1245
f 1097//1094 1248//1246 1246//1244 1091//1088
f 1249//1247 1248//1246 1097//1094 1095//1092
f 1104//1101 1103//1100 1250//1248 1251//1249
f 1102//1099 1237//1235 1250//1248 1103//1100
f 1236//1234 1252//1250 1250//1248
f 1252//1250 1253//1251 1251//1249
f 1254//1252 1255//1253 1256//1254
f 1257//1255 1104//1101 1251//1249
f 1254//1252 1251//1249 1253//1251
f 1255//1253 1254//1252 1258//1256 1259//1257
f 1253//1251 1252//1250 1260//1258 1261//1259
f 1262//1260 1260//1258 1252//1250 1236//1234
f 1263//1261 1264//1262 1260//1258 1262//1260
f 1261//1259 1260//1258 1264//1262 1265//1263
f 1265//1263 1266//1264 1267//1265
f 1266//1264 1247//1245 1249//1247
f 1249//1247 1095//1092 1268//1266
f 1268//1266 1259//1257 1269//1267
f 1095//1092 1094//1091 1270//1268 1268//1266
f 1094//1091 859//857 858//856
f 857//855 1271//1269 1270//1268 858//856
f 1271//1269 1259//1257 1268//1266
f 1265//1263 1269//1267 1272//1270 1261//1259
f 1258//1256 1272//1270 1269//1267 1259//1257
f 1253//1251 1261//1259 1272//1270 1258//1256
f 851//849 1273//1271 1274//1272 856//854
f 1255//1253 1274//1272 1273//1271 1256//1254
f 1259//1257 1271//1269 1274//1272 1255//1253
f 856//854 1274//1272 1271//1269 857//855
f 1275//1273 1264//1262 1263//1261
f 1276//1274 1242//1240 1245//1243
f 1247//1245 1266//1264 1275//1273 1245//1243
f 1275//1273 1266//1264 1265//1263 1264//1262
f 850//848 846//844 1277//1275 1278//1276
f 1036//1033 1277//1275 846//844 845//843
f 1020//1017 1018//1015 1277//1275 1036//1033
f 1278//1276 1277//1275 1018//1015 1019//1016
f 994//991 993//990 1279//1277 1017//1014
f 1280//1278 1279//1277 993//990 992//989
f 1281//1279 1279//1277 1280//1278 1282//1280
f 1019//1016 1017//1014 1279//1277 1281//1279
f 1283//1281 1284//1282 1256//1254
f 849//847 1283//1281 1273//1271 851//849
f 850//848 1285//1283 1283//1281 849//847
f 1284//1282 1283//1281 1285//1283 1286//1284
f 1104//1101 1257//1255 1287//1285 1105//1102
f 1257//1255 1256//1254 1284//1282
f 1286//1284 1288//1286 1287//1285 1284//1282
f 1105//1102 1287//1285 1288//1286 1106//1103
f 1289//1287 1290//1288 1291//1289 1292//1290
f 1286//1284 1285//1283 1290//1288
f 1278//1276 1290//1288 1285//1283 850//848
f 1019//1016 1291//1289 1290//1288 1278//1276
f 1282//1280 1293//1291 1294//1292 1281//1279
f 1292//1290 1291//1289 1294//1292 1293//1291
f 1281//1279 1294//1292 1291//1289 1019//1016
f 1295//1293 1296//1294 1288//1286 1286//1284
f 1297//1295 1298//1296 1296//1294 1295//1293
f 1106//1103 1288//1286 1296//1294 1298//1296
f 1282//1280 1280//1278 1299//1297 1300//1298
f 992//989 1301//1299 1299//1297 1280//1278
f 1302//1300 1299//1297 1301//1299 1303//1301
f 1304//1302 1300//1298 1299//1297 1302//1300
f 1293//1291 1305//1303 1306//1304 1292//1290
f 1300//1298 1305//1303 1293//1291 1282//1280
f 1307//1305 1305//1303 1300//1298 1304//1302
f 1305//1303 1307//1305 1308//1306
f 1297//1295 1295//1293 1309//1307 1310//1308
f 1289//1287 1309//1307 1295//1293 1286//1284
f 1292//1290 1306//1304 1309//1307 1289//1287
f 1310//1308 1309//1307 1306//1304 1308//1306
f 1311//1309 1304//1302 1302//1300
f 1303//1301 1312//1310 1313//1311 1302//1300
f 1314//1312 1313//1311 1312//1310 1315//1313
f 1316//1314 1311//1309 1313//1311 1314//1312
f 1101//1098 1317//1315 1318//1316 1098//1095
f 1298//1296 1317//1315 1101//1098 1106//1103
f 1297//1295 1319//1317 1317//1315 1298//1296
f 1317//1315 1319//1317 1320//1318 1318//1316
f 1320//1318 1319//1317 1321//1319 1322//1320
f 1310//1308 1321//1319 1319//1317 1297//1295
f 1321//1319 1310//1308 1308//1306
f 1322//1320 1321//1319 1323//1321 1324//1322
f 1324//1322 1323//1321 1325//1323 1326//1324
f 1323//1321 1308//1306 1307//1305
f 1304//1302 1311//1309 1325//1323 1307//1305
f 1326//1324 1325//1323 1311//1309 1316//1314
f 1327//1325 1328//1326 1329//1327 1330//1328
f 1314//1312 1329//1327 1328//1326 1316//1314
f 1315//1313 1331//1329 1329//1327 1314//1312
f 1330//1328 1329//1327 1331//1329 1332//1330
f 1098//1095 1318//1316 1333//1331 1110//1107
f 1334//1332 1333//1331 1318//1316 1320//1318
f 1335//1333 1333//1331 1334//1332 1336//1334
f 1110//1107 1333//1331 1335//1333 1107//1104
f 1336//1334 1334//1332 1337//1335 1338//1336
f 1322//1320 1337//1335 1334//1332 1320//1318
f 1324//1322 1339//1337 1337//1335 1322//1320
f 1338//1336 1337//1335 1339//1337 1340//1338
f 1340//1338 1339//1337 1341//1339 1342//1340
f 1326//1324 1341//1339 1339//1337 1324//1322
f 1316//1314 1328//1326 1341//1339 1326//1324
f 1342//1340 1341//1339 1328//1326 1327//1325
f 1343//1341 1344//1342 1345//1343 1346//1344
f 1347//1345 1345//1343 1344//1342 1348//1346
f 1349//1347 1350//1348 1345//1343 1347//1345
f 1346//1344 1345//1343 1350//1348 1351//1349
f 1352//1350 1353//1351 1343//1341
f 1354//1352 1352//1350 1346//1344 1351//1349
f 1355//1353 1356//1354 1352//1350 1354//1352
f 1353//1351 1352//1350 1356//1354 1357//1355
f 1358//1356 1359//1357 1360//1358 1361//1359
f 1358//1356 1361//1359 1362//1360 1363//1361
f 1364//1362 1365//1363 1358//1356 1363//1361
f 1365//1363 1366//1364 1359//1357
f 1366//1364 1365//1363 1367//1365 1368//1366
f 1369//1367 1367//1365 1365//1363 1364//1362
f 1370//1368 1371//1369 1367//1365 1369//1367
f 1368//1366 1367//1365 1371//1369 1372//1370
f 1142//1139 1373//1371 1374//1372 1140//1137
f 1375//1373 1374//1372 1373//1371 1376//1374
f 1377//1375 1378//1376 1374//1372 1375//1373
f 1140//1137 1374//1372 1378//1376 1143//1140
f 1379//1377 1380//1378 1381//1379 1382//1380
f 1380//1378 1366//1364 1368//1366
f 1372//1370 1383//1381 1381//1379 1368//1366
f 1383//1381 1384//1382 1382//1380
f 1384//1382 1385//1383 1386//1384 1382//1380
f 1375//1373 1386//1384 1385//1383 1377//1375
f 1376//1374 1387//1385 1386//1384 1375//1373
f 1382//1380 1386//1384 1387//1385 1379//1377
f 1388//1386 1389//1387 1390//1388 1391//1389
f 1392//1390 1390//1388 1389//1387 1393//1391
f 1394//1392 1395//1393 1390//1388 1392//1390
f 1391//1389 1390//1388 1395//1393 1396//1394
f 1397//1395 1398//1396 1399//1397 1400//1398
f 1166//1163 1399//1397 1398//1396 1167//1164
f 1399//1397 1166//1163 1145//1142
f 1400//1398 1399//1397 1144//1141 1143//1140
f 1400//1398 1401//1399 1402//1400 1397//1395
f 1401//1399 1400//1398 1143//1140
f 1402//1400 1401//1399 1378//1376 1377//1375
f 1372//1370 1371//1369 1403//1401 1404//1402
f 1405//1403 1403//1401 1371//1369 1370//1368
f 1393//1391 1389//1387 1403//1401 1405//1403
f 1404//1402 1403//1401 1389//1387 1388//1386
f 1406//1404 1194//1192 1167//1164
f 1407//1405 1406//1404 1398//1396 1397//1395
f 1406//1404 1407//1405 1408//1406
f 1194//1192 1406//1404 1409//1407 1187//1185
f 1410//1408 1411//1409 1412//1410
f 1407//1405 1410//1408 1413//1411 1408//1406
f 1397//1395 1411//1409 1410//1408 1407//1405
f 1414//1412 1415//1413 1416//1414 1396//1394
f 1414//1412 531//530 590//589
f 590//589 591//590 1417//1415
f 1415//1413 1417//1415 1408//1406
f 1413//1411 1412//1410 1418//1416
f 1391//1389 1419//1417 1418//1416 1388//1386
f 1419//1417 1391//1389 1396//1394
f 1413//1411 1419//1417 1416//1414 1408//1406
f 1420//1418 1417//1415 591//590
f 1185//1183 1420//1418 1176//1173 1178//1176
f 1420//1418 1185//1183 1187//1185
f 1417//1415 1420//1418 1409//1407 1408//1406
f 1384//1382 1383//1381 1421//1419 1422//1420
f 1404//1402 1421//1419 1383//1381 1372//1370
f 1421//1419 1404//1402 1388//1386
f 1422//1420 1421//1419 1418//1416 1412//1410
f 1411//1409 1397//1395 1402//1400
f 1423//1421 1402//1400 1377//1375
f 1385//1383 1384//1382 1422//1420
f 1411//1409 1423//1421 1422//1420 1412//1410
f 1424//1422 1425//1423 1426//1424 1427//1425
f 1425//1423 1394//1392 1392//1390
f 1393//1391 1405//1403 1426//1424 1392//1390
f 1427//1425 1426//1424 1405//1403 1370//1368
f 1427//1425 1428//1426 1429//1427 1424//1422
f 1369//1367 1428//1426 1427//1425 1370//1368
f 1428//1426 1369//1367 1364//1362
f 1429//1427 1428//1426 1430//1428 1431//1429
f 1432//1430 1433//1431 1434//1432 1435//1433
f 1429//1427 1434//1432 1433//1431 1424//1422
f 1434//1432 1429//1427 1431//1429
f 1435//1433 1434//1432 1436//1434 1437//1435
f 1363//1361 1438//1436 1430//1428 1364//1362
f 1362//1360 1439//1437 1438//1436
f 1440//1438 1441//1439 1438//1436 1439//1437
f 1431//1429 1430//1428 1438//1436 1441//1439
f 1441//1439 1442//1440 1436//1434 1431//1429
f 1443//1441 1442//1440 1441//1439 1440//1438
f 1444//1442 1445//1443 1442//1440 1443//1441
f 1442//1440 1445//1443 1437//1435 1436//1434
f 1446//1444 1447//1445 1448//1446 1449//1447
f 1450//1448 1448//1446 1447//1445 1451//1449
f 1452//1450 1453//1451 1448//1446 1450//1448
f 1449//1447 1448//1446 1453//1451 1454//1452
f 1455//1453 1456//1454 1457//1455 1458//1456
f 1347//1345 1457//1455 1456//1454 1349//1347
f 1348//1346 1459//1457 1457//1455 1347//1345
f 1458//1456 1457//1455 1459//1457 1460//1458
f 1461//1459 1462//1460 1463//1461 1464//1462
f 1465//1463 1463//1461 1462//1460 1466//1464
f 1332//1330 1331//1329 1463//1461 1465//1463
f 1464//1462 1463//1461 1331//1329 1315//1313
f 1303//1301 1301//1299 1467//1465 1468//1466
f 990//987 1467//1465 1301//1299 992//989
f 991//988 1469//1467 1467//1465 990//987
f 1468//1466 1467//1465 1469//1467 1470//1468
f 1470//1468 1471//1469 1472//1470 1468//1466
f 1464//1462 1472//1470 1471//1469 1461//1459
f 1315//1313 1312//1310 1472//1470 1464//1462
f 1468//1466 1472//1470 1312//1310 1303//1301
f 1470//1468 1469//1467 1473//1471 1474//1472
f 1475//1473 1473//1471 1469//1467 991//988
f 1473//1471 1475//1473 1476//1474
f 1477//1475 1478//1476 1474//1472
f 991//988 987//984 1479//1477 1475//1473
f 843//841 1479//1477 987//984 844//842
f 842//840 1480//1478 1479//1477 843//841
f 1475//1473 1479//1477 1480//1478 1476//1474
f 1481//1479 1474//1472 1478//1476
f 1482//1480 1483//1481 1484//1482
f 1461//1459 1471//1469 1481//1479 1484//1482
f 1474//1472 1481//1479 1471//1469 1470//1468
f 1485//1483 1486//1484 1477//1475 1476//1474
f 1487//1485 1488//1486 1486//1484 1485//1483
f 1478//1476 1477//1475 1486//1484 1488//1486
f 1424//1422 1433//1431 1489//1487 1490//1488
f 1491//1489 1489//1487 1433//1431 1432//1430
f 1492//1490 1493//1491 1489//1487 1491//1489
f 1490//1488 1489//1487 1493//1491 1494//1492
f 1495//1493 1496//1494 1497//1495 1498//1496
f 1499//1497 1497//1495 1496//1494 1500//1498
f 1499//1497 1494//1492 1498//1496
f 1501//1499 1502//1500 1394//1392
f 1425//1423 1424//1422 1490//1488
f 1494//1492 1499//1497 1501//1499 1490//1488
f 1502//1500 1501//1499 1499//1497 1500//1498
f 1503//1501 1504//1502 1505//1503 1506//1504
f 1507//1505 1504//1502 1503//1501 1508//1506
f 1509//1507 1510//1508 1504//1502 1507//1505
f 1511//1509 1505//1503 1504//1502 1510//1508
f 1512//1510 1513//1511 1514//1512
f 1515//1513 1512//1510 1516//1514 1517//1515
f 1518//1516 1512//1510 1515//1513 1519//1517
f 1520//1518 1513//1511 1512//1510 1518//1516
f 1521//1519 1522//1520 1523//1521 1524//1522
f 1517//1515 1516//1514 1523//1521 1522//1520
f 1514//1512 1525//1523 1523//1521 1516//1514
f 1526//1524 1524//1522 1523//1521 1525//1523
f 1525//1523 1527//1525 1528//1526 1526//1524
f 1527//1525 1525//1523 1514//1512 1513//1511
f 1520//1518 1529//1527 1527//1525 1513//1511
f 1528//1526 1527//1525 1529//1527 1530//1528
f 1507//1505 1531//1529 1532//1530 1509//1507
f 1508//1506 1533//1531 1531//1529 1507//1505
f 1524//1522 1531//1529 1533//1531 1521//1519
f 1531//1529 1524//1522 1526//1524 1532//1530
f 1534//1532 1535//1533 1511//1509
f 1532//1530 1534//1532 1510//1508 1509//1507
f 1526//1524 1528//1526 1534//1532 1532//1530
f 1528//1526 1530//1528 1535//1533
f 1506//1504 1505//1503 1536//1534 1537//1535
f 1535//1533 1536//1534 1505//1503 1511//1509
f 1530//1528 1538//1536 1536//1534 1535//1533
f 1537//1535 1536//1534 1538//1536 1539//1537
f 1519//1517 1540//1538 1541//1539 1518//1516
f 1538//1536 1541//1539 1540//1538 1539//1537
f 1530//1528 1529//1527 1541//1539 1538//1536
f 1518//1516 1541//1539 1529//1527 1520//1518
f 1542//1540 1543//1541 1544//1542 1545//1543
f 1546//1544 1544//1542 1543//1541 1547//1545
f 1548//1546 1549//1547 1544//1542 1546//1544
f 1545//1543 1544//1542 1549//1547 1550//1548
f 1542//1540 1545//1543 1551//1549 1552//1550
f 1553//1551 1551//1549 1545//1543 1550//1548
f 1554//1552 1555//1553 1551//1549 1553//1551
f 1552//1550 1551//1549 1555//1553 1556//1554
f 1557//1555 1558//1556 1559//1557 1560//1558
f 1561//1559 1559//1557 1558//1556 1562//1560
f 1547//1545 1543//1541 1559//1557 1561//1559
f 1560//1558 1559//1557 1543//1541 1542//1540
f 1557//1555 1560//1558 1563//1561 1564//1562
f 1552//1550 1563//1561 1560//1558 1542//1540
f 1556//1554 1565//1563 1563//1561 1552//1550
f 1564//1562 1563//1561 1565//1563 1566//1564
f 1500//1498 1496//1494 1567//1565 1568//1566
f 1569//1567 1567//1565 1496//1494 1495//1493
f 1562//1560 1570//1568 1567//1565 1569//1567
f 1568//1566 1567//1565 1570//1568 1571//1569
f 1572//1570 1566//1564 1573//1571
f 832//830 1574//1572 1573//1571 833//831
f 1574//1572 832//830 827//825
f 1572//1570 1574//1572 1575//1573 1576//1574
f 1577//1575 1575//1573 827//825
f 820//818 1577//1575 826//824 813//811
f 522//522 1578//1576 1577//1575 820//818
f 1578//1576 1576//1574 1575//1573
f 1579//1577 1580//1578 1571//1569
f 1581//1579 534//533 533//532
f 1579//1577 533//532 531//530
f 1414//1412 1396//1394 1580//1578
f 1580//1578 1582//1580 1568//1566 1571//1569
f 1580//1578 1396//1394 1395//1393
f 1502//1500 1582//1580 1395//1393 1394//1392
f 1568//1566 1582//1580 1502//1500 1500//1498
f 522//522 521//521 1583//1581 1578//1576
f 521//521 518//518 1584//1582
f 1584//1582 1585//1583 1586//1584
f 1578//1576 1583//1581 1586//1584 1576//1574
f 1587//1585 1570//1568 1562//1560
f 1558//1556 1557//1555 1588//1586
f 1589//1587 1590//1588 1587//1585 1588//1586
f 1590//1588 1571//1569 1570//1568
f 510//510 526//525 1591//1589 1592//1590
f 532//531 1591//1589 526//525 525//524
f 1593//1591 1591//1589 532//531 534//533
f 1592//1590 1591//1589 1593//1591 1585//1583
f 1594//1592 517//517 505//505
f 1592//1590 1594//1592 508//508 510//510
f 1594//1592 1592//1590 1585//1583 1584//1582
f 517//517 1594//1592 1584//1582 518//518
f 1595//1593 1596//1594 1586//1584 1585//1583
f 1589//1587 1597//1595 1596//1594 1595//1593
f 1596//1594 1597//1595 1576//1574
f 534//533 1581//1579 1598//1596 1593//1591
f 1590//1588 1598//1596 1581//1579 1571//1569
f 1590//1588 1589//1587 1595//1593
f 1593//1591 1598//1596 1595//1593 1585//1583
f 1557//1555 1564//1562 1599//1597 1588//1586
f 1572//1570 1599//1597 1564//1562 1566//1564
f 1576//1574 1597//1595 1599//1597 1572//1570
f 1588//1586 1599//1597 1597//1595 1589//1587
f 833//831 1573//1571 1600//1598 834//832
f 1573//1571 1566//1564 1601//1599
f 1602//1600 1600//1598 1601//1599 1603//1601
f 1600//1598 1602//1600 835//833
f 1604//1602 1605//1603 1606//1604 1607//1605
f 1480//1478 1605//1603 1604//1602 1476//1474
f 1605//1603 1480//1478 842//840
f 1608//1606 1609//1607 1606//1604
f 1610//1608 1611//1609 1606//1604 1609//1607
f 1611//1609 1610//1608 1612//1610
f 1607//1605 1606//1604 1611//1609 1613//1611
f 1614//1612 1610//1608 1609//1607
f 1602//1600 1614//1612 1615//1613 835//833
f 1614//1612 1602//1600 1603//1601
f 1610//1608 1614//1612 1616//1614 1612//1610
f 1617//1615 1618//1616 1619//1617
f 1485//1483 1620//1618 1619//1617 1487//1485
f 1620//1618 1485//1483 1476//1474
f 1604//1602 1607//1605 1617//1615
f 1603//1601 1601//1599 1621//1619 1622//1620
f 1565//1563 1621//1619 1601//1599 1566//1564
f 1556//1554 1623//1621 1621//1619 1565//1563
f 1622//1620 1621//1619 1623//1621 1624//1622
f 1612//1610 1616//1614 1625//1623 1626//1624
f 1622//1620 1625//1623 1616//1614 1603//1601
f 1624//1622 1627//1625 1625//1623 1622//1620
f 1626//1624 1625//1623 1627//1625 1628//1626
f 1618//1616 1617//1615 1629//1627 1630//1628
f 1629//1627 1617//1615 1607//1605 1613//1611
f 1626//1624 1629//1627 1613//1611 1612//1610
f 1630//1628 1629//1627 1626//1624 1628//1626
f 1624//1622 1623//1621 1631//1629 1632//1630
f 1555//1553 1631//1629 1623//1621 1556//1554
f 1554//1552 1633//1631 1631//1629 1555//1553
f 1632//1630 1631//1629 1633//1631 1634//1632
f 1635//1633 1636//1634 1637//1635 1638//1636
f 1630//1628 1637//1635 1636//1634 1618//1616
f 1628//1626 1639//1637 1637//1635 1630//1628
f 1638//1636 1637//1635 1639//1637 1640//1638
f 1627//1625 1641//1639 1639//1637 1628//1626
f 1632//1630 1641//1639 1627//1625 1624//1622
f 1634//1632 1642//1640 1641//1639 1632//1630
f 1640//1638 1639//1637 1641//1639 1642//1640
f 1634//1632 1633//1631 1643//1641 1644//1642
f 1645//1643 1643//1641 1633//1631 1554//1552
f 1646//1644 1647//1645 1643//1641 1645//1643
f 1648//1646 1644//1642 1643//1641 1647//1645
f 1649//1647 1650//1648 1651//1649 1652//1650
f 1638//1636 1651//1649 1650//1648 1635//1633
f 1640//1638 1653//1651 1651//1649 1638//1636
f 1652//1650 1651//1649 1653//1651 1654//1652
f 1654//1652 1653//1651 1655//1653 1656//1654
f 1642//1640 1655//1653 1653//1651 1640//1638
f 1634//1632 1644//1642 1655//1653 1642//1640
f 1656//1654 1655//1653 1644//1642 1648//1646
f 1657//1655 1658//1656 1659//1657 1660//1658
f 1661//1659 1659//1657 1658//1656 1662//1660
f 1663//1661 1664//1662 1659//1657 1661//1659
f 1660//1658 1659//1657 1664//1662 1665//1663
f 1666//1664 1667//1665 1668//1666 1669//1667
f 1662//1660 1658//1656 1667//1665 1666//1664
f 1670//1668 1667//1665 1658//1656 1657//1655
f 1671//1669 1668//1666 1667//1665 1670//1668
f 1672//1670 1673//1671 1674//1672 1675//1673
f 1676//1674 1674//1672 1673//1671 1677//1675
f 1669//1667 1668//1666 1674//1672 1676//1674
f 1675//1673 1674//1672 1668//1666 1671//1669
f 1678//1676 1679//1677 1680//1678 1681//1679
f 1682//1680 1680//1678 1679//1677 1683//1681
f 169//169 172//172 1680//1678 1682//1680
f 1681//1679 1680//1678 172//172 177//177
f 181//181 1684//1682 1685//1683 178//178
f 1682//1680 1684//1682 181//181 169//169
f 1684//1682 1682//1680 1683//1681
f 1686//1684 1685//1683 1684//1682 1687//1685
f 178//178 1685//1683 1688//1686 188//188
f 1689//1687 1688//1686 1685//1683 1686//1684
f 1688//1686 1689//1687 1690//1688
f 188//188 1688//1686 1691//1689 189//189
f 1692//1690 1693//1691 1694//1692 1695//1693
f 1122//1119 1696//1694 1693//1691 1692//1690
f 1697//1695 1693//1691 1696//1694 1698//1696
f 1699//1697 1694//1692 1693//1691 1697//1695
f 274//274 272//272 1700//1698 1701//1699
f 136//136 1700//1698 272//272 137//137
f 135//135 1702//1700 1700//1698 136//136
f 1701//1699 1700//1698 1702//1700 1703//1701
f 129//129 126//126 1704//1702 1705//1703
f 144//144 1704//1702 126//126 125//125
f 1706//1704 1704//1702 144//144 142//142
f 1707//1705 1705//1703 1704//1702 1706//1704
f 1708//1706 1709//1707 1710//1708 1711//1709
f 327//327 1710//1708 1709//1707 328//328
f 274//274 1701//1699 1710//1708 327//327
f 1711//1709 1710//1708 1701//1699 1703//1701
f 1223//1221 1220//1218 1712//1710 1713//1711
f 1209//1207 1208//1206 1712//1710 1220//1218
f 1207//1205 1714//1712 1712//1710 1208//1206
f 1714//1712 1715//1713 1713//1711
f 1716//1714 1717//1715 1718//1716 1719//1717
f 1720//1718 1718//1716 1717//1715 1721//1719
f 1718//1716 1720//1718 1715//1713
f 1719//1717 1718//1716 1714//1712 1207//1205
f 1234//1232 1232//1230 1722//1720 1723//1721
f 1222//1220 1722//1720 1232//1230 1224//1222
f 1223//1221 1713//1711 1722//1720 1222//1220
f 1723//1721 1722//1720 1713//1711 1715//1713
f 1229//1227 1231//1229 1724//1722 1227//1225
f 1231//1229 1235//1233 1725//1723
f 1725//1723 1726//1724 1727//1725
f 1227//1225 1724//1722 1727//1725 1219//1217
f 1728//1726 1729//1727 1730//1728 1731//1729
f 1732//1730 1729//1727 1728//1726 1733//1731
f 1519//1517 1515//1513 1729//1727 1732//1730
f 1517//1515 1730//1728 1729//1727 1515//1513
f 1734//1732 1522//1520 1521//1519
f 1735//1733 1734//1732 1736//1734 1737//1735
f 1734//1732 1735//1733 1731//1729
f 1522//1520 1734//1732 1730//1728 1517//1515
f 1738//1736 1739//1737 1740//1738
f 1537//1535 1738//1736 1741//1739 1506//1504
f 1539//1537 1742//1740 1738//1736 1537//1535
f 1739//1737 1738//1736 1742//1740 1743//1741
f 1539//1537 1540//1538 1744//1742 1742//1740
f 1732//1730 1744//1742 1540//1538 1519//1517
f 1745//1743 1744//1742 1732//1730 1733//1731
f 1742//1740 1744//1742 1745//1743 1743//1741
f 1198//1196 1746//1744 1747//1745 1195//1193
f 1214//1212 1746//1744 1198//1196 1203//1201
f 1217//1215 1748//1746 1746//1744 1214//1212
f 1747//1745 1746//1744 1748//1746 1749//1747
f 1217//1215 1216//1214 1750//1748 1748//1746
f 1727//1725 1750//1748 1216//1214 1219//1217
f 1750//1748 1727//1725 1726//1724
f 1748//1746 1750//1748 1751//1749 1749//1747
f 1120//1117 1752//1750 1753//1751 1119//1116
f 1754//1752 1753//1751 1752//1750 1755//1753
f 1756//1754 1757//1755 1753//1751 1754//1752
f 1119//1116 1753//1751 1757//1755 1121//1118
f 1755//1753 1758//1756 1759//1757 1754//1752
f 1759//1757 1758//1756 1357//1355 1356//1354
f 1759//1757 1356//1354 1355//1353 1760//1758
f 1754//1752 1759//1757 1760//1758 1756//1754
f 1761//1759 1762//1760 1763//1761 1764//1762
f 1765//1763 1763//1761 1762//1760 1766//1764
f 1767//1765 1768//1766 1763//1761 1765//1763
f 1764//1762 1763//1761 1768//1766 1769//1767
f 1770//1768 1771//1769 1772//1770 1773//1771
f 155//155 1770//1768 1773//1771 158//158
f 154//154 1774//1772 1770//1768 155//155
f 1770//1768 1774//1772 1775//1773 1771//1769
f 1776//1774 1777//1775 1778//1776 1779//1777
f 1780//1778 1778//1776 1777//1775 1781//1779
f 49//49 45//45 1778//1776 1780//1778
f 1779//1777 1778//1776 45//45 44//44
f 1780//1778 1782//1780 1783//1781 49//49
f 1781//1779 1784//1782 1782//1780 1780//1778
f 1785//1783 1786//1784 1782//1780 1784//1782
f 1787//1785 1783//1781 1782//1780 1786//1784
f 1785//1783 1788//1786 1789//1787 1786//1784
f 1706//1704 1789//1787 1788//1786 1707//1705
f 142//142 1790//1788 1789//1787 1706//1704
f 1786//1784 1789//1787 1790//1788 1787//1785
f 1791//1789 1792//1790 1787//1785
f 141//141 1791//1789 1790//1788 142//142
f 1791//1789 141//141 147//147
f 1792//1790 1791//1789 1793//1791 1794//1792
f 1795//1793 48//48 49//49
f 1792//1790 1795//1793 1783//1781 1787//1785
f 1794//1792 1796//1794 1795//1793 1792//1790
f 1796//1794 50//50 48//48
f 1797//1795 1798//1796 1799//1797 1800//1798
f 1681//1679 1799//1797 1798//1796 1678//1676
f 177//177 1801//1799 1799//1797 1681//1679
f 1800//1798 1799//1797 1801//1799 1802//1800
f 1802//1800 1803//1801 1804//1802 1800//1798
f 1764//1762 1804//1802 1803//1801 1761//1759
f 1769//1767 1805//1803 1804//1802 1764//1762
f 1800//1798 1804//1802 1805//1803 1797//1795
f 1721//1719 1717//1715 1806//1804 1807//1805
f 1808//1806 1806//1804 1717//1715 1716//1714
f 1065//1062 1809//1807 1806//1804 1808//1806
f 1809//1807 1810//1808 1807//1805
f 1060//1057 1058//1055 1811//1809 1812//1810
f 1813//1811 1811//1809 1058//1055 240//240
f 1814//1812 1815//1813 1811//1809 1813//1811
f 1812//1810 1811//1809 1815//1813 1816//1814
f 1698//1696 1817//1815 1818//1816 1697//1695
f 1812//1810 1818//1816 1817//1815 1060//1057
f 1816//1814 1819//1817 1818//1816 1812//1810
f 1697//1695 1818//1816 1819//1817 1699//1697
f 1820//1818 1821//1819 1810//1808
f 1809//1807 1065//1062 1064//1061
f 228//228 1822//1820 1820//1818 1064//1061
f 1821//1819 1820//1818 1822//1820 1823//1821
f 1824//1822 1825//1823 1826//1824
f 331//331 1824//1822 1827//1825 234//234
f 328//328 1709//1707 1824//1822 331//331
f 1825//1823 1824//1822 1709//1707 1708//1706
f 1828//1826 1829//1827 1823//1821
f 227//227 1828//1826 1822//1820 228//228
f 234//234 1827//1825 1828//1826 227//227
f 1829//1827 1828//1826 1827//1825 1826//1824
f 1830//1828 1831//1829 1832//1830 1833//1831
f 1813//1811 1832//1830 1831//1829 1814//1812
f 240//240 236//236 1832//1830 1813//1811
f 1833//1831 1832//1830 236//236 235//235
f 1834//1832 1835//1833 1836//1834 1837//1835
f 1835//1833 1117//1114 1113//1110
f 1116//1113 1838//1836 1836//1834 1113//1110
f 1837//1835 1836//1834 1838//1836 1839//1837
f 133//133 138//138 1840//1838 1841//1839
f 137//137 269//269 1840//1838 138//138
f 1842//1840 1840//1838 269//269 268//268
f 1841//1839 1840//1838 1842//1840 1843//1841
f 125//125 128//128 1844//1842 143//143
f 1841//1839 1844//1842 128//128 133//133
f 1844//1842 1841//1839 1843//1841 1845//1843
f 143//143 1844//1842 1845//1843 145//145
f 1703//1701 1702//1700 1846//1844 1847//1845
f 134//134 1846//1844 1702//1700 135//135
f 131//131 1848//1846 1846//1844 134//134
f 1847//1845 1846//1844 1848//1846 1849//1847
f 1849//1847 1848//1846 1850//1848 1851//1849
f 130//130 1850//1848 1848//1846 131//131
f 1705//1703 1850//1848 130//130 129//129
f 1851//1849 1850//1848 1705//1703 1707//1705
f 1852//1850 1853//1851 1854//1852 1855//1853
f 1833//1831 1854//1852 1853//1851 1830//1828
f 235//235 339//339 1854//1852 1833//1831
f 1855//1853 1854//1852 339//339 335//335
f 335//335 334//334 1856//1854 1855//1853
f 189//189 1691//1689 1856//1854 334//334
f 1856//1854 1691//1689 1690//1688 1857//1855
f 1855//1853 1856//1854 1857//1855 1852//1850
f 261//261 260//260 1858//1856 1859//1857
f 1860//1858 1858//1856 260//260 259//259
f 1861//1859 1862//1860 1858//1856 1860//1858
f 1863//1861 1859//1857 1858//1856 1862//1860
f 280//280 1864//1862 1865//1863 279//279
f 1862//1860 1865//1863 1864//1862 1863//1861
f 1861//1859 1866//1864 1865//1863 1862//1860
f 1865//1863 1866//1864 281//281 279//279
f 1508//1506 1503//1501 1867//1865 1868//1866
f 1506//1504 1741//1739 1867//1865 1503//1501
f 1869//1867 1867//1865 1741//1739 1740//1738
f 1868//1866 1867//1865 1869//1867 1870//1868
f 1871//1869 1868//1866 1870//1868
f 1872//1870 1737//1735 1736//1734
f 1521//1519 1533//1531 1871//1869 1736//1734
f 1868//1866 1871//1869 1533//1531 1508//1506
f 1873//1871 1874//1872 1875//1873 1876//1874
f 1877//1875 1875//1873 1874//1872 1878//1876
f 1879//1877 1880//1878 1875//1873 1877//1875
f 1876//1874 1875//1873 1880//1878 1881//1879
f 1446//1444 1882//1880 1883//1881 1447//1445
f 1876//1874 1883//1881 1882//1880 1873//1871
f 1881//1879 1884//1882 1883//1881 1876//1874
f 1447//1445 1883//1881 1884//1882 1451//1449
f 1885//1883 1886//1884 1887//1885 1888//1886
f 1889//1887 1887//1885 1886//1884 1890//1888
f 1891//1889 1892//1890 1887//1885 1889//1887
f 1888//1886 1887//1885 1892//1890 1893//1891
f 1894//1892 1895//1893 1896//1894 1897//1895
f 1898//1896 1896//1894 1895//1893 1899//1897
f 1893//1891 1892//1890 1896//1894 1898//1896
f 1897//1895 1896//1894 1892//1890 1891//1889
f 1716//1714 1719//1717 1900//1898 1901//1899
f 1206//1204 1900//1898 1719//1717 1207//1205
f 1200//1198 1902//1900 1900//1898 1206//1204
f 1901//1899 1900//1898 1902//1900 1903//1901
f 1067//1064 1066//1063 1904//1902 1905//1903
f 1808//1806 1904//1902 1066//1063 1065//1062
f 1904//1902 1808//1806 1716//1714 1901//1899
f 1903//1901 1905//1903 1904//1902 1901//1899
f 1073//1070 1069//1066 1906//1904 1907//1905
f 1908//1906 1906//1904 1069//1066 1068//1065
f 1909//1907 1910//1908 1906//1904 1908//1906
f 1907//1905 1906//1904 1910//1908 1911//1909
f 1912//1910 1913//1911 1914//1912 1915//1913
f 1916//1914 1917//1915 1914//1912 1913//1911
f 1911//1909 1910//1908 1914//1912 1917//1915
f 1915//1913 1914//1912 1910//1908 1909//1907
f 1918//1916 1919//1917 1920//1918
f 1921//1919 1922//1920 1923//1921
f 1924//1922 1925//1923 1918//1916 1923//1921
f 1919//1917 1918//1916 1925//1923 1926//1924
f 1926//1924 1927//1925 1928//1926 1919//1917
f 1927//1925 1749//1747 1751//1749
f 1929//1927 1928//1926 1751//1749 1726//1724
f 1929//1927 1920//1918 1919//1917
f 1890//1888 1886//1884 1930//1928 1931//1929
f 1932//1930 1930//1928 1886//1884 1885//1883
f 1127//1124 1933//1931 1930//1928 1932//1930
f 1931//1929 1930//1928 1933//1931 1934//1932
f 1127//1124 1123//1120 1935//1933
f 1692//1690 1935//1933 1123//1120 1122//1119
f 1935//1933 1692//1690 1695//1693
f 1933//1931 1935//1933 1936//1934 1934//1932
f 1937//1935 1938//1936 1939//1937 1940//1938
f 1837//1835 1939//1937 1938//1936 1834//1832
f 1839//1837 1941//1939 1939//1937 1837//1835
f 1940//1938 1939//1937 1941//1939 1942//1940
f 1942//1940 1943//1941 1944//1942 1940//1938
f 1913//1911 1944//1942 1943//1941 1916//1914
f 1912//1910 1945//1943 1944//1942 1913//1911
f 1945//1943 1937//1935 1940//1938
f 1946//1944 1924//1922 1923//1921
f 1922//1920 1947//1945 1948//1946
f 1948//1946 1947//1945 1949//1947 1950//1948
f 1946//1944 1948//1946 1950//1948 1951//1949
f 1950//1948 1949//1947 1952//1950
f 1739//1737 1953//1951 1952//1950 1740//1738
f 1954//1952 1953//1951 1739//1737 1743//1741
f 1953//1951 1954//1952 1951//1949 1950//1948
f 1899//1897 1895//1893 1955//1953 1956//1954
f 1957//1955 1955//1953 1895//1893 1894//1892
f 1958//1956 1955//1953 1957//1955 1959//1957
f 1960//1958 1956//1954 1955//1953 1958//1956
f 1959//1957 1961//1959 1962//1960 1958//1956
f 1961//1959 1879//1877 1877//1875
f 1878//1876 1963//1961 1962//1960 1877//1875
f 1958//1956 1962//1960 1963//1961 1960//1958
f 1964//1962 1965//1963 1966//1964
f 1735//1733 1964//1962 1967//1965 1731//1729
f 1737//1735 1968//1966 1964//1962 1735//1733
f 1968//1966 1969//1967 1965//1963
f 1970//1968 1971//1969 1972//1970 1973//1971
f 1458//1456 1972//1970 1971//1969 1455//1453
f 1460//1458 1974//1972 1972//1970 1458//1456
f 1973//1971 1972//1970 1974//1972 1975//1973
f 1976//1974 1977//1975 1978//1976 1979//1977
f 1980//1978 1978//1976 1977//1975 1981//1979
f 1982//1980 1983//1981 1978//1976 1980//1978
f 1979//1977 1978//1976 1983//1981 1984//1982
f 1984//1982 1985//1983 1986//1984 1979//1977
f 1664//1662 1986//1984 1985//1983 1665//1663
f 1663//1661 1987//1985 1986//1984 1664//1662
f 1979//1977 1986//1984 1987//1985 1976//1974
f 1988//1986 1989//1987 1990//1988 1991//1989
f 1992//1990 1990//1988 1989//1987 1993//1991
f 1683//1681 1679//1677 1990//1988 1992//1990
f 1991//1989 1990//1988 1679//1677 1678//1676
f 1994//1992 1995//1993 1996//1994
f 1689//1687 1994//1992 1997//1995 1690//1688
f 1994//1992 1689//1687 1686//1684
f 1998//1996 1999//1997 1995//1993
f 2000//1998 2001//1999 2002//2000 2003//2001
f 2004//2002 2002//2000 2001//1999 2005//2003
f 1816//1814 1815//1813 2002//2000 2004//2002
f 2003//2001 2002//2000 1815//1813 1814//1812
f 2006//2004 2007//2005 2008//2006 2009//2007
f 2010//2008 2008//2006 2007//2005 2011//2009
f 1934//1932 1936//1934 2008//2006 2010//2008
f 2009//2007 2008//2006 1936//1934 1695//1693
f 2012//2010 2013//2011 2014//2012 2015//2013
f 1711//1709 2014//2012 2013//2011 1708//1706
f 1703//1701 2016//2014 2014//2012 1711//1709
f 2015//2013 2014//2012 2016//2014 2017//2015
f 2018//2016 2019//2017 2020//2018 2021//2019
f 1723//1721 2020//2018 2019//2017 1234//1232
f 1715//1713 2022//2020 2020//2018 1723//1721
f 2021//2019 2020//2018 2022//2020 2023//2021
f 2024//2022 2025//2023 2026//2024 2027//2025
f 1821//1819 2026//2024 2025//2023 1810//1808
f 1823//1821 2028//2026 2026//2024 1821//1819
f 2027//2025 2026//2024 2028//2026 2029//2027
f 2030//2028 2031//2029 2032//2030 2033//2031
f 2034//2032 2031//2029 2030//2028 2035//2033
f 1733//1731 1728//1726 2031//2029 2034//2032
f 2032//2030 2031//2029 1728//1726 1731//1729
f 2036//2034 2037//2035 2038//2036
f 2039//2037 2036//2034 2040//2038 2011//2009
f 1195//1193 1747//1745 2036//2034 2039//2037
f 2037//2035 2036//2034 1747//1745 1749//1747
f 2041//2039 2042//2040 2043//2041 2044//2042
f 2045//2043 2043//2041 2042//2040 2046//2044
f 1959//1957 1957//1955 2043//2041 2045//2043
f 1957//1955 1894//1892 2044//2042
f 2047//2045 2048//2046 2049//2047 2050//2048
f 2051//2049 2049//2047 2048//2046 2052//2050
f 1769//1767 1768//1766 2049//2047 2051//2049
f 2050//2048 2049//2047 1768//1766 1767//1765
f 147//147 146//146 2053//2051 2054//2052
f 2055//2053 2053//2051 146//146 145//145
f 1988//1986 2056//2054 2053//2051 2055//2053
f 2054//2052 2053//2051 2056//2054 2057//2055
f 2055//2053 2058//2056 1989//1987 1988//1986
f 145//145 1845//1843 2058//2056 2055//2053
f 1843//1841 2059//2057 2058//2056 1845//1843
f 1993//1991 1989//1987 2058//2056 2059//2057
f 1678//1676 1798//1796 2060//2058 1991//1989
f 2061//2059 2060//2058 1798//1796 1797//1795
f 2057//2055 2056//2054 2060//2058 2061//2059
f 1991//1989 2060//2058 2056//2054 1988//1986
f 1843//1841 1842//1840 2062//2060 2059//2057
f 268//268 2063//2061 2062//2060 1842//1840
f 2064//2062 2062//2060 2063//2061 1999//1997
f 2059//2057 2062//2060 2064//2062 1993//1991
f 1999//1997 2063//2061 2065//2063 1995//1993
f 271//271 2065//2063 2063//2061 268//268
f 275//275 2066//2064 2065//2063 271//271
f 1995//1993 2065//2063 2066//2064 1996//1994
f 1998//1996 1686//1684 1687//1685
f 1992//1990 2067//2065 1687//1685 1683//1681
f 2067//2065 1992//1990 1993//1991
f 1999//1997 1998//1996 2067//2065 2064//2062
f 275//275 324//324 2068//2066 2066//2064
f 2069//2067 2068//2066 324//324 323//323
f 2070//2068 2071//2069 2068//2066 2069//2067
f 1996//1994 2066//2064 2068//2066 2071//2069
f 2071//2069 2072//2070 1997//1995 1996//1994
f 2073//2071 2072//2070 2071//2069 2070//2068
f 2072//2070 2073//2071 1852//1850
f 1690//1688 1997//1995 2072//2070 1857//1855
f 233//233 231//231 2074//2072 2075//2073
f 2076//2074 2074//2072 231//231 230//230
f 2000//1998 2077//2075 2074//2072 2076//2074
f 2075//2073 2074//2072 2077//2075 2078//2076
f 230//230 1063//1060 2079//2077 2076//2074
f 2080//2078 2079//2077 1063//1060 1067//1064
f 2005//2003 2001//1999 2079//2077 2080//2078
f 2076//2074 2079//2077 2001//1999 2000//1998
f 1814//1812 1831//1829 2081//2079 2003//2001
f 2082//2080 2081//2079 1831//1829 1830//1828
f 2078//2076 2077//2075 2081//2079 2082//2080
f 2003//2001 2081//2079 2077//2075 2000//1998
f 1903//1901 1902//1900 2083//2081 2084//2082
f 2085//2083 2083//2081 1902//1900 1200//1198
f 2006//2004 2086//2084 2083//2081 2085//2083
f 2084//2082 2083//2081 2086//2084 2087//2085
f 1200//1198 1196//1194 2088//2086 2085//2083
f 2039//2037 2088//2086 1196//1194 1195//1193
f 2011//2009 2007//2005 2088//2086 2039//2037
f 2085//2083 2088//2086 2007//2005 2006//2004
f 1695//1693 1694//1692 2089//2087 2009//2007
f 2090//2088 2089//2087 1694//1692 1699//1697
f 2087//2085 2086//2084 2089//2087 2090//2088
f 2009//2007 2089//2087 2086//2084 2006//2004
f 2091//2089 2092//2090 2093//2091 2094//2092
f 157//157 2093//2091 2092//2090 154//154
f 162//162 2095//2093 2093//2091 157//157
f 2094//2092 2093//2091 2095//2093 2096//2094
f 2096//2094 2095//2093 2097//2095 2098//2096
f 164//164 2097//2095 2095//2093 162//162
f 168//168 2099//2097 2097//2095 164//164
f 2098//2096 2097//2095 2099//2097 2100//2098
f 2096//2094 2098//2096 2101//2099 2102//2100
f 2100//2098 2103//2101 2101//2099 2098//2096
f 2101//2099 2103//2101 1849//1847 1851//1849
f 2102//2100 2101//2099 1851//1849 1707//1705
f 1785//1783 2104//2102 2105//2103 1788//1786
f 2094//2092 2105//2103 2104//2102 2091//2089
f 2096//2094 2102//2100 2105//2103 2094//2092
f 1788//1786 2105//2103 2102//2100 1707//1705
f 2100//2098 2099//2097 2106//2104 2107//2105
f 277//277 2106//2104 2099//2097 168//168
f 281//281 2108//2106 2106//2104 277//277
f 2107//2105 2106//2104 2108//2106 2017//2015
f 2017//2015 2108//2106 2109//2107 2015//2013
f 1866//1864 2109//2107 2108//2106 281//281
f 1861//1859 2110//2108 2109//2107 1866//1864
f 2015//2013 2109//2107 2110//2108 2012//2010
f 1849//1847 2103//2101 2111//2109 1847//1845
f 2107//2105 2111//2109 2103//2101 2100//2098
f 2017//2015 2016//2014 2111//2109 2107//2105
f 1847//1845 2111//2109 2016//2014 1703//1701
f 2112//2110 2113//2111 2114//2112 2115//2113
f 1917//1915 2114//2112 2113//2111 1911//1909
f 1916//1914 2116//2114 2114//2112 1917//1915
f 2115//2113 2114//2112 2116//2114 2023//2021
f 2117//2115 2116//2114 1916//1914
f 2118//2116 2117//2115 1943//1941 1942//1940
f 2118//2116 2018//2016 2021//2019
f 2023//2021 2116//2114 2117//2115 2021//2019
f 1721//1719 2119//2117 2120//2118 1720//1718
f 2119//2117 2112//2110 2115//2113
f 2023//2021 2022//2020 2120//2118 2115//2113
f 1720//1718 2120//2118 2022//2020 1715//1713
f 2121//2119 2122//2120 2123//2121 2124//2122
f 257//257 2123//2121 2122//2120 259//259
f 258//258 2125//2123 2123//2121 257//257
f 2124//2122 2123//2121 2125//2123 2029//2027
f 2029//2027 2125//2123 2126//2124 2027//2025
f 1072//1069 2126//2124 2125//2123 258//258
f 1073//1070 2127//2125 2126//2124 1072//1069
f 2027//2025 2126//2124 2127//2125 2024//2022
f 1826//1824 2128//2126 2129//2127 1829//1827
f 2124//2122 2129//2127 2128//2126 2121//2119
f 2029//2027 2028//2026 2129//2127 2124//2122
f 1829//1827 2129//2127 2028//2026 1823//1821
f 2130//2128 2131//2129 2132//2130 2133//2131
f 1838//1836 2132//2130 2131//2129 1839//1837
f 2132//2130 1838//1836 1116//1113
f 2134//2132 2135//2133 2133//2131
f 1115//1112 2136//2134 2134//2132 1116//1113
f 2137//2135 2136//2134 1115//1112 1121//1118
f 2138//2136 2139//2137 2136//2134 2137//2135
f 2136//2134 2139//2137 2135//2133
f 2139//2137 2140//2138 2141//2139 2135//2133
f 2142//2140 2140//2138 2139//2137 2138//2136
f 1920//1918 1929//1927 2140//2138 2142//2140
f 1726//1724 2141//2139 2140//2138 1929//1927
f 1235//1233 2143//2141 2144//2142 1725//1723
f 2143//2141 2130//2128 2133//2131
f 2135//2133 2141//2139 2144//2142 2133//2131
f 1725//1723 2144//2142 2141//2139 1726//1724
f 2145//2143 2146//2144 2147//2145 2148//2146
f 1354//1352 2147//2145 2146//2144 1355//1353
f 2147//2145 1354//1352 1351//1349
f 2149//2147 2150//2148 2148//2146
f 1351//1349 1350//1348 2151//2149 2149//2147
f 2152//2150 2151//2149 1350//1348 1349//1347
f 2153//2151 2154//2152 2151//2149 2152//2150
f 2154//2152 2150//2148 2149//2147
f 2150//2148 2154//2152 2155//2153 2156//2154
f 2157//2155 2155//2153 2154//2152 2153//2151
f 1870//1868 1869//1867 2155//2153 2157//2155
f 2156//2154 2155//2153 1869//1867 1740//1738
f 1949//1947 2158//2156 2159//2157 1952//1950
f 2148//2146 2159//2157 2158//2156 2145//2143
f 2150//2148 2156//2154 2159//2157 2148//2146
f 1952//1950 2159//2157 2156//2154 1740//1738
f 1349//1347 1456//1454 2160//2158 2152//2150
f 1456//1454 1455//1453 2161//2159
f 2162//2160 2163//2161 2160//2158 2161//2159
f 2152//2150 2160//2158 2163//2161 2153//2151
f 1455//1453 1971//1969 2164//2162 2161//2159
f 2165//2163 2164//2162 1971//1969 1970//1968
f 2166//2164 2167//2165 2164//2162 2165//2163
f 2161//2159 2164//2162 2167//2165 2162//2160
f 2162//2160 2167//2165 2168//2166 2169//2167
f 2170//2168 2168//2166 2167//2165 2166//2164
f 2168//2166 2170//2168 1969//1967
f 2169//2167 2168//2166 1968//1966 1737//1735
f 1737//1735 1872//1870 2171//2169 2169//2167
f 2157//2155 2171//2169 1872//1870 1870//1868
f 2153//2151 2163//2161 2171//2169 2157//2155
f 2169//2167 2171//2169 2163//2161 2162//2160
f 1672//1670 1675//1673 2172//2170 2173//2171
f 2174//2172 2172//2170 1675//1673 1671//1669
f 2175//2173 2176//2174 2172//2170 2174//2172
f 2173//2171 2172//2170 2176//2174 2177//2175
f 2178//2176 2179//2177 2175//2173 2174//2172
f 1670//1668 2178//2176 2174//2172 1671//1669
f 1657//1655 2180//2178 2178//2176 1670//1668
f 2179//2177 2178//2176 2180//2178 2181//2179
f 2181//2179 2180//2178 2182//2180 2183//2181
f 1660//1658 2182//2180 2180//2178 1657//1655
f 1665//1663 2184//2182 2182//2180 1660//1658
f 2183//2181 2182//2180 2184//2182 2185//2183
f 1665//1663 1985//1983 2186//2184 2184//2182
f 2187//2185 2186//2184 1985//1983 1984//1982
f 2188//2186 2189//2187 2186//2184 2187//2185
f 2184//2182 2186//2184 2189//2187 2185//2183
f 1984//1982 1983//1981 2190//2188 2187//2185
f 1983//1981 1982//1980 2191//2189
f 2192//2190 2193//2191 2190//2188 2191//2189
f 2187//2185 2190//2188 2193//2191 2188//2186
f 2194//2192 2195//2193 2196//2194 2197//2195
f 1450//1448 2196//2194 2195//2193 1452//1450
f 1451//1449 2198//2196 2196//2194 1450//1448
f 2197//2195 2196//2194 2198//2196 2033//2031
f 1451//1449 1884//1882 2199//2197 2198//2196
f 1884//1882 1881//1879 2200//2198
f 2035//2033 2030//2028 2199//2197 2200//2198
f 2198//2196 2199//2197 2030//2028 2033//2031
f 1966//1964 2201//2199 2202//2200 1967//1965
f 2197//2195 2202//2200 2201//2199 2194//2192
f 2033//2031 2032//2030 2202//2200 2197//2195
f 1967//1965 2202//2200 2032//2030 1731//1729
f 1881//1879 1880//1878 2203//2201 2200//2198
f 2204//2202 2203//2201 1880//1878 1879//1877
f 2205//2203 2206//2204 2203//2201 2204//2202
f 2200//2198 2203//2201 2206//2204 2035//2033
f 1879//1877 1961//1959 2207//2205 2204//2202
f 1961//1959 1959//1957 2045//2043
f 2046//2044 2208//2206 2207//2205 2045//2043
f 2208//2206 2205//2203 2204//2202
f 2209//2207 2210//2208 2208//2206 2046//2044
f 1951//1949 1954//1952 2210//2208 2209//2207
f 1743//1741 2211//2209 2210//2208 1954//1952
f 2205//2203 2208//2206 2210//2208 2211//2209
f 1733//1731 2034//2032 2212//2210 1745//1743
f 2035//2033 2206//2204 2212//2210 2034//2032
f 2205//2203 2211//2209 2212//2210 2206//2204
f 1745//1743 2212//2210 2211//2209 1743//1741
f 2213//2211 2214//2212 2215//2213 2216//2214
f 2214//2212 1891//1889 1889//1887
f 1890//1888 2217//2215 2215//2213 1889//1887
f 2216//2214 2215//2213 2217//2215 2038//2036
f 2217//2215 1890//1888 1931//1929
f 1931//1929 1934//1932 2010//2008
f 2011//2009 2040//2038 2218//2216 2010//2008
f 2217//2215 2218//2216 2040//2038 2038//2036
f 1926//1924 2219//2217 2220//2218 1927//1925
f 2219//2217 2213//2211 2216//2214
f 2038//2036 2037//2035 2220//2218 2216//2214
f 1927//1925 2220//2218 2037//2035 1749//1747
f 1926//1924 1925//1923 2221//2219 2219//2217
f 2222//2220 2221//2219 1925//1923 1924//1922
f 2041//2039 2223//2221 2221//2219 2222//2220
f 2219//2217 2221//2219 2223//2221 2213//2211
f 1924//1922 1946//1944 2224//2222 2222//2220
f 2224//2222 1946//1944 1951//1949 2209//2207
f 2224//2222 2209//2207 2046//2044
f 2222//2220 2224//2222 2042//2040 2041//2039
f 1894//1892 1897//1895 2225//2223 2044//2042
f 2225//2223 1897//1895 1891//1889
f 2213//2211 2223//2221 2225//2223 2214//2212
f 2044//2042 2225//2223 2223//2221 2041//2039
f 1949//1947 1947//1945 2226//2224 2158//2156
f 2227//2225 2226//2224 1947//1945 1922//1920
f 2228//2226 2229//2227 2226//2224 2227//2225
f 2226//2224 2229//2227 2145//2143 2158//2156
f 2230//2228 2227//2225 1922//1920
f 2142//2140 2230//2228 1921//1919 1920//1918
f 2138//2136 2231//2229 2230//2228 2142//2140
f 2231//2229 2228//2226 2227//2225
f 2228//2226 2231//2229 2232//2230 2233//2231
f 2231//2229 2138//2136 2137//2135
f 1121//1118 1757//1755 2232//2230 2137//2135
f 2233//2231 2232//2230 1757//1755 1756//1754
f 1756//1754 1760//1758 2234//2232 2233//2231
f 2146//2144 2234//2232 1760//1758 1355//1353
f 2145//2143 2229//2227 2234//2232 2146//2144
f 2233//2231 2234//2232 2229//2227 2228//2226
f 52//52 51//51 2235//2233 2236//2234
f 2237//2235 2235//2233 51//51 50//50
f 2047//2045 2238//2236 2235//2233 2237//2235
f 2236//2234 2235//2233 2238//2236 2239//2237
f 2240//2238 2237//2235 50//50
f 2241//2239 2240//2238 1796//1794 1794//1792
f 2240//2238 2241//2239 2052//2050
f 2237//2235 2240//2238 2048//2046 2047//2045
f 1767//1765 2242//2240 2243//2241 2050//2048
f 2244//2242 2243//2241 2242//2240 2245//2243
f 2239//2237 2238//2236 2243//2241 2244//2242
f 2050//2048 2243//2241 2238//2236 2047//2045
f 2091//2089 2104//2102 2246//2244 2247//2245
f 1784//1782 2246//2244 2104//2102 1785//1783
f 1781//1779 2248//2246 2246//2244 1784//1782
f 2247//2245 2246//2244 2248//2246 2249//2247
f 1774//1772 2250//2248 2251//2249 1775//1773
f 2250//2248 1774//1772 154//154 2092//2090
f 2247//2245 2250//2248 2092//2090 2091//2089
f 2249//2247 2251//2249 2250//2248 2247//2245
f 1797//1795 1805//1803 2252//2250 2061//2059
f 2051//2049 2252//2250 1805//1803 1769//1767
f 2052//2050 2253//2251 2252//2250 2051//2049
f 2061//2059 2252//2250 2253//2251 2057//2055
f 1794//1792 1793//1791 2254//2252 2241//2239
f 2054//2052 2254//2252 1793//1791 147//147
f 2057//2055 2253//2251 2254//2252 2054//2052
f 2241//2239 2254//2252 2253//2251 2052//2050
f 1067//1064 1905//1903 2255//2253 2080//2078
f 2084//2082 2255//2253 1905//1903 1903//1901
f 2087//2085 2256//2254 2255//2253 2084//2082
f 2080//2078 2255//2253 2256//2254 2005//2003
f 2005//2003 2256//2254 2257//2255 2004//2002
f 2090//2088 2257//2255 2256//2254 2087//2085
f 1699//1697 1819//1817 2257//2255 2090//2088
f 2004//2002 2257//2255 1819//1817 1816//1814
f 2024//2022 2127//2125 2258//2256 2259//2257
f 1907//1905 2258//2256 2127//2125 1073//1070
f 1911//1909 2113//2111 2258//2256 1907//1905
f 2259//2257 2258//2256 2113//2111 2112//2110
f 2112//2110 2119//2117 2260//2258 2259//2257
f 2119//2117 1721//1719 1807//1805
f 1810//1808 2025//2023 2260//2258 1807//1805
f 2259//2257 2260//2258 2025//2023 2024//2022
f 2012//2010 2110//2108 2261//2259 2262//2260
f 1860//1858 2261//2259 2110//2108 1861//1859
f 259//259 2122//2120 2261//2259 1860//1858
f 2262//2260 2261//2259 2122//2120 2121//2119
f 2263//2261 1825//1823 1708//1706
f 2262//2260 2263//2261 2013//2011 2012//2010
f 2121//2119 2128//2126 2263//2261 2262//2260
f 1825//1823 2263//2261 2128//2126 1826//1824
f 2264//2262 2069//2067 323//323
f 329//329 233//233 2075//2073
f 2264//2262 2075//2073 2078//2076
f 2069//2067 2264//2262 2265//2263 2070//2068
f 1830//1828 1853//1851 2266//2264 2082//2080
f 1853//1851 1852//1850 2073//2071
f 2070//2068 2265//2263 2266//2264 2073//2071
f 2082//2080 2266//2264 2265//2263 2078//2076
f 1233//1231 2267//2265 2143//2141 1235//1233
f 1234//1232 2019//2017 2267//2265 1233//1231
f 2268//2266 2267//2265 2019//2017 2018//2016
f 2267//2265 2268//2266 2130//2128
f 2268//2266 2269//2267 2131//2129 2130//2128
f 2118//2116 2269//2267 2268//2266 2018//2016
f 1942//1940 1941//1939 2269//2267 2118//2116
f 2269//2267 1941//1939 1839//1837 2131//2129
f 1609//1607 1608//1606 2270//2268 2271//2269
f 840//838 2270//2268 1608//1606 842//840
f 2270//2268 840//838 841//839
f 2272//2270 2273//2271 2271//2269
f 1008//1005 1007//1004 2274//2272 2275//2273
f 998//995 997//994 2274//2272 1007//1004
f 824//822 2276//2274 2274//2272 997//994
f 2275//2273 2274//2272 2276//2274 2277//2275
f 2278//2276 2279//2277 2280//2278 2281//2279
f 1029//1026 2280//2278 2279//2277 1031//1028
f 1008//1005 2275//2273 2280//2278 1029//1026
f 2281//2279 2280//2278 2275//2273 2277//2275
f 2276//2274 2282//2280 2283//2281 2277//2275
f 823//821 2282//2280 2276//2274 824//822
f 829//827 2284//2282 2282//2280 823//821
f 2285//2283 2283//2281 2282//2280 2284//2282
f 2277//2275 2283//2281 2286//2284 2281//2279
f 2287//2285 2286//2284 2283//2281 2285//2283
f 2288//2286 2289//2287 2286//2284 2287//2285
f 2281//2279 2286//2284 2289//2287 2278//2276
f 2290//2288 2288//2286 2287//2285
f 2285//2283 2284//2282 2291//2289 2287//2285
f 831//829 2291//2289 2284//2282 829//827
f 831//829 835//833 2290//2288
f 2290//2288 835//833 1615//1613
f 1615//1613 1609//1607 2271//2269
f 2273//2271 2292//2290 2293//2291 2271//2269
f 2288//2286 2290//2288 2293//2291 2292//2290
f 2272//2270 2294//2292 2292//2290 2273//2271
f 2295//2293 2294//2292 2272//2270 841//839
f 2278//2276 2289//2287 2294//2292 2295//2293
f 2292//2290 2294//2292 2289//2287 2288//2286
f 841//839 837//835 2296//2294 2295//2293
f 1041//1038 2296//2294 837//835 836//834
f 1031//1028 2279//2277 2296//2294 1041//1038
f 2295//2293 2296//2294 2279//2277 2278//2276
f 1494//1492 1493//1491 2297//2295 1498//1496
f 2298//2296 2297//2295 1493//1491 1492//1490
f 2297//2295 2298//2296 2299//2297 2300//2298
f 1498//1496 2297//2295 2300//2298 1495//1493
f 1561//1559 2301//2299 2302//2300 1547//1545
f 1561//1559 1562//1560 1569//1567
f 1495//1493 2300//2298 2301//2299 1569//1567
f 2302//2300 2301//2299 2300//2298 2299//2297
f 2303//2301 1548//1546 1546//1544
f 1547//1545 2302//2300 2304//2302 1546//1544
f 2299//2297 2305//2303 2304//2302 2302//2300
f 2305//2303 2306//2304 2303//2301
f 1492//1490 1491//1489 2307//2305 2308//2306
f 1432//1430 1435//1433 2307//2305 1491//1489
f 1437//1435 2309//2307 2307//2305 1435//1433
f 2308//2306 2307//2305 2309//2307 2310//2308
f 1492//1490 2308//2306 2311//2309 2298//2296
f 2312//2310 2311//2309 2308//2306 2310//2308
f 2313//2311 2314//2312 2311//2309 2312//2310
f 2299//2297 2298//2296 2311//2309 2314//2312
f 2313//2311 2315//2313 2316//2314 2314//2312
f 2306//2304 2305//2303 2316//2314 2315//2313
f 2314//2312 2316//2314 2305//2303 2299//2297
f 2317//2315 2318//2316 2319//2317 2320//2318
f 2321//2319 2319//2317 2318//2316 2322//2320
f 1454//1452 1453//1451 2319//2317 2321//2319
f 2320//2318 2319//2317 1453//1451 1452//1450
f 2323//2321 2324//2322 2325//2323 2326//2324
f 1980//1978 2325//2323 2324//2322 1982//1980
f 1981//1979 2327//2325 2325//2323 1980//1978
f 2326//2324 2325//2323 2327//2325 2328//2326
f 2322//2320 2318//2316 2329//2327 2330//2328
f 2331//2329 2329//2327 2318//2316 2317//2315
f 2332//2330 2333//2331 2329//2327 2331//2329
f 2330//2328 2329//2327 2333//2331 2334//2332
f 2326//2324 2335//2333 2336//2334 2323//2321
f 2335//2333 2326//2324 2328//2326 2337//2335
f 2334//2332 2333//2331 2335//2333 2337//2335
f 2332//2330 2336//2334 2335//2333 2333//2331
f 1452//1450 2195//2193 2338//2336 2320//2318
f 2339//2337 2338//2336 2195//2193 2194//2192
f 2340//2338 2341//2339 2338//2336 2339//2337
f 2320//2318 2338//2336 2341//2339 2317//2315
f 2342//2340 2343//2341 2344//2342 2345//2343
f 2191//2189 2344//2342 2343//2341 2192//2190
f 1982//1980 2324//2322 2344//2342 2191//2189
f 2345//2343 2344//2342 2324//2322 2323//2321
f 2346//2344 2347//2345 2348//2346 2349//2347
f 2345//2343 2348//2346 2347//2345 2342//2340
f 2323//2321 2336//2334 2348//2346 2345//2343
f 2349//2347 2348//2346 2336//2334 2332//2330
f 2332//2330 2331//2329 2350//2348 2349//2347
f 2317//2315 2341//2339 2350//2348 2331//2329
f 2351//2349 2350//2348 2341//2339 2340//2338
f 2349//2347 2350//2348 2351//2349 2346//2344
f 2352//2350 2353//2351 2354//2352 2355//2353
f 2339//2337 2353//2351 2352//2350 2340//2338
f 2194//2192 2201//2199 2353//2351 2339//2337
f 2354//2352 2353//2351 2201//2199 1966//1964
f 2346//2344 2351//2349 2356//2354 2357//2355
f 2352//2350 2356//2354 2351//2349 2340//2338
f 2355//2353 2358//2356 2356//2354 2352//2350
f 2357//2355 2356//2354 2358//2356 2359//2357
f 2355//2353 2354//2352 2360//2358 2361//2359
f 1965//1963 2360//2358 2354//2352 1966//1964
f 1969//1967 2362//2360 2360//2358 1965//1963
f 2361//2359 2360//2358 2362//2360 2363//2361
f 2359//2357 2358//2356 2364//2362 2365//2363
f 2358//2356 2355//2353 2361//2359
f 2363//2361 2366//2364 2364//2362 2361//2359
f 2365//2363 2364//2362 2366//2364 2367//2365
f 2368//2366 2369//2367 2363//2361
f 2170//2168 2368//2366 2362//2360 1969//1967
f 2166//2164 2370//2368 2368//2366 2170//2168
f 2369//2367 2368//2366 2370//2368 2371//2369
f 2372//2370 2373//2371 2374//2372 2375//2373
f 2373//2371 2367//2365 2366//2364
f 2369//2367 2374//2372 2366//2364 2363//2361
f 2371//2369 2375//2373 2374//2372 2369//2367
f 2376//2374 2377//2375 2378//2376 2379//2377
f 2173//2171 2377//2375 2376//2374 1672//1670
f 2177//2175 2380//2378 2377//2375 2173//2171
f 2381//2379 2378//2376 2377//2375 2380//2378
f 2371//2369 2370//2368 2382//2380 2383//2381
f 2165//2163 2382//2380 2370//2368 2166//2164
f 1970//1968 2384//2382 2382//2380 2165//2163
f 2383//2381 2382//2380 2384//2382 2385//2383
f 2383//2381 2386//2384 2375//2373 2371//2369
f 2385//2383 2387//2385 2386//2384 2383//2381
f 2388//2386 2389//2387 2386//2384 2387//2385
f 2375//2373 2386//2384 2389//2387 2372//2370
f 2379//2377 2378//2376 2390//2388 2391//2389
f 2392//2390 2390//2388 2378//2376 2381//2379
f 2372//2370 2389//2387 2390//2388 2392//2390
f 2391//2389 2390//2388 2389//2387 2388//2386
f 1677//1675 1673//1671 2393//2391 2394//2392
f 2376//2374 2393//2391 1673//1671 1672//1670
f 2379//2377 2395//2393 2393//2391 2376//2374
f 2394//2392 2393//2391 2395//2393 2396//2394
f 2385//2383 2384//2382 2397//2395 2398//2396
f 1973//1971 2397//2395 2384//2382 1970//1968
f 1975//1973 2399//2397 2397//2395 1973//1971
f 2398//2396 2397//2395 2399//2397 2400//2398
f 2398//2396 2401//2399 2387//2385 2385//2383
f 2400//2398 2402//2400 2401//2399 2398//2396
f 2403//2401 2404//2402 2401//2399 2402//2400
f 2387//2385 2401//2399 2404//2402 2388//2386
f 2396//2394 2395//2393 2405//2403 2406//2404
f 2391//2389 2405//2403 2395//2393 2379//2377
f 2388//2386 2404//2402 2405//2403 2391//2389
f 2406//2404 2405//2403 2404//2402 2403//2401
f 2407//2405 2408//2406 2409//2407 2410//2408
f 2409//2407 2408//2406 2400//2398 2399//2397
f 2411//2409 2409//2407 2399//2397 1975//1973
f 2412//2410 2410//2408 2409//2407 2411//2409
f 2400//2398 2408//2406 2413//2411 2402//2400
f 2414//2412 2413//2411 2408//2406 2407//2405
f 2415//2413 2416//2414 2413//2411 2414//2412
f 2402//2400 2413//2411 2416//2414 2403//2401
f 1635//1633 1650//1648 2417//2415 2418//2416
f 2419//2417 2417//2415 1650//1648 1649//1647
f 2420//2418 2421//2419 2417//2415 2419//2417
f 2417//2415 2421//2419 2422//2420 2418//2416
f 2422//2420 2423//2421 2424//2422 2425//2423
f 2426//2424 2424//2422 2423//2421 2427//2425
f 2428//2426 2429//2427 2424//2422 2426//2424
f 2425//2423 2424//2422 2429//2427 1487//1485
f 1482//1480 1478//1476 1488//1486
f 1487//1485 2429//2427 2430//2428 1488//1486
f 2431//2429 2430//2428 2429//2427 2428//2426
f 2430//2428 2431//2429 1483//1481 1482//1480
f 2425//2423 2432//2430 2418//2416 2422//2420
f 2432//2430 2425//2423 1487//1485
f 2432//2430 1619//1617 1618//1616
f 2418//2416 2432//2430 1636//1634 1635//1633
f 2441//2431 2442//2432 2439//2433 2440//2434
f 2441//2431 2443//2435 2444//2436 2442//2432
f 2445//2437 2444//2436 2443//2435 2446//2438
f 694//692 710//708 2447//2439 691//689
f 2448//2440 2447//2439 710//708 709//707
f 2447//2439 2448//2440 2449//2441
f 691//689 2447//2439 2450//2442 696//694
f 709//707 717//715 2451//2443 2448//2440
f 5//5 2451//2443 717//715 7//7
f 6//6 2452//2444 2451//2443 5//5
f 2448//2440 2451//2443 2452//2444 2449//2441
f 696//694 2450//2442 2453//2445 2454//2446
f 2449//2441 2455//2447 2453//2445 2450//2442
f 2453//2445 2455//2447 2456//2448 2457//2449
f 2454//2446 2453//2445 2457//2449 2458//2450
f 2459//2451 2460//2452 2461//2453
f 165//165 2459//2451 2462//2454 166//166
f 161//161 2463//2455 2459//2451 165//165
f 2460//2452 2459//2451 2463//2455 2464//2456
f 166//166 2462//2454 2465//2457 278//278
f 2466//2458 2465//2457 2462//2454 2461//2453
f 2467//2459 2468//2460 2465//2457 2466//2458
f 278//278 2465//2457 2468//2460 280//280
f 2469//2461 2470//2462 2471//2463 2472//2464
f 2470//2462 151//151 150//150
f 66//66 63//63 2471//2463 150//150
f 2472//2464 2471//2463 63//63 62//62
f 2473//2465 2474//2466 2475//2467 2476//2468
f 1937//1935 1945//1943 2474//2466 2473//2465
f 1912//1910 2477//2469 2474//2466 1945//1943
f 2475//2467 2474//2466 2477//2469 2478//2470
f 2479//2471 2480//2472 2478//2470
f 1915//1913 2479//2471 2477//2469 1912//1910
f 1909//1907 2481//2473 2479//2471 1915//1913
f 2480//2472 2479//2471 2481//2473 2482//2474
f 2483//2475 2484//2476 2485//2477 2486//2478
f 1133//1130 2483//2475 2486//2478 1134//1131
f 1053//1050 2487//2479 2483//2475 1133//1130
f 2484//2476 2483//2475 2487//2479 2488//2480
f 287//287 286//286 2489//2481 2490//2482
f 2491//2483 2489//2481 286//286 196//196
f 2492//2484 2493//2485 2489//2481 2491//2483
f 2490//2482 2489//2481 2493//2485 2494//2486
f 2495//2487 2496//2488 2497//2489 2498//2490
f 2411//2409 2497//2489 2496//2488 2412//2410
f 1975//1973 1974//1972 2497//2489 2411//2409
f 2498//2490 2497//2489 1974//1972 1460//1458
f 1662//1660 2499//2491 2500//2492 1661//1659
f 2501//2493 2500//2492 2499//2491 2502//2494
f 2503//2495 2504//2496 2500//2492 2501//2493
f 1661//1659 2500//2492 2504//2496 1663//1661
f 2503//2495 2505//2497 2506//2498 2504//2496
f 2507//2499 2506//2498 2505//2497 2508//2500
f 1976//1974 1987//1985 2506//2498 2507//2499
f 2504//2496 2506//2498 1987//1985 1663//1661
f 1981//1979 1977//1975 2509//2501 2510//2502
f 2507//2499 2509//2501 1977//1975 1976//1974
f 2508//2500 2511//2503 2509//2501 2507//2499
f 2510//2502 2509//2501 2511//2503 2512//2504
f 2512//2504 2513//2505 2514//2506 2510//2502
f 2515//2507 2514//2506 2513//2505 2516//2508
f 2328//2326 2327//2325 2514//2506 2515//2507
f 2510//2502 2514//2506 2327//2325 1981//1979
f 2517//2509 2518//2510 2519//2511 2520//2512
f 2521//2513 2519//2511 2518//2510 2522//2514
f 1960//1958 1963//1961 2519//2511 2521//2513
f 2520//2512 2519//2511 1963//1961 1878//1876
f 2523//2515 2524//2516 2525//2517 2526//2518
f 1888//1886 2525//2517 2524//2516 1885//1883
f 1893//1891 2527//2519 2525//2517 1888//1886
f 2526//2518 2525//2517 2527//2519 2528//2520
f 1128//1125 1126//1123 2529//2521 2530//2522
f 1932//1930 2529//2521 1126//1123 1127//1124
f 1885//1883 2524//2516 2529//2521 1932//1930
f 2530//2522 2529//2521 2524//2516 2523//2515
f 2531//2523 2532//2524 2533//2525 2534//2526
f 2312//2310 2533//2525 2532//2524 2313//2311
f 2310//2308 2535//2527 2533//2525 2312//2310
f 2534//2526 2533//2525 2535//2527 2536//2528
f 2536//2528 2535//2527 2537//2529 2538//2530
f 2309//2307 2537//2529 2535//2527 2310//2308
f 1437//1435 1445//1443 2537//2529 2309//2307
f 2538//2530 2537//2529 1445//1443 1444//1442
f 2539//2531 2540//2532 2541//2533 2542//2534
f 1956//1954 2541//2533 2540//2532 1899//1897
f 2521//2513 2541//2533 1956//1954 1960//1958
f 2522//2514 2542//2534 2541//2533 2521//2513
f 2528//2520 2527//2519 2543//2535 2544//2536
f 1898//1896 2543//2535 2527//2519 1893//1891
f 1899//1897 2540//2532 2543//2535 1898//1896
f 2544//2536 2543//2535 2540//2532 2539//2531
f 69//69 68//68 2545//2537 2546//2538
f 54//54 2545//2537 68//68 58//58
f 53//53 2547//2539 2545//2537 54//54
f 2546//2538 2545//2537 2547//2539 2548//2540
f 2464//2456 2463//2455 2549//2541 2550//2542
f 2549//2541 2463//2455 161//161 159//159
f 2551//2543 2549//2541 159//159 158//158
f 2550//2542 2549//2541 2551//2543 2552//2544
f 2553//2545 2554//2546 2555//2547 2556//2548
f 2557//2549 2558//2550 2554//2546 2553//2545
f 2559//2551 2554//2546 2558//2550 2552//2544
f 2554//2546 2559//2551 2560//2552 2555//2547
f 2561//2553 2562//2554 2563//2555 2564//2556
f 2550//2542 2563//2555 2562//2554 2464//2456
f 2552//2544 2558//2550 2563//2555 2550//2542
f 2564//2556 2563//2555 2558//2550 2557//2549
f 2557//2549 2565//2557 2566//2558 2564//2556
f 124//124 2566//2558 2565//2557 35//35
f 123//123 2567//2559 2566//2558 124//124
f 2564//2556 2566//2558 2567//2559 2561//2553
f 2560//2552 2559//2551 2568//2560 2569//2561
f 2552//2544 2551//2543 2568//2560 2559//2551
f 158//158 1773//1771 2568//2560 2551//2543
f 2568//2560 1773//1771 1772//1770 2569//2561
f 26//26 36//36 2570//2562 2571//2563
f 2565//2557 2570//2562 36//36 35//35
f 2553//2545 2570//2562 2565//2557 2557//2549
f 2556//2548 2571//2563 2570//2562 2553//2545
f 2572//2564 2573//2565 2574//2566 2575//2567
f 31//31 27//27 2572//2564 2575//2567
f 2571//2563 2572//2564 27//27 26//26
f 2573//2565 2572//2564 2571//2563 2556//2548
f 2576//2568 2577//2569 2578//2570 2579//2571
f 2581//2572 2582//2573 2583//2574 2584//2575
f 1762//1760 2583//2574 2582//2573 1766//1764
f 2583//2574 1762//1760 1761//1759 2585//2576
f 2584//2575 2583//2574 2585//2576 2586//2577
f 2587//2578 2588//2579 2589//2580 2590//2581
f 2584//2575 2589//2580 2588//2579 2581//2572
f 2586//2577 2591//2582 2589//2580 2584//2575
f 2590//2581 2589//2580 2591//2582 2592//2583
f 2592//2583 2593//2584 2594//2585 2590//2581
f 2546//2538 2594//2585 2593//2584 69//69
f 2548//2540 2595//2586 2594//2585 2546//2538
f 2590//2581 2594//2585 2595//2586 2587//2578
f 2592//2583 2591//2582 2596//2587 2597//2588
f 2598//2589 2596//2587 2591//2582 2586//2577
f 2599//2590 2600//2591 2596//2587 2598//2589
f 2597//2588 2596//2587 2600//2591 2601//2592
f 2601//2592 2602//2593 2603//2594 2597//2588
f 65//65 2603//2594 2602//2593 62//62
f 69//69 2593//2584 2603//2594 65//65
f 2597//2588 2603//2594 2593//2584 2592//2583
f 176//176 2604//2595 1801//1799 177//177
f 176//176 175//175 2605//2596
f 2599//2590 2606//2597 2604//2595 2605//2596
f 1802//1800 1801//1799 2604//2595 2606//2597
f 2599//2590 2605//2596 2607//2598 2600//2591
f 2607//2598 2605//2596 175//175 2608//2599
f 2607//2598 2608//2599 2609//2600
f 2600//2591 2607//2598 2610//2601 2601//2592
f 2586//2577 2585//2576 2611//2602 2598//2589
f 1761//1759 1803//1801 2611//2602 2585//2576
f 2606//2597 2611//2602 1803//1801 1802//1800
f 2598//2589 2611//2602 2606//2597 2599//2590
f 2482//2474 2481//2473 2612//2603 2613//2604
f 1908//1906 2612//2603 2481//2473 1909//1907
f 1068//1065 2614//2605 2612//2603 1908//1906
f 2613//2604 2612//2603 2614//2605 2615//2606
f 2472//2464 2616//2607 2617//2608 2469//2461
f 62//62 2602//2593 2616//2607 2472//2464
f 2616//2607 2602//2593 2601//2592 2610//2601
f 2617//2608 2616//2607 2610//2601 2609//2600
f 1071//1068 2618//2609 2614//2605 1068//1065
f 253//253 2619//2610 2618//2609 1071//1068
f 2620//2611 2621//2612 2618//2609 2619//2610
f 2614//2605 2618//2609 2621//2612 2615//2606
f 2615//2606 2621//2612 2622//2613 2623//2614
f 2624//2615 2622//2613 2621//2612 2620//2611
f 2625//2616 2626//2617 2622//2613 2624//2615
f 2623//2614 2622//2613 2626//2617 2627//2618
f 2487//2479 2628//2619 2629//2620 2488//2480
f 1052//1049 2628//2619 2487//2479 1053//1050
f 1048//1045 2630//2621 2628//2619 1052//1049
f 2628//2619 2630//2621 2631//2622 2629//2620
f 223//223 1075//1072 2632//2623 2633//2624
f 2634//2625 2632//2623 1075//1072 1074//1071
f 2627//2618 2626//2617 2632//2623 2634//2625
f 2633//2624 2632//2623 2626//2617 2625//2616
f 2631//2622 2630//2621 2635//2626 2636//2627
f 1047//1044 2635//2626 2630//2621 1048//1045
f 250//250 2637//2628 2635//2626 1047//1044
f 2636//2627 2635//2626 2637//2628 2638//2629
f 2631//2622 2636//2627 2639//2630 2640//2631
f 2641//2632 2639//2630 2636//2627 2638//2629
f 2642//2633 2643//2634 2639//2630 2641//2632
f 2640//2631 2639//2630 2643//2634 2644//2635
f 241//241 1057//1054 2645//2636 2646//2637
f 2647//2638 2645//2636 1057//1054 1061//1058
f 2644//2635 2643//2634 2645//2636 2647//2638
f 2646//2637 2645//2636 2643//2634 2642//2633
f 2620//2611 2619//2610 2648//2639 2649//2640
f 256//256 2648//2639 2619//2610 253//253
f 261//261 2650//2641 2648//2639 256//256
f 2648//2639 2650//2641 2651//2642 2649//2640
f 2652//2643 2653//2644 2625//2616 2624//2615
f 2652//2643 2624//2615 2620//2611 2649//2640
f 2654//2645 2652//2643 2649//2640 2651//2642
f 2655//2646 2653//2644 2652//2643 2654//2645
f 2656//2647 2657//2648 2653//2644 2655//2646
f 2657//2648 2656//2647 225//225 224//224
f 2633//2624 2657//2648 224//224 223//223
f 2625//2616 2653//2644 2657//2648 2633//2624
f 248//248 2658//2649 2637//2628 250//250
f 2659//2650 2658//2649 248//248 249//249
f 2660//2651 2661//2652 2658//2649 2659//2650
f 2637//2628 2658//2649 2661//2652 2638//2629
f 2662//2653 2663//2654 2664//2655 2665//2656
f 2641//2632 2664//2655 2663//2654 2642//2633
f 2638//2629 2661//2652 2664//2655 2641//2632
f 2665//2656 2664//2655 2661//2652 2660//2651
f 1834//1832 1938//1936 2666//2657 2667//2658
f 2473//2465 2666//2657 1938//1936 1937//1935
f 2476//2468 2668//2659 2666//2657 2473//2465
f 2667//2658 2666//2657 2668//2659 2669//2660
f 243//243 242//242 2670//2661 2671//2662
f 2646//2637 2670//2661 242//242 241//241
f 2642//2633 2663//2654 2670//2661 2646//2637
f 2671//2662 2670//2661 2663//2654 2662//2653
f 1117//1114 1835//1833 2672//2663 2673//2664
f 2667//2658 2672//2663 1835//1833 1834//1832
f 2669//2660 2674//2665 2672//2663 2667//2658
f 2674//2665 2675//2666 2673//2664
f 2676//2667 2677//2668 2678//2669 2679//2670
f 2680//2671 2678//2669 2677//2668 2681//2672
f 2678//2669 2680//2671 2675//2666
f 2679//2670 2678//2669 2674//2665 2669//2660
f 196//196 199//199 2682//2673 2491//2483
f 193//193 2683//2674 2682//2673 199//199
f 2684//2675 2685//2676 2682//2673 2683//2674
f 2491//2483 2682//2673 2685//2676 2492//2484
f 2686//2677 2687//2678 2677//2668 2676//2667
f 1240//1238 2687//2678 2686//2677 1241//1239
f 1112//1109 2688//2679 2687//2678 1240//1238
f 2687//2678 2688//2679 2681//2672
f 2561//2553 2567//2559 2689//2680 2690//2681
f 2689//2680 2567//2559 123//123 2691//2682
f 2692//2683 2689//2680 2691//2682 2693//2684
f 2690//2681 2689//2680 2692//2683 2694//2685
f 2684//2675 2683//2674 2695//2686 2696//2687
f 192//192 2695//2686 2683//2674 193//193
f 2695//2686 192//192 151//151
f 2696//2687 2695//2686 2470//2462 2469//2461
f 2694//2685 2697//2688 2698//2689 2690//2681
f 2697//2688 2461//2453 2460//2452
f 2464//2456 2562//2554 2698//2689 2460//2452
f 2690//2681 2698//2689 2562//2554 2561//2553
f 115//115 120//120 2699//2690 2700//2691
f 319//319 2699//2690 120//120 119//119
f 320//320 2701//2692 2699//2690 319//319
f 2700//2691 2699//2690 2701//2692 2693//2684
f 2693//2684 2701//2692 2702//2693 2692//2683
f 2703//2694 2702//2693 2701//2692 320//320
f 2704//2695 2702//2693 2703//2694 2705//2696
f 2694//2685 2692//2683 2702//2693 2704//2695
f 111//111 116//116 2706//2697 122//122
f 2700//2691 2706//2697 116//116 115//115
f 2706//2697 2700//2691 2693//2684
f 122//122 2706//2697 2691//2682 123//123
f 2707//2698 2708//2699 2709//2700 2710//2701
f 2654//2645 2709//2700 2708//2699 2655//2646
f 2651//2642 2711//2702 2709//2700 2654//2645
f 2710//2701 2709//2700 2711//2702 2712//2703
f 2705//2696 2713//2704 2714//2705 2704//2695
f 2466//2458 2714//2705 2713//2704 2467//2459
f 2714//2705 2466//2458 2461//2453
f 2697//2688 2694//2685 2704//2695
f 315//315 321//321 2715//2706 2716//2707
f 2656//2647 2715//2706 321//321 225//225
f 2655//2646 2708//2699 2715//2706 2656//2647
f 2716//2707 2715//2706 2708//2699 2707//2698
f 1863//1861 1864//1862 2717//2708 2718//2709
f 2468//2460 2717//2708 1864//1862 280//280
f 2467//2459 2719//2710 2717//2708 2468//2460
f 2718//2709 2717//2708 2719//2710 2712//2703
f 2712//2703 2719//2710 2720//2711 2710//2701
f 2719//2710 2467//2459 2713//2704
f 2720//2711 2713//2704 2705//2696
f 2710//2701 2720//2711 2721//2712 2707//2698
f 261//261 1859//1857 2722//2713 2650//2641
f 1859//1857 1863//1861 2718//2709
f 2712//2703 2711//2702 2722//2713 2718//2709
f 2650//2641 2722//2713 2711//2702 2651//2642
f 320//320 316//316 2723//2714 2703//2694
f 2716//2707 2723//2714 316//316 315//315
f 2707//2698 2721//2712 2723//2714 2716//2707
f 2703//2694 2723//2714 2721//2712 2705//2696
f 287//287 2490//2482 2724//2715 343//343
f 2494//2486 2725//2716 2724//2715 2490//2482
f 2724//2715 2725//2716 2726//2717 2727//2718
f 343//343 2724//2715 2727//2718 293//293
f 2659//2650 2728//2719 2729//2720 2660//2651
f 292//292 2728//2719 2659//2650 249//249
f 293//293 2727//2718 2728//2719 292//292
f 2726//2717 2729//2720 2728//2719 2727//2718
f 2730//2721 2731//2722 2732//2723 2733//2724
f 2734//2725 2732//2723 2731//2722 2735//2726
f 2495//2487 2736//2727 2732//2723 2734//2725
f 2733//2724 2732//2723 2736//2727 2737//2728
f 2738//2729 2739//2730 2740//2731 2741//2732
f 2739//2730 1327//1325 1330//1328
f 1332//1330 2742//2733 2740//2731 1330//1328
f 2741//2732 2740//2731 2742//2733 2730//2721
f 1348//1346 1344//1342 2743//2734 2744//2735
f 2745//2736 2743//2734 1344//1342 1343//1341
f 2746//2737 2747//2738 2743//2734 2745//2736
f 2744//2735 2743//2734 2747//2738 2737//2728
f 2748//2739 2749//2740 2747//2738 2746//2737
f 2741//2732 2749//2740 2748//2739 2738//2729
f 2730//2721 2733//2724 2749//2740 2741//2732
f 2737//2728 2747//2738 2749//2740 2733//2724
f 1460//1458 1459//1457 2750//2741 2498//2490
f 2744//2735 2750//2741 1459//1457 1348//1346
f 2737//2728 2736//2727 2750//2741 2744//2735
f 2498//2490 2750//2741 2736//2727 2495//2487
f 1465//1463 2751//2742 2742//2733 1332//1330
f 1465//1463 1466//1464 2752//2743
f 2735//2726 2731//2722 2751//2742 2752//2743
f 2742//2733 2751//2742 2731//2722 2730//2721
f 2753//2744 2754//2745 1873//1871
f 1446//1444 2755//2746 2753//2744 1882//1880
f 2756//2747 2757//2748 2753//2744 2755//2746
f 2754//2745 2753//2744 2757//2748 2758//2749
f 1878//1876 1874//1872 2759//2750 2520//2512
f 2754//2745 2759//2750 1874//1872 1873//1871
f 2758//2749 2760//2751 2759//2750 2754//2745
f 2520//2512 2759//2750 2760//2751 2517//2509
f 2761//2752 2762//2753 2763//2754 2764//2755
f 2765//2756 2763//2754 2762//2753 2766//2757
f 1376//1374 1373//1371 2763//2754 2765//2756
f 2764//2755 2763//2754 1373//1371 1142//1139
f 1138//1135 2767//2758 2768//2759 1139//1136
f 2769//2760 2768//2759 2767//2758 2770//2761
f 2761//2752 2764//2755 2768//2759 2769//2760
f 1139//1136 2768//2759 2764//2755 1142//1139
f 2771//2762 2772//2763 2773//2764 2774//2765
f 2772//2763 2523//2515 2526//2518
f 2528//2520 2775//2766 2773//2764 2526//2518
f 2774//2765 2773//2764 2775//2766 2776//2767
f 2776//2767 2777//2768 2778//2769 2779//2770
f 2780//2771 2778//2769 2777//2768 2781//2772
f 2766//2757 2762//2753 2778//2769 2780//2771
f 2779//2770 2778//2769 2762//2753 2761//2752
f 2782//2773 2769//2760 2770//2761
f 2783//2774 2771//2762 2774//2765
f 2776//2767 2779//2770 2782//2773 2774//2765
f 2769//2760 2782//2773 2779//2770 2761//2752
f 2784//2775 2785//2776 2786//2777 2787//2778
f 1059//1056 2786//2777 2785//2776 1061//1058
f 1060//1057 1817//1815 2786//2777 1059//1056
f 2787//2778 2786//2777 1817//1815 1698//1696
f 2544//2536 2788//2779 2775//2766 2528//2520
f 2788//2779 2544//2536 2539//2531 2789//2780
f 2781//2772 2777//2768 2788//2779 2789//2780
f 2775//2766 2788//2779 2777//2768 2776//2767
f 2488//2480 2629//2620 2790//2781 2791//2782
f 2640//2631 2790//2781 2629//2620 2631//2622
f 2644//2635 2792//2783 2790//2781 2640//2631
f 2791//2782 2790//2781 2792//2783 2793//2784
f 1698//1696 1696//1694 2794//2785 2787//2778
f 1125//1122 2794//2785 1696//1694 1122//1119
f 2794//2785 1125//1122 1130//1127
f 2787//2778 2794//2785 2795//2786 2784//2775
f 2784//2775 2795//2786 2796//2787 2797//2788
f 2798//2789 2796//2787 2795//2786 1130//1127
f 2799//2790 2800//2791 2796//2787 2798//2789
f 2797//2788 2796//2787 2800//2791 2793//2784
f 2793//2784 2792//2783 2801//2792 2797//2788
f 2647//2638 2801//2792 2792//2783 2644//2635
f 1061//1058 2785//2776 2801//2792 2647//2638
f 2797//2788 2801//2792 2785//2776 2784//2775
f 2802//2793 2803//2794 2804//2795 2805//2796
f 1077//1074 2804//2795 2803//2794 1074//1071
f 1079//1076 1087//1084 2804//2795 1077//1074
f 2805//2796 2804//2795 1087//1084 1086//1083
f 2485//2477 2484//2476 2806//2797 2807//2798
f 2791//2782 2806//2797 2484//2476 2488//2480
f 2793//2784 2800//2791 2806//2797 2791//2782
f 2800//2791 2799//2790 2807//2798
f 2482//2474 2613//2604 2808//2799 2809//2800
f 2623//2614 2808//2799 2613//2604 2615//2606
f 2627//2618 2810//2801 2808//2799 2623//2614
f 2809//2800 2808//2799 2810//2801 2811//2802
f 1086//1083 1243//1241 2812//2803 2805//2796
f 2813//2804 2812//2803 1243//1241 1242//1240
f 2814//2805 2815//2806 2812//2803 2813//2804
f 2805//2796 2812//2803 2815//2806 2802//2793
f 2816//2807 2817//2808 2815//2806 2814//2805
f 2818//2809 2817//2808 2816//2807 2819//2810
f 2820//2811 2817//2808 2818//2809 2811//2802
f 2802//2793 2815//2806 2817//2808 2820//2811
f 2811//2802 2810//2801 2821//2812 2820//2811
f 2634//2625 2821//2812 2810//2801 2627//2618
f 1074//1071 2803//2794 2821//2812 2634//2625
f 2820//2811 2821//2812 2803//2794 2802//2793
f 2822//2813 2823//2814 2824//2815 2825//2816
f 2826//2817 2827//2818 2824//2815 2823//2814
f 2828//2819 2829//2820 2824//2815 2827//2818
f 2825//2816 2824//2815 2829//2820 2830//2821
f 2819//2810 2831//2822 2832//2823 2818//2809
f 2831//2822 2478//2470 2480//2472
f 2482//2474 2809//2800 2832//2823 2480//2472
f 2818//2809 2832//2823 2809//2800 2811//2802
f 1107//1104 1335//1333 2833//2824 2834//2825
f 1336//1334 2835//2826 2833//2824 1335//1333
f 2823//2814 2833//2824 2835//2826 2826//2817
f 2834//2825 2833//2824 2823//2814 2822//2813
f 1120//1117 1118//1115 2836//2827 2837//2828
f 2673//2664 2836//2827 1118//1115 1117//1114
f 2675//2666 2838//2829 2836//2827 2673//2664
f 2837//2828 2836//2827 2838//2829 2830//2821
f 2830//2821 2838//2829 2839//2830 2825//2816
f 2680//2671 2839//2830 2838//2829 2675//2666
f 2681//2672 2840//2831 2839//2830 2680//2671
f 2825//2816 2839//2830 2840//2831 2822//2813
f 2830//2821 2829//2820 2841//2832 2837//2828
f 2842//2833 2841//2832 2829//2820 2828//2819
f 1755//1753 1752//1750 2841//2832 2842//2833
f 2837//2828 2841//2832 1752//1750 1120//1117
f 2770//2761 2767//2758 2843//2834 2844//2835
f 1154//1151 2843//2834 2767//2758 1138//1135
f 1149//1146 2845//2836 2843//2834 1154//1151
f 2844//2835 2843//2834 2845//2836 2846//2837
f 1108//1105 2847//2838 2688//2679 1112//1109
f 2834//2825 2847//2838 1108//1105 1107//1104
f 2822//2813 2840//2831 2847//2838 2834//2825
f 2688//2679 2847//2838 2840//2831 2681//2672
f 1130//1127 1129//1126 2848//2839 2798//2789
f 2849//2840 2848//2839 1129//1126 1128//1125
f 2850//2841 2851//2842 2848//2839 2849//2840
f 2798//2789 2848//2839 2851//2842 2799//2790
f 1148//1145 2852//2843 2845//2836 1149//1146
f 1134//1131 2486//2478 2852//2843 1148//1145
f 2485//2477 2853//2844 2852//2843 2486//2478
f 2852//2843 2853//2844 2846//2837 2845//2836
f 2846//2837 2853//2844 2854//2845 2855//2846
f 2807//2798 2854//2845 2853//2844 2485//2477
f 2799//2790 2851//2842 2854//2845 2807//2798
f 2855//2846 2854//2845 2851//2842 2850//2841
f 2771//2762 2783//2774 2856//2847 2857//2848
f 2844//2835 2856//2847 2783//2774 2770//2761
f 2846//2837 2855//2846 2856//2847 2844//2835
f 2856//2847 2855//2846 2850//2841
f 2858//2849 1262//1260 1236//1234
f 2859//2850 2858//2849 1239//1237 1241//1239
f 2860//2851 2858//2849 2859//2850 2861//2852
f 2860//2851 1263//1261 1262//1260
f 2849//2840 2862//2853 2857//2848 2850//2841
f 1128//1125 2530//2522 2862//2853 2849//2840
f 2862//2853 2530//2522 2523//2515
f 2857//2848 2862//2853 2772//2763 2771//2762
f 2669//2660 2668//2659 2863//2854 2679//2670
f 2864//2855 2863//2854 2668//2659 2476//2468
f 2865//2856 2866//2857 2863//2854 2864//2855
f 2679//2670 2863//2854 2866//2857 2676//2667
f 2861//2852 2867//2858 2868//2859 2860//2851
f 2867//2858 2814//2805 2813//2804
f 2868//2859 2813//2804 1242//1240
f 2860//2851 2868//2859 1276//1274 1263//1261
f 2865//2856 2869//2860 2870//2861 2871//2862
f 2816//2807 2870//2861 2869//2860 2819//2810
f 2870//2861 2816//2807 2814//2805
f 2871//2862 2870//2861 2867//2858 2861//2852
f 2861//2852 2859//2850 2872//2863 2871//2862
f 2686//2677 2872//2863 2859//2850 1241//1239
f 2676//2667 2866//2857 2872//2863 2686//2677
f 2871//2862 2872//2863 2866//2857 2865//2856
f 2873//2864 2874//2865 2738//2729 2748//2739
f 2746//2737 2875//2866 2873//2864 2748//2739
f 2876//2867 2877//2868 2873//2864 2875//2866
f 2874//2865 2873//2864 2877//2868 2878//2869
f 2476//2468 2475//2467 2879//2870 2864//2855
f 2831//2822 2879//2870 2475//2467 2478//2470
f 2819//2810 2869//2860 2879//2870 2831//2822
f 2864//2855 2879//2870 2869//2860 2865//2856
f 1342//1340 2880//2871 2881//2872 1340//1338
f 2880//2871 1342//1340 1327//1325 2739//2730
f 2874//2865 2880//2871 2739//2730 2738//2729
f 2878//2869 2881//2872 2880//2871 2874//2865
f 2882//2873 2883//2874 1357//1355 1758//1756
f 2842//2833 2882//2873 1758//1756 1755//1753
f 2828//2819 2884//2875 2882//2873 2842//2833
f 2876//2867 2883//2874 2882//2873 2884//2875
f 2828//2819 2827//2818 2885//2876 2884//2875
f 2886//2877 2885//2876 2827//2818 2826//2817
f 2878//2869 2877//2868 2885//2876 2886//2877
f 2884//2875 2885//2876 2877//2868 2876//2867
f 2745//2736 2887//2878 2875//2866 2746//2737
f 1353//1351 2887//2878 2745//2736 1343//1341
f 1357//1355 2883//2874 2887//2878 1353//1351
f 2875//2866 2887//2878 2883//2874 2876//2867
f 2888//2879 2889//2880 2890//2881 2891//2882
f 1359//1357 2890//2881 2889//2880 1360//1358
f 1366//1364 1380//1378 2890//2881 1359//1357
f 2891//2882 2890//2881 1380//1378 1379//1377
f 1379//1377 1387//1385 2892//2883 2891//2882
f 2765//2756 2892//2883 1387//1385 1376//1374
f 2766//2757 2893//2884 2892//2883 2765//2756
f 2891//2882 2892//2883 2893//2884 2888//2879
f 2826//2817 2835//2826 2894//2885 2886//2877
f 1338//1336 2894//2885 2835//2826 1336//1334
f 1340//1338 2881//2872 2894//2885 1338//1336
f 2886//2877 2894//2885 2881//2872 2878//2869
f 2539//2531 2542//2534 2895//2886 2789//2780
f 2896//2887 2895//2886 2542//2534 2522//2514
f 2897//2888 2898//2889 2895//2886 2896//2887
f 2789//2780 2895//2886 2898//2889 2781//2772
f 2897//2888 2899//2890 2900//2891 2901//2892
f 2902//2893 2900//2891 2899//2890 2903//2894
f 1360//1358 2889//2880 2900//2891 2902//2893
f 2901//2892 2900//2891 2889//2880 2888//2879
f 2888//2879 2893//2884 2904//2895 2901//2892
f 2780//2771 2904//2895 2893//2884 2766//2757
f 2781//2772 2898//2889 2904//2895 2780//2771
f 2901//2892 2904//2895 2898//2889 2897//2888
f 2905//2896 2906//2897 2907//2898 2908//2899
f 2909//2900 2907//2898 2906//2897 2910//2901
f 2911//2902 2912//2903 2907//2898 2909//2900
f 2908//2899 2907//2898 2912//2903 2913//2904
f 2522//2514 2518//2510 2914//2905 2896//2887
f 2915//2906 2914//2905 2518//2510 2517//2509
f 2903//2894 2899//2890 2914//2905 2915//2906
f 2896//2887 2914//2905 2899//2890 2897//2888
f 2910//2901 2916//2907 2917//2908 2909//2900
f 2538//2530 2917//2908 2916//2907 2536//2528
f 1444//1442 2918//2909 2917//2908 2538//2530
f 2909//2900 2917//2908 2918//2909 2911//2902
f 2756//2747 2755//2746 2919//2910 2920//2911
f 1449//1447 2919//2910 2755//2746 1446//1444
f 1454//1452 2921//2912 2919//2910 1449//1447
f 2920//2911 2919//2910 2921//2912 2913//2904
f 2322//2320 2922//2913 2923//2914 2321//2319
f 2908//2899 2923//2914 2922//2913 2905//2896
f 2913//2904 2921//2912 2923//2914 2908//2899
f 2321//2319 2923//2914 2921//2912 1454//1452
f 1466//1464 1462//1460 2924//2915 2925//2916
f 1462//1460 1461//1459 1484//1482
f 1483//1481 2926//2917 2924//2915 1484//1482
f 2925//2916 2924//2915 2926//2917 2927//2918
f 2928//2919 2929//2920 2930//2921 2931//2922
f 2410//2408 2930//2921 2929//2920 2407//2405
f 2412//2410 2932//2923 2930//2921 2410//2408
f 2931//2922 2930//2921 2932//2923 2933//2924
f 2934//2925 2935//2926 2735//2726 2752//2743
f 2752//2743 1466//1464 2925//2916
f 2927//2918 2936//2927 2934//2925 2925//2916
f 2935//2926 2934//2925 2936//2927 2933//2924
f 2428//2426 2937//2928 2938//2929 2431//2429
f 2939//2930 2938//2929 2937//2928 2940//2931
f 2927//2918 2926//2917 2938//2929 2939//2930
f 2431//2429 2938//2929 2926//2917 1483//1481
f 2940//2931 2941//2932 2942//2933 2939//2930
f 2931//2922 2942//2933 2941//2932 2928//2919
f 2933//2924 2936//2927 2942//2933 2931//2922
f 2939//2930 2942//2933 2936//2927 2927//2918
f 2412//2410 2496//2488 2943//2934 2932//2923
f 2496//2488 2495//2487 2734//2725
f 2943//2934 2734//2725 2735//2726
f 2933//2924 2932//2923 2943//2934 2935//2926
f 2944//2935 2945//2936 2946//2937 2947//2938
f 2394//2392 2946//2937 2945//2936 1677//1675
f 2396//2394 2948//2939 2946//2937 2394//2392
f 2947//2938 2946//2937 2948//2939 2949//2940
f 2950//2941 2951//2942 2952//2943 2953//2944
f 2947//2938 2952//2943 2951//2942 2944//2935
f 2952//2943 2947//2938 2949//2940
f 2953//2944 2952//2943 2954//2945 2955//2946
f 2949//2940 2948//2939 2956//2947 2957//2948
f 2406//2404 2956//2947 2948//2939 2396//2394
f 2403//2401 2416//2414 2956//2947 2406//2404
f 2957//2948 2956//2947 2416//2414 2415//2413
f 2958//2949 2959//2950 2960//2951 2961//2952
f 2962//2953 2960//2951 2959//2950 2963//2954
f 2960//2951 2962//2953 1548//1546
f 2306//2304 2961//2952 2960//2951 2303//2301
f 2955//2946 2964//2955 2965//2956 2953//2944
f 2964//2955 2420//2418 2419//2417
f 1649//1647 2966//2957 2965//2956 2419//2417
f 2953//2944 2965//2956 2966//2957 2950//2941
f 2967//2958 2968//2959 2969//2960 2970//2961
f 2971//2962 2969//2960 2968//2959 2972//2963
f 2963//2954 2959//2950 2969//2960 2971//2962
f 2970//2961 2969//2960 2959//2950 2958//2949
f 2961//2952 2973//2964 2974//2965 2958//2949
f 2315//2313 2973//2964 2961//2952 2306//2304
f 2532//2524 2973//2964 2315//2313 2313//2311
f 2974//2965 2973//2964 2532//2524 2531//2523
f 2975//2966 2976//2967 2977//2968 2978//2969
f 1645//1643 2977//2968 2976//2967 1646//1644
f 1553//1551 2977//2968 1645//1643 1554//1552
f 2978//2969 2977//2968 1553//1551 1550//1548
f 1550//1548 1549//1547 2979//2970 2978//2969
f 1549//1547 1548//1546 2962//2953
f 2979//2970 2962//2953 2963//2954
f 2980//2971 2975//2966 2978//2969
f 2981//2972 2982//2973 2968//2959 2967//2958
f 2516//2508 2513//2505 2982//2973 2981//2972
f 2513//2505 2512//2504 2983//2974
f 2972//2963 2968//2959 2982//2973 2983//2974
f 2984//2975 2985//2976 2986//2977 2987//2978
f 2988//2979 2986//2977 2985//2976 2502//2494
f 2989//2980 2990//2981 2986//2977 2988//2979
f 2987//2978 2986//2977 2990//2981 2991//2982
f 2991//2982 2992//2983 2993//2984 2987//2978
f 1656//1654 2993//2984 2992//2983 1654//1652
f 1648//1646 2994//2985 2993//2984 1656//1654
f 2987//2978 2993//2984 2994//2985 2984//2975
f 1677//1675 2945//2936 2995//2986 1676//1674
f 2945//2936 2944//2935 2996//2987
f 2989//2980 2997//2988 2995//2986 2996//2987
f 1676//1674 2995//2986 2997//2988 1669//1667
f 2944//2935 2951//2942 2998//2989 2996//2987
f 2999//2990 2998//2989 2951//2942 2950//2941
f 2991//2982 2990//2981 2998//2989 2999//2990
f 2996//2987 2998//2989 2990//2981 2989//2980
f 3000//2991 2997//2988 2989//2980 2988//2979
f 2502//2494 2499//2491 3000//2991 2988//2979
f 1662//1660 1666//1664 3000//2991 2499//2491
f 2997//2988 3000//2991 1666//1664 1669//1667
f 3001//2992 3002//2993 3003//2994 3004//2995
f 2981//2972 3002//2993 3001//2992 2516//2508
f 2967//2958 3005//2996 3002//2993 2981//2972
f 3006//2997 3003//2994 3002//2993 3005//2996
f 2950//2941 2966//2957 3007//2998 2999//2990
f 1652//1650 3007//2998 2966//2957 1649//1647
f 1654//1652 2992//2983 3007//2998 1652//1650
f 2999//2990 3007//2998 2992//2983 2991//2982
f 2970//2961 3008//2999 3005//2996 2967//2958
f 2958//2949 2974//2965 3008//2999 2970//2961
f 2531//2523 3009//3000 3008//2999 2974//2965
f 3005//2996 3008//2999 3009//3000 3006//2997
f 2905//2896 2922//2913 3010//3001 3011//3002
f 2330//2328 3010//3001 2922//2913 2322//2320
f 2334//2332 3012//3003 3010//3001 2330//2328
f 3011//3002 3010//3001 3012//3003 3004//2995
f 2910//2901 2906//2897 3013//3004 3014//3005
f 3011//3002 3013//3004 2906//2897 2905//2896
f 3004//2995 3003//2994 3013//3004 3011//3002
f 3014//3005 3013//3004 3003//2994 3006//2997
f 2328//2326 2515//2507 3015//3006 2337//2335
f 3015//3006 2515//2507 2516//2508 3001//2992
f 3004//2995 3012//3003 3015//3006 3001//2992
f 2337//2335 3015//3006 3012//3003 2334//2332
f 2420//2418 2964//2955 3016//3007 3017//3008
f 3018//3009 3016//3007 2964//2955 2955//2946
f 3019//3010 3020//3011 3016//3007 3018//3009
f 3017//3008 3016//3007 3020//3011 3021//3012
f 3006//2997 3009//3000 3022//3013 3014//3005
f 2534//2526 3022//3013 3009//3000 2531//2523
f 2536//2528 2916//2907 3022//3013 2534//2526
f 3014//3005 3022//3013 2916//2907 2910//2901
f 2955//2946 2954//2945 3023//3014 3018//3009
f 2957//2948 3023//3014 2954//2945 2949//2940
f 2415//2413 3024//3015 3023//3014 2957//2948
f 3018//3009 3023//3014 3024//3015 3019//3010
f 2940//2931 2937//2928 3025//3016 3026//3017
f 2426//2424 3025//3016 2937//2928 2428//2426
f 2427//2425 3027//3018 3025//3016 2426//2424
f 3026//3017 3025//3016 3027//3018 3021//3012
f 2928//2919 2941//2932 3028//3019 3029//3020
f 3026//3017 3028//3019 2941//2932 2940//2931
f 3021//3012 3020//3011 3028//3019 3026//3017
f 3029//3020 3028//3019 3020//3011 3019//3010
f 2427//2425 2423//2421 3030//3021 3027//3018
f 2421//2419 3030//3021 2423//2421 2422//2420
f 3017//3008 3030//3021 2421//2419 2420//2418
f 3021//3012 3027//3018 3030//3021 3017//3008
f 3019//3010 3024//3015 3031//3022 3029//3020
f 2414//2412 3031//3022 3024//3015 2415//2413
f 2407//2405 2929//2920 3031//3022 2414//2412
f 3029//3020 3031//3022 2929//2920 2928//2919
f 3032//3023 3033//3024 3034//3025
f 3035//3026 2436//3027 2435//3028
f 3036//3029 3037//3030 3038//3031
f 3033//3024 3036//3029 3039//3032 3034//3025
f 3040//3033 3038//3031 3037//3030
f 3041//3034 3042//3035 3043//3036 3044//3037
f 182//182 3043//3036 3042//3035 174//174
f 183//183 3045//3038 3043//3036 182//182
f 3044//3037 3043//3036 3045//3038 3046//3039
f 3046//3039 3047//3040 3048//3041 3044//3037
f 3048//3041 3047//3040 2492//2484 2685//2676
f 3049//3042 3048//3041 2685//2676 2684//2675
f 3044//3037 3048//3041 3049//3042 3041//3034
f 2609//2600 2608//2599 3050//3043 3051//3044
f 173//173 3050//3043 2608//2599 175//175
f 174//174 3042//3035 3050//3043 173//173
f 3051//3044 3050//3043 3042//3035 3041//3034
f 3052//3045 3049//3042 2684//2675 2696//2687
f 2469//2461 2617//2608 3052//3045 2696//2687
f 2617//2608 2609//2600 3051//3044
f 3041//3034 3049//3042 3052//3045 3051//3044
f 2492//2484 3047//3040 3053//3046 2493//2485
f 3054//3047 3053//3046 3047//3040 3046//3039
f 3055//3048 3056//3049 3053//3046 3054//3047
f 3056//3049 2494//2486 2493//2485
f 3057//3050 3058//3051 3059//3052 3060//3053
f 2665//2656 3059//3052 3058//3051 2662//2653
f 2660//2651 2729//2720 3059//3052 2665//2656
f 3060//3053 3059//3052 2729//2720 2726//2717
f 333//333 3061//3054 3062//3055 186//186
f 337//337 3063//3056 3061//3054 333//333
f 3057//3050 3064//3057 3061//3054 3063//3056
f 3062//3055 3061//3054 3064//3057 3055//3048
f 3046//3039 3045//3038 3065//3058 3054//3047
f 187//187 3065//3058 3045//3038 183//183
f 186//186 3062//3055 3065//3058 187//187
f 3054//3047 3065//3058 3062//3055 3055//3048
f 2726//2717 2725//2716 3066//3059 3060//3053
f 3056//3049 3066//3059 2725//2716 2494//2486
f 3066//3059 3056//3049 3055//3048
f 3060//3053 3066//3059 3064//3057 3057//3050
f 340//340 3067//3060 3063//3056 337//337
f 3067//3060 340//340 243//243 2671//2662
f 2662//2653 3058//3051 3067//3060 2671//2662
f 3063//3056 3067//3060 3058//3051 3057//3050
f 2913//2904 2912//2903 3068//3061 2920//2911
f 3069//3062 3068//3061 2912//2903 2911//2902
f 3070//3063 3068//3061 3069//3062 3071//3064
f 2756//2747 2920//2911 3068//3061 3070//3063
f 2903//2894 2915//2906 3072//3065 3073//3066
f 2517//2509 2760//2751 3072//3065 2915//2906
f 3074//3067 3072//3065 2760//2751 2758//2749
f 3075//3068 3073//3066 3072//3065 3074//3067
f 1439//1437 3076//3069 3077//3070 1440//1438
f 3078//3071 3076//3069 1439//1437 1362//1360
f 3075//3068 3079//3072 3076//3069 3078//3071
f 3077//3070 3076//3069 3079//3072 3071//3064
f 2911//2902 2918//2909 3080//3073 3069//3062
f 2918//2909 1444//1442 1443//1441
f 3080//3073 1443//1441 1440//1438
f 3071//3064 3069//3062 3080//3073 3077//3070
f 2758//2749 2757//2748 3081//3074 3074//3067
f 3070//3063 3081//3074 2757//2748 2756//2747
f 3071//3064 3079//3072 3081//3074 3070//3063
f 3074//3067 3081//3074 3079//3072 3075//3068
f 3075//3068 3078//3071 3082//3075 3073//3066
f 3082//3075 3078//3071 1362//1360 1361//1359
f 3082//3075 1361//1359 1360//1358
f 3073//3066 3082//3075 2902//2893 2903//2894
f 2502//2494 2985//2976 3083//3076 2501//2493
f 3084//3077 3083//3076 2985//2976 2984//2975
f 3085//3078 3086//3079 3083//3076 3084//3077
f 2501//2493 3083//3076 3086//3079 2503//2495
f 2984//2975 2994//2985 3087//3080 3084//3077
f 1647//1645 3087//3080 2994//2985 1648//1646
f 3088//3081 3087//3080 1647//1645 1646//1644
f 3084//3077 3087//3080 3088//3081 3085//3078
f 1646//1644 2976//2967 3089//3082 3088//3081
f 3090//3083 3089//3082 2976//2967 2975//2966
f 3091//3084 3092//3085 3089//3082 3090//3083
f 3088//3081 3089//3082 3092//3085 3085//3078
f 2508//2500 2505//2497 3093//3086 3094//3087
f 3086//3079 3093//3086 2505//2497 2503//2495
f 3085//3078 3092//3085 3093//3086 3086//3079
f 3094//3087 3093//3086 3092//3085 3091//3084
f 2512//2504 2511//2503 3095//3088 2983//2974
f 3094//3087 3095//3088 2511//2503 2508//2500
f 3091//3084 3096//3089 3095//3088 3094//3087
f 2983//2974 3095//3088 3096//3089 2972//2963
f 2975//2966 2980//2971 3097//3090 3090//3083
f 2971//2962 3097//3090 2980//2971 2963//2954
f 2972//2963 3096//3089 3097//3090 2971//2962
f 3090//3083 3097//3090 3096//3089 3091//3084
f 2367//2365 2373//2371 3098//3091 3099//3092
f 2392//2390 3098//3091 2373//2371 2372//2370
f 2381//2379 3100//3093 3098//3091 2392//2390
f 3100//3093 3101//3094 3099//3092
f 3102//3095 3103//3096 3104//3097 3105//3098
f 3101//3094 3100//3093 3104//3097 3103//3096
f 2380//2378 3104//3097 3100//3093 2381//2379
f 3105//3098 3104//3097 2380//2378 2177//2175
f 3106//3099 3107//3100 3108//3101 3109//3102
f 3105//3098 3108//3101 3107//3100 3102//3095
f 2177//2175 2176//2174 3108//3101 3105//3098
f 3109//3102 3108//3101 2176//2174 2175//2173
f 3110//3103 3111//3104 3106//3099 3109//3102
f 3110//3103 3109//3102 2175//2173 2179//2177
f 2181//2179 3112//3105 3110//3103 2179//2177
f 3111//3104 3110//3103 3112//3105 3113//3106
f 3113//3106 3112//3105 3114//3107 3115//3108
f 2183//2181 3114//3107 3112//3105 2181//2179
f 2185//2183 3116//3109 3114//3107 2183//2181
f 3115//3108 3114//3107 3116//3109 3117//3110
f 3118//3111 3119//3112 3120//3113 3121//3114
f 3116//3109 3120//3113 3119//3112 3117//3110
f 2185//2183 2189//2187 3120//3113 3116//3109
f 3121//3114 3120//3113 2189//2187 2188//2186
f 3121//3114 3122//3115 3123//3116 3118//3111
f 2188//2186 2193//2191 3122//3115 3121//3114
f 3122//3115 2193//2191 2192//2190 3124//3117
f 3123//3116 3122//3115 3124//3117 3125//3118
f 2342//2340 2347//2345 3126//3119 3127//3120
f 2357//2355 3126//3119 2347//2345 2346//2344
f 2359//2357 3128//3121 3126//3119 2357//2355
f 3127//3120 3126//3119 3128//3121 3129//3122
f 3125//3118 3124//3117 3130//3123 3131//3124
f 2343//2341 3130//3123 3124//3117 2192//2190
f 3127//3120 3130//3123 2343//2341 2342//2340
f 3131//3124 3130//3123 3127//3120 3129//3122
f 2367//2365 3099//3092 3132//3125 2365//2363
f 3099//3092 3101//3094 3133//3126
f 3132//3125 3133//3126 3129//3122
f 3128//3121 2359//2357 2365//2363
f 3134//3127 3135//3128 3136//3129 3137//3130
f 3138//3131 3139//3132 3136//3129 3135//3128
f 3139//3132 3101//3094 3103//3096
f 3137//3130 3136//3129 3103//3096 3102//3095
f 3134//3127 3137//3130 3140//3133 3141//3134
f 3102//3095 3107//3100 3140//3133 3137//3130
f 3106//3099 3142//3135 3140//3133 3107//3100
f 3141//3134 3140//3133 3142//3135 3143//3136
f 3143//3136 3142//3135 3144//3137 3145//3138
f 3111//3104 3144//3137 3142//3135 3106//3099
f 3113//3106 3146//3139 3144//3137 3111//3104
f 3145//3138 3144//3137 3146//3139 3147//3140
f 3147//3140 3146//3139 3148//3141 3149//3142
f 3115//3108 3148//3141 3146//3139 3113//3106
f 3150//3143 3148//3141 3115//3108 3117//3110
f 3148//3141 3150//3143 3151//3144 3149//3142
f 3152//3145 3153//3146 3154//3147 3155//3148
f 3150//3143 3154//3147 3153//3146 3151//3144
f 3117//3110 3119//3112 3154//3147 3150//3143
f 3155//3148 3154//3147 3119//3112 3118//3111
f 3134//3127 3141//3134 3156//3149 3157//3150
f 3156//3149 3141//3134 3143//3136 3158//3151
f 3159//3152 3160//3153 3156//3149 3158//3151
f 3157//3150 3156//3149 3160//3153 3161//3154
f 3159//3152 3158//3151 3162//3155 3163//3156
f 3145//3138 3162//3155 3158//3151 3143//3136
f 3147//3140 3164//3157 3162//3155 3145//3138
f 3165//3158 3163//3156 3162//3155 3164//3157
f 3155//3148 3167//3159 3166//3160 3152//3145
f 3118//3111 3123//3116 3167//3159 3155//3148
f 3165//3158 3164//3157 3168//3161 3169//3162
f 3149//3142 3168//3161 3164//3157 3147//3140
f 3151//3144 3170//3163 3168//3161 3149//3142
f 3171//3164 3169//3162 3168//3161 3170//3163
f 3161//3154 3160//3153 3172//3165 3173//3166
f 3163//3156 3172//3165 3160//3153 3159//3152
f 3165//3158 3169//3162 3172//3165 3163//3156
f 3173//3166 3172//3165 3169//3162 3171//3164
f 3174//3167 3175//3168 3176//3169 3177//3170
f 3173//3166 3176//3169 3175//3168 3161//3154
f 3171//3164 3178//3171 3176//3169 3173//3166
f 3177//3170 3176//3169 3178//3171 3179//3172
f 3151//3144 3153//3146 3180//3173 3170//3163
f 3181//3174 3180//3173 3153//3146 3152//3145
f 3179//3172 3178//3171 3180//3173 3181//3174
f 3170//3163 3180//3173 3178//3171 3171//3164
f 3182//3175 3133//3126 3101//3094
f 3135//3128 3183//3176 3184//3177 3138//3131
f 3157//3150 3183//3176 3135//3128 3134//3127
f 3161//3154 3175//3168 3183//3176 3157//3150
f 3184//3177 3183//3176 3175//3168 3174//3167
f 3179//3172 3187//3178 3188//3179 3177//3170
f 3177//3170 3188//3179 3185//3180 3174//3167
f 3152//3145 3166//3160 3189//3181 3181//3174
f 3181//3174 3189//3181 3187//3178 3179//3172
f 3190//3182 3191//3183 3192//3184 3193//3185
f 3194//3186 3191//3183 3190//3182 3195//3187
f 1//1 22//22 3191//3183 3194//3186
f 3191//3183 22//22 25//25
f 3193//3185 3192//3184 3196//3188 3197//3189
f 42//42 3196//3188 3192//3184 25//25
f 34//34 33//33 3196//3188 42//42
f 3197//3189 3196//3188 33//33 32//32
f 3201//3190 3198//3191 3200//3192 3202//3193
f 3199//3194 3198//3191 3201//3190 3203//3195
f 3201//3190 3204//3196 3205//3197 3203//3195
f 3202//3193 3206//3198 3204//3196 3201//3190
f 3207//3199 3204//3196 3206//3198 3208//3200
f 3209//3201 3205//3197 3204//3196 3207//3199
f 3208//3200 3210//3202 3211//3203 3207//3199
f 30//30 3211//3203 3210//3202 32//32
f 31//31 3212//3204 3211//3203 30//30
f 3207//3199 3211//3203 3212//3204 3209//3201
f 1772//1770 1771//1769 3213//3205 3214//3206
f 3215//3207 3213//3205 1771//1769 1775//1773
f 3216//3208 3217//3209 3213//3205 3215//3207
f 3218//3210 3214//3206 3213//3205 3217//3209
f 3220//3211 3219//3212 3221//3213 3222//3214
f 3223//3215 3221//3213 3219//3212 2580//3216
f 3224//3217 3221//3213 3223//3215 3225//3218
f 3226//3219 3222//3214 3221//3213 3224//3217
f 3215//3207 3227//3220 3228//3221 3216//3208
f 1775//1773 2251//2249 3227//3220 3215//3207
f 3229//3222 3227//3220 2251//2249 2249//2247
f 3230//3223 3228//3221 3227//3220 3229//3222
f 3225//3218 3231//3224 3232//3225 3224//3217
f 3217//3209 3232//3225 3231//3224 3218//3210
f 3216//3208 3233//3226 3232//3225 3217//3209
f 3224//3217 3232//3225 3233//3226 3226//3219
f 2249//2247 2248//2246 3234//3227 3229//3222
f 1781//1779 1777//1775 3234//3227 2248//2246
f 1776//1774 3235//3228 3234//3227 1777//1775
f 3229//3222 3234//3227 3235//3228 3230//3223
f 3236//3229 3237//3230 3238//3231 3239//3232
f 1779//1777 3237//3230 3236//3229 1776//1774
f 3242//3233 3241//3234 3245//3235 3246//3236
f 2236//2234 3245//3235 3241//3234 52//52
f 2239//2237 3247//3237 3245//3235 2236//2234
f 3246//3236 3245//3235 3247//3237 3248//3238
f 3249//3239 3251//3240 3252//3241 3250//3242
f 3243//3243 3244//3244 3251//3240 3249//3239
f 3246//3236 3251//3240 3244//3244 3242//3233
f 3248//3238 3252//3241 3251//3240 3246//3236
f 3248//3238 3247//3237 3253//3245 3254//3246
f 2244//2242 3253//3245 3247//3237 2239//2237
f 2245//2243 3255//3247 3253//3245 2244//2242
f 3254//3246 3253//3245 3255//3247 3256//3248
f 2245//2243 2242//2240 3257//3249 3258//3250
f 1765//1763 3257//3249 2242//2240 1767//1765
f 1766//1764 3259//3251 3257//3249 1765//1763
f 3260//3252 3258//3250 3257//3249 3259//3251
f 3250//3242 3252//3241 3262//3253 3261//3254
f 3254//3246 3262//3253 3252//3241 3248//3238
f 3256//3248 3263//3255 3262//3253 3254//3246
f 3264//3256 3265//3257 3266//3258 3267//3259
f 3256//3248 3255//3247 3266//3258 3265//3257
f 3258//3250 3266//3258 3255//3247 2245//2243
f 3267//3259 3266//3258 3258//3250 3260//3252
f 3268//3260 3269//3261 3265//3257 3264//3256
f 3265//3257 3269//3261 3263//3255 3256//3248
f 3259//3251 3270//3262 3271//3263 3260//3252
f 1766//1764 2582//2573 3270//3262 3259//3251
f 3272//3264 3270//3262 2582//2573 2581//2572
f 3273//3265 3271//3263 3270//3262 3272//3264
f 3274//3266 3275//3267 3276//3268 3277//3269
f 3267//3259 3276//3268 3275//3267 3264//3256
f 3260//3252 3271//3263 3276//3268 3267//3259
f 3277//3269 3276//3268 3271//3263 3273//3265
f 3278//3270 3279//3271 3275//3267 3274//3266
f 2434//3272 2433//3273 3279//3271 3278//3270
f 3264//3256 3275//3267 3279//3271 3268//3260
f 3280//3274 3281//3275 3282//3276 3283//3277
f 53//53 56//56 3281//3275 3280//3274
f 61//61 3284//3278 3281//3275 56//56
f 3282//3276 3281//3275 3284//3278 3285//3279
f 3286//3280 3287//3281 3288//3282 3289//3283
f 3290//3284 3288//3282 3287//3281 3291//3285
f 3283//3277 3282//3276 3288//3282 3290//3284
f 3289//3283 3288//3282 3282//3276 3285//3279
f 3292//3286 3293//3287 3287//3281 3286//3280
f 2438//3288 2437//3289 3293//3287 3292//3286
f 3294//3290 3293//3287 2437//3289 2436//3027
f 3291//3285 3287//3281 3293//3287 3294//3290
f 3285//3279 3284//3278 3295//3291 3296//3292
f 78//78 3295//3291 3284//3278 61//61
f 79//79 3297//3293 3295//3291 78//78
f 3296//3292 3295//3291 3297//3293 3298//3294
f 3299//3295 3300//3296 3301//3297 3302//3298
f 3289//3283 3301//3297 3300//3296 3286//3280
f 3285//3279 3296//3292 3301//3297 3289//3283
f 3296//3292 3298//3294 3302//3298
f 3303//3299 3304//3300 3305//3301 3306//3302
f 3304//3300 690//688 695//693
f 696//694 2454//2446 3305//3301 695//693
f 2458//2450 3306//3302 3305//3301 2454//2446
f 3307//3303 3308//3304 3300//3296 3299//3295
f 2441//2431 2440//2434 3308//3304 3307//3303
f 3292//3286 3308//3304 2440//2434 2438//3288
f 3286//3280 3300//3296 3308//3304 3292//3286
f 3303//3299 3309//3305 3310//3306 3304//3300
f 3310//3306 3309//3305 3298//3294 3297//3293
f 689//687 3310//3306 3297//3293 79//79
f 690//688 3304//3300 3310//3306 689//687
f 3311//3307 3312//3308 3313//3309 3314//3310
f 3302//3298 3313//3309 3312//3308 3299//3295
f 3313//3309 3302//3298 3298//3294
f 3314//3310 3313//3309 3309//3305 3303//3299
f 3315//3311 3316//3312 3312//3308 3311//3307
f 2446//2438 2443//2435 3316//3312 3315//3311
f 3307//3303 3316//3312 2443//2435 2441//2431
f 3299//3295 3312//3308 3316//3312 3307//3303
f 2445//2437 2446//2438 3317//3313
f 3315//3311 3318//3314 3317//3313 2446//2438
f 3311//3307 3319//3315 3318//3314 3315//3311
f 3320//3316 3321//3317 3318//3314 3319//3315
f 3314//3310 3322//3318 3319//3315 3311//3307
f 3303//3299 3306//3302 3322//3318 3314//3310
f 3323//3319 3322//3318 3306//3302 2458//2450
f 3322//3318 3323//3319 3320//3316 3319//3315
f 3203//3195 3326//3320 3324//3321 3199//3194
f 3325//3322 3324//3321 3326//3320 3327//3323
f 3326//3320 3328//3324 3329//3325 3327//3323
f 3203//3195 3205//3197 3328//3324 3326//3320
f 3330//3326 3328//3324 3205//3197 3209//3201
f 3331//3327 3329//3325 3328//3324 3330//3326
f 3327//3323 3332//3328 3333//3329 3325//3322
f 2579//2571 3333//3329 3332//3328 2576//2568
f 3334//3330 3335//3331 3336//3332 3337//3333
f 2573//2565 3334//3330 3337//3333 2574//2566
f 2556//2548 2555//2547 3334//3330 2573//2565
f 3335//3331 3334//3330 2555//2547 2560//2552
f 3209//3201 3212//3204 3338//3334 3330//3326
f 2575//2567 3338//3334 3212//3204 31//31
f 2574//2566 3339//3335 3338//3334 2575//2567
f 3330//3326 3338//3334 3339//3335 3331//3327
f 3340//3336 3335//3331 2560//2552 2569//2561
f 3214//3206 3340//3336 2569//2561 1772//1770
f 3340//3336 3214//3206 3218//3210 3341//3337
f 3336//3332 3335//3331 3340//3336 3341//3337
f 3341//3337 3342//3338 3343//3339 3336//3332
f 3218//3210 3231//3224 3342//3338 3341//3337
f 3344//3340 3342//3338 3231//3224 3225//3218
f 3345//3341 3343//3339 3342//3338 3344//3340
f 3346//3342 3347//3343 3343//3339 3345//3341
f 3331//3327 3339//3335 3347//3343 3346//3342
f 3337//3333 3347//3343 3339//3335 2574//2566
f 3336//3332 3343//3339 3347//3343 3337//3333
f 3348//3344 3349//3345 3350//3346 3351//3347
f 3272//3264 3350//3346 3349//3345 3273//3265
f 2581//2572 2588//2579 3350//3346 3272//3264
f 3351//3347 3350//3346 2588//2579 2587//2578
f 3225//3218 3223//3215 3352//3348 3344//3340
f 2580//3216 2577//2569 3352//3348 3223//3215
f 3353//3349 3352//3348 2577//2569 2576//2568
f 3352//3348 3353//3349 3345//3341 3344//3340
f 3354//3350 3346//3342 3345//3341 3353//3349
f 2576//2568 3332//3328 3354//3350 3353//3349
f 3354//3350 3332//3328 3327//3323 3329//3325
f 3346//3342 3354//3350 3329//3325 3331//3327
f 3355//3351 3356//3352 3357//3353 3358//3354
f 3277//3269 3357//3353 3356//3352 3274//3266
f 3273//3265 3349//3345 3357//3353 3277//3269
f 3358//3354 3357//3353 3349//3345 3348//3344
f 3359//3355 3360//3356 3361//3357 3362//3358
f 3034//3025 3039//3032 3360//3356 3359//3355
f 3039//3032 3038//3031 3363//3359
f 3355//3351 3361//3357 3360//3356 3363//3359
f 3363//3359 3364//3360 3356//3352 3355//3351
f 3364//3360 3363//3359 3038//3031
f 3278//3270 3364//3360 3040//3033 2434//3272
f 3274//3266 3356//3352 3364//3360 3278//3270
f 3365//3361 3366//3362 3367//3363 3368//3364
f 3351//3347 3367//3363 3366//3362 3348//3344
f 2587//2578 2595//2586 3367//3363 3351//3347
f 3368//3364 3367//3363 2595//2586 2548//2540
f 3362//3358 3361//3357 3369//3365 3370//3366
f 3358//3354 3369//3365 3361//3357 3355//3351
f 3348//3344 3366//3362 3369//3365 3358//3354
f 3370//3366 3369//3365 3366//3362 3365//3361
f 2548//2540 2547//2539 3371//3367 3368//3364
f 3280//3274 3371//3367 2547//2539 53//53
f 3283//3277 3372//3368 3371//3367 3280//3274
f 3368//3364 3371//3367 3372//3368 3365//3361
f 3365//3361 3372//3368 3373//3369 3370//3366
f 3290//3284 3373//3369 3372//3368 3283//3277
f 3291//3285 3374//3370 3373//3369 3290//3284
f 3370//3366 3373//3369 3374//3370 3362//3358
f 3294//3290 3375//3371 3374//3370 3291//3285
f 2436//3027 3035//3026 3375//3371 3294//3290
f 3359//3355 3375//3371 3035//3026 3034//3025
f 3362//3358 3374//3370 3375//3371 3359//3355
f 3197//3189 3377//3372 3378//3373 3193//3185
f 32//32 3210//3202 3377//3372 3197//3189
f 3379//3374 3377//3372 3210//3202 3208//3200
f 3380//3375 3378//3373 3377//3372 3379//3374
f 3379//3374 3381//3376 3382//3377 3380//3375
f 3208//3200 3206//3198 3381//3376 3379//3374
f 3376//3378 3381//3376 3206//3198 3202//3193
f 3380//3375 3382//3377 3383//3379 3385//3380
f 3386//3381 3387//3382 3388//3383 3389//3384
f 3388//3383 3387//3382 2449//2441
f 3390//3385 3388//3383 2452//2444 6//6
f 3389//3384 3388//3383 3390//3385 3391//3386
f 3385//3380 3384//3387 3392//3388
f 3393//3389 3392//3388 3195//3187
f 3193//3185 3378//3373 3393//3389 3190//3182
f 3385//3380 3393//3389 3378//3373 3380//3375
f 6//6 2//2 3394//3390 3390//3385
f 2//2 1//1 3194//3186
f 3394//3390 3194//3186 3195//3187
f 3391//3386 3390//3385 3394//3390 3395//3391
f 3400//3392 3401//3393 3402//3394 3398//3395
f 3389//3384 3402//3394 3401//3393 3386//3381
f 3391//3386 3403//3396 3402//3394 3389//3384
f 3398//3395 3402//3394 3403//3396 3397//3397
f 3395//3391 3404//3398 3403//3396 3391//3386
f 3195//3187 3392//3388 3404//3398 3395//3391
f 3396//3399 3404//3398 3392//3388 3384//3387
f 3397//3397 3403//3396 3404//3398 3396//3399
f 3230//3223 3235//3228 3405//3400 3406//3401
f 3236//3229 3405//3400 3235//3228 1776//1774
f 3239//3232 3407//3402 3405//3400 3236//3229
f 3406//3401 3405//3400 3407//3402 3408//3403
f 3226//3219 3411//3404 3409//3405 3222//3214
f 3410//3406 3409//3405 3411//3404 3408//3403
f 3408//3403 3407//3402 3412//3407 3410//3406
f 3408//3403 3411//3404 3413//3408 3406//3401
f 3226//3219 3233//3226 3413//3408 3411//3404
f 3216//3208 3228//3221 3413//3408 3233//3226
f 3406//3401 3413//3408 3228//3221 3230//3223
f 3323//3319 3416//3409 3417//3410 3320//3316
f 2458//2450 2457//2449 3416//3409 3323//3319
f 2456//2448 3418//3411 3416//3409 2457//2449
f 3417//3410 3416//3409 3418//3411 3419//3412
f 3400//3392 3399//3413 3420//3414 3421//3415
f 3421//3415 3420//3414 3422//3416 3423//3417
f 3424//3418 3425//3419 3426//3420
f 3386//3381 3401//3393 3427//3421 3426//3420
f 3421//3415 3427//3421 3401//3393 3400//3392
f 3423//3417 3424//3418 3427//3421 3421//3415
f 2456//2448 2455//2447 3428//3422 3429//3423
f 2455//2447 2449//2441 3387//3382
f 3428//3422 3387//3382 3386//3381
f 3429//3423 3428//3422 3426//3420 3425//3419
f 3417//3410 3430//3424 3321//3317 3320//3316
f 3419//3412 3431//3425 3430//3424 3417//3410
f 3432//3426 3433//3427 3434//3428 3435//3429
f 3423//3417 3422//3416 3433//3427 3432//3426
f 3415//3430 3434//3428 3433//3427 3414//3431
f 3436//3432 3431//3425 3419//3412 3437//3433
f 3435//3429 3434//3428 3436//3432 3437//3433
f 3424//3418 3438//3434 3439//3435 3425//3419
f 3432//3426 3438//3434 3424//3418 3423//3417
f 3435//3429 3439//3435 3438//3434 3432//3426
f 3419//3412 3418//3411 3440//3436 3437//3433
f 3429//3423 3440//3436 3418//3411 2456//2448
f 3425//3419 3439//3435 3440//3436 3429//3423
f 3437//3433 3440//3436 3439//3435 3435//3429
f 21//21 19//19 18//18
f 50//50 51//51 46//46
f 98//98 97//97 99//99
f 100//100 99//99 105//105
f 110//110 109//109 19//19
f 94//94 96//96 117//117
f 118//118 117//117 96//96
f 136//136 139//139 134//134
f 142//142 144//144 140//140
f 151//151 152//152 148//148
f 149//149 148//148 152//152
f 228//228 229//229 226//226
f 231//231 226//226 229//229
f 226//226 232//232 234//234
f 197//197 284//284 283//283
f 196//196 286//286 284//284
f 311//311 312//312 309//309
f 232//232 330//330 331//331
f 282//282 285//285 341//341
f 363//363 385//385 383//383
f 387//387 390//390 388//388
f 402//402 401//401 400//400
f 399//399 422//422 425//425
f 438//438 440//440 436//436
f 446//446 448//448 449//449
f 464//464 465//465 462//462
f 467//467 439//439 441//441
f 496//496 497//497 493//493
f 502//502 509//509 507//507
f 508//508 507//507 509//509
f 503//503 524//3437 523//523
f 498//498 497//497 524//3437
f 523//523 524//3437 497//497
f 531//530 533//532 529//528
f 530//529 529//528 535//534
f 536//535 535//534 537//536
f 539//540 538//538 540//537
f 500//500 542//541 440//440
f 541//539 543//542 544//543
f 558//557 559//558 556//555
f 560//559 562//561 556//555
f 571//570 568//567 567//566
f 572//571 573//572 568//567
f 579//578 576//575 575//574
f 589//588 588//587 530//529
f 594//593 595//594 592//591
f 594//593 593//592 599//597
f 561//560 562//561 601//599
f 602//600 601//599 562//561
f 604//602 601//599 602//600
f 623//621 621//619 620//618
f 612//610 611//609 627//625
f 585//584 620//618 627//625
f 628//626 636//634 617//615
f 633//631 639//637 640//638
f 616//614 640//638 639//637
f 634//632 637//635 642//640
f 622//620 642//640 637//635
f 626//624 630//628 642//640
f 641//639 642//640 630//628
f 667//665 665//663 200//200
f 668//666 666//664 665//663
f 282//282 342//342 675//673
f 673//671 678//676 677//675
f 667//665 677//675 678//676
f 201//201 283//283 677//675
f 674//672 677//675 283//283
f 686//684 700//698 701//699
f 765//763 771//769 770//768
f 492//492 810//808 495//495
f 489//489 812//810 810//808
f 489//489 488//488 819//817
f 824//822 825//823 822//820
f 826//824 822//820 825//823
f 827//825 828//826 822//820
f 823//821 822//820 828//826
f 831//829 830//828 834//832
f 868//866 869//867 866//864
f 865//863 870//868 866//864
f 794//792 892//890 891//889
f 896//894 900//898 899//897
f 894//892 893//891 899//897
f 875//873 877//875 902//900
f 903//901 902//900 904//902
f 871//869 870//868 906//904
f 873//871 906//904 870//868
f 910//908 913//3438 908//906
f 912//910 913//3438 910//908
f 905//903 908//906 913//3438
f 917//914 918//915 914//911
f 904//902 923//920 916//913
f 937//934 945//942 944//941
f 435//435 947//944 946//943
f 942//939 945//942 946//943
f 948//945 947//944 435//435
f 375//375 950//947 953//950
f 969//966 968//965 910//908
f 978//975 979//976 977//974
f 909//907 915//912 979//976
f 974//971 984//981 567//566
f 1000//997 999//996 1001//998
f 1002//999 1004//1001 1003//1000
f 959//956 1003//1000 1004//1001
f 958//955 972//969 1003//1000
f 1000//997 1003//1000 972//969
f 1007//1004 1005//1002 1001//998
f 230//230 229//229 1062//1059
f 1064//1061 1062//1059 229//229
f 1063//1060 1062//1059 1066//1063
f 1093//1090 1092//1089 1094//1091
f 1103//1100 1100//1097 1099//1096
f 1104//1101 1105//1102 1100//1097
f 1101//1098 1100//1097 1105//1102
f 1134//1131 1135//1132 1131//1128
f 1139//1136 1141//1138 1137//1134
f 1143//1140 1144//1141 1141//1138
f 1136//1133 1135//1132 1146//1143
f 1149//1146 1151//1148 1146//1143
f 1150//1147 1151//1148 1152//1149
f 1154//1151 1152//1149 1151//1148
f 1145//1142 1153//1150 1152//1149
f 1157//1154 1160//1157 1159//1156
f 1158//1155 1159//1156 1163//1160
f 1147//1144 1163//1160 1159//1156
f 1164//1161 1163//1160 1147//1144
f 1150//1147 1153//1150 1165//1162
f 1166//1163 1165//1162 1153//1150
f 1164//1161 1165//1162 1168//1165
f 598//596 1175//1172 587//586
f 1191//1189 1190//1188 1189//1187
f 1191//1189 1192//1190 631//629
f 1177//1175 1192//1190 1191//1189
f 1161//1158 1168//1165 1193//1191
f 1206//1204 1204//1202 1199//1197
f 1247//1245 1246//1244 1248//1246
f 1250//1248 1237//1235 1236//1234
f 1251//1249 1250//1248 1252//1250
f 1256//1254 1257//1255 1254//1252
f 1251//1249 1254//1252 1257//1255
f 1253//1251 1258//1256 1254//1252
f 1267//1265 1269//1267 1265//1263
f 1249//1247 1267//1265 1266//1264
f 1268//1266 1267//1265 1249//1247
f 1269//1267 1267//1265 1268//1266
f 858//856 1270//1268 1094//1091
f 1268//1266 1270//1268 1271//1269
f 1263//1261 1276//1274 1275//1273
f 1245//1243 1275//1273 1276//1274
f 1256//1254 1273//1271 1283//1281
f 1284//1282 1287//1285 1257//1255
f 1290//1288 1289//1287 1286//1284
f 1308//1306 1306//1304 1305//1303
f 1302//1300 1313//1311 1311//1309
f 1308//1306 1323//1321 1321//1319
f 1307//1305 1325//1323 1323//1321
f 1343//1341 1346//1344 1352//1350
f 1359//1357 1358//1356 1365//1363
f 1368//1366 1381//1379 1380//1378
f 1382//1380 1381//1379 1383//1381
f 1145//1142 1144//1141 1399//1397
f 1143//1140 1378//1376 1401//1399
f 1167//1164 1398//1396 1406//1404
f 1408//1406 1409//1407 1406//1404
f 1412//1410 1413//1411 1410//1408
f 590//589 1415//1413 1414//1412
f 1417//1415 1415//1413 590//589
f 1408//1406 1416//1414 1415//1413
f 1418//1416 1419//1417 1413//1411
f 1396//1394 1416//1414 1419//1417
f 591//590 1176//1173 1420//1418
f 1187//1185 1409//1407 1420//1418
f 1388//1386 1418//1416 1421//1419
f 1402//1400 1423//1421 1411//1409
f 1377//1375 1385//1383 1423//1421
f 1422//1420 1423//1421 1385//1383
f 1392//1390 1426//1424 1425//1423
f 1364//1362 1430//1428 1428//1426
f 1431//1429 1436//1434 1434//1432
f 1438//1436 1363//1361 1362//1360
f 1476//1474 1477//1475 1473//1471
f 1474//1472 1473//1471 1477//1475
f 1478//1476 1482//1480 1481//1479
f 1484//1482 1481//1479 1482//1480
f 1498//1496 1497//1495 1499//1497
f 1394//1392 1425//1423 1501//1499
f 1490//1488 1501//1499 1425//1423
f 1514//1512 1516//1514 1512//1510
f 1511//1509 1510//1508 1534//1532
f 1535//1533 1534//1532 1528//1526
f 1573//1571 1574//1572 1572//1570
f 827//825 1575//1573 1574//1572
f 827//825 826//824 1577//1575
f 1575//1573 1577//1575 1578//1576
f 1571//1569 1581//1579 1579//1577
f 533//532 1579//1577 1581//1579
f 531//530 1414//1412 1579//1577
f 1580//1578 1579//1577 1414//1412
f 1395//1393 1582//1580 1580//1578
f 1584//1582 1583//1581 521//521
f 1586//1584 1583//1581 1584//1582
f 1562//1560 1558//1556 1587//1585
f 1588//1586 1587//1585 1558//1556
f 1570//1568 1587//1585 1590//1588
f 505//505 508//508 1594//1592
f 1576//1574 1586//1584 1596//1594
f 1595//1593 1598//1596 1590//1588
f 1601//1599 1600//1598 1573//1571
f 835//833 834//832 1600//1598
f 842//840 1608//1606 1605//1603
f 1606//1604 1605//1603 1608//1606
f 1612//1610 1613//1611 1611//1609
f 1609//1607 1615//1613 1614//1612
f 1603//1601 1616//1614 1614//1612
f 1619//1617 1620//1618 1617//1615
f 1476//1474 1604//1602 1620//1618
f 1617//1615 1620//1618 1604//1602
f 1683//1681 1687//1685 1684//1682
f 1690//1688 1691//1689 1688//1686
f 1713//1711 1712//1710 1714//1712
f 1715//1713 1714//1712 1718//1716
f 1725//1723 1724//1722 1231//1229
f 1727//1725 1724//1722 1725//1723
f 1521//1519 1736//1734 1734//1732
f 1731//1729 1730//1728 1734//1732
f 1740//1738 1741//1739 1738//1736
f 1726//1724 1751//1749 1750//1748
f 1787//1785 1790//1788 1791//1789
f 147//147 1793//1791 1791//1789
f 49//49 1783//1781 1795//1793
f 48//48 1795//1793 1796//1794
f 1807//1805 1806//1804 1809//1807
f 1810//1808 1809//1807 1820//1818
f 1064//1061 1820//1818 1809//1807
f 1826//1824 1827//1825 1824//1822
f 1823//1821 1822//1820 1828//1826
f 1113//1110 1836//1834 1835//1833
f 1870//1868 1872//1870 1871//1869
f 1736//1734 1871//1869 1872//1870
f 1920//1918 1921//1919 1918//1916
f 1923//1921 1918//1916 1921//1919
f 1751//1749 1928//1926 1927//1925
f 1919//1917 1928//1926 1929//1927
f 1935//1933 1933//1931 1127//1124
f 1695//1693 1936//1934 1935//1933
f 1940//1938 1944//1942 1945//1943
f 1923//1921 1948//1946 1946//1944
f 1948//1946 1923//1921 1922//1920
f 1952//1950 1953//1951 1950//1948
f 1877//1875 1962//1960 1961//1959
f 1966//1964 1967//1965 1964//1962
f 1965//1963 1964//1962 1968//1966
f 1996//1994 1997//1995 1994//1992
f 1686//1684 1998//1996 1994//1992
f 1995//1993 1994//1992 1998//1996
f 2038//2036 2040//2038 2036//2034
f 2044//2042 2043//2041 1957//1955
f 1687//1685 2067//2065 1998//1996
f 1993//1991 2064//2062 2067//2065
f 1852//1850 1857//1855 2072//2070
f 1916//1914 1943//1941 2117//2115
f 2021//2019 2117//2115 2118//2116
f 2115//2113 2120//2118 2119//2117
f 1116//1113 2134//2132 2132//2130
f 2133//2131 2132//2130 2134//2132
f 2135//2133 2134//2132 2136//2134
f 2133//2131 2144//2142 2143//2141
f 1351//1349 2149//2147 2147//2145
f 2148//2146 2147//2145 2149//2147
f 2149//2147 2151//2149 2154//2152
f 2161//2159 2160//2158 1456//1454
f 1969//1967 1968//1966 2168//2166
f 2191//2189 2190//2188 1983//1981
f 2200//2198 2199//2197 1884//1882
f 2045//2043 2207//2205 1961//1959
f 2204//2202 2207//2205 2208//2206
f 1889//1887 2215//2213 2214//2212
f 1931//1929 2218//2216 2217//2215
f 2010//2008 2218//2216 1931//1929
f 2216//2214 2220//2218 2219//2217
f 2046//2044 2042//2040 2224//2222
f 1891//1889 2214//2212 2225//2223
f 1922//1920 1921//1919 2230//2228
f 2227//2225 2230//2228 2231//2229
f 2137//2135 2232//2230 2231//2229
f 50//50 1796//1794 2240//2238
f 2052//2050 2048//2046 2240//2238
f 1807//1805 2260//2258 2119//2117
f 1708//1706 2013//2011 2263//2261
f 323//323 329//329 2264//2262
f 2075//2073 2264//2262 329//329
f 2078//2076 2265//2263 2264//2262
f 2073//2071 2266//2264 1853//1851
f 2130//2128 2143//2141 2267//2265
f 841//839 2272//2270 2270//2268
f 2271//2269 2270//2268 2272//2270
f 2287//2285 2291//2289 2290//2288
f 2290//2288 2291//2289 831//829
f 1615//1613 2293//2291 2290//2288
f 2271//2269 2293//2291 1615//1613
f 1569//1567 2301//2299 1561//1559
f 1546//1544 2304//2302 2303//2301
f 2303//2301 2304//2302 2305//2303
f 2361//2359 2364//2362 2358//2356
f 2363//2361 2362//2360 2368//2366
f 2366//2364 2374//2372 2373//2371
f 1488//1486 2430//2428 1482//1480
f 1487//1485 1619//1617 2432//2430
f 1618//1616 1636//1634 2432//2430
f 2449//2441 2450//2442 2447//2439
f 2461//2453 2462//2454 2459//2451
f 150//150 2471//2463 2470//2462
f 2478//2470 2477//2469 2479//2471
f 2605//2596 2604//2595 176//176
f 2609//2600 2610//2601 2607//2598
f 2673//2664 2672//2663 2674//2665
f 2675//2666 2674//2665 2678//2669
f 2681//2672 2677//2668 2687//2678
f 151//151 2470//2462 2695//2686
f 2460//2452 2698//2689 2697//2688
f 2693//2684 2691//2682 2706//2697
f 2461//2453 2697//2688 2714//2705
f 2704//2695 2714//2705 2697//2688
f 2713//2704 2720//2711 2719//2710
f 2705//2696 2721//2712 2720//2711
f 2718//2709 2722//2713 1859//1857
f 1330//1328 2740//2731 2739//2730
f 2752//2743 2751//2742 1465//1463
f 1873//1871 1882//1880 2753//2744
f 2526//2518 2773//2764 2772//2763
f 2770//2761 2783//2774 2782//2773
f 2774//2765 2782//2773 2783//2774
f 1130//1127 2795//2786 2794//2785
f 2807//2798 2806//2797 2800//2791
f 2480//2472 2832//2823 2831//2822
f 2850//2841 2857//2848 2856//2847
f 1236//1234 1239//1237 2858//2849
f 1262//1260 2858//2849 2860//2851
f 2523//2515 2772//2763 2862//2853
f 2813//2804 2868//2859 2867//2858
f 1242//1240 1276//1274 2868//2859
f 2814//2805 2867//2858 2870//2861
f 1484//1482 2924//2915 1462//1460
f 2925//2916 2934//2925 2752//2743
f 2734//2725 2943//2934 2496//2488
f 2735//2726 2935//2926 2943//2934
f 2949//2940 2954//2945 2952//2943
f 1548//1546 2303//2301 2960//2951
f 2419//2417 2965//2956 2964//2955
f 2962//2953 2979//2970 1549//1547
f 2963//2954 2980//2971 2979//2970
f 2978//2969 2979//2970 2980//2971
f 2983//2974 2982//2973 2513//2505
f 2996//2987 2995//2986 2945//2936
f 3034//3025 3035//3026 3032//3023
f 2435//3028 3032//3023 3035//3026
f 3038//3031 3039//3032 3036//3029
f 3051//3044 3052//3045 2617//2608
f 2493//2485 3053//3046 3056//3049
f 3055//3048 3064//3057 3066//3059
f 1443//1441 3080//3073 2918//2909
f 1440//1438 3077//3070 3080//3073
f 1360//1358 2902//2893 3082//3075
f 3099//3092 3098//3091 3100//3093
f 3133//3126 3132//3125 3099//3092
f 3129//3122 3128//3121 3132//3125
f 2365//2363 3132//3125 3128//3121
f 3103//3096 3136//3129 3139//3132
f 3101//3094 3139//3132 3182//3175
f 25//25 3192//3184 3191//3183
f 3302//3298 3301//3297 3296//3292
f 695//693 3305//3301 3304//3300
f 3298//3294 3309//3305 3313//3309
f 3363//3359 3360//3356 3039//3032
f 3038//3031 3040//3033 3364//3360
f 3384//3387 3385//3380 3383//3379
f 2449//2441 2452//2444 3388//3383
f 3392//3388 3393//3389 3385//3380
f 3195//3187 3190//3182 3393//3389
f 3194//3186 3394//3390 2//2
f 3195//3187 3395//3391 3394//3390
f 3426//3420 3427//3421 3424//3418
f 3387//3382 3428//3422 2455//2447
f 3386//3381 3426//3420 3428//3422
l 3184 3186
l 3238 3240
