# Blender 4.5.3 LTS
# www.blender.org
mtllib Goku.mtl
g Mesh.818_DrawCall_59_Malla
v 2.101266 30.112665 -4.324551
v 2.147368 30.164434 -4.444232
v 2.232814 30.109076 -4.459776
v 2.874918 28.767815 -2.322008
v 1.694828 31.731415 -1.155150
v 1.372018 31.690414 -1.451160
v 1.439193 32.178387 -1.607082
v 1.162976 31.842010 -1.826682
v 1.209743 32.333447 -2.027767
v 1.118092 31.889412 -2.125096
v 2.578888 29.240065 -2.735226
v 2.569393 29.759184 -3.279592
v 2.474890 29.518545 -3.952523
v 2.634082 29.935215 -4.359209
v 2.747046 29.950335 -4.252153
v 2.793764 29.796244 -4.032171
v 2.650869 30.102184 -4.399823
v 2.642785 30.006014 -4.413821
v 2.538591 30.022015 -4.438105
v 1.141918 31.301914 -1.314945
v 1.123847 31.216135 -1.113585
v 0.507546 30.734045 -2.537342
v 0.814078 30.669044 -2.801368
v 2.395280 30.311455 -4.686996
v 2.309413 30.433256 -4.685603
v 2.181528 30.393316 -4.603663
v 1.872987 30.646626 -4.520030
v 1.889186 30.837706 -4.578904
v 1.162200 30.418665 -3.087940
v 0.992756 29.977585 -3.381592
v 1.119717 31.124294 -2.841702
v 1.173586 31.838921 -2.590314
v 1.209250 31.274115 -3.090809
v 1.203638 31.358496 -3.792500
v 3.709054 29.720804 -0.780985
v 3.687255 29.991835 -1.182893
v 2.161694 30.352585 -4.483227
v 2.213013 30.336365 -4.525672
v 2.297195 30.338675 -4.665783
v 2.386683 30.266546 -4.557962
v 3.736089 31.124113 -1.149121
v 1.990880 31.305235 -0.779499
v 2.634709 31.589184 -0.855255
v 1.333241 31.336834 -1.125316
v 1.938830 31.720161 -1.021923
v 2.874379 29.785894 -3.149917
v 3.190783 30.084093 -2.848586
v 3.420221 29.328165 -2.167070
v 3.516857 28.065073 -2.046624
v 4.201740 31.581524 -1.692293
v 3.552464 31.474842 -1.061506
v 2.197238 31.691143 -0.918037
v 2.637243 31.874611 -0.919403
v 3.296528 30.939653 -0.694401
v 2.689710 31.169294 -0.621439
v 1.916480 31.248085 -0.584528
v 1.389730 31.254675 -0.888281
v 1.556480 31.347105 -0.963097
v 1.910988 30.240515 -4.270443
v 2.011810 30.286585 -4.386777
v 2.120727 30.129505 -4.407925
v 2.086063 30.284285 -4.425498
v 2.262934 30.199696 -4.443304
v 2.498065 30.277925 -4.679463
v 2.806696 30.190624 -4.410949
v 2.840125 30.094725 -4.340969
v 2.785522 30.132524 -4.364633
v -0.344225 25.016945 -10.981751
v -0.005171 25.098286 -10.581641
v -0.037834 25.458015 -10.753594
v 0.161618 25.556425 -10.161262
v 0.002389 26.018486 -10.351903
v 0.633671 25.636086 -9.845360
v -0.077367 26.170046 -11.273216
v -0.017534 25.923416 -11.403222
v 0.065707 26.082745 -11.260513
v 0.016617 25.799875 -11.311708
v 0.092235 25.939655 -11.182880
v -0.107780 26.310526 -11.166406
v 0.286339 25.943535 -11.137544
v -0.082073 25.840534 -11.049579
v -0.782357 26.848774 -9.470746
v -1.443389 26.503376 -9.854964
v -1.684147 26.131386 -10.294795
v -1.714453 25.737776 -10.550303
v 0.208767 26.759766 -10.809708
v 0.532860 27.334215 -11.241709
v 0.681360 27.201084 -11.081891
v 1.193650 27.134026 -11.237270
v 0.354006 26.989574 -10.828592
v 0.477081 27.164894 -10.597284
v 0.820678 27.378914 -10.859514
v 1.316214 27.307194 -11.012177
v 0.338181 27.495544 -10.555914
v 0.779086 27.662594 -10.832467
v 1.683213 27.070454 -11.026766
v 0.364642 27.529165 -10.486186
v 0.325730 27.479744 -10.493924
v 0.602756 27.320055 -10.346604
v 0.678353 27.807064 -10.753032
v 1.128273 28.041294 -11.039546
v 1.294118 27.842604 -10.883309
v 1.546509 28.096865 -11.204603
v 0.029002 25.944256 -11.600423
v -0.761451 25.826336 -11.414766
v -0.130523 26.984825 -9.259568
v 0.760646 27.110905 -9.289160
v 0.747290 26.197954 -8.874791
v -0.310374 26.140144 -11.646760
v -0.243094 25.970196 -11.441234
v -0.112571 25.545876 -11.184943
v 1.943815 27.347654 -9.867917
v 2.278578 27.386414 -9.878506
v 1.435914 28.010414 -10.652359
v 1.058048 27.782505 -10.380539
v 0.917222 27.623104 -10.626792
v 0.712344 27.429304 -10.047162
v 1.390511 28.324345 -10.614425
v 0.612983 27.751114 -9.966400
v 1.202234 26.348854 -11.136303
v 0.736180 25.877636 -10.735366
v 0.629164 25.735266 -10.928118
v 0.110835 25.668385 -10.902331
v -0.067446 25.717896 -10.899067
v 0.003928 25.596226 -10.879976
v -0.060855 25.470554 -10.990521
v 1.189080 26.195425 -9.522187
v 1.406700 26.420334 -9.401002
v 1.605572 26.977264 -9.677375
v 1.156532 26.332094 -11.354207
v 1.029339 26.218405 -11.492107
v 0.655881 27.143456 -11.394711
v 0.586981 27.062805 -11.567381
v 0.490929 26.887476 -11.684654
v 0.651185 26.407095 -9.875937
v 0.131239 25.297735 -10.012531
v 1.599851 26.983574 -11.446719
v 1.568047 26.884535 -11.253793
v 2.017566 27.159584 -11.390779
v 2.056555 27.081495 -11.220368
v 1.888512 27.416075 -11.214506
v 1.814187 27.303265 -11.048241
v 1.388749 27.577095 -11.024764
v -0.598733 25.295315 -11.206513
v -1.187716 25.552696 -11.088234
v -1.247963 26.651396 -10.014029
v -0.490805 27.112585 -9.533261
v 0.508714 27.333414 -9.480579
v 0.281457 27.850025 -9.944031
v -0.164804 26.210865 -11.096729
v 0.067736 26.604485 -10.692719
v -0.090442 27.584034 -9.751806
v -0.387216 27.399445 -10.144874
v -1.024047 26.829556 -10.192257
v -1.324441 25.991985 -10.961057
v -0.945068 26.242226 -11.346428
v 0.093175 26.556456 -11.224671
v 0.479081 26.705456 -11.137367
v 1.061185 26.976154 -8.926435
v 1.148712 27.027344 -9.294942
v 1.617664 27.197054 -9.531711
v 1.906571 27.114735 -9.979998
v 2.096734 27.214314 -10.072651
v 1.736066 28.296215 -11.228190
v 0.574764 28.032185 -10.742531
v 0.224862 27.776005 -10.472929
v 0.141292 27.625706 -10.487385
v 1.155632 27.256214 -11.436968
v 0.936416 25.793955 -9.600544
v 1.528862 26.387804 -9.114488
v 1.792794 26.701065 -9.628617
v 1.986598 26.723385 -9.413445
v 2.080432 26.909904 -9.964215
v 2.301821 26.952435 -9.783792
v 2.385935 27.071384 -9.926842
v 1.756189 22.357815 -0.725244
v 2.223846 21.953424 -0.707813
v 2.294909 22.151556 -0.864547
v 2.303471 21.963415 -0.609980
v 2.421558 22.172285 -0.745572
v 2.308154 21.909805 -0.577156
v 2.486971 22.118626 -0.747188
v 2.599167 22.823586 -0.320296
v 2.038157 22.918634 -0.650579
v 2.007432 22.814316 -0.646350
v 2.199573 22.788404 -0.753269
v 1.842384 22.718685 -0.824053
v 2.044553 22.686914 -0.944764
v 2.761097 22.570906 -0.433959
v 2.260631 22.833345 -0.773563
v 2.360790 22.550705 -0.806390
v 1.849484 22.063875 -0.363175
v 2.462531 21.934015 -0.382818
v 2.383910 22.910654 -0.188509
v 2.234635 22.406296 -0.111506
v 2.704980 22.133856 -0.464581
v 2.212808 22.421696 -0.947035
v 2.454894 22.556425 -0.833882
v 2.002252 22.094135 -0.173600
v 2.729701 15.151110 -0.796468
v 2.991210 18.308626 0.128531
v -0.297114 25.237206 -11.109934
v -0.485715 25.619345 -11.360610
v -0.191856 25.938555 -10.937709
v -0.043464 26.372305 -10.539578
v 0.347101 26.960526 -10.280163
v 0.633455 27.043884 -9.734114
v 0.611501 26.953295 -11.181910
v 1.000670 26.489405 -11.054115
v 1.195091 26.464405 -11.205679
v 1.168229 26.208694 -11.282097
v 0.754043 25.819284 -11.116388
v 0.629754 25.903996 -11.179214
v 0.496789 25.813816 -10.896773
v -0.086998 26.436544 -11.320969
v 0.179271 26.234175 -11.300079
v 0.408753 25.795586 -11.120487
v 0.422124 25.699335 -11.292915
v 0.376144 25.635635 -11.216217
v 0.302499 25.592535 -11.371643
v 0.267951 25.553474 -11.319684
v -0.183405 25.630455 -11.054942
v 1.757995 28.147715 -11.209161
v 1.795104 28.392944 -11.130705
v 1.944555 28.323555 -11.018961
v 1.290756 28.478855 -10.723840
v 0.799970 28.240034 -10.392421
v 0.969563 28.075405 -10.307780
v 0.409161 27.937555 -10.055421
v 0.530129 27.603184 -9.807318
v 2.661899 1.967047 8.109241
v 3.402560 1.854597 8.309036
v 0.676725 3.794007 9.089122
v 0.013312 2.916808 9.468968
v 0.654582 3.278166 8.254232
v -0.171879 0.480446 9.656966
v 3.368961 0.573428 8.224639
v 2.560436 1.934336 8.089729
v 4.606443 1.368647 8.538845
v 5.083287 1.532767 9.224341
v 6.521863 0.493727 9.592649
v 5.042651 1.570178 9.969468
v 1.173120 2.093266 7.941897
v -0.109522 0.750546 8.595532
v -2.274800 2.245398 -6.041820
v -2.360311 0.794797 -5.913211
v 1.023094 0.792928 10.562607
v 4.040109 31.048586 -5.596360
v 4.189178 31.296085 -5.222794
v -0.121195 0.427897 8.604895
v 1.149112 0.662278 7.946798
v 4.594027 1.859757 9.129530
v 5.092617 1.080918 8.723471
v 4.509162 1.469397 10.556690
v 3.649577 2.439187 9.860170
v -1.803434 0.154328 -11.716758
v -1.847371 2.971059 -8.951951
v -1.889661 2.639959 -9.227433
v -2.106240 2.809428 -6.273527
v -3.407023 2.357087 -6.234111
v -1.121308 0.666320 -8.005972
v -1.126246 2.276830 -8.084383
v -1.068390 0.626529 -8.738989
v -3.550984 0.477036 -6.123675
v -1.812131 1.868240 -10.009246
v -1.802179 0.791989 -11.616924
v -1.134263 1.404119 -9.865976
v -2.363179 0.471967 -5.902041
v -1.313026 2.159266 -6.888081
v -1.154628 2.344089 -8.847099
v -3.412441 1.413890 -10.291071
v -2.892824 2.719999 -9.392122
v -4.098394 2.434100 -7.366797
v -3.753859 3.281509 -8.497622
v 3.287906 2.446498 10.509249
v 2.734221 3.266797 10.227336
v 2.468475 2.582307 10.529999
v 1.098727 2.864028 10.340161
v 3.442353 2.013997 8.930513
v 3.695038 2.205597 8.992078
v 4.547112 1.900727 9.942978
v 6.389164 0.826007 9.949539
v 5.007039 1.169587 10.499734
v 4.980901 0.614238 10.635182
v 3.246851 0.700017 10.759048
v 2.410644 0.736468 10.716786
v 2.570189 29.982744 -4.157667
v 2.623394 30.195314 -4.258775
v 2.628167 30.166346 -4.296130
v 2.576836 29.952175 -4.194497
v 2.732036 30.165705 -3.835776
v 2.640350 30.040316 -4.046031
v 2.720205 30.247314 -4.144464
v 2.790309 30.208874 -4.164276
v 2.762457 29.989553 -4.061233
v 2.459659 30.181335 -4.352006
v 2.412299 29.995455 -4.211452
v 2.034255 30.553165 -4.041532
v 2.152828 30.864954 -3.568743
v 2.144056 30.636255 -3.462294
v 2.833035 30.463055 -3.385066
v 2.820381 30.370964 -3.932352
v 2.928460 30.669973 -3.481798
v 2.955701 30.321524 -3.938233
v 3.102808 30.626144 -3.462252
v 2.929741 30.100964 -3.833760
v 3.081617 30.401714 -3.357515
v 2.828841 30.206284 -3.849977
v 2.769295 30.395294 -3.593877
v 2.726707 30.393925 -3.911297
v 2.770710 30.121504 -4.043705
v 2.637425 30.115194 -4.130680
v 2.569594 30.264545 -4.086768
v 2.533870 30.114185 -4.187470
v 2.450052 30.207136 -4.070915
v 2.441655 30.135836 -4.198394
v 2.349988 30.160406 -4.208082
v 2.252782 30.211885 -4.173803
v 2.605327 30.429396 -3.928295
v 2.501024 30.541195 -3.689203
v 2.483783 30.400715 -3.927560
v 2.399863 30.646994 -3.698471
v 2.387644 30.484114 -3.952699
v 2.368833 30.315025 -4.109280
v 2.680575 30.224363 -4.082075
v 2.634443 30.588024 -3.672174
v 2.194432 30.539804 -3.658312
v 2.263885 30.510275 -3.963178
v 2.091251 30.391695 -3.932658
v 2.496700 30.567034 -3.506122
v 2.253665 30.331686 -4.129928
v 2.128246 30.283005 -4.115719
v 2.084038 30.160095 -4.137280
v 2.173676 30.533535 -4.004846
v 2.234125 30.369514 -4.198952
v 2.159286 30.309685 -3.899975
v 2.247139 30.035046 -4.231452
v 2.310594 30.273945 -4.293839
v 2.210260 30.148424 -4.094250
v 2.463760 30.211155 -4.309441
v 2.261629 30.060316 -4.192260
v 1.957555 30.345354 -3.942741
v 2.158406 30.367725 -4.235111
v 1.895972 30.699764 -3.490424
v 1.978463 30.908785 -3.588292
v 2.408312 29.966776 -4.251281
v 2.298462 30.249226 -4.333096
v 2.342981 30.533535 -4.527358
v 2.189005 30.657215 -4.400002
v 2.287958 30.303085 -4.421389
v 2.192356 30.433355 -4.249821
v 2.282637 30.664946 -4.340430
v 2.026217 30.834875 -4.185678
v 1.951096 31.145775 -3.697598
v 1.923730 30.901434 -3.598760
v 2.128733 30.849915 -3.575779
v 2.231204 31.076164 -3.664375
v 1.993517 30.591486 -4.088345
v 2.133073 30.419664 -4.305274
v 2.126127 30.571676 -4.050876
v 2.226953 30.800234 -4.141202
v 0.782158 32.464054 -3.080209
v 0.879177 32.830067 -3.052749
v 0.474898 33.416084 -3.032567
v 0.967202 33.319874 -3.260457
v 0.896210 33.234177 -3.447387
v 1.041033 32.751606 -3.500159
v 0.398476 33.492916 -2.930479
v 0.567116 33.497726 -2.819290
v 5.481333 32.215527 -2.360564
v 4.740647 31.469231 -2.636358
v 4.577068 31.607262 -2.772666
v 4.407434 31.487980 -3.008194
v 4.638958 31.619812 -2.873760
v 5.274570 32.479023 -2.880799
v 5.404284 32.485195 -2.706830
v 4.979805 32.153767 -2.609943
v 4.799625 31.844803 -2.613172
v 4.967311 31.734661 -2.504667
v 0.741211 33.618317 -3.389095
v 0.610977 33.689816 -3.244276
v 0.579272 33.948914 -3.227167
v 0.674893 32.813404 -2.985952
v 4.987842 32.205894 -2.988614
v 5.326764 32.692863 -2.937731
v 5.392899 32.180126 -2.481137
v 4.571268 31.371603 -2.749247
v 0.891768 32.092445 -3.078064
v 0.585041 32.791584 -2.860191
v 0.726263 32.800274 -2.744152
v 4.940484 32.321346 -2.814958
v 5.019336 32.322426 -2.694413
v 0.885429 33.361324 -3.157918
v 0.843787 33.193207 -3.073691
v 0.994267 32.861824 -3.275397
v 0.996860 32.507015 -3.174100
v 1.124756 32.608444 -2.671070
v 5.406828 32.800556 -2.582287
v 0.787070 33.833744 -3.446741
v 1.045947 33.232925 -3.633094
v 0.942444 33.847466 -3.365935
v 0.723407 33.977547 -3.107420
v 1.186669 32.001427 -2.988676
v 4.752460 31.341825 -2.509461
v 4.609070 31.428993 -2.412078
v 1.101959 33.378674 -2.888150
v 5.186260 32.780945 -2.890095
v 4.806836 32.447594 -2.472733
v 5.322381 32.302673 -2.286108
v 5.025410 31.675663 -2.362312
v 0.859814 32.371235 -2.832459
v 1.048090 32.124725 -2.920314
v 4.453439 31.771904 -2.297841
v 0.957313 32.545055 -3.286562
v 4.732971 31.922241 -2.856193
v 5.535314 32.703403 -2.671472
v 4.493097 31.187384 -2.674270
v 0.904433 32.293125 -3.160389
v 0.707319 32.358425 -2.963022
v 4.891875 31.753403 -2.277084
v 2.651636 30.231785 -4.345655
v 2.668376 30.207485 -4.378734
v 2.897016 30.479284 -4.320615
v 3.091389 30.567184 -4.066242
v 2.944516 30.644894 -3.484302
v 2.953999 30.894514 -3.583331
v 2.894811 30.632395 -4.066323
v 2.841058 30.241735 -4.225891
v 2.882749 30.381525 -3.966044
v 2.787302 30.283834 -4.183120
v 2.309260 30.317825 -4.384048
v 2.530545 30.463614 -4.544583
v 2.723398 30.437935 -4.484692
v 3.012199 30.335474 -3.974122
v 3.233967 30.823374 -3.553753
v 3.149527 30.593374 -3.461320
v 2.477733 30.251925 -4.405227
v 2.811007 30.532164 -4.281185
v 2.533124 30.484974 -4.507843
v 2.358488 30.554365 -4.482830
v 2.475039 30.229425 -4.444697
v 2.713561 30.465136 -4.443012
v 2.070871 18.472685 -0.411005
v 2.243964 20.995676 -0.534900
v 2.232350 21.009125 -0.292704
v 2.114542 22.164896 -0.403151
v 2.497379 21.056675 -0.218719
v 3.045211 21.418634 0.624260
v 0.682793 20.809725 4.737108
v -0.677372 20.429396 4.516950
v 2.568776 18.399015 0.316793
v 3.571303 17.419306 0.835054
v 4.380395 18.297596 1.448997
v 5.687021 16.828775 2.034298
v 5.869440 17.465334 3.460274
v 4.135538 19.151354 4.243165
v 5.345795 17.520773 4.941156
v -2.279183 19.296398 -2.746911
v -0.656407 19.946966 -2.667055
v 0.326123 19.994696 -2.027698
v 0.968579 19.830776 -2.354336
v 2.079481 12.407144 -8.848532
v -2.826795 15.461787 -5.953869
v -2.061979 17.098347 -6.389642
v 1.435037 16.765766 -7.828931
v 2.769692 15.075300 -6.634211
v 2.249651 14.309049 -4.303956
v 4.215008 15.276539 1.195814
v 2.209841 15.875465 0.713772
v 3.647870 10.449552 6.226758
v 3.584925 10.695172 5.805026
v -0.636109 15.240580 2.594582
v 0.203251 15.209070 1.663817
v -3.096496 24.183247 -0.722960
v -3.468563 23.906206 -0.528019
v -3.446702 23.247168 -1.578991
v -3.673675 22.836706 -1.322682
v 3.997620 22.795275 1.214933
v 3.236563 23.781935 1.285252
v 2.051840 24.446604 2.972820
v 2.432672 23.883234 2.514513
v 3.122556 24.233805 2.251489
v 2.941796 23.487514 1.704398
v 2.762539 23.202934 0.841248
v 2.642839 22.975615 0.180514
v -2.098205 24.114336 0.656687
v -1.483904 24.354496 1.463809
v -1.316592 24.915285 2.000313
v -0.794088 24.436884 2.247478
v -0.201561 25.043844 2.961668
v 0.210566 24.492426 2.949266
v 0.834824 24.769184 3.210511
v 1.411517 24.294834 3.071642
v 0.914781 22.338297 -2.560578
v 0.109219 22.881075 -2.617541
v -0.557641 23.020506 -2.193291
v -1.178350 22.990107 -1.890324
v -2.075769 24.858156 1.751650
v -1.996156 24.616386 1.032593
v 8.472419 13.976239 4.930671
v -1.596659 16.890106 -9.138975
v -1.608141 16.185497 -8.771592
v -2.204929 15.458958 -8.720327
v 2.567544 12.568123 -7.380815
v 3.168846 13.176260 -7.958645
v 0.016839 13.403493 -10.515788
v 0.261088 13.192792 -10.299136
v -0.655871 13.051171 -10.085384
v 0.306021 17.002495 -8.423914
v 0.947465 10.249322 -5.358170
v 8.345166 11.847960 3.041356
v 8.007259 11.607729 2.884831
v 4.488277 11.017368 7.478116
v 4.317699 11.208630 6.945003
v -2.915402 12.583052 -6.512626
v -2.664567 12.787123 -6.682292
v 1.929858 11.111073 -6.708819
v -2.967020 12.301153 -7.845418
v -0.764218 13.671863 -10.419627
v -1.725679 13.147983 -9.685393
v 2.186948 11.824953 -6.800994
v 1.875005 10.417723 -8.183688
v 2.368578 11.394972 -8.023337
v -3.682459 19.763357 -0.722513
v 1.091341 13.326213 -10.160796
v -2.618660 12.748343 -6.718668
v -2.748945 12.835043 -6.491917
v -0.274498 16.857296 -8.234700
v -1.956257 15.961409 -8.013183
v -0.923964 16.721455 -8.711075
v -1.580197 12.179082 -5.310351
v 1.562013 11.617023 -5.361689
v -2.630303 14.468601 -7.355046
v -2.330096 14.854351 -8.407755
v -2.019946 14.248891 -8.931990
v -2.786183 13.419050 -8.015395
v -1.707021 13.849341 -10.064913
v -2.117473 13.103471 -9.261162
v 7.963509 13.607838 6.488775
v 8.343395 12.682518 7.069146
v 9.302394 12.017159 7.145936
v 9.097592 12.437840 6.456712
v 5.461373 9.323192 3.040005
v 4.182674 10.074481 3.341593
v 1.492555 21.044867 -1.313064
v -3.186651 21.461576 -0.978912
v -3.929924 18.063557 0.798147
v -2.496541 20.046946 -1.731757
v 2.014085 15.913776 -0.018332
v -2.053171 22.136385 2.207161
v 3.779757 11.730531 6.314609
v 4.771553 11.117519 7.246056
v 1.590955 22.206305 -1.204465
v 0.887434 22.643126 -1.753225
v -0.142854 22.235846 -2.014630
v -1.258881 23.007896 -2.051009
v -1.357378 22.478577 -1.946307
v -2.778315 23.314667 -0.285174
v -1.003341 23.963156 2.488093
v -1.002434 23.548216 2.516359
v 0.015667 23.620544 3.224423
v -1.557088 24.963505 -10.446792
v -1.872649 26.012255 -10.136604
v -1.891039 26.442425 -9.586786
v -0.730584 26.188625 -8.966931
v -0.805354 26.213455 -8.703836
v -0.348697 25.521435 -8.994912
v -0.366374 25.050875 -9.282999
v -0.366086 24.850914 -9.079450
v -0.665777 24.607485 -9.818850
v -0.723270 24.321957 -9.718675
v -1.021817 24.524654 -10.199569
v -1.149135 24.224575 -10.173056
v -2.636586 24.083286 -9.639194
v -1.853912 23.588156 -9.614534
v -1.401743 23.691566 -9.132079
v -1.735827 25.417315 -8.027177
v -1.473111 25.681324 -8.050558
v -2.277808 25.747616 -8.343323
v -2.114968 26.070095 -8.426321
v -2.749493 25.636326 -8.848742
v -2.639864 25.932356 -8.996581
v -2.988173 25.265896 -9.285654
v -2.976779 24.714584 -9.593146
v -2.927188 24.869856 -9.878377
v -2.519704 24.131336 -9.923576
v -1.791260 24.753416 -10.468236
v -1.022617 24.253036 -8.453598
v -1.001664 24.850325 -8.089324
v -0.346317 25.413465 -8.736332
v -1.389749 26.559696 -9.050419
v -2.925653 25.502337 -9.511945
v -2.158673 26.027666 -10.076375
v -2.154849 25.429045 -10.418283
v 5.651150 23.463734 5.367841
v 4.467217 24.100412 5.178421
v 5.305847 23.573694 4.659670
v 5.214384 26.031063 4.299688
v 6.962158 25.538002 5.286324
v 6.852944 24.954653 5.749546
v 6.627841 24.190193 5.709165
v 6.542981 24.312714 5.937309
v 6.811901 25.434113 4.638487
v 6.744429 25.764833 4.664665
v 6.354554 25.168573 4.157684
v 6.196121 25.447453 4.087084
v 5.793129 24.900854 4.011000
v 5.397049 24.067183 4.265761
v 6.115442 23.754503 5.832432
v 5.787072 25.969915 6.011314
v 5.771988 26.417233 5.488620
v 5.812317 26.482443 4.812467
v 4.947533 26.032713 4.517043
v 4.821568 25.420984 4.311420
v 4.489196 24.562153 4.702311
v 4.894736 24.111526 5.891586
v 5.424943 24.521793 6.335151
v 5.249599 24.876274 6.315293
v 5.843027 25.151415 6.344554
v 6.098056 25.805565 6.050009
v 6.135253 26.359133 5.497635
v 1.495003 22.033636 -1.098257
v 0.892724 22.182356 -1.633392
v -1.389787 22.176466 -1.824145
v -2.458852 22.891256 -1.332891
v -2.462276 22.544706 -1.224017
v -2.357265 23.628956 0.832237
v -1.778712 23.832785 1.714573
v -1.754530 23.416494 1.756173
v 1.396924 23.842995 3.382761
v 2.503618 23.431614 2.775758
v 3.039061 23.021265 1.876899
v 2.789793 22.940025 0.159451
v 2.781074 22.500065 0.251071
v 3.000606 22.702654 0.944571
v 2.873047 22.757414 1.895262
v 0.096268 24.024214 3.230480
v 1.490528 24.392935 3.216474
v 0.215646 24.602715 3.086635
v 3.110755 23.509745 1.771219
v 2.574514 23.956024 2.625084
v 3.056798 23.179686 0.893036
v 0.334343 23.865194 0.429011
v -0.851225 24.543835 2.341677
v 1.618976 22.650434 -1.268748
v -0.087309 22.718765 -2.129850
v -2.673580 23.888117 -0.437719
v -2.337645 23.446106 -1.453239
v 2.661599 22.320944 0.332208
v 1.999567 22.292206 -0.747547
v -2.235571 24.201447 0.653015
v -1.638786 24.411236 1.549789
v 2.227959 22.785685 -0.567616
v 2.304967 22.219496 -0.146340
v 2.420701 22.396145 -0.232519
v 3.607734 23.704504 2.749059
v 3.832821 23.588644 2.188742
v 3.832714 23.038815 2.620469
v 3.996252 22.125093 2.385760
v -3.983520 22.740807 -0.481953
v -3.521323 23.457207 -0.984717
v 3.077270 23.302534 0.460262
v 3.689348 23.134914 0.912257
v 3.268783 24.143854 2.905562
v 2.544777 24.336464 3.260278
v 4.035991 22.864054 2.108015
v 3.824234 23.296835 1.329401
v -0.074177 24.849054 3.666482
v -1.677362 24.421785 2.843446
v -1.848220 24.690506 2.432943
v -0.776177 25.017715 2.931356
v -1.232098 24.686205 2.895250
v 0.316104 24.934235 3.399333
v -0.481406 24.902815 3.397199
v -0.287086 24.392866 4.012560
v -1.404119 24.121885 3.114760
v -2.013998 23.566755 -2.023169
v -2.686800 23.546097 -2.150769
v 1.539795 22.702795 -1.164989
v 0.350915 23.038536 -2.124334
v 0.837158 22.726725 -1.507388
v -0.070895 22.742376 -1.970564
v -2.231274 23.393847 -1.371953
v -2.066624 23.592297 -1.795085
v -2.609200 24.329947 0.012653
v -2.540282 24.002346 -1.065246
v -2.510983 23.819296 -0.370549
v 0.588583 22.271656 -2.719243
v 0.792820 22.481735 -2.624312
v 1.330071 22.857376 -1.635357
v 2.756193 23.957434 3.675864
v 2.972319 24.242254 3.217100
v -3.149814 23.452757 -1.876401
v -2.832527 23.700987 -1.775644
v 1.234784 22.752726 -2.257320
v 2.656884 15.900686 -0.546118
v 2.947568 15.860685 0.112259
v 3.596568 16.002575 0.472135
v 3.591016 18.343725 0.455692
v 3.534523 20.151314 0.400238
v 2.897357 21.453655 -0.304565
v 2.176476 15.315510 -1.256649
v 2.159481 17.683565 -1.285998
v 2.064198 19.577116 -1.269052
v 1.897942 21.291735 -1.623683
v 2.192870 22.084055 -0.742041
v 2.053200 22.618286 -0.901518
v 1.935570 19.466965 -1.769864
v 2.464675 19.698404 -0.916785
v 2.014682 17.697515 -1.870606
v 2.605806 17.729765 -0.851720
v 1.975220 15.565966 -1.887291
v 1.978000 21.195566 -1.253206
v 2.288730 21.093136 -1.034622
v 2.003027 22.295576 -0.760497
v 2.528110 22.706644 -0.347111
v 3.339453 21.879984 0.195368
v 2.728314 18.399195 -0.465227
v 3.046606 20.134165 0.134672
v 2.873969 20.161215 -0.356876
v 2.987434 21.647905 0.058309
v 2.401491 22.348616 -0.294015
v 2.494401 22.047506 -0.401242
v 1.104791 13.577540 4.150663
v 2.984892 22.171764 2.970535
v 3.316739 21.828415 1.712388
v 2.868945 22.498196 1.020744
v 1.897929 22.119246 -0.645444
v 3.024071 11.366002 3.106976
v 2.519309 11.433412 4.624453
v 1.049904 15.557676 1.138567
v 2.088513 16.732765 0.368423
v -1.180576 16.044626 2.388421
v 0.138421 15.462006 1.688872
v 6.408393 11.408739 2.704144
v 9.708261 11.826309 7.667049
v 8.991089 12.206900 7.272214
v 8.708873 11.194310 2.951872
v 8.157582 12.303180 3.121913
v 9.790066 12.351398 6.485437
v 7.809564 12.250259 7.523224
v 6.545151 12.916418 7.053509
v 7.736678 13.020397 6.948284
v 2.817480 12.091861 6.066200
v 3.544917 11.142041 5.985965
v 7.279548 14.928278 2.771218
v 8.078022 13.734578 3.386730
v 1.263228 17.038776 -8.363005
v 1.648083 16.828434 -8.211544
v 0.878997 16.993305 -8.330688
v 0.496974 17.168425 -8.709262
v 2.521181 29.947615 -4.389484
v 2.479272 29.757505 -4.149987
v 1.328767 31.151884 -4.118794
v 1.470324 31.021536 -4.338511
v 1.443488 30.754095 -4.256249
v 1.299847 30.868176 -4.013118
v 1.199747 31.090006 -3.555262
v 1.659705 30.234144 -3.808552
v 1.769871 30.194704 -4.084525
v 2.159578 30.456366 -4.624449
v 2.327060 30.575914 -4.710442
v 2.142735 30.570724 -4.649465
v 2.198836 30.731695 -4.689246
v 1.902712 30.923586 -4.594038
v 3.489513 30.565794 -4.302381
v 3.675444 30.467363 -4.091255
v 3.582841 30.216413 -4.016390
v 3.359332 30.017334 -3.850064
v 1.545882 30.483065 -4.042951
v 0.923621 31.188894 -1.685307
v 0.733061 30.956005 -2.282124
v 1.534400 30.161125 -3.069492
v 1.841057 29.519335 -2.967629
v 1.146482 28.869144 -3.391600
v 3.554765 30.255484 -3.030680
v 3.863468 30.420485 -3.256624
v 3.992610 30.657595 -3.479784
v 4.062582 30.807703 -3.532764
v 2.626727 29.765684 -4.099636
v 2.739227 30.015654 -4.377880
v 2.745064 29.972555 -4.337934
v 2.902975 30.062555 -4.286877
v 2.962014 29.976404 -4.152534
v 2.663082 29.716764 -3.163588
v 2.949820 29.755024 -3.011691
v 2.448570 29.501585 -3.712975
v 2.286103 29.524885 -3.738488
v 1.999474 38.065712 -4.575282
v 1.591349 35.094925 -4.499021
v 1.060377 34.767136 -4.089297
v 0.135967 33.984325 -2.089135
v 3.885584 33.172955 -0.461991
v 0.714850 37.925362 -2.855400
v 0.303849 33.431194 -1.265749
v 3.045937 35.480968 -5.998860
v 4.906095 35.238346 -6.407926
v 3.773227 35.226513 -5.533962
v 3.936716 34.497086 -5.521390
v 1.091362 32.295696 -5.308640
v 1.326916 32.351284 -5.117934
v 1.823679 31.439384 -5.154072
v -0.355482 34.410015 -0.379554
v 4.915178 37.931404 0.385376
v 5.703696 32.446053 -0.143476
v 5.377882 32.601135 0.009207
v 1.110526 33.313385 -5.125379
v 0.904273 32.695194 -4.990025
v 2.330558 33.894806 -0.324100
v 2.266511 33.181126 -0.036395
v 5.135072 31.783470 -4.017911
v 4.432839 31.514763 -4.030277
v 3.312027 31.639614 -0.995803
v 4.233859 39.630516 -4.284403
v 4.131186 39.198006 -1.711248
v 1.767065 32.285225 -5.424428
v 5.024070 33.022194 -4.141609
v 4.624223 33.334496 -4.859529
v 3.419590 32.027187 -5.998677
v 2.174476 37.857376 -5.397966
v 4.992094 31.655922 -4.484140
v 0.992736 32.790817 -4.727157
v 0.669731 32.753555 -4.580184
v 2.330711 40.901314 -3.293414
v 1.311006 33.955334 -4.557929
v 1.864820 34.027954 -5.168931
v 3.555085 33.738853 0.040439
v 2.757374 34.534515 0.616581
v 2.499015 33.602985 -5.337170
v 2.417944 33.260246 -5.515843
v 4.088797 37.075413 -0.422843
v 3.671221 36.809525 -0.885348
v 6.193220 34.775345 -1.823651
v 4.319165 32.954987 -5.026925
v 3.173801 33.279865 -5.296009
v 2.158024 33.812515 -5.290154
v 0.352820 34.484825 -3.276821
v 3.810663 33.108154 -6.352510
v 3.146618 32.868065 -6.071400
v 6.904816 25.229853 3.687279
v 7.329201 24.395334 5.345378
v 8.085151 24.507362 3.242982
v 6.223197 24.533123 3.997826
v 6.982213 24.979773 3.283412
v 6.601406 24.828264 3.618992
v 6.379119 22.756304 4.758043
v 7.210533 25.076593 5.068787
v 6.496236 22.719244 4.069262
v 6.388417 22.851065 3.600046
v 6.623893 22.864353 3.581793
v 8.122424 22.931053 4.982024
v 8.252609 23.130774 4.949063
v 7.224560 22.510912 3.213263
v 7.351427 22.775423 3.124539
v 8.261724 24.011623 2.415402
v 8.655939 24.108492 2.701889
v 8.459522 24.332653 2.478621
v 7.679915 24.520153 2.908251
v 7.880126 25.007473 2.776889
v 8.617946 24.373083 2.710586
v 7.074600 23.840773 3.103747
v 7.376371 23.928673 3.202865
v 7.932305 23.281853 2.996779
v 7.820030 25.458853 3.574056
v 8.651679 23.971703 4.412328
v 6.930809 23.545343 3.198738
v 7.075188 23.303934 3.379561
v 7.779154 22.968332 3.092133
v 8.171515 23.237513 3.183892
v 8.093351 23.499144 3.146026
v 8.130909 22.809322 4.754531
v 8.058698 22.980083 4.315028
v 7.848418 24.597952 3.214072
v 7.613906 24.108932 3.291216
v 6.295360 24.037252 3.979166
v 8.107108 23.331324 2.984420
v 8.080479 23.243032 2.781299
v 7.716175 22.708103 4.847387
v 8.540182 23.900322 4.749336
v 8.225675 24.260893 4.863741
v 8.523447 23.999283 4.669088
v 7.975052 23.655563 5.111524
v 8.097073 25.026493 3.057855
v 7.123884 22.277113 4.656313
v 7.248970 23.944963 3.539231
v 6.578023 22.909954 3.929726
v 5.894047 23.840445 4.209487
v 6.730820 23.155005 3.883531
v 8.518453 24.625843 3.817348
v 8.759662 24.396772 3.862071
v 7.275145 23.543453 5.415724
v 7.822875 24.957632 4.772158
v 8.334137 24.854063 4.451821
v 8.371096 24.594091 4.738810
v 7.827774 23.362133 5.186685
v 8.116615 23.961012 5.012110
v 6.388657 22.445704 3.793563
v 7.746755 25.190252 4.401139
v 8.512774 23.512882 4.871189
v 8.352338 23.439974 4.836264
v 8.379313 23.295254 4.582359
v 8.742254 23.805933 3.073164
v 8.597536 23.473894 3.172226
v 8.894812 23.826283 3.299489
v 8.837087 24.217752 4.005344
v 8.895167 24.281733 4.317943
v 8.261128 23.006683 4.724263
v 6.647681 23.294924 3.335338
v 7.393124 22.261194 4.455530
v 8.688210 23.598923 4.580231
v 8.741345 23.497423 3.392152
v 6.969296 22.125143 3.536231
v 6.928020 23.402422 3.870481
v 7.304927 24.162533 3.039358
v 7.998118 24.221252 2.690127
v 7.955795 23.412844 2.967471
v 8.026670 23.246822 2.876808
v 6.924790 38.036552 -2.207864
v 5.315561 37.277702 -2.267907
v 0.679149 36.591606 -1.951676
v 4.986565 36.193657 -0.096271
v 5.450113 35.373425 -1.297679
v 5.317577 37.257736 -4.120696
v 3.153744 33.048805 0.278268
v 2.717024 32.966434 0.114706
v 0.517851 33.375725 -0.599151
v 0.774596 34.175274 -3.693028
v 0.159724 34.556984 -0.942742
v 0.092911 35.042355 -2.268579
v 0.385940 36.519505 -0.664558
v 5.207758 39.149376 -2.559787
v 5.293888 33.138302 0.046636
v 3.907097 33.249115 -5.179296
v 3.841125 31.864580 -6.225513
v 5.298151 33.019356 -0.550955
v 5.984381 35.326366 -0.583138
v 6.760712 35.457672 -0.306141
v 4.679677 36.179916 0.241521
v 4.220923 34.269974 0.164490
v 2.081914 39.236076 -0.930357
v 1.342885 39.427986 -3.559584
v 4.908914 38.985294 -5.200627
v 4.387674 39.124424 -5.166932
v 3.379015 35.261467 -7.019688
v 3.405038 35.589886 -6.402965
v 5.559989 32.972645 -3.156468
v 5.495617 33.610016 -3.679090
v 6.373394 34.060436 -2.821915
v 3.270633 32.124405 -5.434483
v 6.126338 38.284912 -2.157781
v 2.415115 34.638416 -5.541509
v 0.432773 33.629604 -1.538026
v -0.437431 34.289387 -2.594094
v -1.099325 35.809238 -2.228484
v -0.202609 34.905624 -2.882415
v 5.934564 32.516483 -1.962793
v 5.665150 33.149704 -2.681265
v 6.347745 33.431114 -1.402470
v 7.336446 33.402985 -1.389051
v 5.786568 32.621605 -1.285488
v 4.384469 38.714703 -0.874825
v 4.483874 39.435661 -1.929554
v 5.015324 32.112316 -0.432751
v 4.528136 32.150997 -0.392676
v 7.149961 35.181564 -0.551794
v 6.263634 34.592194 -0.369062
v 6.663640 33.969093 -0.841853
v 4.921532 37.773163 -5.528909
v 6.878700 10.299380 3.722417
v 8.839465 10.758050 5.853066
v 7.969669 11.869300 6.193980
v 6.967557 11.645100 6.647924
v 6.499921 11.251589 6.966366
v 5.831451 8.365328 8.427844
v -2.963005 6.951468 -8.536197
v -2.808028 9.787354 -8.657904
v -2.693651 11.796703 -7.652690
v -2.251414 11.795612 -8.663592
v -1.096262 14.015482 -8.642979
v -0.244706 15.301382 -8.712390
v 1.019573 15.191231 -8.434660
v 1.768804 13.404991 -7.244601
v 1.783925 16.310575 -4.965466
v 1.453804 17.429766 -3.155693
v 3.864764 36.806244 0.047325
v 2.826417 37.425026 -4.482938
v 3.545488 39.609322 -2.447785
v 1.721032 37.824356 -0.786297
v 2.815817 38.025013 -2.021861
v 1.044394 33.696594 -0.441446
v 2.192493 33.692875 -0.688483
v 0.888512 36.730797 -0.699465
v 0.793552 36.841026 -1.296296
v 1.264902 34.065277 -0.496960
v -0.483504 38.393753 -1.152123
v -0.230112 36.771717 -1.793087
v 2.624936 36.618626 -4.996708
v -0.559311 12.894694 -9.314860
v -0.217826 14.167912 -9.293565
v 0.722005 12.672284 -9.108832
v 1.047382 14.019643 -9.053288
v 1.559314 13.785921 -8.262627
v 0.325141 12.676791 -6.149342
v -0.793985 12.809343 -6.364900
v -1.910706 12.790703 -6.664948
v -1.502158 11.415442 -5.534458
v -2.070988 9.418242 -5.644210
v -0.619359 8.692882 -5.429286
v 0.769602 8.201033 -7.062203
v 1.171158 11.137693 -8.188385
v 0.506859 8.441643 -8.186105
v -0.334711 8.906522 -8.827854
v -1.620439 9.601111 -9.032158
v -2.120259 6.832108 -8.966634
v -0.895705 6.600450 -8.840858
v -0.337664 6.449969 -8.205985
v -0.269524 6.361777 -7.240049
v -0.601616 6.366307 -6.522414
v 0.293141 8.324832 -6.195364
v -1.301025 6.446238 -5.925683
v -2.527178 6.682168 -6.095379
v -3.170506 6.855421 -6.823307
v -2.988112 9.651083 -6.493263
v -3.326819 6.946990 -7.634321
v 7.948950 11.294699 6.352414
v 8.793962 10.239760 4.798544
v 8.011333 10.216720 4.167066
v 4.547688 10.753171 4.662217
v 5.296661 11.534128 6.533471
v 3.508218 6.644127 8.973699
v 2.693715 6.896019 8.591048
v 2.824299 9.213861 6.887702
v 2.026273 6.841837 7.866374
v 2.006472 6.228967 6.881927
v 3.391259 7.061147 5.396080
v 2.708814 5.589966 6.546182
v 3.488844 5.104627 6.528275
v 5.466203 6.110126 5.882480
v 4.474084 4.739267 6.894466
v 6.130691 6.534977 6.684653
v 5.056551 4.784769 7.524220
v 5.031161 5.414629 8.493247
v 4.481949 6.064427 8.991703
v 4.452892 10.911819 7.072556
v 3.581979 9.370449 7.859241
v 3.673322 10.743972 6.061760
v 3.639345 10.002131 4.860437
v 2.598656 8.114102 5.793428
v 4.615429 9.124511 4.411334
v 4.298812 6.343517 5.335230
v 6.741074 8.144443 4.900222
v 6.366425 7.546811 7.649715
v -2.030159 13.042101 -7.790962
v -2.459678 11.657383 -6.409883
v -1.044379 12.500911 -5.854319
v 0.152692 12.301063 -5.700037
v -0.009825 11.127603 -5.318296
v 1.000036 12.342154 -6.468388
v 0.940477 11.020162 -6.150489
v 1.519159 12.448544 -7.327901
v 1.446090 10.998262 -7.044657
v 7.291998 8.357739 5.763763
v 7.567898 9.373700 4.627818
v 5.599135 8.468942 4.319376
v 6.508295 9.541062 4.110655
v 5.502121 10.075292 4.247111
v 4.542824 11.330701 5.624771
v 5.701742 10.522718 7.654690
v 1.817944 14.882749 -4.394862
v 1.882274 13.792360 -6.421935
v 1.105720 13.532569 -4.057373
v 0.138375 12.424462 -5.901743
v -1.584795 13.215831 -4.675823
v -1.661931 13.265011 -6.612623
v 1.404780 16.046616 -2.637479
v 0.713074 14.804958 -2.334562
v -0.222187 13.015418 -4.214360
v -0.536393 14.266529 -2.391763
v -1.921229 14.523762 -2.813340
v -2.370583 14.062940 -5.222174
v -2.597086 15.470147 -3.299797
v -2.565840 15.164041 -5.695513
v -2.741855 16.612078 -3.739931
v 4.356253 13.550540 6.233046
v 3.019348 15.807736 5.538957
v 5.257742 14.336720 6.322702
v 2.236971 14.951530 5.060759
v 3.589753 12.764661 5.604148
v 1.914336 14.329381 3.895320
v 3.278502 12.241111 4.420365
v 2.269895 14.257799 2.777131
v 3.566651 12.192651 3.220688
v 3.197060 14.847599 2.057633
v 0.610370 18.701597 -3.816461
v 0.836364 17.571537 -5.718618
v -0.838832 18.937538 -4.196241
v -0.637446 17.723015 -6.178202
v -2.034989 17.853758 -4.038980
v 1.753707 14.351662 -7.838622
v 1.055126 16.066385 -7.723096
v -1.103788 14.565310 -8.433191
v 1.841181 14.976801 -7.068357
v -0.298563 16.250786 -7.984141
v -1.854184 16.438705 -6.003521
v -1.332889 15.165291 -7.649033
v -1.720253 13.718792 -7.910160
v -1.979193 14.127562 -7.213159
v -1.496172 13.060760 -7.101676
v -1.049691 12.671401 -6.127171
v 5.188448 10.785192 4.615551
v 5.232308 11.243371 5.549114
v 4.886013 11.337562 5.697446
v 5.930362 11.383040 6.309941
v 5.495541 11.856601 6.243437
v 6.392167 12.432518 6.549435
v 8.731081 12.020070 5.484828
v 8.663729 11.553439 4.411729
v 7.865339 10.828830 3.773772
v 7.374910 11.702010 3.338764
v 5.371204 16.853804 2.474012
v 5.756312 13.818729 2.431259
v 6.875331 14.923539 3.172862
v 5.633192 17.506754 3.681885
v 7.145061 15.453654 4.453399
v 4.842381 17.201265 4.809661
v 3.916802 16.616255 5.542279
v 7.392421 12.852519 6.009183
v 6.222633 14.965810 5.609643
v 8.390483 13.206849 5.120437
v 8.326081 12.633580 3.994705
v -1.377005 13.132191 -8.662929
v -1.028420 11.601922 -9.027942
v 0.307449 11.344401 -8.830011
v 1.245089 12.698393 -8.341799
v 8.214709 9.190280 5.304738
v 7.326774 9.019539 6.840659
v 7.538847 10.643488 6.731180
v 6.797616 9.853859 7.648765
v 4.302940 15.735155 1.880279
v 8.253814 9.795908 6.347433
v 4.797506 10.759812 4.725162
v 4.592790 12.871181 2.501809
v 6.241880 10.983041 3.290179
v 5.895251 10.358582 4.076879
v 5.309265 10.601512 3.805365
v 4.736908 9.018028 8.409423
v 1.172964 12.840502 -6.617173
v -3.219270 9.782682 -7.644449
v 1.264444 12.829982 -6.016472
v 1.130389 27.217524 5.733763
v 2.115989 26.005405 7.156520
v 2.498451 26.356085 7.475262
v 3.341716 25.498184 6.921762
v 4.478197 28.212463 5.831994
v 3.714509 28.674135 6.002132
v 4.059283 27.935972 5.978976
v 4.107127 27.024216 5.878992
v 3.528276 26.388233 5.589937
v 2.835922 26.526854 4.794930
v -2.659630 23.182674 -6.764079
v -3.139168 23.449116 -7.271604
v -3.705355 24.106316 -7.429693
v -4.433766 24.568396 -7.354219
v -3.416375 25.241625 -6.840176
v -4.276718 24.986256 -7.808293
v -3.386437 25.323486 -8.403955
v -4.637585 23.885746 -8.748176
v -4.251281 23.128937 -8.856217
v -3.318451 22.366789 -5.632098
v -1.171210 29.924425 -1.326959
v -1.334649 29.862215 -1.718067
v -1.049006 30.074875 -1.065421
v -0.723910 30.168865 -0.725343
v -1.080559 28.136854 0.509857
v -1.347913 28.111595 0.346513
v -1.182051 27.208176 0.932229
v -1.105140 26.812265 1.069472
v -1.429276 27.116425 0.598546
v -2.098640 26.232065 0.280492
v -2.566382 26.691986 -0.922496
v -0.722807 25.294065 -3.287525
v -0.388469 25.354237 -3.455777
v 3.154600 26.629583 2.754648
v 2.766614 26.946033 3.048618
v 0.613418 26.524506 2.663583
v -0.409911 26.592806 2.110963
v -1.005711 26.488705 1.509675
v 0.017319 29.173204 1.241304
v -0.164365 29.126234 0.949384
v 0.301009 29.918545 0.927835
v 0.550691 30.522125 0.187210
v 0.901999 30.456865 0.843168
v 1.264321 30.665415 0.787819
v 1.202763 30.390875 0.995618
v 3.299293 27.116344 3.129986
v 4.417284 28.181452 5.565210
v 3.847220 28.640284 6.086241
v 2.412319 29.655535 5.403176
v 1.896863 29.693394 5.283567
v 1.831029 29.413963 5.761467
v 1.264905 29.012953 4.971326
v -3.900871 22.555347 -5.252263
v -3.707741 22.968967 -4.839553
v -4.797317 24.187727 -5.109888
v -4.902778 23.985209 -5.777636
v -4.752671 24.544437 -5.466233
v -5.040810 24.283636 -5.939291
v -4.867933 24.852907 -5.657113
v -4.452277 24.874374 -6.922707
v -3.509007 25.308855 -7.104203
v -3.241290 24.381695 -7.563404
v -2.692950 23.680515 -7.349209
v -2.075366 24.080635 -7.087343
v -1.236612 24.447805 -4.851627
v -0.873514 25.145737 -4.037869
v 2.223202 24.542826 -1.476297
v 2.064269 23.924345 -1.138133
v 1.664016 24.338535 -1.901676
v -0.056686 22.661325 -1.980794
v -1.182628 23.881445 -2.323109
v -1.166459 22.914156 -1.903225
v -2.251050 23.335405 -1.354674
v -2.537379 24.842096 -0.581896
v -2.595274 23.769127 -0.366194
v -2.218913 25.161306 0.410354
v -2.249398 24.038065 0.553504
v -1.724369 25.301105 1.050891
v -1.819875 24.198317 1.224072
v -1.512731 24.237165 1.497979
v 3.006928 24.221855 0.621394
v 2.970090 23.409945 1.711340
v 2.462267 23.811655 2.523189
v 1.773588 25.295845 3.066846
v 1.431709 24.246275 3.137653
v 0.184240 24.456594 3.024334
v -0.724200 24.415295 2.413960
v -1.319461 24.322096 1.834495
v -1.422521 25.338486 1.320575
v 5.467252 26.467484 4.915613
v 1.333694 27.481983 4.639295
v 1.620609 28.052074 2.926226
v -1.086080 25.666435 -6.077755
v -2.614663 24.846365 -7.367910
v -4.100710 25.386015 -6.723013
v -3.551740 26.553026 -5.686819
v -4.658031 25.202347 -6.132539
v -4.631366 25.541538 -5.342488
v -4.143940 24.369926 -4.072662
v -3.450094 24.782537 -3.469679
v -3.030161 22.739857 -5.148916
v 3.888097 26.384924 5.024160
v 4.496041 27.074713 5.332580
v 4.056928 28.903053 5.640421
v 3.682515 30.149673 4.323548
v 3.372453 29.570953 5.622606
v 2.920205 30.616682 3.843469
v 2.679168 30.206123 4.924052
v 0.985506 28.769863 4.099749
v -2.837999 23.222166 -6.282156
v -2.924370 22.392155 -6.646482
v -3.562642 21.918045 -6.011402
v -2.648582 22.674606 -6.420620
v -1.400278 24.117157 -4.425872
v -2.521324 24.286406 -3.726088
v -4.917794 24.510386 -7.072395
v -5.431830 23.745756 -6.300823
v -5.267750 22.924997 -5.836471
v -5.732750 22.181946 -6.795034
v -5.220437 21.561106 -6.651996
v -5.002971 21.535826 -6.827093
v -5.234510 21.616346 -6.988241
v -3.976991 22.900846 -8.731379
v 3.015083 26.967245 7.622375
v 3.583357 25.757536 7.043450
v 1.337746 27.486296 7.237880
v 1.117311 28.519945 6.169171
v 1.681493 29.099794 6.438636
v 2.593889 29.238104 6.603255
v 2.999334 28.960524 7.150094
v 3.639915 28.657354 6.785568
v -1.483313 29.392145 -0.983417
v -1.163240 29.796005 -1.137005
v -1.303467 29.837605 -1.225294
v -1.544974 29.723185 -1.509775
v -1.714399 29.666044 -1.752978
v -1.736880 29.206526 -2.531530
v -0.758164 30.439775 -1.729316
v -0.203357 30.597466 -1.914792
v -0.045307 30.598825 -0.858869
v 0.710428 30.742414 -0.120165
v 1.424025 30.982044 0.440390
v 1.921272 31.033394 0.596345
v 1.743088 30.508144 1.223064
v 1.557697 30.399124 1.476183
v 1.087290 30.307344 1.113677
v 1.012889 30.222914 0.991863
v 0.949255 29.808994 1.376157
v -0.448187 26.312616 -5.425496
v -2.513304 26.927944 -6.182962
v -2.829730 26.449455 -6.133120
v -3.497985 27.079317 -4.916407
v -3.881521 26.677008 -4.883037
v -4.198272 26.133886 -4.137706
v -3.613989 26.602037 -3.279840
v -3.947518 25.343857 -3.618423
v 0.658774 29.942034 1.259581
v 0.306594 29.148115 1.554268
v 0.790447 29.758543 1.509855
v 0.531909 29.107735 1.747839
v 2.119348 28.250074 2.950937
v 2.193329 29.071613 2.753747
v 5.595824 29.143963 3.134506
v 5.508929 30.883093 2.394156
v 5.952216 29.519484 2.233667
v 5.417462 31.090775 1.363283
v 5.382442 29.672094 0.273159
v 5.281353 28.441084 0.852767
v 4.684866 27.465714 -1.189983
v 2.993045 25.086445 -1.828975
v 7.459136 15.508985 4.256923
v 4.940739 16.005156 1.437157
v -1.684468 18.486866 3.907007
v -0.667250 18.433146 4.868781
v -2.653000 14.589161 -0.790313
v -2.578018 15.758556 1.606167
v -1.628452 15.681726 2.291400
v 2.314915 17.253056 -3.012502
v 2.594075 16.044765 -4.893165
v 1.922261 18.150826 -3.420395
v 3.169134 14.546700 -7.200848
v 2.845104 14.480122 -6.936266
v -3.516161 16.012188 -1.708177
v -1.984206 12.089322 -4.444321
v -1.685959 11.472461 -5.510021
v 3.670624 10.501361 4.004335
v 3.408459 10.500691 4.626362
v 3.493801 10.387671 5.079951
v 3.479679 9.695642 5.752704
v 9.118934 13.077147 5.615906
v 6.849846 15.425675 5.767832
v 5.596289 14.574427 6.552915
v 4.151336 16.796654 5.753973
v 2.758456 15.698056 6.207738
v 1.638285 17.457905 5.670816
v -2.492771 14.872741 -9.082125
v 2.059250 10.274952 -6.664108
v -0.523714 9.846099 -4.339067
v -0.288491 10.358071 -4.601897
v 8.590769 12.309840 3.212706
v 8.851035 12.379510 3.243156
v 8.619275 12.676290 3.267254
v 8.154793 13.276168 3.314936
v 7.234852 11.729898 2.655985
v -2.182909 17.062517 2.674241
v -2.218960 18.442595 2.678849
v -2.477190 18.151827 2.680288
v -2.179380 22.105997 2.049684
v 1.216791 15.278978 1.133888
v 5.712521 13.285610 1.820830
v 6.155251 10.586708 2.688090
v -1.335040 22.302116 3.088640
v -0.416367 22.416464 3.832203
v 0.905482 22.446674 4.127014
v 1.324442 23.477295 3.419185
v 2.080708 22.328245 3.687633
v -2.267401 21.281527 -1.737693
v -1.186559 20.018847 -2.255985
v 0.370550 21.119177 -1.963699
v 1.603032 19.746496 -1.277397
v 5.685449 10.797230 2.692946
v 4.336224 12.246580 2.244478
v 2.840133 14.265089 1.732512
v 1.552398 13.430649 2.711120
v 2.279597 15.664028 -7.510102
v 2.518633 15.353102 -7.548444
v 2.472110 15.436686 -7.069575
v 1.964085 16.090725 -7.700356
v 1.858982 16.642035 -8.113871
v 2.061404 17.302536 -8.456926
v 2.357648 12.160343 -8.216059
v 2.640098 12.923900 -9.112942
v 2.063477 12.791623 -9.207006
v 1.626477 12.623393 -9.493305
v 1.027994 12.726464 -9.861816
v 1.604810 12.815974 -9.946184
v 1.794392 12.933532 -10.600106
v 3.822119 30.462435 -0.637122
v 3.628835 30.687544 -0.994421
v 3.902429 30.901274 -1.528302
v 2.510971 30.336035 -4.688149
v 2.539888 30.402134 -4.962325
v 4.212932 31.107704 -2.912171
v 4.308555 31.298294 -2.960822
v 1.129402 32.097256 -3.317284
v 1.486902 31.137526 -4.362164
v 4.351979 31.295034 -2.550676
v 4.453944 31.773022 -2.297503
v 4.185985 31.247944 -2.652841
v 2.363778 29.779516 -4.168844
v 2.407126 29.947046 -4.307905
v 1.442514 29.747145 -3.088085
v 3.049810 29.872953 -3.941041
v 3.185281 30.316824 -4.372885
v 2.303412 29.545435 -3.978532
v 2.403731 30.415636 -4.693975
v 1.705173 30.435606 -4.267005
v 1.886635 30.429976 -4.412797
v 2.315017 29.999435 -4.412599
v 2.250495 29.815004 -4.175631
v 3.281281 31.375345 -0.904139
v 3.780232 30.743074 -2.534385
v 2.848905 29.721594 -3.749716
v 2.860981 29.752024 -3.494289
v 2.728790 30.327864 -4.638587
v 2.773273 30.463774 -4.660408
v 2.619311 30.408854 -4.928904
v 3.223142 30.054085 -4.096819
v 3.392729 30.267075 -4.218148
v 2.625068 29.907444 -4.263733
v 3.135385 29.863184 -3.643131
v 2.100212 30.404865 -4.516777
v 2.032277 30.470245 -4.515980
v 1.314781 30.863214 -2.926697
v 1.833034 29.928144 -3.120709
v 1.383993 30.801104 -3.274046
v 1.124727 32.609695 -2.670792
v 1.008343 31.557552 -1.976840
v 3.703335 30.278513 -1.462292
v 3.844042 30.474564 -2.116779
v 3.074763 30.131384 -4.279588
v 2.858653 29.172106 -2.626417
v 3.064182 29.242525 -2.422810
v 3.144883 29.961344 -3.306548
v 1.653100 30.704294 -4.413192
v 1.678505 30.917225 -4.486198
v 2.947781 30.543474 -4.605265
v 2.797137 30.577675 -4.687232
v 2.940723 30.624765 -4.621346
v 2.884110 27.933315 -2.667695
v 2.572960 28.300705 -2.462892
v 1.005830 27.763845 -4.016827
v 2.728472 30.104774 -4.374932
v 3.709987 30.578835 -4.112897
v 1.138111 32.045856 -3.384479
v 4.286907 31.254534 -3.031417
v 3.882089 30.602364 -2.791136
v 1.161449 32.225166 -2.572724
v 2.206384 30.042725 -4.407161
v 2.335208 30.073145 -4.460903
v 2.193306 30.015985 -4.312129
v 2.436270 30.046896 -4.452163
v 2.511102 29.923624 -4.292615
v 2.137805 29.603275 -3.990307
v 1.103230 28.232595 -3.517101
v 0.508964 29.005714 -3.758368
v 3.453411 30.850115 -0.349030
v 0.920322 31.349844 -2.478015
v -3.506495 10.735912 -6.376802
v 0.346311 25.518194 -9.184546
v 0.341590 26.751055 -8.931379
v -0.778740 27.026005 -9.850809
v -2.083860 8.738263 -9.977708
v -1.605808 10.006024 -10.185379
v 0.198285 9.622983 -9.938601
v 1.643938 9.230862 -8.260378
v 6.671541 24.246084 3.583107
v 6.804437 24.616573 3.396702
v -3.081657 10.229812 -9.376048
v 0.999417 9.773511 -5.266086
v -0.097103 25.121485 -9.828138
v 0.449943 25.429325 -9.641953
v -1.489639 26.237465 -10.486265
v -1.283674 26.403536 -10.683737
v -1.014809 24.961567 -10.778598
v -0.304867 24.799034 -10.208528
v -0.466829 24.850346 -10.828882
v -0.091026 24.922735 -10.438691
v 6.281668 23.261623 4.018584
v 6.054339 23.538454 4.124848
v 7.745273 24.606222 5.034194
v 7.495931 25.012644 4.931738
v 7.297324 25.397793 4.166541
v 6.436460 23.087353 5.274731
v 7.593550 24.192022 5.237268
v 7.224720 25.301773 3.418436
v 6.503871 0.512276 9.964391
v 4.472818 0.641158 10.709489
v 4.461164 0.318646 10.718843
v 3.235169 0.377517 10.768408
v 2.398972 0.413956 10.726141
v -0.160207 0.803097 9.647603
v -2.223121 0.156129 -11.795174
v -3.353837 0.554609 -10.696919
v -3.356710 0.231929 -10.685711
v -3.565083 0.579410 -10.289224
v -3.929766 0.638740 -9.272848
v -3.932632 0.316060 -9.261688
v -4.093554 0.679000 -8.560544
v -4.096439 0.356319 -8.549389
v -4.271508 0.745609 -7.357513
v -3.548116 0.799857 -6.134833
v -1.800540 0.476998 -11.727997
v -1.201531 0.222669 -10.283583
v -1.198643 0.545350 -10.294784
v -1.115999 0.568910 -9.832210
v -1.071249 0.303850 -8.727827
v -1.321074 0.410327 -6.795332
v -1.318215 0.733007 -6.806491
v -1.208841 1.107000 -10.317134
v -1.127806 2.774601 -8.104824
v -1.247758 2.709147 -6.988816
v 1.011421 0.470427 10.571973
v 2.525795 0.282467 8.093515
v 4.565690 0.210347 8.549629
v 4.969222 0.291737 10.644524
v 5.061322 0.196446 8.735623
v 6.492219 0.189776 9.973725
v -1.118888 0.246230 -9.821022
v -3.567945 0.256730 -10.278031
v -1.124175 0.343639 -7.994813
v -4.274349 0.422930 -7.346362
v 1.615273 39.399712 -4.008712
v 1.696649 36.491707 -5.223124
v 0.637012 36.603474 -4.417158
v 5.171833 33.291153 -5.050572
v 5.223322 32.253044 -4.743101
v 5.198948 31.670834 -4.227436
v 1.588088 33.063488 -5.973449
v 2.106816 34.339787 -5.853050
v 1.126144 35.003494 -4.661445
v 0.770694 34.544037 -4.788757
v 0.401026 33.579906 -4.929758
v 1.159742 32.059414 -4.615213
v 5.622205 33.454334 -4.462708
v 5.559906 33.162136 -3.856643
v 5.721549 32.341785 -4.310086
v 2.934130 32.738956 -5.465830
v 3.555105 31.408634 -5.280304
v 0.343358 35.339474 -2.540994
v 0.728699 36.449104 -2.553883
v 2.648653 40.536102 -1.488309
v 3.545951 35.182167 -6.945893
v 3.114733 35.191498 -6.952575
v 3.657960 38.258865 -5.070561
v 3.917140 38.114281 -5.508131
v 4.208326 39.067192 -4.925861
v 5.102259 38.741753 -4.793622
v 5.331403 37.717834 -4.768684
v 0.703050 37.975266 -4.667841
v 6.823166 35.882515 -2.897098
v 6.560788 36.360886 -1.884647
v 6.599541 33.082634 0.583305
v 5.683361 32.137135 -0.977364
v 3.892523 31.561832 -1.332004
v 1.951240 31.981602 -1.148377
v 2.116183 32.753174 -0.718634
v 2.368539 31.934250 -0.966840
v 4.041711 33.903004 -5.970567
v 3.470479 33.987297 -6.155035
v 4.335236 33.095665 -6.073757
v 4.277121 31.889349 -5.996745
v 2.494313 35.806168 -6.306510
v 1.925249 37.750385 -6.069097
v 2.470011 38.810986 -5.816494
v 5.175896 40.231941 -2.984025
v 4.498778 40.659470 -3.591010
v 5.405989 42.011543 -3.136846
v 2.920239 40.103836 -3.169568
v 2.192547 38.077301 -4.048756
v 5.894605 36.033646 -4.781341
v 5.313589 34.001743 -4.470466
v 5.066731 32.632744 -3.590865
v 4.723610 32.258114 -4.743205
v 4.672079 31.932072 -4.081359
v 4.679346 31.814461 -4.483086
v 2.060128 32.885498 -5.571897
v 4.866727 39.870026 -1.624761
v 0.494365 33.537235 -4.418390
v 0.618767 32.724915 -4.895012
v 6.402995 36.353554 -5.541602
v 6.210295 35.355335 -4.942597
v 6.192984 36.145554 -6.164756
v 6.221773 37.631302 -6.063564
v 5.703712 34.891666 -5.883979
v 4.466540 33.847496 -5.247848
v 4.512300 32.924545 -5.451511
v 4.452978 32.058723 -5.415540
v 4.286372 32.138004 -5.024076
v 4.125819 31.465141 -4.984495
v 3.501386 30.641714 -4.838593
v 4.556077 40.588562 -2.488500
v 5.530479 38.990005 -3.310786
v 5.509502 36.690426 -6.184747
v 6.175033 36.648766 -5.420127
v 1.571108 36.056858 -5.886085
v 1.299068 33.140587 -4.928096
v 4.030079 36.478855 0.293867
v 5.291080 34.990334 -0.509943
v 2.518234 35.354836 -0.643887
v 3.247476 34.635647 0.222734
v 2.448313 37.577553 -6.307009
v 3.331382 36.147404 -6.030089
v 1.043813 32.842297 -3.841114
v 1.072816 33.518147 -3.310418
v 1.101724 33.379597 -2.888034
v 3.874799 35.370785 -6.321507
v 2.889474 35.461288 -6.387200
v 0.295597 37.905064 -3.661509
v 0.248165 36.701366 -3.504233
v 0.227736 35.035236 -3.315663
v 2.095824 39.090893 -4.073253
v 1.407944 39.194134 -3.154471
v 2.761487 34.090408 -5.936891
v 3.725650 34.865746 -6.484374
v 2.894344 34.911068 -6.501647
v 3.558727 34.934216 -6.853499
v 3.340555 34.709145 -7.520275
v 2.951094 36.986893 -0.663832
v 3.326382 37.501324 -1.033519
v 2.679582 39.291992 -0.909324
v 2.887014 39.266014 -1.151868
v 2.055981 39.305725 -1.965705
v 1.622908 37.900524 -2.996795
v 1.729228 39.306713 -1.602722
v 1.890965 38.429726 -2.486871
v 1.129952 38.274494 -1.741636
v 5.698350 37.025925 -1.813843
v 4.847129 39.476471 -4.615050
v 5.233683 37.806602 -4.316957
v 3.575947 37.472481 -4.803809
v 5.016755 38.654182 -4.547149
v 6.990968 35.499893 -1.060571
v 6.585228 35.775543 -0.814059
v 7.704652 36.665783 -0.344037
v 4.931964 32.548286 -2.877714
v 4.874156 32.271183 -3.204205
v 4.722142 31.917881 -3.428687
v 6.098412 32.488045 -0.396617
v 6.175216 32.792732 -0.515997
v 5.855194 32.649197 -1.093789
v 5.545284 41.179474 -1.741814
v 5.715111 39.691872 -1.340481
v 5.184831 38.346771 -0.676591
v 4.935138 36.730156 -0.593764
v 4.948352 39.896866 -1.359882
v 1.785988 34.901115 -5.270049
v 1.400724 34.312664 -4.968121
v 1.128841 33.253376 -5.900141
v 1.476603 34.546078 -5.727196
v 1.112324 32.275227 -5.695769
v 1.401503 32.270027 -5.742618
v 0.861382 32.820667 -4.460886
v 0.876559 33.253384 -4.226563
v 0.968877 34.153347 -4.239892
v 1.059877 33.639717 -4.040133
v 6.617733 34.905613 -1.574952
v 6.160380 35.505024 -1.035104
v 4.003001 40.947441 -3.092977
v 5.191708 32.458683 -3.716766
v 5.541627 32.438107 -3.904741
v 2.829646 37.635105 -5.924906
v 3.078573 36.919106 -5.565937
v 4.466671 33.097225 -0.250616
v 4.674884 35.973095 -5.337346
v 5.729018 36.322773 -6.457973
v 4.701139 36.028236 -6.068184
v 3.072938 34.961578 -6.897820
v 5.728598 38.574242 -1.878571
v 5.790308 38.340286 -0.991144
v 5.658030 39.632675 -1.669563
v 2.904561 31.799541 -0.906749
v -0.315008 36.542637 -1.462556
v -0.150119 36.423416 -0.989006
v -0.209087 34.970047 -1.668906
v 5.819318 37.026764 -3.843070
v 5.507161 35.830883 -4.296639
v 6.631998 35.909565 -3.918686
v 6.320919 37.912666 -3.350418
v 6.956747 37.801025 -3.029868
v 6.956690 39.668785 -2.541492
v 5.381637 39.859581 -1.235032
v 2.898573 32.751766 -5.717028
v 3.620705 31.197636 -5.568014
v 1.822310 7.316567 7.529694
v 2.134711 7.070009 7.778078
v 2.802865 7.124307 8.502609
v 3.617638 6.872848 8.885050
v 3.639596 7.208578 9.051405
v 4.590920 6.293468 8.902993
v 5.143450 6.620828 9.214898
v 5.418712 6.233478 8.991755
v 2.072464 7.115986 9.366818
v 2.026235 7.049118 9.139582
v 1.786478 6.904788 8.939418
v 1.255416 6.590727 8.851908
v 1.026342 6.553668 8.369390
v 0.481075 6.230379 8.838572
v 4.726749 5.504797 10.140388
v 5.100140 5.156058 10.217704
v 5.644120 6.144507 9.306403
v 5.606313 4.302916 9.639723
v 5.800298 4.240549 9.075646
v 5.819366 4.340997 8.782811
v 5.994850 5.206276 8.395465
v 5.818862 5.470918 8.251176
v 5.518134 5.643446 8.678833
v 4.583368 4.967806 6.806458
v 3.598973 5.333528 6.440549
v 2.818547 5.818187 6.458220
v 2.116449 6.457618 6.793763
v 2.461394 6.260715 6.091064
v 3.355371 5.243327 5.869881
v 3.614495 6.325787 10.049270
v 3.317547 6.588447 10.313088
v 3.540051 6.725558 9.918509
v 4.183870 5.989188 9.982162
v 2.405505 7.437212 9.369792
v 2.281182 7.294908 9.326419
v 4.398947 3.252208 6.063718
v 1.591124 6.619486 6.296497
v 2.074502 6.122396 5.935475
v 6.046523 2.512896 8.073385
v 5.803993 3.407856 8.274965
v 5.753534 3.308448 7.605547
v 1.649759 6.891287 6.673821
v 5.530075 4.620276 10.214077
v 5.165485 5.013876 7.436583
v 5.283975 3.708148 7.030747
v 4.682006 3.625875 6.453368
v 1.484187 5.273006 5.959058
v 1.655946 5.966937 6.045377
v 2.589684 7.669509 9.025145
v 1.700584 7.555082 7.768305
v 1.370982 6.912477 7.669160
v 5.833791 4.170968 10.494679
v 5.288711 4.854087 10.296463
v 5.590433 4.868927 9.817551
v 5.902400 3.916947 9.353314
v 5.768291 4.185728 9.380836
v 3.264081 4.802297 5.954276
v 3.908462 4.290088 6.111133
v 4.600818 4.392947 6.244879
v 4.168925 3.815967 6.106424
v 5.140429 5.643167 8.405227
v -3.935902 2.501010 -8.577903
v -3.696644 2.546909 -9.264939
v -3.214260 1.115609 -10.691411
v -2.242626 0.793309 -11.710076
v -2.732460 1.872550 -10.174168
v -1.784467 1.535949 -10.440083
v -2.626920 1.539790 -10.593107
v -2.220227 0.478799 -11.806413
v 6.395754 0.806977 9.556666
v 1.498673 2.500268 7.836669
v 0.045987 2.602997 8.494809
v 1.137441 0.339766 7.956151
v 2.537474 0.604967 8.084161
v 3.357315 0.250927 8.233994
v 4.577361 0.532856 8.540275
v 5.072976 0.518958 8.726279
v 6.510191 0.171227 9.601992
v 7.111944 22.334063 3.476412
v 6.645125 22.292513 3.475447
v 8.595634 24.107714 4.652728
v 8.384485 24.750292 4.587281
v 7.935182 22.866833 4.901889
v 5.954564 23.296833 4.916838
v 6.134374 23.020554 4.836427
v 5.818261 23.430384 4.536818
v 8.217845 24.234703 2.419776
v 8.158799 24.894644 3.358665
v 8.408279 24.849043 3.863831
v 8.007601 25.134924 3.831727
v 8.170475 25.059893 4.091650
v 8.725556 24.169693 4.612899
v 8.774749 24.036074 4.390936
v 8.843362 24.417063 4.528157
v 7.244750 22.641542 5.114687
v 7.524172 22.391653 4.863254
v 7.550601 22.494432 4.403126
v 7.468277 22.435633 3.344952
v 6.956672 23.359842 3.435979
v 7.222467 23.468122 3.870915
v 7.555093 22.940613 3.265159
v 7.602808 22.702602 3.262010
v 7.886785 22.697742 4.369053
v 8.776107 24.052382 3.187949
v 8.675185 23.891932 4.091719
v 7.904988 23.638964 3.173840
v 7.845700 23.772943 2.908980
v 7.988773 24.105093 2.801347
v 7.776381 24.415533 3.191833
v 6.209974 22.842344 4.367885
v 6.777566 22.408632 4.597773
v 6.748074 23.368303 5.491043
v 7.021995 23.769472 5.509773
v 6.900164 24.055483 3.425504
v 6.269431 22.626753 3.683218
v 6.744911 22.518173 3.409458
v 6.627752 22.878405 3.646759
v 6.756146 22.941874 3.940087
v 6.951553 22.622313 3.541722
v 7.637214 22.645393 4.386114
v 7.932407 22.754103 4.678858
v 8.232183 23.250713 4.889906
v 8.251269 23.344824 4.826684
v 8.632068 23.747782 4.812452
v 8.599705 23.756542 4.503692
v 8.586222 23.860662 4.410038
v 8.481238 23.419983 3.385995
v 7.516874 22.304832 4.663429
v 7.681507 22.599474 4.842473
v 7.680134 22.500223 4.649449
v 7.717729 22.599222 4.637937
v 7.787806 22.786943 4.837194
v 7.788589 22.671413 4.612828
v 6.680036 22.202614 3.651718
v 7.099597 22.250082 4.429524
v 6.619431 22.534494 4.194952
v 6.509809 23.059753 3.421963
v 7.268832 22.390394 3.405909
v 6.560364 23.824913 3.866951
v 6.497275 23.047894 3.901775
v 7.056932 22.486732 5.008927
v 6.672894 22.831203 5.180419
v 6.979259 23.116064 5.386202
v 7.379508 22.778734 5.141633
v 7.633091 23.060432 5.190616
v 7.982132 23.442863 2.615647
v 8.065764 24.088892 2.499291
v 8.196292 24.271503 2.958829
v 7.978596 23.652184 3.020725
v 8.200670 23.522974 3.026921
v 8.541997 24.144033 2.905930
v 8.266768 23.416103 2.895354
v 8.510937 24.077763 2.485809
v 8.172565 23.260084 2.921598
v 8.139168 23.392464 2.700948
v 7.969016 23.284792 2.733162
v 8.570186 23.364801 4.642973
v 8.075800 23.184244 4.309277
v 8.259516 23.205614 4.564830
v 8.234635 23.117973 4.637755
v 1.487626 31.136625 -4.361128
v 1.342894 31.282156 -4.152333
v 3.900020 31.654903 -4.796699
v 3.778960 33.915794 -5.229793
v 4.228833 32.998386 -5.042931
v 2.744993 31.336414 -5.057585
v 2.098579 31.755684 -5.051218
v 2.087810 31.642445 -4.844132
v 2.508699 31.200846 -4.910650
v 2.685907 31.100395 -4.898607
v 4.784001 33.777603 -4.706153
v 5.031840 33.368824 -4.298940
v 4.285372 31.265114 -3.686007
v 4.795385 33.167843 -4.637257
v 1.926228 31.050764 -4.611380
v 2.468979 30.446495 -4.945714
v 2.595367 30.993105 -4.829231
v 1.515781 31.777203 -4.459151
v 1.641681 33.031975 -5.012553
v 1.919454 32.726196 -5.167295
v 1.210276 32.037926 -4.030804
v 2.354903 30.688385 -4.735933
v 1.623085 33.965084 -4.992950
v 2.098465 33.533775 -5.281793
v 2.406258 31.153105 -4.716465
v 2.311756 31.232576 -4.683733
v 2.290790 30.906294 -4.717923
v 2.927587 30.979685 -4.646280
v 2.939641 30.743235 -4.645179
v 3.846788 32.970715 -5.171060
v 3.103019 32.019745 -5.163508
v 2.240182 30.800146 -4.698818
v 2.437312 30.844984 -4.770686
v 2.939721 30.624344 -4.620389
v 2.669656 30.735945 -4.838991
v 2.790247 30.756285 -4.731105
v 1.365468 32.580086 -4.653205
v 4.603847 32.208145 -4.437673
v 3.648407 32.065296 -5.086024
v 2.935942 31.315264 -5.027398
v 1.402000 32.347324 -4.530546
v 1.588146 32.167027 -4.710743
v 1.208512 31.525063 -3.852550
v 1.132771 31.881111 -3.256463
v 1.251832 33.676506 -4.549150
v 1.392253 32.819397 -4.719276
v 1.165208 33.134804 -4.386786
v 1.834772 32.221306 -5.040358
v 2.113171 31.825001 -5.067748
v 2.569178 31.431503 -5.075175
v 2.714145 32.117477 -5.207108
v 3.527836 31.580654 -4.939888
v 4.060937 32.239586 -4.941453
v 4.061677 30.808035 -3.532640
v 2.547073 30.766754 -4.852732
v 3.874810 30.645853 -3.868436
v 3.708861 30.578405 -4.112069
v 3.277274 30.577805 -4.439187
v 1.903526 30.923044 -4.593220
v 1.696776 31.015806 -4.503118
v -1.302809 11.163093 -9.833593
v -0.910404 7.104061 -9.081170
v 0.134088 6.831108 -8.004988
v -2.152176 7.344059 -9.267638
v -3.282339 7.489553 -8.512160
v -1.643363 7.638742 -7.388326
v -2.502430 7.142377 -5.873765
v -3.381368 7.404674 -7.195239
v -1.251197 6.900867 -5.688385
v 0.016140 6.749268 -6.685898
v -3.610246 11.753422 -8.043912
v -2.691537 11.546882 -9.239995
v -3.615640 10.886044 -7.988939
v 1.651489 9.545393 -6.730782
v -3.056797 11.222132 -6.324976
v 4.096461 31.379534 -4.194623
v 4.300531 31.761292 -4.262162
v 3.905454 31.281034 -4.345655
v 3.805245 31.473953 -4.608892
v 3.671325 31.198034 -4.487626
v 2.955040 31.169455 -4.713807
v 2.071776 31.504723 -4.739873
v 2.461551 31.316755 -4.780643
v 1.800852 31.692173 -4.704010
v 1.475789 32.038147 -4.488465
v 1.422151 32.328785 -4.541778
v 2.331465 31.242966 -4.675634
v 2.405118 31.288345 -4.739748
v 2.045628 31.403862 -4.655352
v 1.831005 31.541183 -4.616403
v 1.640773 31.691303 -4.542475
v 3.938508 31.157003 -4.163094
v 3.803873 31.093824 -4.285033
v 3.582487 31.049435 -4.405745
v 3.342832 31.036604 -4.498488
v 1.530749 31.798782 -4.443203
v 2.979073 31.094004 -4.669639
v 3.007035 31.019554 -4.611387
v 3.372682 31.153715 -4.587348
v 1.612349 31.857311 -4.602778
v 2.352408 31.258535 -4.711459
v 2.005971 31.803520 -4.285520
v 3.351024 31.026075 -4.505366
v 2.983067 31.090284 -4.675531
v 3.510750 31.425362 -4.116802
v 2.954532 31.163385 -4.728352
v 3.432573 31.317095 -4.696834
v 4.107496 31.378664 -4.194928
v 3.948150 31.145294 -4.180712
v 3.819005 31.085014 -4.289039
v 2.031837 31.385115 -4.660886
v 2.461190 31.312584 -4.790648
v 1.620972 31.676373 -4.546277
v 1.814286 31.524311 -4.622578
v 1.809918 31.954773 -4.826910
v -2.873864 7.461843 -5.123178
v -0.961388 7.764443 -4.347439
v 0.405382 7.330548 -5.156228
v 1.138172 8.109182 -6.775137
v -3.560687 9.543761 -6.292141
v 0.610642 8.209321 -5.197043
v -2.249497 8.094773 -9.919879
v -3.018589 8.262193 -10.033103
v -0.811381 8.513690 -4.249599
v -0.019129 6.531087 -6.699855
v -1.285445 6.682406 -5.702024
v 0.232352 6.697207 -5.421651
v -0.513599 7.235080 -10.005511
v -2.448541 10.245831 -4.669031
v -2.652141 9.191142 -4.826724
v 1.643576 9.231583 -8.260531
v 1.111228 7.291277 -8.408187
v 0.895957 6.800757 -8.357735
v -2.033737 3.274467 -6.245041
v -3.067852 3.471797 -6.393420
v -3.681743 3.746070 -8.468228
v -2.791793 3.632721 -9.074198
v -0.699667 3.794987 -6.833453
v -3.912079 4.415879 -7.335713
v -3.794116 4.493070 -8.594960
v -3.416611 7.186510 -7.209191
v -1.514804 4.121388 -9.134567
v -0.558578 3.867691 -8.105453
v 0.098819 6.612936 -8.018945
v -3.317583 7.271379 -8.526114
v -0.944652 6.885610 -9.094808
v -1.841709 3.934377 -5.966967
v -3.019731 4.170708 -6.155314
v -2.696993 4.349608 -9.304728
v -1.774856 3.436719 -8.923006
v -2.145206 3.616849 -8.982681
v -2.147162 3.496820 -9.231771
v -2.234807 2.929140 -9.096847
v -2.587662 3.104049 -9.014153
v -1.755759 2.793369 -9.091714
v -1.648170 2.945579 -9.135262
v -1.997856 2.978950 -9.020930
v -2.167072 3.025779 -8.986527
v -2.107676 3.410430 -8.959249
v -2.795064 3.116649 -9.183958
v -2.830869 3.317230 -9.276900
v -2.849891 3.421560 -9.119152
v -2.439563 3.537290 -9.254875
v -2.438630 3.657600 -9.006092
v -2.559283 3.331621 -9.146681
v -2.480402 3.212280 -9.317565
v -1.521403 2.983709 -9.031325
v -1.925291 3.193430 -9.071153
v -3.174230 3.056070 -9.473419
v -3.075780 2.889120 -9.365456
v -3.238643 3.151220 -9.325375
v -2.188002 3.171810 -9.294474
v -1.248118 2.709857 -6.988978
v -1.174601 3.174608 -6.960176
v -3.143147 3.008759 -6.422863
v -3.784608 3.678209 -7.350012
v -3.856853 3.213078 -7.379407
v -2.864063 3.167591 -9.103593
v -1.865015 3.289770 -8.960017
v -1.054119 3.239931 -8.076021
v -2.109911 3.263959 -9.044903
v -2.547101 3.491519 -8.992599
v -2.526931 2.969520 -9.120855
v -1.463528 7.441744 -10.131854
v -1.793342 7.476664 -9.869958
v -2.889215 7.702525 -10.022564
v -2.187445 7.125889 -9.281595
v 6.221581 12.024988 7.436199
v 6.257358 11.644030 7.806307
v 5.357726 12.218390 7.178917
v 4.719000 12.437199 6.984872
v 4.132706 13.432699 6.851928
v 0.297997 16.244465 5.046566
v -0.169220 15.348491 3.794330
v -1.227497 16.755196 3.890671
v -1.526066 16.180876 2.904893
v -2.049882 17.221596 2.915999
v -1.769957 16.721857 2.645057
v -2.006047 17.440207 2.687853
v 2.376009 12.127972 -6.579673
v 2.504378 12.938822 -6.710623
v 1.696371 11.892182 -5.519979
v 2.456120 13.526830 -5.859702
v 1.891306 15.493496 -2.439204
v 1.252647 15.243780 0.889292
v 0.282658 15.168409 1.616590
v -0.393900 17.999245 -6.334248
v -0.556316 19.107248 -4.318328
v 1.328183 17.921495 -5.891050
v 1.127668 19.007097 -3.926140
v 1.857908 18.738405 -1.798498
v -2.736321 22.942785 -0.150014
v -1.145646 21.177427 -2.183323
v -0.173043 22.007227 -1.839790
v 0.802745 21.989336 -1.512786
v -1.883737 11.768651 -4.760011
v -0.091729 11.417550 -4.452777
v -2.196561 10.781161 -4.927584
v -2.716601 12.499871 -9.240448
v 0.464621 10.786033 -9.597488
v 0.594323 20.249775 4.887758
v 3.019426 18.456484 5.130366
v 2.159107 21.162935 4.091083
v 4.534739 18.986935 2.791348
v 3.527637 20.762125 1.976476
v 2.185339 18.811775 0.032268
v -2.244621 19.881777 2.500803
v -2.291164 18.324915 2.949179
v -1.499817 17.580805 3.960690
v 1.467972 14.343551 5.536601
v 1.524738 22.602095 -1.141521
v 0.822159 22.626295 -1.483985
v -0.085951 22.641676 -1.947104
v -0.088922 22.864077 -2.197720
v -1.193398 22.889406 -1.866862
v -1.277104 23.154097 -2.139113
v -2.246330 23.293146 -1.348492
v -2.526013 23.718586 -0.347085
v -2.725366 24.068815 -0.450572
v -2.113252 24.013626 0.680149
v -1.498930 24.254015 1.487220
v -0.809143 24.336176 2.270938
v 0.195510 24.391714 2.972725
v 1.396461 24.194124 3.095102
v 2.417625 23.782534 2.537975
v 2.642627 24.137545 2.636278
v 2.926749 23.386805 1.727857
v 2.747541 23.102505 0.864651
v 3.184435 23.255144 0.900838
v 2.627791 22.874905 0.203984
v 2.887465 23.164946 0.089176
v 2.530886 23.010996 -0.367080
v 1.972863 22.847197 -0.421435
v 2.320859 22.943045 -0.646431
v 1.021175 22.776926 -2.013003
v -2.387375 23.492386 -1.495170
v -2.257417 24.391066 0.680798
v -1.661457 24.586676 1.538608
v -1.073206 24.627834 2.501159
v -1.628934 24.443806 2.224138
v 1.517943 24.501825 3.249890
v 3.233674 23.770855 1.800326
v 3.436875 23.103655 0.970333
v 2.665678 22.951876 -0.335322
v 3.033652 22.335474 -0.035367
v 2.933380 22.511314 -0.388002
v 2.970557 21.942606 -0.250709
v -1.928027 22.160187 -2.248019
v -2.638562 23.313446 -1.620908
v -3.518168 22.316507 -1.605738
v -3.635940 22.549236 -0.932974
v -4.030900 22.297777 -0.479209
v 3.648187 22.032484 3.565197
v 3.528886 22.913504 3.271432
v 3.473638 23.640844 1.969483
v 2.977759 23.857254 3.135900
v 2.825150 24.161524 2.832765
v 2.305968 24.213055 3.318273
v 1.621735 24.496294 3.441376
v 1.725145 24.468285 3.689958
v 1.169311 24.366055 4.232399
v 2.097543 22.277536 -1.442965
v 1.779728 22.703135 -1.521791
v 1.089333 22.440004 -2.305350
v 1.279879 21.700836 -2.386089
v 1.000386 21.292456 -2.771549
v -0.182675 24.415205 3.499187
v 0.084154 24.710314 3.315883
v -3.596805 22.860395 0.471382
v -3.017422 23.895086 -0.462866
v -2.501358 24.245596 0.771576
v -1.860270 24.450275 1.678772
v -4.794203 21.595257 0.216362
v -3.080274 22.877356 0.998482
v -3.544924 22.313276 1.313358
v 3.756238 20.752285 2.910379
v 3.804549 21.625376 2.343931
v -3.610821 21.943487 -2.230467
v -3.109596 22.176146 -1.984881
v -1.164755 24.012026 3.974617
v -0.693273 24.119894 3.615883
v 0.446039 24.795645 3.380064
v 0.183835 24.788355 3.098155
v 2.636640 22.630865 -0.631893
v 1.685287 22.811195 -1.352930
v -1.444796 22.896307 -2.311360
v -1.127450 22.044058 -2.627804
v -0.218857 22.567717 -2.465787
v 0.732886 21.919577 -2.554621
v -0.934946 24.606394 2.342176
v 3.103492 23.060505 0.066139
v 3.594298 21.442665 0.325634
v 3.444060 21.951965 0.426496
v 3.635206 22.330835 1.811559
v 3.754105 22.437254 2.709848
v 3.594716 21.109396 1.004068
v 3.470555 22.088785 0.874936
v 0.859650 24.505764 3.751349
v -2.915801 23.054926 1.476869
v -2.087941 23.965595 1.837195
v 1.397636 21.459017 -2.323823
v 1.745436 22.381596 -1.744046
v -2.309575 22.561827 -1.968788
v -1.897359 21.078325 -2.489736
v -3.854624 22.685118 -0.145785
v -1.225240 24.214066 3.254347
v -1.303537 24.442335 2.780592
v 1.600311 11.908641 -5.553522
v -1.586779 12.223981 -5.278867
v -2.493617 13.870010 -8.054002
v -3.021621 13.636500 -5.289215
v -3.299136 14.995181 -3.342705
v -2.989622 16.806458 -3.929575
v -3.896321 19.657797 0.491003
v -3.353851 21.709326 0.166988
v -2.880916 21.929976 1.159773
v -2.324736 23.222555 0.894970
v -2.048835 22.112495 2.089716
v -2.297643 19.916277 2.735806
v -1.604942 20.131124 3.642752
v -0.744664 19.176565 4.760387
v 8.083299 14.525739 4.581796
v 8.358529 13.597878 3.629439
v 8.490209 13.905787 4.494432
v 9.007461 13.276498 4.063766
v 9.035405 13.353839 4.400814
v 9.530177 12.945359 4.303149
v -3.098782 17.785927 -2.367922
v -2.205591 18.333817 -4.365837
v 2.168864 19.065685 -0.272510
v 2.450874 19.040865 0.092747
v 3.234569 20.137585 0.763187
v 3.208011 21.072245 3.240334
v 2.401807 23.110264 2.825067
v -3.263228 19.733616 1.568713
v -2.520194 19.862925 2.457449
v -3.271973 17.877316 1.871098
v -3.018254 16.749596 1.808761
v -1.330010 14.137630 0.093329
v -0.679909 14.695181 1.585087
v 0.957526 13.763830 -2.016574
v -0.303553 11.869470 -3.949272
v 1.402842 12.590949 -3.857872
v 0.032425 11.281892 -5.050806
v 1.685798 11.938399 -5.176581
v 0.184259 11.903651 -4.946603
v 0.172414 11.902961 -4.959374
v -3.813198 19.126537 -0.514893
v -3.814711 17.129337 0.775234
v -2.327384 13.439051 -2.559739
v -0.668388 13.121819 -2.081655
v 7.036708 25.351324 4.468396
v 2.759350 26.691866 7.493692
v 1.098836 27.166866 7.045303
v -3.159197 23.741215 -6.309947
v -2.636932 24.251064 -6.699366
v -2.977143 22.158375 -6.625245
v 4.936757 27.171553 5.179395
v 4.510303 26.878633 4.781381
v 3.880153 27.992533 5.061479
v -3.606695 24.271345 -6.960624
v -4.132402 24.489395 -7.462403
v 1.498919 27.571993 7.454040
v 2.945645 25.235176 6.541957
v 4.031605 24.829966 6.247177
v 4.202046 28.231173 5.368543
v 5.245117 27.105864 5.775804
v -2.447889 25.308775 -7.534917
v -3.010365 25.531965 -7.932024
v -5.612406 22.681936 -7.099399
v -5.592623 22.823526 -6.679270
v 2.216969 25.670006 -3.450076
v 3.146915 24.376623 1.506406
v -3.180893 28.094685 -3.640627
v -2.587282 28.689526 -3.062525
v -1.755798 29.559156 -3.421733
v -2.752664 27.147846 -2.617326
v -2.804271 27.660606 -2.266673
v -1.223158 25.422096 1.647738
v -1.062491 29.969816 -0.905342
v -3.050329 27.303337 -3.066466
v -2.077570 28.344433 -1.034031
v -2.328060 28.327183 -1.201772
v 2.427407 31.078775 0.668675
v -1.973590 27.023836 0.063494
v 3.393701 24.600264 0.245671
v -0.228956 25.762966 -4.020208
v 2.283340 26.802694 -3.598782
v 2.791419 24.952646 -1.651726
v -2.620629 27.817223 -1.327994
v 1.068047 24.121737 -2.218261
v 3.132217 24.640635 -0.346188
v 3.121724 24.602545 0.200618
v -0.061193 25.497437 -3.808348
v 4.397905 26.842424 1.397966
v 3.013936 27.334743 2.082741
v 0.739019 30.321905 0.856866
v 0.634269 30.401606 0.592098
v 3.809906 25.954306 -2.007300
v 3.810390 27.168646 -2.111483
v 3.351121 26.027365 -2.232300
v 1.152474 29.786015 1.608742
v 5.266820 26.756004 0.018705
v 0.760138 27.744986 -4.520558
v -0.213861 25.982906 -4.227126
v 0.462920 25.486696 -4.057511
v 2.717525 31.112745 -0.393667
v 4.464448 27.880913 1.869657
v 5.136462 27.992214 -0.163885
v 4.467542 29.341925 -0.359618
v 4.256268 27.888643 1.891698
v 2.938941 24.060745 0.669377
v -2.612281 28.186646 -5.495620
v 0.350282 30.890104 -1.107174
v -1.718075 29.294115 -1.175690
v -1.403209 29.635885 -1.094056
v -0.647602 27.270885 1.408250
v -1.321756 27.185406 0.795870
v -1.206602 26.381565 1.166734
v 0.966918 30.006794 1.153833
v -1.260446 29.625116 -1.006698
v 3.611601 27.547373 2.279169
v 3.813066 27.685123 2.193209
v 4.738275 30.896963 0.237149
v 1.680279 31.062883 -0.042748
v 2.441840 30.994623 0.046765
v 0.685374 30.114466 1.023561
v 1.047508 30.055845 1.283120
v 1.535129 30.503534 1.113708
v 2.248072 31.032965 2.124198
v 1.367022 28.605385 2.573518
v 1.179757 29.019613 2.230193
v 1.346031 29.379324 2.134250
v 1.741615 29.444023 2.137265
v -0.085865 28.283403 1.571834
v 0.245831 28.154154 1.755437
v -1.600883 28.023792 0.102279
v -2.565367 27.591526 -1.185351
v -0.857843 27.277075 1.276418
v 0.431159 27.604666 -4.966474
v 1.847582 30.055384 2.055970
v 2.134583 30.984184 1.727306
v 2.278529 30.711813 2.668439
v 2.027751 23.634556 -1.000941
v 0.162245 30.168285 -0.216636
v 3.159908 25.842915 -2.637796
v 3.159432 27.032675 -2.750212
v 0.881033 23.722185 -1.850397
v 0.893111 23.566875 -1.766774
v -2.772004 28.785295 -4.383025
v -3.266940 27.934753 -4.765304
v 1.061799 24.178705 -1.981784
v 3.699281 26.065575 1.952915
v 2.256896 26.064615 2.858577
v -2.231202 25.105906 -2.006212
v 2.818486 24.847324 2.441398
v -2.597047 28.177185 -1.539630
v 0.349935 25.942505 -8.936296
v -4.553029 21.880997 -8.033665
v 1.954757 28.053125 7.666053
v 4.311265 26.621515 7.370015
v -5.208767 22.868536 -8.122468
v -5.353812 23.251495 -8.076456
v -0.773041 24.854237 -5.583968
v 6.616621 25.110443 4.023447
v -5.006495 22.561455 -8.094926
v -5.676695 22.147566 -7.111210
v 3.173049 30.682123 3.546857
v -0.496881 26.025297 -5.128907
v -1.955075 26.355906 -6.077258
v 3.231735 27.865374 3.025810
v 0.927751 23.999325 -1.941583
v 3.081026 24.475473 0.447019
v 2.976117 24.150236 -0.063451
v 2.816463 24.212666 0.496779
v 3.163030 24.744604 -0.382581
v 3.803229 28.043764 5.920548
v 3.481213 27.635263 5.678456
v 4.397438 27.518723 2.465391
v 1.998234 30.682894 3.180737
v 4.779107 28.863264 3.917056
v 3.742757 24.780874 5.811514
v -3.970309 26.635777 -4.026707
v -3.757211 22.591776 -8.704236
v -3.294009 22.224726 -8.482951
v 3.822165 25.923985 7.263685
v 3.248216 27.241474 7.687130
v 2.607358 27.617874 5.162984
v 3.397486 27.402254 4.898714
v 3.983469 27.696363 6.282073
v -3.006040 23.313786 -9.207975
v 5.278305 28.517853 2.909906
v 5.158378 28.946392 3.667319
v 1.759426 28.351515 7.521430
v 1.226951 27.791975 7.276908
v -0.046085 26.519976 -8.973338
v -1.536878 25.857515 -10.749734
v -0.473514 24.741764 -9.965103
v -0.657921 24.749207 -10.567441
v 3.696950 27.224806 6.094153
v 2.442202 26.724915 5.420832
v -4.660498 21.265038 -6.748442
v 4.383811 24.779453 4.953626
v 3.646895 25.110535 5.282239
v 4.397860 24.413534 5.384652
v 4.125438 26.418673 4.639695
v 4.628262 25.499933 4.567650
v 0.972188 27.994955 5.973932
v 4.932492 27.744963 3.680161
v -1.774952 24.232195 -7.526990
v 5.608057 23.597534 4.637759
v 5.894464 23.503954 5.227741
v -4.084129 21.531136 -7.832648
v -2.268623 22.896456 -7.136659
v -2.353128 23.656256 -6.774422
v 2.611296 26.454985 5.673619
v -1.332300 24.704655 -8.061148
v -1.676593 23.707386 -8.958744
v -2.065806 23.618336 -9.373854
v 4.050427 26.194096 7.353129
v 6.238693 23.348013 5.341745
v 4.328802 26.991354 3.362731
v -1.350252 24.190716 -8.374705
v 1.730800 26.437273 5.650270
v 2.226352 27.154585 5.076827
v -3.447174 27.291737 -4.038744
v -4.746589 22.265627 -8.023143
v -4.723835 22.277597 -5.673733
v -4.248810 22.004078 -5.727292
v -1.183872 24.877085 -10.551084
v 3.005792 26.874655 4.825118
v 1.779159 26.404654 5.453696
v 3.463673 30.468584 -4.286036
v 2.928500 30.373255 -4.561359
v 2.864790 30.279135 -4.545378
v 2.699388 30.237595 -4.620693
v 2.638845 30.356544 -4.667620
v 2.603555 30.259115 -4.663639
v 4.037745 31.247404 -1.599651
v 4.256087 31.447453 -2.225732
v 4.094966 31.196535 -2.064563
v 3.868179 29.397064 -0.628242
v 3.358346 28.939634 -1.372242
v 3.180226 28.426525 -1.866888
v 3.571592 29.612993 -1.685295
v 3.663832 29.856064 -2.105241
v 3.323649 29.738264 -2.422386
v 2.972330 30.233995 -4.410571
v 2.885740 30.207455 -4.428696
v 2.817791 30.233416 -4.532331
v 2.417583 29.971666 -4.404033
v 2.304158 29.975645 -4.315814
v 2.117898 29.893585 -4.156674
v 1.975221 30.002016 -4.123925
v 1.867474 29.968315 -3.859732
v 2.129966 29.581684 -3.748682
v 1.843102 30.007904 -3.608393
v 2.266306 29.899885 -3.301379
v 2.360797 29.845535 -3.200309
v 2.194879 29.321945 -2.955892
v 2.882850 28.136444 -2.125267
v 3.104386 27.871395 -2.268163
v 1.425513 30.599356 -3.739819
v 1.656769 30.335434 -3.473366
v 1.960749 30.314684 -3.154980
v 1.330481 31.358725 -2.809062
v 2.090800 29.837105 -3.004225
v 1.945024 28.595215 -2.775265
v 0.575285 30.356915 -3.140793
v 2.541519 30.109255 -4.288560
v 2.183837 30.224764 -4.301691
v 2.037523 30.969095 -3.747828
v 2.152177 30.291735 -4.435631
v 2.192627 30.239475 -4.434996
v 1.939615 30.552214 -3.597533
v 1.944161 30.865225 -3.802320
v 2.482704 30.238356 -4.551305
v 2.579928 30.217995 -4.536289
v 2.669238 30.207895 -4.514256
v 2.352276 30.156836 -4.309770
v 2.359866 30.161345 -4.443170
v 2.446307 30.131506 -4.301825
v 2.454039 30.134165 -4.435029
v 2.550178 30.113504 -4.421842
v 3.137455 30.565325 -3.668531
v 3.075205 30.301954 -3.569972
v 2.562914 30.849936 -3.610862
v 1.882954 30.601625 -3.703636
v 2.301135 30.300406 -4.555530
v 2.716789 30.090784 -4.241945
v 2.477468 30.485195 -3.474557
v 2.994203 30.287134 -3.479303
v 3.091065 30.704313 -3.629703
v 2.758907 30.199165 -4.464462
v 0.005128 27.620424 -10.429714
v 0.231494 27.875095 -10.266621
v 1.909166 28.184105 -10.939989
v 1.776814 28.087185 -10.827824
v 2.029395 27.149324 -11.158481
v 1.935381 26.999384 -11.113288
v 1.838484 26.864225 -11.292439
v 0.479158 26.174616 -11.115714
v 0.359644 26.505486 -11.326844
v 0.222287 26.764965 -11.027250
v 1.411228 26.652365 -8.907837
v 1.196392 27.021694 -8.964773
v 1.815247 27.206594 -9.323388
v -0.327042 25.623985 -11.233617
v 0.316862 26.648815 -10.115270
v 1.949059 27.073774 -11.466752
v 2.059225 27.232445 -11.261635
v 0.712425 25.769375 -10.824561
v 0.860403 25.892315 -10.953720
v 0.909754 26.036705 -10.837775
v 0.011021 25.457886 -11.094584
v -0.008072 25.510056 -10.930403
v 0.090614 25.529766 -10.983201
v -0.662877 26.603916 -11.455997
v -0.370230 26.354885 -11.699136
v 0.856250 26.881365 -9.583469
v -0.528379 26.818125 -11.313398
v -0.330603 26.580036 -11.625425
v -0.231254 27.179846 -11.275109
v -0.275162 27.227005 -10.899326
v -0.273729 27.537766 -10.679524
v 0.142398 27.669195 -10.643279
v 0.074656 27.822134 -10.186595
v -0.539664 27.141636 -11.108666
v -0.700318 27.075096 -10.656462
v -0.894653 26.637726 -11.092083
v -0.707915 26.351255 -11.538618
v -0.554901 25.995255 -11.506223
v -0.295922 25.871916 -11.363809
v 0.464064 27.138226 -10.400708
v 0.120357 27.075775 -11.015396
v -0.171794 25.997496 -11.429502
v -0.347910 26.766575 -11.375977
v -0.298303 26.720385 -11.460047
v -0.192555 26.604425 -11.339329
v 2.413877 27.233454 -9.867341
v 1.971948 26.963604 -11.381062
v 1.175231 28.434185 -10.911830
v 1.536892 28.280304 -11.219040
v 1.854274 28.452164 -11.008102
v 1.719765 28.478575 -10.892976
v 1.620550 28.422804 -11.079618
v 1.087942 28.279613 -11.064579
v 1.036184 26.104324 -11.422169
v -0.275796 26.959076 -11.406541
v 0.448797 25.832676 -11.175965
v 0.153340 26.079096 -11.681615
v 0.257482 26.233946 -11.616714
v 0.292486 26.339636 -11.480859
v 3.831342 30.522943 -3.838185
v 3.731611 30.256975 -3.740488
v 3.483756 30.082014 -3.509078
v 3.254070 30.494696 -4.425869
v 3.278307 30.577885 -4.439792
v 0.525183 26.307026 -11.242973
v 0.793670 26.148796 -11.423195
v 0.391222 26.609535 -11.568227
v -0.114117 26.713646 -11.398525
v 2.208354 27.058395 -10.050742
v 2.106436 27.365454 -9.997409
v 1.997211 26.942194 -9.290778
v 2.158945 27.366493 -9.716042
v 2.324564 27.142513 -9.703974
v 0.479302 27.600445 -11.315650
v 1.306974 27.690865 -11.399637
v 0.549349 27.814545 -11.176229
v 0.680862 27.864504 -10.973260
v 1.386530 27.746315 -11.201469
v 1.832369 27.335714 -11.403646
v 1.208667 27.485924 -11.527098
v 1.710453 27.160194 -11.528680
v 0.645176 28.192604 -10.584123
v 2.641456 34.269947 -5.326598
v 2.285007 34.395447 -5.237741
v 2.887093 34.139935 -5.329789
v 3.311542 33.923367 -5.296361
v 3.113806 33.001667 -5.287823
v 2.439214 33.324455 -5.328876
v 2.931313 33.051407 -5.299230
v 3.296947 32.959515 -5.258234
v 2.655310 30.972605 -4.838220
v 2.572997 31.097065 -4.832607
v 3.310561 30.702875 -4.456166
v 2.715838 30.962835 -4.815723
v 2.778008 31.045546 -4.809624
v 3.594095 31.039206 -4.412549
v 3.530582 30.692184 -4.321291
v 4.285855 31.254454 -3.030804
v 4.383230 31.448353 -3.111695
v 4.669826 31.839642 -3.093282
v 4.853314 32.228825 -3.310605
v 5.042789 32.602695 -3.325939
v 1.886460 34.505795 -5.031038
v 2.240860 32.419037 -5.243849
v 2.550397 31.301374 -5.035931
v 2.712433 31.194855 -5.015762
v 5.141510 32.886314 -3.657440
v 4.963046 32.743824 -4.133030
v 4.817206 32.275475 -3.993479
v 4.140566 30.959295 -3.585300
v 3.750062 30.707563 -4.134909
v 4.324741 31.768673 -4.245955
v 4.507026 31.961349 -4.348207
v 4.279425 32.071716 -4.653785
v 4.683136 32.541386 -4.502172
v 1.713021 31.148966 -4.525080
v 2.400664 31.286745 -4.746587
v 2.470815 31.247234 -4.750890
v 1.802927 32.091385 -5.006789
v 1.596148 32.544327 -4.898839
v 1.805381 33.749096 -5.160409
v 1.460104 34.266445 -4.699415
v 2.607781 30.744514 -4.862224
v 2.673588 31.057915 -4.838764
v 2.879686 31.083534 -4.862384
v 2.895804 31.189354 -4.990221
v 2.908504 32.065895 -5.194694
v 4.095211 31.647003 -4.460089
v 4.205310 31.863091 -4.585050
v 4.419808 32.407154 -4.721350
v 4.563427 33.055965 -4.851160
v 4.406902 33.862186 -4.999829
v 4.049029 33.916206 -5.168767
v 3.942753 31.852020 -4.848396
v 3.496029 31.445751 -4.905942
v 2.915546 31.110254 -4.694047
v 3.040998 31.039635 -4.621577
v 3.111117 30.999594 -4.585226
v 1.361947 31.435192 -4.188783
v 1.465679 32.042595 -4.491145
v 1.152309 32.752316 -4.253170
v 1.582030 32.373344 -4.837963
v 1.441030 33.287395 -4.846662
v 1.102704 33.901325 -4.110291
v 1.042026 33.608135 -3.774524
v 1.057559 33.182747 -3.736196
v 1.204982 31.697044 -3.914451
v 1.138942 32.045315 -3.383655
v 1.886595 6.532806 6.753585
v 0.877769 4.281096 7.750092
v 1.913430 3.282398 7.166817
v 4.177154 2.774157 8.534222
v 4.535000 6.485307 9.213487
v 4.203066 3.362526 9.485476
v 3.334319 4.270676 10.085784
v 2.023913 4.862486 9.765072
v 0.858455 4.172917 8.940538
v 0.926085 4.865907 8.702836
v 3.239336 2.671277 7.474360
v 4.445154 4.793406 6.459034
v 5.419851 4.924967 7.600366
v 3.167774 7.090877 8.859608
v 3.896727 6.676528 7.444707
v 1.919280 7.152947 7.762188
v 5.454217 5.540606 8.602860
v 3.073198 5.410236 6.118839
v 0.878744 6.685477 -6.825250
v 4.657010 4.777017 6.347382
v 5.840465 4.532526 7.581452
v 5.684234 4.828647 7.527557
v 5.806403 5.541858 8.915568
v 5.239087 6.543177 9.483723
v 3.748875 7.177857 9.495706
v 3.546245 7.270466 9.181861
v 2.812782 7.665040 8.854006
v 3.410229 2.395438 9.512836
v 3.595592 2.721318 9.701200
v 3.435030 2.172667 9.185074
v 3.605272 2.324807 9.119214
v 3.639097 2.177517 8.994524
v 3.654549 1.823197 8.839881
v 3.882066 2.448138 9.172304
v 3.592847 1.855107 8.698156
v 3.644003 2.514166 9.496631
v 3.542565 2.407407 9.731846
v 3.712500 2.548096 9.757436
v 3.570312 2.238097 10.053521
v 3.728306 2.368018 10.139338
v 3.607986 2.546958 10.123755
v 3.779800 2.297667 9.512671
v 3.472042 2.204377 9.524028
v 2.844548 2.348807 7.962127
v 1.681438 2.882277 7.689999
v 0.677056 3.793446 9.088746
v 0.837193 3.659996 8.108191
v 3.651739 2.900088 9.604186
v 3.582263 2.490527 9.063479
v 3.685091 2.670586 9.065866
v 3.862843 2.589217 9.403870
v 3.666072 2.812167 9.298297
v 2.915648 3.648818 10.081388
v 3.470041 2.517626 9.750342
v 3.490358 2.063927 9.292346
v 3.799048 2.156586 9.281109
v 1.570973 3.791716 9.941143
v 1.752669 4.174166 9.794995
v 3.624786 2.396567 8.784219
v 3.581329 2.289406 8.892891
v 3.560528 2.720517 9.407564
v 3.525123 1.757597 8.935880
v 3.483844 2.047877 9.071250
v -4.213650 7.935223 -8.060536
v -4.296422 8.467663 -8.040633
v -4.155438 7.804574 -6.422542
v -2.982238 8.157851 -4.689734
v -0.686103 8.792552 -4.491208
v 0.636403 8.650872 -5.281797
v -3.986998 9.915802 -8.050946
v -3.898839 9.152692 -6.305484
v -3.897616 9.141373 -7.969704
v -2.795843 8.911412 -4.587485
v -4.205700 8.396081 -6.296045
v -1.792783 8.034873 -10.267805
v -3.777072 8.412282 -9.577622
v -3.764567 7.913923 -9.473710
v -2.536677 6.923928 -5.887403
v -1.157202 7.106277 -4.850902
v 1.635755 8.734613 -6.674855
v 1.098835 7.195746 -6.708045
v 1.146840 8.152603 -8.406274
v -0.276094 7.714625 -10.044721
v -0.127206 8.348094 -9.707029
v -3.207340 9.047961 -9.409286
v 1.505585 31.271635 -4.386565
v 3.923456 30.791454 -3.901576
v 4.656116 31.909592 -3.870774
v 1.139087 32.263645 -3.475437
v 1.123111 32.313377 -3.376448
v 1.805806 28.039463 -11.136648
v 1.851908 28.202953 -11.190246
v -0.110264 25.655346 -10.910533
v 1.890769 26.946095 -11.417439
v 1.922199 28.332624 -10.936868
v 1.224089 26.532005 -8.867958
v 0.831769 25.834345 -9.056780
v 0.108690 25.643385 -11.391138
v 0.571001 26.317425 -10.950407
v 0.647932 26.482355 -11.066112
v 0.506409 25.794756 -10.961944
v -0.107748 27.250565 -10.981904
v -0.091757 27.242865 -11.090240
v 0.064673 27.139175 -10.985752
v 0.121765 27.182865 -10.994399
v 0.412822 26.216385 -10.105103
v 0.575097 25.932995 -10.738212
v -0.826785 25.115126 -11.007771
v 0.672815 25.598894 -9.335310
v 1.263687 26.140585 -9.101972
v 1.173295 26.768835 -9.478308
v -0.060291 27.591215 -10.805611
v -0.085224 27.414295 -10.982183
v 0.811064 26.199936 -10.819299
v 0.425174 26.031296 -10.993158
v 0.629326 25.992605 -10.719297
v 0.506002 26.154224 -10.830091
v 0.603034 27.251894 -9.880210
v 1.773452 28.357904 -10.796599
v 1.650172 27.925945 -11.054352
v -1.035345 26.623264 -9.404204
v 2.392694 27.241615 -9.966684
v 2.217918 27.248135 -10.064673
v -0.160136 25.543566 -11.056262
v -0.139613 25.716536 -11.168921
v 0.027602 25.806934 -10.930299
v -0.160107 25.555666 -10.992097
v -0.129446 25.742025 -10.962684
v 7.825647 23.569162 2.681418
v 7.853044 23.394472 2.815669
v 7.830066 23.662233 2.793552
v 8.515757 24.319283 2.929238
v 8.180516 24.735563 3.170255
v 8.778751 24.592752 4.266395
v 8.011607 22.926943 3.276447
v 7.603020 23.986044 3.481659
v 8.510699 23.786512 4.146618
v 8.475371 23.551134 4.163091
v 8.327579 23.252333 4.249944
v 7.766542 22.859694 3.316280
v 7.598050 25.442322 3.903352
v 7.468045 25.314802 3.140889
v 7.333833 25.022943 2.960905
v 7.598632 24.804733 2.722892
v 7.205188 24.788824 3.011311
v 7.461370 24.570963 2.801206
v 7.026089 24.406853 3.206809
v 6.868833 23.627743 3.845194
v 7.176504 23.685753 3.781535
v -5.751032 23.208755 -7.180567
v -5.752521 23.294846 -6.824684
v -5.697954 23.750376 -6.931040
v -5.165639 24.360355 -7.183027
v -3.843748 21.282177 -6.639531
v -3.381238 21.472937 -7.350410
v -2.720402 22.227337 -7.945138
v -2.575647 23.046335 -8.959917
v 6.000766 23.158274 4.456634
v 2.249888 24.687225 -1.514494
v 1.913165 23.819586 -0.988941
v 2.149420 24.062935 -0.789907
v 1.570578 23.829386 -1.659487
v 1.427869 23.722734 -1.512502
v 0.960674 23.776485 -1.660934
v 1.482056 24.496984 -2.515009
v 4.427916 25.709084 0.573750
v 4.226809 26.022284 0.956839
v 4.192400 26.402775 1.563338
v 4.057792 27.053324 2.421536
v 5.916965 29.733013 1.235735
v 5.446893 28.408592 2.135246
v 4.943181 28.256132 2.769471
v 2.936813 24.691734 -1.147944
v 3.592744 24.807116 0.023340
v 3.472007 24.965254 1.123764
v 2.365518 23.925905 -0.462978
v 2.010427 23.899004 -0.646832
v 2.803889 24.046156 0.087401
v 2.528088 24.030214 -0.611443
v 1.587861 30.705034 1.042324
v 0.455697 30.575245 -0.501330
v -1.811099 25.727087 -3.371653
v -2.140555 25.583317 -2.730276
v -2.585263 25.888567 -2.495050
v -2.881093 27.122705 -1.984772
v -2.781561 26.520226 -1.419090
v 0.895440 31.169966 -1.367738
v -0.226894 30.253775 -2.628896
v -0.923440 30.241575 -2.256390
v 1.212764 26.667486 -4.175560
v 3.336351 27.222574 -2.371035
v 0.901071 27.377115 2.669212
v -0.137514 27.386614 1.965363
v 1.251462 28.345545 2.548858
v 1.439928 27.354345 2.953706
v -1.228162 25.268436 -3.339345
v -0.661098 25.555685 -3.785557
v -1.751759 27.811844 -0.182217
v -1.846227 28.700203 -0.558955
v -1.660006 28.811115 -0.353337
v -4.040096 24.634396 -7.067117
v -4.002221 24.789526 -6.494426
v -3.596004 24.443886 -6.350618
v -3.549701 24.049305 -6.926605
v -3.190382 23.574104 -6.821652
v -2.951855 22.967426 -7.017910
v -2.218771 23.382786 -6.347789
v -2.233048 22.980335 -5.973666
v -1.102191 24.833527 -3.577682
v 4.386118 29.505934 4.346018
v 1.896665 30.539324 3.565856
v 1.402030 30.103085 2.312624
v 1.248852 29.849194 3.252992
v 1.139490 29.105965 3.046528
v 1.811071 28.369513 2.019858
v 2.714497 27.044664 2.968354
v 2.282967 26.525543 4.657294
v 2.161343 26.466845 5.234752
v 2.765750 26.502184 5.329496
v 3.129643 26.620073 5.816016
v 3.297769 27.515192 5.682091
v 2.862424 27.884974 5.307109
v 3.464929 28.592344 5.531689
v 2.785490 24.795305 -2.192144
v 1.214147 25.618515 -4.052130
v 0.456800 26.283476 -4.338237
v -0.431404 28.743645 -5.074568
v -0.022141 27.199196 -5.399067
v -1.549665 27.774643 -5.929142
v -1.643249 29.341505 -0.850814
v -1.838117 29.142216 -1.021559
v -1.976758 28.606415 -0.731359
v -2.741891 26.515556 -2.871145
v -2.469427 26.096136 -2.849524
v -4.419262 22.923887 -5.189428
v -4.959589 23.632948 -5.416690
v -5.224684 23.352585 -6.144541
v -5.390155 24.097305 -6.560725
v -4.918308 24.612526 -6.331572
v -3.895716 24.754335 -7.239955
v 3.204317 25.470024 2.236952
v 3.881424 25.606894 1.165204
v 4.102442 25.257675 0.715720
v 3.735151 24.942165 -0.181169
v 3.041914 24.829016 -1.286706
v 1.086354 28.158894 5.289942
v 1.236258 28.788954 5.471025
v 2.207062 29.023554 6.482857
v 2.344705 29.306406 5.864670
v 2.653472 29.456003 5.974269
v 3.030673 29.165644 6.639588
v 3.181293 29.264753 6.063292
v 3.701678 28.600874 6.538709
v 3.955827 28.043512 6.386700
v -1.555546 26.371256 0.913695
v -2.463483 25.867247 -0.671587
v -2.266802 24.320486 -1.744429
v -1.236400 24.521446 -2.576477
v 0.007120 23.618675 -2.232438
v 0.131300 24.251646 -2.497334
v 0.879614 24.062155 -2.082292
v 2.606174 28.596594 2.658130
v 2.000473 29.490974 2.409073
v 3.205444 30.849564 -0.040889
v 0.614218 31.024935 -1.847712
v -1.063971 29.794455 -2.918251
v -2.933805 26.825357 -2.785988
v -3.236273 26.022936 -3.038075
v -2.391833 25.347826 -3.064356
v 4.792335 24.479145 5.981151
v 4.460917 25.135155 6.636415
v 4.854870 25.588585 6.800797
v 5.597478 25.425985 6.294681
v 5.126159 26.165356 6.619800
v 5.255817 26.694555 6.251378
v -3.443465 23.834305 -9.316591
v -3.693621 24.403505 -9.222044
v -3.635315 24.935286 -8.860641
v 2.737334 29.809544 5.519182
v 1.368282 29.228773 4.317124
v 1.129901 28.574053 4.378318
v 1.110660 28.314863 4.773785
v 1.296267 27.358154 5.222823
v 2.306139 24.635305 -1.113908
v 2.707869 24.638584 -0.974276
v 2.733439 24.782764 -1.013610
v 2.327053 24.771605 -1.147755
v 2.650311 24.691046 -1.418126
v 2.394082 24.589094 -1.697767
v 1.694829 24.442514 -1.938071
v 1.323736 24.340246 -2.380563
v 0.537562 24.222795 -2.683446
v -3.838246 23.529966 -4.476366
v -4.266248 23.408928 -4.811289
v -3.030109 24.930635 -6.674831
v -3.428466 24.024755 -6.393200
v -2.905442 23.039465 -6.719679
v 1.890266 24.672754 -2.961264
v 0.878048 24.897985 -3.712491
v 0.090594 26.090265 -4.558778
v 0.164196 26.313976 -4.800953
v -0.193133 29.613405 0.135968
v 0.103342 29.833614 0.669304
v -0.500860 28.236195 1.072163
v -0.987523 27.246605 1.133711
v 1.618791 30.056774 1.909695
v 1.472252 29.091944 2.476577
v 1.440171 30.013403 1.713300
v 1.252831 29.515324 1.927685
v 0.988251 29.626543 1.719975
v 1.937007 26.459694 5.585984
v 2.892086 27.107674 5.518659
v 3.125278 28.244104 5.282487
v -0.296959 30.376865 -0.634995
v -0.788514 29.680784 -0.195790
v -0.446759 29.029985 0.411187
v -1.031641 28.977615 0.108120
v -0.682069 28.205576 0.702177
v -1.022190 27.179276 0.993369
v -1.065769 25.124056 -2.982916
v -0.088125 24.822556 -2.946597
v 0.023666 25.075907 -3.190614
v 0.504110 24.546686 -3.011564
v 0.532831 24.833006 -3.269154
v 2.427816 24.723785 -1.882378
v -2.251105 28.740543 -2.040870
v -1.880710 29.358065 -1.536009
v -2.025875 28.953484 -1.252635
v -1.403461 29.588644 -0.740775
v 5.171762 28.177912 2.049962
v 5.151491 27.634274 0.971429
v 4.666740 28.123114 1.952751
v -5.238477 23.550236 -7.877468
v -5.721418 23.683496 -7.232613
v -4.463834 24.815536 -6.829556
v -4.507445 24.631374 -7.125566
v 4.720103 29.842943 4.129857
v 3.933933 30.553493 4.091723
v 6.957236 25.193733 5.152342
v 6.899941 24.754122 5.543902
v 7.104101 24.578074 5.442480
v 6.825918 24.001272 5.611780
v 6.334923 23.771503 5.677685
v -1.390756 25.411076 -10.870726
v -1.550439 25.300735 -10.649550
v -1.911424 25.605125 -10.407822
v -1.637244 26.376326 -9.706395
v -1.222001 26.426945 -9.288910
v 1.583380 24.610296 -2.600460
v 0.153593 25.184135 -3.507145
v -0.396840 25.316376 -4.554372
v 2.100395 23.795546 -0.661309
v 1.890086 22.725765 -0.738134
v 1.551481 23.535955 -1.526670
v 1.413344 22.624334 -1.274941
v 0.732723 22.672766 -1.516781
v 0.850930 23.542585 -1.886887
v 5.230039 30.406553 3.330848
v 3.808083 30.307924 -0.340232
v 3.817268 25.839634 4.760585
v 2.659575 26.133224 5.057578
v 2.637092 25.365387 5.873402
v 1.743021 25.850056 6.459368
v 1.067525 26.655426 6.452445
v -1.464895 26.609705 -6.075879
v -0.619948 26.877737 -5.817684
v -3.336904 27.128977 -5.730632
v 6.543226 23.603514 5.574346
v 2.774756 28.551905 7.469698
v 3.158502 28.712652 7.352546
v 3.862672 28.543684 6.676332
v 3.823435 28.342524 6.255872
v -2.778649 22.275085 -6.592064
v -2.131250 23.140434 -8.490106
v -1.774826 23.668335 -7.852227
v 3.213766 24.578283 0.506945
v 3.784883 24.890955 0.756944
v -1.160697 29.798124 -0.767110
v -1.068115 29.683935 -0.400229
v -1.345026 28.939754 -0.080158
v 3.821342 25.050365 -0.412823
v -0.924702 28.282066 -5.558306
v -1.377379 29.326845 -4.685873
v 0.104925 28.949696 -4.420753
v -0.106635 29.538656 -3.469028
v -0.722906 29.545326 -4.061589
v -2.256565 29.314976 -3.877387
v -1.966638 28.836466 -5.182607
v 2.468744 23.741014 -0.475822
v 1.980828 22.823555 -0.422904
v 2.302734 22.827826 -0.234769
v 2.897745 23.860945 0.076421
v 2.728920 22.949715 0.329837
v 2.744554 23.170355 0.937319
v 3.058822 24.075575 0.742263
v 4.227899 31.247633 3.273794
v 3.128285 31.269203 3.006030
v 3.230611 31.705082 2.244061
v 4.477334 31.673141 2.416051
v 3.061935 31.800980 1.497527
v 4.425643 31.805382 1.452583
v 2.726620 31.616432 0.946982
v 3.867066 31.536640 0.460191
v -0.669634 25.535295 2.255200
v 0.348794 25.538824 2.854952
v 2.101960 30.572033 1.379363
v 1.837993 30.022394 1.895609
v 1.300857 30.358915 1.298269
v 1.279601 30.045254 1.511771
v -1.632161 29.546295 -1.312609
v -2.587406 27.816357 -2.602320
v -0.827412 24.660915 -10.342691
v -0.176690 25.181314 -9.433847
v -5.319633 23.964046 -7.775088
v -4.995503 24.547585 -7.315594
v -3.841977 25.332266 -7.202159
v -4.445302 23.441715 -8.855638
v -4.403440 24.392176 -8.269559
v 4.407067 27.149984 6.892945
v 3.483459 27.569395 7.655700
v -0.461713 26.339895 -9.031738
v -1.428287 29.797935 -1.906641
v -1.340797 29.970575 -1.871591
v -1.039909 30.153204 -1.485312
v 4.706023 26.225554 -0.995925
v 3.417738 24.903654 -1.578878
v 4.250966 25.137495 -0.653452
v 4.954735 25.815733 0.309834
v 4.590681 26.432714 0.950747
v 4.714556 27.708183 1.319551
v 0.728403 30.917894 -0.761427
v 0.988558 31.010414 -0.483369
v 1.186746 29.534374 4.053914
v 1.925000 29.819023 4.688687
v 1.818552 30.186813 4.445796
v -2.004462 24.797146 -7.415569
v 3.554577 27.788954 7.396155
v 3.772522 28.130304 7.285102
v 4.575123 27.770662 6.487900
v 6.017403 24.710295 4.095137
v 5.685333 24.011463 4.308683
v -4.513422 24.830017 -4.854706
v -4.589602 25.109398 -4.547738
v -4.091341 24.178976 -4.420922
v -3.798495 23.678658 -4.160858
v 2.589277 28.872362 7.245730
v 2.150100 28.646593 7.186347
v 2.339323 28.264875 7.475884
v -0.107569 25.726826 -9.054383
v 0.723758 29.069174 1.888123
v 1.020857 28.955164 1.997201
v -0.343824 28.283655 1.320474
vn -0.6342 -0.5906 -0.4990
vn -0.3667 -0.1372 -0.9202
vn -0.1800 -0.1973 -0.9637
vn 0.4601 -0.3009 -0.8354
vn -0.5059 0.5199 0.6883
vn -0.6953 0.4410 0.5675
vn -0.8136 -0.2551 0.5225
vn -0.8699 0.2574 0.4207
vn -0.9556 -0.2437 0.1658
vn -0.9704 0.2339 0.0604
vn 0.2431 -0.4959 -0.8336
vn -0.2742 -0.9157 0.2937
vn 0.2083 -0.8947 -0.3952
vn 0.1879 -0.8370 -0.5139
vn 0.3896 -0.8073 -0.4432
vn 0.4258 -0.7615 -0.4887
vn 0.2308 0.7300 -0.6433
vn 0.2606 -0.2894 -0.9211
vn 0.1386 -0.2331 -0.9625
vn -0.6071 0.7266 0.3216
vn -0.4177 0.8646 0.2792
vn -0.4088 0.8049 -0.4301
vn -0.4201 0.6214 -0.6613
vn -0.2207 -0.5518 -0.8042
vn -0.2810 -0.1655 -0.9453
vn -0.5327 -0.5945 -0.6023
vn -0.4750 -0.3266 -0.8172
vn -0.4251 -0.1516 -0.8924
vn 0.1073 0.4660 -0.8782
vn 0.2285 0.3149 -0.9212
vn -0.3529 0.3525 -0.8667
vn -0.9720 0.0700 -0.2245
vn -0.9167 -0.2658 0.2985
vn -0.9795 -0.0662 -0.1905
vn 0.9333 -0.0100 -0.3591
vn 0.9749 -0.1864 -0.1218
vn 0.2195 -0.9733 -0.0670
vn -0.3213 -0.9420 0.0974
vn -0.4323 -0.5547 -0.7110
vn -0.3170 -0.9412 0.1171
vn 0.7609 0.0968 0.6416
vn -0.0882 0.8381 0.5383
vn 0.0785 0.4343 0.8973
vn -0.4934 0.6953 0.5226
vn -0.3452 0.4303 0.8341
vn 0.5170 -0.8427 -0.1503
vn 0.7452 -0.6375 -0.1958
vn 0.8201 -0.3330 -0.4654
vn 0.4370 0.4405 -0.7842
vn 0.6568 -0.7096 0.2549
vn 0.5202 0.2442 0.8184
vn -0.1527 0.4984 0.8534
vn -0.1870 -0.4345 0.8811
vn 0.5043 0.7998 0.3255
vn 0.1806 0.8758 0.4475
vn -0.0232 0.9580 0.2858
vn -0.2810 0.9103 0.3040
vn -0.3149 0.7582 0.5709
vn -0.5526 -0.5488 -0.6273
vn -0.5064 -0.4832 -0.7142
vn -0.6636 -0.4991 -0.5572
vn -0.3216 -0.3525 -0.8788
vn 0.2736 0.7099 -0.6490
vn -0.0795 -0.6492 -0.7565
vn -0.6126 -0.7815 -0.1184
vn 0.3013 -0.4769 -0.8257
vn -0.5572 0.2912 -0.7776
vn 0.3805 -0.6490 -0.6587
vn 0.8607 -0.3882 -0.3293
vn 0.9053 -0.0033 -0.4247
vn 0.8335 -0.1953 -0.5168
vn 0.8244 -0.0122 -0.5659
vn 0.6241 -0.5092 -0.5927
vn -0.0190 -0.3338 0.9425
vn -0.8209 -0.5301 0.2123
vn -0.3854 0.1019 0.9171
vn -0.9520 0.0576 -0.3007
vn -0.5599 0.6467 0.5180
vn 0.9120 -0.4068 0.0528
vn 0.2831 0.5858 0.7594
vn -0.6084 0.7814 0.1386
vn -0.4825 0.6589 0.5772
vn -0.5992 0.8003 -0.0226
vn -0.7104 0.5786 -0.4007
vn -0.7283 0.1958 -0.6567
vn 0.8771 -0.4732 -0.0820
vn -0.2763 -0.5467 -0.7905
vn 0.1259 -0.9804 -0.1513
vn -0.3370 -0.9368 0.0938
vn 0.5892 -0.6998 -0.4039
vn 0.9043 -0.2970 0.3068
vn 0.4350 -0.4159 0.7986
vn 0.0186 -0.3715 0.9282
vn 0.6020 0.5380 0.5900
vn 0.3570 0.3801 0.8533
vn -0.0128 -0.4221 0.9065
vn -0.0189 -0.2390 -0.9708
vn 0.7587 0.3812 -0.5282
vn 0.6230 -0.6271 -0.4675
vn -0.3287 -0.4231 -0.8444
vn -0.3034 -0.4117 -0.8593
vn 0.2078 -0.9304 -0.3019
vn -0.1294 -0.4011 -0.9069
vn -0.2963 -0.6437 -0.7056
vn -0.3489 -0.2805 -0.8942
vn -0.2587 0.5717 0.7786
vn 0.2397 0.9560 0.1690
vn 0.0859 -0.2021 0.9756
vn -0.1737 -0.4880 -0.8554
vn 0.5672 -0.7483 -0.3440
vn -0.6471 -0.5281 -0.5498
vn -0.4986 0.8170 -0.2897
vn 0.4324 0.9011 -0.0337
vn 0.5844 -0.4630 0.6664
vn 0.7487 -0.4149 0.5170
vn 0.3259 -0.8467 -0.4207
vn 0.8776 -0.3353 0.3425
vn 0.3867 0.3760 0.8421
vn 0.5074 0.3898 0.7685
vn 0.9162 0.0178 0.4002
vn 0.3457 -0.3786 0.8586
vn -0.0905 -0.9959 -0.0046
vn 0.4564 -0.0510 0.8883
vn -0.2995 0.3458 0.8892
vn 0.0440 -0.2827 0.9582
vn -0.2746 -0.9018 0.3337
vn 0.7242 -0.2841 -0.6283
vn 0.4557 -0.5661 -0.6869
vn -0.5863 0.0310 -0.8095
vn 0.8398 0.0871 -0.5358
vn 0.4098 -0.2337 -0.8817
vn 0.5079 0.8613 -0.0168
vn 0.3009 0.6384 -0.7085
vn 0.0254 0.1690 -0.9853
vn 0.6217 0.0866 -0.7784
vn 0.7989 -0.5762 -0.1725
vn -0.2158 -0.6535 -0.7255
vn -0.3118 -0.9422 0.1226
vn 0.7801 0.1879 -0.5968
vn 0.9275 -0.3310 0.1735
vn 0.6480 0.7520 0.1206
vn 0.4005 0.2938 0.8679
vn 0.3315 0.4102 0.8496
vn -0.0915 -0.5161 -0.8516
vn -0.5649 -0.2638 -0.7818
vn -0.6520 0.7568 -0.0456
vn -0.4810 0.6638 0.5727
vn 0.4526 0.6916 0.5629
vn -0.1364 0.8204 0.5552
vn 0.9312 -0.3613 -0.0477
vn 0.8248 -0.5610 -0.0702
vn -0.4057 0.7568 0.5125
vn -0.6469 0.7614 0.0416
vn -0.6867 0.7211 -0.0917
vn -0.7577 0.2001 -0.6212
vn -0.7099 0.1645 -0.6849
vn 0.3422 -0.9226 -0.1782
vn -0.0522 -0.1705 0.9840
vn -0.0417 0.6423 0.7653
vn -0.1576 0.9156 -0.3700
vn -0.5007 0.8378 -0.2177
vn -0.5954 -0.0197 -0.8032
vn -0.2689 0.1253 -0.9550
vn 0.1584 0.3518 -0.9226
vn -0.6598 0.2834 -0.6960
vn -0.5793 0.4059 -0.7069
vn 0.0980 0.8297 -0.5495
vn -0.3241 -0.5586 -0.7635
vn 0.7413 -0.5402 -0.3984
vn 0.6671 -0.6595 0.3465
vn 0.0356 -0.7759 -0.6299
vn 0.6758 -0.7001 0.2307
vn 0.0222 -0.7246 -0.6888
vn 0.7482 -0.6621 0.0433
vn 0.8240 -0.4626 -0.3273
vn -0.4945 -0.4419 -0.7485
vn 0.0044 -0.8919 -0.4523
vn 0.2542 -0.4305 -0.8661
vn -0.0194 -0.7590 -0.6508
vn 0.1701 -0.3466 -0.9225
vn -0.0735 -0.9150 -0.3968
vn 0.3306 -0.4564 -0.8261
vn 0.7303 0.6089 0.3096
vn -0.1371 0.6785 -0.7217
vn -0.2966 0.6388 -0.7099
vn -0.1621 0.4438 -0.8814
vn -0.4125 0.4308 -0.8026
vn -0.0793 0.4232 -0.9026
vn 0.9758 0.1852 0.1163
vn 0.0955 0.6071 -0.7889
vn 0.1318 0.0781 -0.9882
vn -0.4043 -0.9121 -0.0682
vn 0.4061 -0.8279 0.3869
vn 0.5603 0.6886 0.4603
vn 0.4481 -0.2030 0.8706
vn 0.8982 -0.4236 0.1177
vn 0.1743 -0.0873 -0.9808
vn 0.3477 0.1356 -0.9278
vn 0.0150 -0.7854 0.6189
vn 0.5269 -0.6345 0.5654
vn -0.7355 0.0143 0.6773
vn 0.5674 -0.3754 -0.7329
vn 0.2255 -0.3839 -0.8954
vn 0.9545 -0.0548 -0.2930
vn 0.8960 -0.3157 -0.3123
vn 0.8702 -0.4434 -0.2149
vn 0.8773 0.2527 -0.4081
vn 0.3437 0.4601 0.8186
vn 0.3729 0.4846 0.7913
vn 0.9010 0.4271 0.0768
vn 0.8975 -0.4158 -0.1468
vn 0.2272 -0.8784 -0.4204
vn -0.4631 -0.5604 -0.6866
vn -0.7519 -0.5414 0.3763
vn 0.6013 0.5156 0.6105
vn 0.2910 0.4983 0.8167
vn 0.7278 -0.0137 0.6857
vn 0.9081 -0.3301 -0.2575
vn 0.7318 -0.6380 0.2397
vn 0.4217 -0.6727 -0.6080
vn 0.2625 -0.9189 -0.2945
vn -0.9981 0.0302 -0.0530
vn 0.1761 -0.3261 -0.9288
vn 0.3169 0.6884 -0.6525
vn 0.9620 0.1928 -0.1935
vn -0.0230 0.9454 0.3252
vn -0.1523 0.8541 0.4972
vn 0.4378 0.3411 0.8319
vn -0.1270 0.8393 0.5286
vn 0.6513 0.4611 0.6026
vn 0.3010 -0.2061 -0.9311
vn 0.2549 0.5890 -0.7669
vn -0.7420 0.6261 0.2396
vn -0.8526 0.4030 0.3327
vn -0.7283 0.2400 -0.6418
vn -0.7393 -0.5733 0.3533
vn 0.2109 -0.0044 -0.9775
vn 0.1507 0.0813 -0.9852
vn 0.4218 0.3792 -0.8236
vn 0.5466 0.7774 -0.3111
vn 0.8883 0.1156 -0.4444
vn 0.4956 0.8169 0.2948
vn -0.2296 -0.0263 -0.9729
vn -0.8428 0.0303 -0.5374
vn 0.2489 0.1796 0.9517
vn 0.2532 0.0528 0.9660
vn -0.3712 0.0780 0.9253
vn 0.4333 -0.7730 -0.4634
vn 0.8737 -0.4378 0.2118
vn -0.6915 -0.5985 -0.4046
vn -0.1849 -0.0101 -0.9827
vn 0.5025 0.8041 -0.3175
vn 0.5110 0.2967 -0.8068
vn 0.3248 0.4782 0.8160
vn 0.4651 0.8804 0.0925
vn 0.4886 -0.6468 -0.5855
vn 0.4932 0.3288 -0.8054
vn 0.3707 0.6173 -0.6939
vn 0.3110 0.0861 0.9465
vn -0.5328 0.2596 0.8054
vn 0.9931 0.0020 0.1172
vn 0.9976 0.0150 0.0679
vn 0.9999 0.0095 0.0102
vn -0.4544 -0.5909 0.6666
vn 0.3578 0.7074 -0.6096
vn 0.5377 0.5104 -0.6711
vn 0.8772 0.3512 -0.3273
vn 0.1955 -0.5900 0.7834
vn 0.8717 0.0128 0.4899
vn 0.8663 0.3839 -0.3195
vn -0.6677 0.4225 -0.6130
vn -0.0580 0.6082 -0.7916
vn -0.9525 0.2068 0.2237
vn -0.8596 0.2903 -0.4204
vn 0.3832 0.5022 0.7752
vn 0.2475 0.3566 0.9009
vn -0.0194 0.2559 0.9665
vn -0.3706 0.3281 0.8689
vn 0.3397 0.6699 -0.6602
vn 0.0251 0.9053 -0.4240
vn 0.4992 0.8201 0.2799
vn 0.6919 0.5697 0.4435
vn 0.3855 0.4541 0.8032
vn 0.2856 0.1064 0.9524
vn 0.0048 0.0780 0.9969
vn -0.0783 0.0683 0.9946
vn -0.5863 0.4573 0.6686
vn -0.1573 0.9868 -0.0391
vn 0.4713 0.1375 -0.8712
vn 0.4321 -0.4544 -0.7790
vn -0.9089 0.4118 0.0661
vn -0.8642 0.4215 0.2747
vn -0.3764 0.8935 -0.2449
vn 0.6533 0.2128 -0.7265
vn 0.7182 -0.3675 -0.5908
vn 0.1420 0.1615 -0.9766
vn -0.0051 0.4146 0.9100
vn -0.4736 0.5846 -0.6588
vn 0.7552 0.5389 -0.3732
vn 0.9982 -0.0179 0.0579
vn -0.9176 0.3949 -0.0452
vn -0.4180 0.8247 -0.3809
vn -0.3483 0.8175 -0.4587
vn 0.7782 0.2923 -0.5558
vn 0.7942 0.3660 -0.4850
vn 0.9063 -0.2611 -0.3323
vn 0.9643 -0.1812 -0.1931
vn 0.8784 0.3862 -0.2814
vn 0.8218 0.5656 0.0679
vn 0.6472 0.6073 -0.4608
vn 0.7152 0.3066 -0.6282
vn 0.4066 0.3271 -0.8530
vn -0.0300 0.5965 -0.8021
vn 0.1704 0.6657 -0.7265
vn 0.2935 0.6693 -0.6826
vn 0.3890 0.7000 -0.5989
vn 0.1528 0.4798 -0.8640
vn -0.1745 0.3398 -0.9242
vn 0.0546 0.7804 -0.6228
vn 0.2588 0.8988 -0.3537
vn 0.2170 0.7080 -0.6720
vn 0.1288 0.9903 -0.0530
vn 0.4397 0.6647 -0.6040
vn 0.4839 0.5415 -0.6875
vn 0.4452 0.4163 -0.7928
vn 0.3412 0.9387 -0.0495
vn -0.4896 0.8720 -0.0047
vn -0.2081 0.8232 -0.5283
vn -0.5678 0.7277 -0.3848
vn 0.2087 0.9365 0.2817
vn -0.0665 0.5656 -0.8220
vn -0.3742 0.5651 -0.7353
vn -0.7096 -0.0746 -0.7006
vn 0.7943 0.5284 -0.2997
vn 0.7742 0.6085 -0.1742
vn 0.9856 0.0045 0.1690
vn -0.4369 -0.2822 -0.8541
vn 0.6100 0.7924 -0.0036
vn 0.9232 0.0408 0.3822
vn 0.2286 0.9572 0.1776
vn 0.5976 0.2213 0.7706
vn -0.8864 0.1174 -0.4479
vn -0.3595 0.4405 -0.8226
vn -0.9266 0.2243 -0.3019
vn -0.4450 0.6741 -0.5895
vn 0.0012 -0.4274 -0.9040
vn -0.1924 0.2806 -0.9404
vn 0.4814 0.2578 0.8377
vn 0.7776 0.0860 0.6228
vn 0.5343 0.7784 0.3295
vn -0.3205 0.6532 -0.6860
vn -0.8752 0.1113 -0.4709
vn 0.9376 0.0163 0.3472
vn 0.9836 -0.0389 0.1762
vn 0.8723 0.4615 -0.1617
vn -0.4640 0.7654 -0.4459
vn -0.9211 0.3387 -0.1917
vn 0.8371 0.5459 -0.0357
vn 0.7544 0.6401 0.1452
vn -0.3818 0.7476 -0.5435
vn -0.9152 0.2776 -0.2922
vn -0.6269 -0.0108 -0.7790
vn -0.6006 -0.0424 -0.7984
vn -0.6939 -0.2704 -0.6674
vn -0.9450 -0.3180 -0.0766
vn -0.9572 -0.2425 -0.1580
vn -0.9202 -0.1593 -0.3575
vn -0.9637 0.1217 0.2376
vn -0.2476 0.3100 0.9179
vn 0.8770 -0.2841 0.3875
vn 0.6816 -0.2883 -0.6725
vn 0.8328 -0.3861 -0.3968
vn 0.8033 -0.5373 -0.2568
vn 0.7899 -0.6128 0.0219
vn 0.6599 -0.6130 -0.4344
vn 0.6463 -0.5149 -0.5632
vn 0.5314 -0.3811 -0.7566
vn 0.6493 -0.3028 -0.6976
vn 0.6170 -0.3623 -0.6986
vn -0.7912 -0.2977 -0.5342
vn -0.7254 -0.2252 -0.6504
vn -0.6612 0.7029 -0.2622
vn -0.5934 -0.1124 -0.7970
vn 0.7819 -0.6220 -0.0422
vn 0.5759 0.3303 -0.7478
vn 0.6170 -0.5349 -0.5772
vn 0.6839 -0.3601 -0.6345
vn -0.7682 -0.6386 -0.0463
vn -0.9487 -0.2545 0.1877
vn -0.4127 -0.1218 0.9027
vn 0.7165 -0.6964 0.0409
vn 0.4599 -0.6631 -0.5906
vn -0.5993 -0.4411 -0.6680
vn -0.5145 -0.1601 -0.8424
vn -0.9645 -0.1038 -0.2428
vn -0.8477 -0.0238 -0.5300
vn -0.1431 -0.1743 0.9742
vn 0.2522 0.8792 0.4042
vn -0.2291 0.5089 -0.8298
vn -0.9763 -0.1754 -0.1267
vn 0.6438 0.7006 -0.3079
vn 0.0962 0.9139 0.3944
vn -0.7825 -0.4581 0.4216
vn 0.5852 -0.7902 0.1820
vn -0.0230 -0.5394 0.8417
vn 0.4089 0.4182 0.8111
vn -0.1970 0.9086 -0.3683
vn 0.6460 -0.4445 0.6206
vn 0.1915 0.2183 0.9569
vn 0.7008 -0.6346 0.3258
vn -0.3984 -0.4442 0.8025
vn -0.1741 -0.5666 0.8054
vn -0.1613 -0.1611 0.9737
vn -0.9708 -0.2203 -0.0945
vn 0.8577 -0.4957 -0.1363
vn 0.9340 0.3309 -0.1350
vn 0.3885 -0.9206 0.0398
vn -0.6741 -0.0776 -0.7345
vn -0.8974 -0.4371 0.0607
vn 0.1285 -0.2491 0.9599
vn 0.5072 0.3921 -0.7675
vn -0.1738 0.9473 0.2692
vn -0.7502 0.4042 0.5233
vn -0.8815 0.4027 0.2465
vn 0.8023 0.4743 -0.3624
vn 0.9936 -0.0745 -0.0851
vn 0.9740 -0.1312 -0.1849
vn -0.3917 0.9180 0.0626
vn 0.7523 0.4774 -0.4540
vn 0.6915 0.4171 -0.5898
vn -0.1062 0.5283 -0.8424
vn 0.0094 0.4052 0.9142
vn -0.4505 0.4509 0.7706
vn -0.4824 0.8669 -0.1258
vn -0.9264 0.3695 0.0730
vn -0.5603 0.7921 -0.2421
vn 0.1989 0.3701 -0.9075
vn 0.8930 -0.2689 -0.3610
vn -0.0103 -0.4009 -0.9161
vn -0.6571 -0.1735 -0.7336
vn 0.1781 0.9038 0.3892
vn 0.6151 -0.4402 -0.6541
vn 0.9654 -0.0178 -0.2602
vn 0.9355 0.0523 -0.3494
vn 0.8116 -0.0492 -0.5821
vn 0.7748 -0.2457 -0.5825
vn 0.5920 -0.0145 -0.8058
vn 0.8858 0.1546 -0.4375
vn 0.0059 0.3363 0.9417
vn -0.4843 0.2580 0.8360
vn 0.5382 -0.0987 -0.8370
vn 0.4266 -0.0090 -0.9044
vn 0.7102 0.2831 -0.6445
vn 0.6942 0.3516 -0.6281
vn 0.7811 0.6213 -0.0625
vn 0.6065 0.5924 0.5304
vn 0.5287 0.6252 0.5741
vn -0.6116 0.6292 -0.4797
vn -0.0548 0.9320 -0.3582
vn 0.2952 0.6602 -0.6907
vn 0.4743 0.8389 -0.2668
vn 0.7011 -0.3942 -0.5942
vn -0.9519 0.1935 -0.2376
vn -0.6880 0.5882 -0.4252
vn 0.4956 0.8664 0.0617
vn 0.9770 0.1990 -0.0773
vn 0.9297 -0.2326 0.2856
vn 0.1787 -0.2060 -0.9621
vn 0.0515 -0.3836 -0.9221
vn -0.9639 -0.0525 0.2612
vn -0.9232 -0.2720 0.2714
vn -0.7073 -0.6801 -0.1931
vn -0.5611 -0.4056 -0.7216
vn -0.3480 0.9122 -0.2161
vn -0.7469 0.6326 -0.2047
vn -0.8280 0.4675 -0.3098
vn -0.9053 0.3519 -0.2381
vn 0.8265 0.3804 -0.4149
vn -0.0550 0.9175 -0.3940
vn -0.1667 0.7213 -0.6722
vn -0.4665 0.4430 -0.7656
vn 0.1045 0.9197 -0.3784
vn -0.7676 0.5610 -0.3100
vn -0.6104 0.7599 -0.2237
vn -0.5050 0.8402 -0.1976
vn 0.7322 0.3987 -0.5522
vn 0.6932 0.3715 -0.6176
vn 0.3391 0.8311 -0.4408
vn 0.6083 0.3354 -0.7194
vn 0.2550 0.9151 -0.3124
vn 0.3403 0.3306 -0.8803
vn 0.2272 0.5423 -0.8089
vn -0.0541 0.4927 -0.8685
vn 0.5813 0.1379 -0.8019
vn 0.1431 0.8424 -0.5194
vn 0.1393 0.8734 0.4666
vn 0.4149 0.7939 0.4445
vn -0.0804 0.9859 -0.1470
vn 0.6016 0.5203 -0.6061
vn 0.6795 0.6529 0.3346
vn -0.4064 0.4276 0.8074
vn -0.6688 0.7281 0.1503
vn -0.8586 0.5091 -0.0598
vn 0.8364 -0.5453 0.0560
vn 0.7607 -0.6379 0.1203
vn -0.0423 -0.7397 -0.6716
vn 0.0009 -0.6895 -0.7243
vn -0.1734 -0.3371 -0.9254
vn -0.0641 0.8793 0.4720
vn 0.6674 0.0055 0.7447
vn 0.2440 0.2647 -0.9330
vn 0.2764 0.2556 -0.9264
vn -0.0442 0.9358 0.3499
vn -0.3460 0.6157 0.7079
vn -0.7857 0.4947 0.3715
vn 0.0795 0.9035 0.4212
vn 0.9071 -0.0564 0.4172
vn -0.8827 0.4684 0.0381
vn -0.3912 -0.4753 -0.7881
vn -0.5692 0.1986 -0.7978
vn 0.9228 -0.3586 0.1409
vn 0.8601 -0.2801 -0.4264
vn 0.9783 -0.1476 -0.1455
vn -0.8897 0.1941 -0.4132
vn -0.0895 -0.5860 -0.8054
vn -0.4437 0.7971 -0.4096
vn -0.8644 -0.4846 -0.1338
vn -0.2140 0.9402 -0.2650
vn -0.7779 0.5877 -0.2223
vn -0.4735 0.7726 0.4229
vn 0.5483 0.3312 -0.7679
vn 0.6926 0.0447 0.7199
vn -0.9712 0.1123 -0.2099
vn -0.9567 -0.2028 -0.2087
vn -0.9403 -0.0385 -0.3383
vn -0.9296 0.3520 -0.1094
vn -0.3809 -0.5726 -0.7259
vn -0.7661 0.3972 -0.5053
vn 0.4500 0.5998 0.6616
vn 0.5131 0.6777 0.5267
vn 0.5426 0.8360 0.0816
vn 0.4229 0.7592 0.4948
vn -0.3201 -0.1707 -0.9319
vn -0.4189 -0.4692 -0.7775
vn 0.6111 0.1010 -0.7851
vn -0.8159 0.2611 -0.5159
vn -0.9769 -0.0400 0.2098
vn -0.5753 0.3020 -0.7602
vn 0.9126 -0.3699 0.1741
vn -0.9274 0.2530 0.2756
vn -0.4788 -0.2050 0.8537
vn -0.3601 0.6758 0.6432
vn 0.6161 -0.4112 -0.6718
vn 0.4227 0.3804 -0.8226
vn 0.0746 -0.4301 -0.8997
vn -0.1201 0.4435 -0.8882
vn -0.3169 -0.2381 -0.9181
vn -0.9982 0.0559 0.0201
vn -0.6401 0.2022 0.7412
vn -0.6548 0.2559 0.7112
vn -0.3618 0.3112 0.8788
vn -0.1392 -0.3037 -0.9425
vn -0.4364 0.6553 -0.6166
vn -0.3018 0.9234 -0.2372
vn 0.4260 0.6788 0.5981
vn 0.5319 0.6811 0.5032
vn 0.8539 -0.0059 0.5205
vn 0.9169 -0.3816 0.1169
vn 0.9266 -0.3575 0.1170
vn 0.7609 -0.5959 -0.2567
vn 0.7664 -0.5857 -0.2638
vn 0.3852 -0.5764 -0.7207
vn 0.3676 -0.5867 -0.7215
vn -0.4745 -0.5198 -0.7103
vn -0.0042 -0.9264 -0.3766
vn 0.4292 -0.8942 0.1272
vn 0.1710 0.4213 0.8906
vn 0.1333 0.3965 0.9083
vn -0.3151 0.7441 0.5891
vn -0.3620 0.7077 0.6068
vn -0.6988 0.7074 0.1063
vn -0.7143 0.6809 0.1618
vn -0.8493 0.4514 -0.2738
vn -0.7843 -0.0241 -0.6199
vn -0.8217 -0.0489 -0.5679
vn -0.5054 -0.5519 -0.6633
vn -0.1055 -0.2545 -0.9613
vn 0.5771 -0.6240 0.5268
vn 0.5013 -0.1541 0.8515
vn 0.8885 0.1107 0.4452
vn 0.0734 0.9852 0.1550
vn -0.8732 0.4230 -0.2420
vn -0.4555 0.6440 -0.6147
vn -0.4051 0.1800 -0.8964
vn -0.1135 -0.9618 0.2493
vn -0.8091 -0.5871 -0.0261
vn -0.3366 -0.8364 -0.4327
vn -0.2335 0.5541 -0.7990
vn 0.9156 0.3571 0.1848
vn 0.8083 0.0487 0.5868
vn 0.5838 -0.2777 0.7629
vn 0.5867 -0.3082 0.7488
vn 0.6878 0.6227 -0.3731
vn 0.7274 0.5311 -0.4345
vn 0.1698 0.3345 -0.9270
vn 0.3091 0.2923 -0.9050
vn -0.0368 -0.0724 -0.9967
vn -0.2613 -0.4050 -0.8762
vn 0.2133 -0.7080 0.6732
vn 0.4887 0.4805 0.7282
vn 0.4927 0.8397 0.2283
vn 0.2068 0.9110 -0.3568
vn -0.2637 0.4324 -0.8623
vn -0.5541 0.1040 -0.8259
vn -0.7862 -0.2258 -0.5753
vn -0.4969 -0.6036 0.6236
vn -0.1007 -0.3087 0.9458
vn 0.0012 -0.2854 0.9584
vn 0.2428 0.0777 0.9670
vn 0.4267 0.4484 0.7854
vn 0.4540 0.8271 0.3315
vn 0.6384 -0.2600 -0.7245
vn 0.4012 -0.4263 -0.8107
vn -0.2812 0.0040 -0.9596
vn -0.7918 -0.0758 -0.6061
vn -0.7561 0.1054 -0.6459
vn -0.8941 0.1576 0.4193
vn -0.7809 0.1853 0.5966
vn -0.7786 0.1964 0.5961
vn 0.2222 0.1498 0.9634
vn 0.7025 -0.0114 0.7116
vn 0.9015 -0.2725 0.3362
vn 0.7398 0.4298 -0.5176
vn 0.8576 -0.3774 -0.3495
vn 0.9367 -0.3434 -0.0684
vn 0.9701 0.0131 0.2422
vn -0.3385 0.1849 0.9226
vn 0.3132 0.7849 0.5346
vn -0.1334 0.8495 0.5105
vn 0.8608 0.5086 0.0203
vn 0.6703 0.6665 0.3263
vn 0.8320 0.4595 -0.3110
vn 0.1939 0.9186 -0.3445
vn -0.3549 0.8764 0.3254
vn 0.5788 0.4014 -0.7099
vn 0.1877 0.3549 -0.9158
vn -0.6642 0.7165 -0.2133
vn -0.4812 0.5549 -0.6786
vn 0.8823 -0.2299 -0.4107
vn 0.7312 -0.3907 -0.5591
vn -0.5487 0.8333 0.0670
vn -0.4605 0.8637 0.2049
vn 0.6475 0.4436 -0.6197
vn 0.8034 -0.2584 -0.5364
vn 0.7681 -0.3877 -0.5096
vn 0.8549 0.4550 0.2493
vn 0.8611 0.5083 0.0103
vn 0.9300 0.1882 0.3157
vn 0.9356 0.0790 0.3442
vn -0.8843 0.3800 -0.2714
vn -0.8995 0.3592 -0.2487
vn -0.2670 0.8874 -0.3758
vn 0.6637 0.5868 -0.4638
vn 0.4597 0.8876 0.0292
vn 0.2451 0.9565 0.1584
vn 0.9623 0.1872 0.1972
vn 0.7445 0.5756 -0.3384
vn -0.1918 0.8655 0.4628
vn -0.4146 0.5572 0.7194
vn -0.4387 0.7813 0.4439
vn -0.1299 0.9839 0.1227
vn -0.4515 0.5708 0.6858
vn 0.1551 0.9864 0.0539
vn -0.1152 0.9236 0.3655
vn -0.3493 0.6643 0.6608
vn -0.3524 0.4306 0.8309
vn 0.4054 0.9051 -0.1280
vn -0.1204 0.9002 -0.4185
vn -0.1479 0.9181 0.3677
vn 0.0001 0.9920 0.1264
vn -0.1443 0.8566 0.4953
vn -0.0946 0.6612 0.7442
vn 0.8096 0.4180 0.4122
vn 0.6927 0.6755 0.2527
vn 0.6422 0.7015 -0.3089
vn 0.5490 0.8162 -0.1802
vn 0.9457 0.3127 -0.0885
vn 0.1536 0.2790 -0.9479
vn 0.3506 0.3663 -0.8619
vn -0.0143 0.9677 0.2517
vn 0.2302 0.7745 0.5893
vn 0.2258 0.9656 0.1289
vn -0.5692 0.6970 -0.4361
vn -0.2215 0.8660 -0.4483
vn 0.3331 0.8232 -0.4597
vn -0.4658 -0.5270 -0.7109
vn -0.4435 -0.7713 0.4564
vn 0.6954 -0.4700 0.5436
vn 0.7889 0.0048 0.6145
vn 0.7773 0.0788 0.6242
vn -0.3834 -0.1054 -0.9176
vn -0.6613 -0.7138 0.2305
vn -0.8643 -0.0295 0.5021
vn -0.8497 -0.0412 0.5257
vn -0.3597 0.3087 -0.8805
vn 0.7735 -0.2086 0.5985
vn -0.2868 0.3572 -0.8889
vn -0.4087 0.0574 -0.9109
vn 0.6494 0.0994 0.7539
vn -0.3575 -0.0334 -0.9333
vn 0.6256 -0.0184 0.7799
vn -0.4135 -0.3266 -0.8499
vn -0.8754 -0.0987 0.4733
vn 0.7343 0.0090 0.6788
vn -0.9899 -0.0228 0.1398
vn 0.4195 0.7486 0.5134
vn 0.7130 0.5292 0.4600
vn -0.5564 0.0386 -0.8300
vn -0.7519 0.0190 0.6590
vn -0.4893 0.0628 -0.8699
vn -0.6562 -0.0584 0.7523
vn -0.5111 0.0528 0.8579
vn -0.4207 -0.7137 -0.5601
vn -0.8108 -0.5553 0.1853
vn 0.8101 0.3900 0.4377
vn 0.9563 0.2820 -0.0772
vn 0.9833 -0.1135 -0.1422
vn 0.7429 -0.2645 -0.6150
vn -0.5713 -0.5854 -0.5752
vn -0.8042 -0.5890 0.0799
vn 0.4318 -0.8595 -0.2735
vn 0.7943 -0.2428 -0.5570
vn -0.4666 -0.7850 0.4075
vn -0.6447 -0.6937 0.3211
vn 0.1752 -0.3044 -0.9363
vn 0.4979 0.8643 -0.0712
vn 0.5394 0.8153 0.2104
vn 0.2446 0.2638 -0.9330
vn 0.2786 0.1980 -0.9398
vn 0.0739 0.7929 0.6048
vn 0.0184 0.5992 0.8004
vn 0.0176 0.4037 0.9147
vn 0.0645 0.5957 0.8006
vn -0.6280 -0.3349 0.7025
vn -0.6677 -0.2162 0.7123
vn 0.7246 0.2850 -0.6275
vn 0.6222 0.0654 -0.7802
vn 0.0313 0.8185 0.5736
vn 0.1995 0.6992 0.6865
vn -0.0627 0.8809 0.4692
vn -0.0624 0.8804 0.4702
vn -0.0216 -0.8123 -0.5828
vn 0.1190 -0.6566 -0.7448
vn -0.8983 -0.0452 -0.4370
vn -0.7394 -0.0856 -0.6678
vn -0.7747 -0.3389 -0.5339
vn -0.9252 -0.2860 -0.2492
vn -0.9658 -0.2587 0.0169
vn -0.8214 -0.5689 -0.0411
vn -0.7051 -0.5805 -0.4072
vn -0.5085 -0.3222 -0.7985
vn -0.5753 -0.1463 -0.8047
vn -0.4161 -0.2294 -0.8799
vn -0.3137 -0.0469 -0.9484
vn -0.3991 -0.0870 -0.9128
vn 0.5709 -0.2918 -0.7674
vn 0.7273 -0.3893 -0.5652
vn 0.6324 -0.6305 -0.4501
vn 0.5103 -0.8358 -0.2027
vn -0.7973 -0.5433 -0.2629
vn -0.6836 0.7200 0.1197
vn -0.7152 0.6558 -0.2416
vn 0.1570 0.1403 -0.9776
vn 0.0133 -0.2673 -0.9635
vn 0.5717 0.0960 -0.8148
vn 0.5388 -0.7834 0.3097
vn 0.7538 -0.6469 0.1153
vn 0.8801 -0.4664 -0.0886
vn 0.9030 -0.4295 -0.0111
vn 0.3365 -0.6718 -0.6599
vn 0.4350 -0.3069 -0.8465
vn 0.4657 -0.7392 -0.4865
vn 0.3664 -0.6623 -0.6535
vn 0.3589 -0.7371 -0.5726
vn 0.1217 -0.7905 -0.6002
vn 0.6532 -0.5130 -0.5569
vn 0.0860 -0.9748 0.2061
vn -0.2672 -0.9347 0.2344
vn 0.3999 0.4659 -0.7893
vn -0.7219 0.1429 -0.6771
vn -0.8846 -0.0023 -0.4663
vn -0.8089 -0.5009 0.3078
vn 0.2435 -0.2054 0.9479
vn -0.4871 0.2976 0.8211
vn -0.8766 -0.4508 -0.1684
vn 0.0467 0.5635 -0.8248
vn -0.1581 -0.2337 -0.9594
vn 0.3420 0.4716 -0.8128
vn 0.3329 -0.1498 -0.9310
vn -0.8849 -0.3200 0.3384
vn -0.0863 -0.1918 0.9776
vn 0.4199 -0.8634 0.2797
vn -0.7544 0.5503 0.3579
vn 0.3266 0.8684 0.3731
vn 0.1689 -0.8353 0.5231
vn -0.2067 -0.4315 0.8781
vn -0.7960 0.0256 -0.6048
vn 0.2322 -0.4104 -0.8818
vn -0.5865 0.7715 -0.2467
vn -0.8086 -0.1748 0.5618
vn 0.3097 -0.5487 0.7765
vn -0.7531 -0.5332 0.3853
vn 0.0949 -0.7347 0.6717
vn 0.1152 0.4202 -0.9001
vn -0.6906 0.7038 0.1661
vn 0.9732 -0.2227 0.0567
vn -0.8968 -0.0347 0.4410
vn -0.6778 0.2380 0.6957
vn -0.7150 -0.3536 -0.6031
vn -0.2717 0.5016 0.8213
vn 0.1557 -0.7563 -0.6354
vn 0.9599 -0.1959 0.2005
vn -0.7523 -0.3915 0.5299
vn 0.3839 0.8961 0.2227
vn 0.8419 -0.2334 0.4865
vn 0.5447 -0.2628 0.7964
vn 0.8266 0.5380 0.1648
vn -0.0811 0.8297 0.5522
vn -0.2120 -0.3725 0.9035
vn -0.4096 -0.8990 0.1553
vn -0.3310 0.8737 -0.3565
vn -0.2909 0.6040 0.7420
vn 0.9293 0.2618 -0.2606
vn 0.0068 -0.2239 0.9746
vn -0.1645 -0.2284 0.9596
vn 0.1102 -0.3295 0.9377
vn -0.7587 -0.2250 -0.6113
vn 0.0682 0.0547 -0.9962
vn -0.5347 -0.1774 -0.8262
vn -0.5209 0.8027 -0.2905
vn 0.4791 0.1835 0.8584
vn 0.9619 0.2702 0.0419
vn -0.5494 0.0931 -0.8304
vn -0.6674 0.4131 -0.6196
vn -0.7563 0.3148 -0.5735
vn -0.5996 -0.7380 0.3095
vn 0.4774 0.6924 0.5410
vn -0.9605 -0.2728 -0.0541
vn -0.5842 0.6524 -0.4828
vn -0.7781 -0.6193 0.1051
vn 0.3914 -0.5852 0.7102
vn 0.8565 -0.0099 0.5161
vn -0.2354 -0.5992 -0.7652
vn 0.1125 0.0155 -0.9935
vn 0.0175 -0.1935 -0.9809
vn 0.9840 -0.1699 -0.0532
vn 0.4746 0.3597 -0.8033
vn -0.0112 -0.9995 -0.0311
vn 0.1579 0.6752 -0.7205
vn 0.9086 0.4051 -0.1015
vn -0.5665 0.5438 -0.6192
vn 0.0711 0.8328 -0.5490
vn 0.2533 -0.0545 -0.9659
vn 0.3904 0.9185 -0.0629
vn 0.6527 -0.6761 0.3419
vn -0.9188 -0.1057 -0.3802
vn -0.7393 -0.6722 0.0395
vn -0.0650 -0.6467 -0.7600
vn 0.8156 -0.2317 -0.5302
vn 0.5917 0.4456 -0.6718
vn 0.5646 -0.8107 0.1550
vn 0.8799 -0.3108 -0.3595
vn -0.0719 -0.7636 -0.6417
vn -0.3804 -0.6354 -0.6719
vn -0.5418 -0.0924 -0.8354
vn 0.0421 -0.4495 0.8923
vn 0.2450 -0.8772 -0.4130
vn 0.7137 -0.4608 0.5275
vn 0.7911 0.4645 0.3980
vn 0.5005 0.1752 0.8478
vn 0.8499 0.0502 0.5246
vn 0.4941 0.0032 0.8694
vn 0.7334 0.6483 -0.2044
vn -0.1614 -0.9381 0.3064
vn -0.6683 -0.2797 -0.6893
vn -0.5466 0.4296 -0.7188
vn -0.5963 -0.1886 -0.7803
vn -0.7506 0.2134 -0.6254
vn 0.7330 0.4892 -0.4726
vn 0.8045 0.5131 -0.2993
vn 0.3134 -0.1046 0.9438
vn 0.4137 0.6844 0.6004
vn 0.5071 0.7970 0.3282
vn 0.4697 0.3733 0.8000
vn 0.4263 -0.1162 0.8971
vn 0.4745 0.1403 0.8690
vn -0.7822 -0.5879 0.2060
vn 0.3602 0.8632 0.3539
vn 0.4428 -0.4271 0.7884
vn 0.3278 -0.5774 0.7477
vn 0.3969 -0.8874 0.2346
vn 0.5901 -0.1335 -0.7962
vn 0.2939 -0.7689 -0.5678
vn 0.9717 -0.1160 -0.2056
vn 0.9984 -0.0291 -0.0476
vn 0.9966 -0.0699 0.0436
vn 0.9561 -0.2813 -0.0826
vn -0.5531 0.6125 -0.5646
vn 0.4279 -0.8997 -0.0866
vn 0.9935 -0.0771 -0.0834
vn 0.6606 -0.7468 0.0772
vn 0.1718 -0.8669 -0.4679
vn -0.2809 0.5198 -0.8067
vn -0.1657 -0.6468 -0.7444
vn -0.7985 -0.4504 0.3995
vn -0.5628 -0.2928 0.7730
vn -0.3530 -0.8741 0.3336
vn 0.7428 0.0869 0.6639
vn 0.5206 0.8391 -0.1577
vn -0.9659 0.2582 -0.0212
vn 0.8922 -0.0030 0.4517
vn 0.6332 0.5752 0.5180
vn 0.8556 0.3080 -0.4161
vn 0.2518 -0.4021 0.8803
vn -0.3282 -0.4901 0.8075
vn -0.4655 -0.5897 0.6600
vn -0.7915 -0.1406 -0.5948
vn -0.7056 -0.2922 0.6455
vn -0.7704 0.5671 -0.2914
vn -0.2535 0.0473 0.9662
vn 0.8143 0.1806 0.5517
vn -0.1982 0.7668 0.6105
vn -0.3077 -0.0177 0.9513
vn -0.0483 -0.3508 -0.9352
vn 0.4254 0.6812 0.5959
vn -0.2845 0.6963 0.6590
vn -0.1233 0.1801 0.9759
vn 0.4333 -0.1368 0.8908
vn 0.3279 -0.3708 0.8689
vn -0.4554 0.3569 0.8156
vn -0.8128 0.5822 -0.0220
vn 0.5428 0.4522 -0.7077
vn -0.3068 0.6823 -0.6635
vn 0.1205 0.7690 -0.6278
vn 0.1264 0.9813 -0.1451
vn 0.7892 -0.5687 -0.2318
vn 0.9402 -0.2319 -0.2494
vn 0.9124 -0.4004 -0.0843
vn -0.8046 -0.3272 0.4956
vn -0.5551 0.5827 0.5935
vn -0.4231 0.0287 -0.9056
vn -0.9577 -0.2382 -0.1618
vn -0.8434 -0.4982 -0.2014
vn -0.6404 0.7478 0.1751
vn -0.1790 0.5035 -0.8453
vn 0.3889 -0.8870 -0.2488
vn 0.7771 -0.5834 -0.2363
vn 0.9779 0.1099 0.1780
vn 0.9356 0.2574 0.2415
vn 0.7813 -0.6213 0.0605
vn -0.4199 0.3628 0.8319
vn -0.1297 0.9664 0.2221
vn 0.1391 -0.8448 0.5166
vn -0.1914 -0.4888 0.8511
vn 0.8646 -0.3804 0.3284
vn 0.1497 -0.1245 0.9809
vn 0.8487 -0.4230 0.3174
vn 0.5096 0.0722 -0.8574
vn 0.0777 -0.4775 -0.8752
vn 0.8997 -0.0222 0.4359
vn 0.4874 0.3272 0.8096
vn 0.1573 0.3322 0.9300
vn 0.1052 0.6798 0.7258
vn 0.4554 0.0679 0.8877
vn -0.7387 0.0111 -0.6739
vn -0.6873 0.1072 -0.7184
vn -0.9306 0.3577 -0.0780
vn -0.6308 0.2655 -0.7291
vn -0.6836 0.2324 -0.6919
vn -0.2099 0.5335 -0.8194
vn 0.5364 0.4581 -0.7089
vn 0.9652 -0.2604 -0.0219
vn 0.9569 0.2800 -0.0767
vn 0.9510 0.3092 -0.0039
vn -0.7138 0.5103 0.4796
vn -0.0516 0.4944 -0.8677
vn -0.4589 0.4365 0.7738
vn -0.4225 0.1558 0.8929
vn -0.6138 0.3600 0.7026
vn 0.0464 -0.1315 0.9902
vn -0.3728 0.1146 0.9208
vn 0.4399 0.5485 0.7110
vn -0.1421 0.9858 0.0894
vn 0.0158 0.0948 0.9954
vn -0.3800 0.9243 0.0359
vn -0.4844 0.2891 -0.8257
vn -0.0806 0.9889 -0.1248
vn -0.2438 -0.0172 -0.9697
vn -0.1700 0.2596 -0.9506
vn 0.5079 -0.2126 -0.8347
vn 0.5713 0.1511 -0.8067
vn 0.8896 -0.0513 -0.4538
vn -0.2336 0.8219 -0.5195
vn -0.8830 0.2305 -0.4090
vn -0.5507 0.7021 0.4514
vn -0.3726 0.2251 0.9003
vn -0.4485 0.0020 0.8938
vn 0.2164 -0.1746 0.9606
vn 0.9247 -0.3635 0.1128
vn 0.8250 -0.1428 -0.5469
vn 0.7757 -0.2728 -0.5691
vn 0.3585 -0.1039 -0.9277
vn -0.0876 0.0119 -0.9961
vn -0.1691 -0.0217 -0.9854
vn 0.4382 -0.1104 -0.8921
vn 0.8431 -0.3030 -0.4443
vn 0.8778 -0.4650 0.1153
vn 0.6880 -0.4324 0.5828
vn 0.7034 -0.2937 0.6473
vn 0.1975 -0.2844 0.9381
vn -0.4971 -0.0701 0.8649
vn -0.8889 0.0212 0.4576
vn -0.8621 0.1011 0.4966
vn -0.9959 0.0388 -0.0812
vn 0.4814 0.2004 0.8533
vn 0.8752 -0.3283 -0.3554
vn 0.4905 -0.4493 -0.7467
vn -0.3730 0.5807 -0.7236
vn -0.0919 0.9726 0.2137
vn -0.1082 0.2838 0.9528
vn -0.5122 0.4246 0.7465
vn -0.8681 0.4653 0.1730
vn -0.8925 0.3831 0.2382
vn -0.8673 -0.0362 -0.4964
vn -0.4746 -0.2651 -0.8393
vn -0.4911 -0.4025 -0.7726
vn -0.1256 -0.6131 -0.7800
vn 0.4857 -0.6812 -0.5477
vn 0.3661 -0.6687 -0.6472
vn 0.8310 -0.5555 -0.0298
vn 0.8000 -0.5791 -0.1568
vn 0.7814 -0.3096 0.5419
vn 0.3624 0.0155 0.9319
vn -0.4044 0.7263 0.5558
vn -0.5127 0.5113 0.6897
vn -0.7376 0.6752 0.0092
vn -0.6864 0.2940 -0.6652
vn -0.8468 0.0979 -0.5228
vn -0.3262 -0.0806 -0.9419
vn -0.0704 -0.5383 -0.8398
vn 0.5352 -0.5631 -0.6297
vn 0.8250 -0.3008 0.4784
vn -0.8473 0.5277 -0.0607
vn -0.7916 0.3332 0.5122
vn -0.2123 0.6200 0.7553
vn 0.2872 0.4409 0.8504
vn 0.2977 0.0627 0.9526
vn 0.7584 0.0215 0.6514
vn 0.7667 -0.0474 0.6402
vn 0.9848 -0.1540 0.0807
vn 0.9813 -0.1231 0.1482
vn 0.7855 -0.6168 -0.0505
vn 0.4315 -0.5898 -0.6826
vn 0.0270 -0.3371 -0.9411
vn 0.0703 -0.3792 -0.9226
vn -0.2962 -0.0194 -0.9549
vn -0.3416 0.9124 -0.2255
vn 0.0418 0.5451 0.8373
vn 0.9597 -0.1744 0.2206
vn 0.9598 -0.2734 0.0633
vn 0.6063 -0.6584 0.4459
vn 0.0541 -0.9918 -0.1157
vn -0.5405 -0.7960 0.2725
vn -0.8095 -0.5845 -0.0561
vn 0.9408 -0.1301 0.3129
vn 0.6163 -0.5694 0.5440
vn 0.0014 -0.8899 0.4561
vn 0.0136 -0.8217 0.5697
vn -0.6157 -0.6823 0.3942
vn -0.8969 -0.4417 0.0198
vn -0.9506 -0.2895 0.1120
vn -0.9591 0.0699 -0.2744
vn -0.9555 0.1910 -0.2248
vn -0.3456 -0.0606 0.9364
vn -0.3413 0.0998 0.9347
vn 0.0811 0.2706 0.9593
vn -0.6825 -0.2225 0.6962
vn -0.6460 -0.3768 0.6639
vn -0.8492 -0.5142 0.1203
vn -0.7839 -0.6052 0.1389
vn -0.6330 -0.5294 -0.5649
vn -0.5696 -0.6200 -0.5395
vn -0.1691 -0.3168 -0.9333
vn 0.5911 0.7271 -0.3491
vn 0.5823 0.7037 -0.4072
vn -0.1706 0.8358 -0.5219
vn -0.2341 0.7770 -0.5843
vn -0.7369 0.5261 -0.4245
vn 0.9218 0.1178 -0.3693
vn 0.5755 0.6069 -0.5481
vn -0.6979 0.3552 -0.6219
vn 0.9545 0.2229 -0.1983
vn -0.2243 0.6630 -0.7142
vn -0.7547 0.4507 -0.4767
vn -0.7411 0.3928 -0.5445
vn -0.9215 0.1826 -0.3428
vn -0.9367 -0.0579 -0.3452
vn -0.9123 0.3046 0.2736
vn -0.3400 -0.9350 -0.1008
vn 0.8078 0.5548 0.1991
vn 0.5622 0.3420 0.7529
vn -0.4203 -0.6676 0.6145
vn -0.1724 0.6940 0.6990
vn -0.3627 -0.2318 0.9026
vn 0.0438 0.1254 0.9911
vn 0.8962 0.2874 0.3378
vn 0.8937 0.0175 -0.4484
vn 0.5004 -0.2786 -0.8197
vn 0.4124 -0.1509 -0.8984
vn 0.6632 0.2848 -0.6921
vn 0.3258 -0.0907 -0.9411
vn 0.7151 0.2663 -0.6462
vn 0.7811 0.6197 0.0764
vn 0.8022 0.5706 0.1757
vn 0.4529 0.5572 0.6959
vn 0.0994 0.3824 0.9186
vn 0.4377 0.3854 0.8123
vn 0.4428 0.4751 0.7604
vn 0.8524 0.4374 0.2866
vn 0.8167 0.1717 -0.5509
vn -0.6500 0.2478 -0.7184
vn -0.1238 -0.0123 -0.9922
vn 0.3849 -0.1637 -0.9083
vn 0.8603 -0.2019 -0.4681
vn 0.7172 -0.6738 -0.1777
vn 0.7876 -0.3149 0.5296
vn 0.5252 0.1946 0.8284
vn 0.5594 0.1844 0.8081
vn 0.2520 -0.0669 -0.9654
vn 0.7386 -0.2774 0.6144
vn -0.3906 -0.8842 0.2562
vn -0.0844 -0.3681 -0.9260
vn 0.0054 -0.4890 -0.8722
vn -0.3184 -0.4691 -0.8238
vn -0.3442 -0.8132 -0.4694
vn -0.0638 0.3741 0.9252
vn 0.8126 -0.4286 0.3950
vn -0.9859 0.1450 -0.0837
vn 0.6363 -0.7624 0.1179
vn -0.8670 -0.3461 -0.3586
vn -0.4185 -0.5979 0.6836
vn -0.1063 -0.2914 0.9507
vn 0.0154 -0.6389 0.7691
vn 0.7121 0.6978 -0.0779
vn -0.3678 0.9184 0.1455
vn 0.8744 0.0280 0.4844
vn 0.5735 -0.4116 0.7083
vn 0.1431 -0.8918 0.4291
vn -0.0076 -0.9796 -0.2008
vn 0.6871 -0.4286 -0.5867
vn -0.3998 -0.6647 -0.6311
vn -0.6695 -0.4579 -0.5850
vn -0.5141 -0.3649 -0.7762
vn 0.0343 0.8128 0.5816
vn -0.5651 0.7545 -0.3337
vn -0.5334 0.8208 -0.2044
vn -0.7016 0.3107 -0.6412
vn -0.3205 -0.4455 -0.8359
vn 0.4023 -0.7735 0.4897
vn -0.7037 0.6775 0.2142
vn -0.6832 0.7033 0.1968
vn -0.7199 0.6605 0.2133
vn -0.5021 0.7714 0.3910
vn -0.4747 0.3974 0.7853
vn -0.6191 0.3506 0.7028
vn -0.5084 0.2860 0.8122
vn -0.7269 0.2923 0.6214
vn -0.7853 0.2293 0.5751
vn -0.8509 0.1817 0.4930
vn -0.9088 0.0888 0.4076
vn -0.0991 -0.9058 -0.4120
vn -0.1340 -0.8197 -0.5569
vn 0.4389 -0.4094 0.7999
vn 0.1756 -0.1705 0.9696
vn -0.3252 0.1536 0.9331
vn -0.6015 0.2895 0.7446
vn -0.7858 0.3082 0.5363
vn -0.7236 0.4236 0.5450
vn -0.8159 0.4161 0.4015
vn -0.6477 0.5992 0.4705
vn -0.6409 0.7207 0.2641
vn -0.4038 0.6726 0.6201
vn -0.4570 0.7077 0.5388
vn -0.4292 0.7363 0.5231
vn 0.0976 -0.9254 -0.3662
vn 0.8565 0.1522 0.4933
vn 0.7861 0.4413 0.4328
vn -0.3645 0.7446 0.5592
vn -0.3919 0.8674 0.3068
vn -0.3728 0.8472 0.3785
vn -0.8853 0.4546 0.0981
vn -0.0354 -0.6643 0.7467
vn -0.0529 -0.6064 0.7934
vn -0.8847 0.0717 0.4607
vn -0.9029 0.1366 0.4076
vn -0.9442 0.0316 0.3278
vn -0.8823 0.2116 0.4204
vn -0.9714 0.1953 0.1348
vn -0.4982 0.6971 -0.5157
vn -0.1836 0.5763 -0.7963
vn -0.0351 0.0673 -0.9971
vn 0.3653 -0.4272 -0.8271
vn 0.6612 -0.2774 -0.6971
vn 0.7962 -0.6047 0.0206
vn 0.7739 -0.5926 0.2233
vn 0.8318 -0.3503 -0.4306
vn 0.7317 -0.6355 -0.2466
vn 0.4464 -0.4349 -0.7820
vn 0.1964 -0.3376 -0.9206
vn -0.3060 -0.3532 -0.8841
vn -0.3318 -0.3751 -0.8656
vn -0.7889 -0.2120 -0.5768
vn -0.9982 0.0595 0.0060
vn -0.9986 0.0337 -0.0395
vn -0.8878 0.1290 0.4418
vn -0.8960 0.0975 0.4332
vn -0.7383 0.1817 0.6495
vn -0.7705 0.1634 0.6162
vn -0.7758 0.1618 0.6099
vn 0.7342 -0.4214 -0.5323
vn 0.9559 -0.2362 0.1744
vn 0.6497 -0.1651 0.7421
vn 0.1849 0.0701 0.9803
vn 0.1902 0.0214 0.9815
vn -0.3068 0.1753 0.9355
vn -0.6426 0.1519 0.7510
vn -0.7980 0.1645 0.5798
vn -0.7699 0.2049 0.6044
vn 0.2051 0.8480 -0.4886
vn -0.8394 -0.4968 -0.2205
vn -0.7690 -0.5452 -0.3337
vn 0.6885 0.2986 -0.6609
vn 0.2930 0.3093 -0.9047
vn -0.4914 0.6400 -0.5906
vn -0.6415 0.5467 -0.5381
vn -0.7932 0.5371 -0.2869
vn -0.8965 0.4425 -0.0203
vn -0.7711 -0.3647 0.5219
vn -0.2972 -0.3801 0.8759
vn 0.2890 -0.7959 0.5321
vn 0.3695 -0.9291 -0.0153
vn 0.8697 -0.3946 0.2964
vn 0.7133 0.4702 0.5197
vn 0.2559 0.7066 0.6597
vn 0.4184 0.7275 0.5438
vn 0.0562 0.9415 0.3323
vn 0.0078 0.8817 0.4717
vn -0.9849 0.0109 0.1728
vn -0.0542 -0.2381 0.9697
vn 0.5816 -0.5600 -0.5901
vn 0.4694 -0.7177 0.5143
vn 0.7483 -0.6195 -0.2372
vn 0.6642 -0.6879 0.2926
vn 0.1138 -0.6299 0.7683
vn -0.5020 0.8237 -0.2637
vn -0.8268 0.1104 0.5515
vn -0.8243 -0.0586 0.5631
vn -0.9475 -0.2552 0.1928
vn -0.3736 -0.8586 0.3510
vn -0.3176 -0.9482 -0.0036
vn -0.4148 -0.8291 -0.3749
vn -0.2766 -0.4874 -0.8282
vn -0.0806 -0.2371 0.9681
vn -0.0534 -0.5763 0.8155
vn -0.7517 -0.2104 0.6250
vn -0.8911 0.4114 0.1915
vn -0.4069 0.8180 0.4067
vn -0.2365 0.8960 0.3758
vn 0.2478 0.8032 0.5418
vn 0.5674 0.7844 0.2505
vn -0.6858 0.7216 0.0942
vn -0.6977 0.6025 0.3877
vn -0.4257 0.7874 0.4458
vn -0.6047 0.7688 0.2079
vn -0.6885 0.7241 -0.0400
vn -0.7372 0.6756 -0.0034
vn -0.4718 0.8815 0.0191
vn -0.3690 0.9087 -0.1954
vn -0.4057 0.8573 0.3170
vn -0.5552 0.8074 0.1996
vn -0.3379 0.9032 0.2648
vn -0.1107 0.9569 0.2685
vn -0.3493 0.7498 0.5619
vn -0.3439 0.7922 0.5041
vn -0.6977 0.6640 0.2688
vn -0.5145 0.5640 0.6459
vn -0.2557 0.7638 0.5927
vn 0.4788 -0.5441 -0.6890
vn -0.1456 0.1771 -0.9734
vn -0.1853 0.4156 -0.8905
vn -0.8733 0.4615 -0.1558
vn -0.7627 0.6238 -0.1706
vn -0.9075 0.2969 0.2972
vn -0.7481 0.2456 0.6165
vn -0.6952 -0.0909 0.7131
vn -0.3058 0.7103 0.6340
vn -0.6062 0.3991 0.6879
vn -0.2456 0.7159 0.6535
vn -0.5326 0.3384 0.7758
vn -0.1631 0.1866 0.9688
vn 0.1660 0.5512 0.8177
vn 0.8832 -0.1870 0.4301
vn 0.7998 0.5414 0.2592
vn 0.9874 -0.0579 0.1474
vn 0.7634 0.6073 -0.2200
vn 0.7486 0.0234 -0.6626
vn 0.9628 -0.1687 -0.2111
vn 0.7935 0.1338 -0.5937
vn 0.5599 -0.7019 -0.4402
vn 0.8093 0.5871 0.0178
vn 0.4531 0.0444 -0.8904
vn -0.7749 -0.0022 0.6321
vn -0.4967 -0.0106 0.8679
vn -0.7014 -0.6622 0.2639
vn -0.6251 -0.5908 0.5101
vn -0.2263 -0.5601 0.7970
vn 0.9889 0.1413 0.0466
vn 0.9848 0.1732 0.0086
vn 0.8580 0.4843 -0.1715
vn 0.5576 0.3239 0.7643
vn 0.8557 0.0964 0.5084
vn -0.9796 -0.1935 -0.0536
vn -0.5975 -0.7294 0.3332
vn -0.1762 -0.8136 -0.5541
vn -0.6721 -0.7123 -0.2021
vn -0.7015 -0.7001 -0.1331
vn -0.8919 -0.4171 0.1746
vn -0.9916 0.1001 0.0822
vn 0.5330 0.6990 0.4767
vn 0.5121 0.5853 0.6286
vn 0.1050 0.3718 0.9224
vn 0.1520 0.4267 0.8915
vn -0.2170 0.1616 0.9627
vn -0.1572 0.1713 0.9726
vn -0.8044 -0.5667 0.1786
vn 0.9313 -0.2051 0.3008
vn 0.1768 0.0962 0.9795
vn 0.2453 0.0947 0.9648
vn 0.1499 0.1341 -0.9796
vn 0.0778 0.1409 -0.9870
vn 0.1461 0.1645 -0.9755
vn 0.2986 0.1963 -0.9340
vn 0.3491 -0.0477 -0.9359
vn -0.3511 -0.2045 0.9137
vn -0.8318 -0.0149 0.5549
vn -0.4118 -0.0140 0.9112
vn -0.5741 0.3062 0.7594
vn -0.2685 -0.4711 -0.8402
vn 0.2479 -0.1760 -0.9527
vn -0.0014 0.0200 -0.9998
vn -0.6937 0.3639 0.6216
vn -0.4173 0.4263 0.8026
vn 0.0746 0.4280 0.9007
vn 0.2257 0.3055 0.9251
vn 0.4997 0.3949 0.7709
vn -0.4753 0.1704 -0.8631
vn -0.1901 0.5624 -0.8048
vn 0.3300 0.1432 -0.9330
vn 0.7833 0.0525 -0.6195
vn -0.0632 -0.2589 -0.9638
vn -0.1606 -0.3817 -0.9102
vn -0.1364 -0.4885 -0.8618
vn -0.5497 -0.6553 -0.5181
vn 0.8079 0.5872 -0.0501
vn 0.7907 0.6115 -0.0299
vn 0.8272 0.5611 -0.0297
vn 0.7737 0.6234 0.1128
vn 0.4044 0.6251 0.6676
vn -0.0397 0.4863 0.8729
vn 0.9244 -0.3304 -0.1907
vn 0.2709 -0.7734 -0.5731
vn 0.4969 -0.6331 -0.5936
vn 0.1529 -0.8971 -0.4145
vn 0.2057 -0.4780 -0.8540
vn -0.2244 -0.8034 -0.5516
vn -0.6031 -0.7361 -0.3072
vn 0.9531 0.3019 0.0230
vn 0.8904 0.4096 0.1986
vn 0.9361 -0.1410 0.3222
vn -0.0428 -0.5715 -0.8195
vn -0.0510 -0.5364 -0.8424
vn 0.7968 -0.6004 0.0683
vn 0.8073 -0.4978 -0.3170
vn -0.8959 -0.1412 -0.4211
vn -0.7371 -0.0272 -0.6752
vn -0.2750 -0.5457 0.7915
vn 0.7186 -0.6892 -0.0926
vn 0.3971 -0.7536 0.5239
vn -0.0692 -0.6225 -0.7796
vn -0.1489 -0.8301 -0.5374
vn 0.4529 -0.0101 -0.8915
vn 0.4306 -0.8331 -0.3472
vn 0.4268 -0.5089 -0.7476
vn -0.1644 -0.8650 -0.4740
vn -0.4562 -0.4050 -0.7924
vn -0.6343 -0.5335 -0.5595
vn -0.4879 -0.4895 -0.7227
vn -0.2420 -0.7643 -0.5978
vn -0.2618 -0.5782 -0.7728
vn 0.3784 0.2692 0.8856
vn 0.8428 -0.5352 0.0562
vn 0.4803 -0.8722 -0.0929
vn 0.4906 -0.8649 0.1062
vn 0.3590 -0.2944 -0.8857
vn 0.5822 -0.3886 -0.7141
vn 0.5345 -0.5005 -0.6810
vn 0.4181 -0.7509 -0.5112
vn 0.4895 -0.5470 -0.6791
vn 0.2095 -0.8412 -0.4985
vn 0.4785 -0.8773 0.0379
vn -0.4819 -0.6322 -0.6067
vn -0.5014 -0.4556 -0.7355
vn -0.1152 0.1856 -0.9759
vn 0.0667 -0.0093 -0.9977
vn -0.7717 -0.5200 0.3662
vn -0.9127 -0.3789 -0.1528
vn -0.9024 0.3748 0.2128
vn 0.9830 -0.1758 0.0526
vn 0.9500 -0.2948 -0.1031
vn 0.3481 -0.6594 -0.6664
vn 0.4799 -0.5087 -0.7148
vn 0.6533 -0.3661 -0.6627
vn 0.4796 -0.8524 0.2081
vn -0.5633 -0.3317 -0.7568
vn -0.5293 -0.1357 -0.8375
vn 0.4399 -0.2117 -0.8727
vn 0.6566 -0.2084 -0.7249
vn 0.4520 -0.1352 -0.8817
vn 0.6474 0.5295 -0.5482
vn 0.6289 0.3173 -0.7098
vn 0.6784 0.3088 -0.6666
vn 0.0561 0.7185 -0.6933
vn 0.6367 -0.3228 -0.7003
vn -0.9942 -0.0437 -0.0978
vn 0.8938 -0.4485 0.0021
vn 0.6581 -0.6334 0.4070
vn -0.9899 -0.0936 -0.1069
vn -0.4556 -0.6955 -0.5557
vn -0.0322 -0.1978 -0.9797
vn -0.4773 -0.6971 -0.5350
vn 0.0583 -0.2017 -0.9777
vn -0.0445 -0.8479 -0.5283
vn -0.5204 -0.7290 -0.4447
vn 0.6001 0.3987 -0.6935
vn 0.5271 0.4527 -0.7192
vn 0.6038 0.7477 0.2762
vn -0.8792 0.3643 -0.3071
vn -0.8569 0.3206 0.4036
vn 0.2183 -0.7469 0.6281
vn -0.1639 0.4077 0.8983
vn -0.6470 0.7347 0.2040
vn -0.2189 0.1243 -0.9678
vn -0.1319 0.0909 -0.9871
vn 0.4379 -0.0646 -0.8967
vn 0.9153 -0.1541 -0.3722
vn -0.6963 -0.1617 -0.6993
vn -0.7148 -0.0044 -0.6993
vn -0.6734 0.1894 -0.7146
vn 0.6926 -0.0311 0.7206
vn 0.6038 -0.7744 0.1890
vn 0.5164 -0.8542 -0.0603
vn -0.7442 0.5531 -0.3745
vn -0.7586 0.5470 -0.3539
vn -0.3608 -0.6997 -0.6167
vn 0.4700 -0.8808 0.0576
vn 0.1549 -0.8547 -0.4955
vn 0.6635 -0.7414 -0.1005
vn -0.6172 -0.1990 -0.7613
vn -0.6684 -0.1942 -0.7180
vn 0.4333 0.3624 0.8252
vn 0.4023 0.6896 0.6022
vn -0.0329 0.9892 0.1430
vn -0.4101 -0.5735 0.7092
vn 0.4458 0.1386 0.8843
vn -0.4165 0.8517 -0.3181
vn 0.8340 0.1491 0.5312
vn 0.1021 0.0948 0.9903
vn 0.0355 -0.6696 0.7419
vn -0.0342 -0.6682 0.7432
vn -0.0877 -0.6696 0.7375
vn -0.9043 0.0777 0.4198
vn -0.2372 -0.6467 -0.7249
vn -0.7963 0.0813 -0.5994
vn -0.6054 -0.6847 -0.4058
vn -0.9101 0.0696 -0.4086
vn -0.9559 0.0509 -0.2892
vn -0.7006 -0.6939 -0.1662
vn -0.9816 0.0451 -0.1856
vn -0.7126 -0.6950 -0.0959
vn -0.9805 0.0607 0.1870
vn -0.5761 0.0714 0.8143
vn 0.6034 0.1134 -0.7893
vn 0.6938 -0.6995 -0.1713
vn 0.9573 -0.0016 -0.2891
vn 0.9940 0.0018 -0.1094
vn 0.7114 -0.7012 0.0472
vn 0.6630 -0.6279 0.4077
vn 0.8713 0.0179 0.4905
vn 0.8628 0.3207 -0.3907
vn 0.9831 0.0355 -0.1798
vn 0.9076 -0.0233 0.4192
vn -0.3106 -0.6111 0.7281
vn 0.0624 -0.7293 -0.6814
vn 0.1864 -0.7296 -0.6580
vn 0.1724 -0.6581 0.7329
vn 0.2857 -0.7243 -0.6275
vn 0.6302 -0.6144 0.4748
vn 0.7097 -0.7032 -0.0426
vn -0.6719 -0.6964 -0.2522
vn 0.7033 -0.7005 0.1210
vn -0.7616 -0.6231 0.1780
vn -0.3054 0.5520 -0.7759
vn -0.8994 0.2142 -0.3811
vn -0.7782 -0.1323 -0.6139
vn 0.5085 0.0152 -0.8609
vn 0.3970 -0.3610 -0.8438
vn 0.5863 -0.8082 0.0546
vn 0.1662 -0.1634 -0.9724
vn 0.3083 0.2674 -0.9129
vn -0.4410 0.8095 -0.3876
vn -0.7576 0.5495 -0.3522
vn -0.8552 0.0903 -0.5103
vn 0.4318 -0.8879 0.1584
vn 0.9266 0.2283 -0.2989
vn 0.8714 -0.0398 0.4889
vn 0.9400 -0.3017 -0.1590
vn -0.6312 -0.4305 0.6451
vn -0.8790 -0.0149 0.4765
vn -0.9371 0.2162 -0.2739
vn -0.9308 0.3075 0.1976
vn 0.2643 0.9585 -0.1070
vn 0.7778 0.3778 -0.5022
vn -0.6813 0.4731 -0.5586
vn -0.7877 0.5749 0.2214
vn -0.3220 0.3449 -0.8817
vn -0.7618 0.5568 0.3311
vn 0.9626 0.2706 0.0158
vn 0.9763 0.1181 -0.1815
vn -0.5880 0.3230 -0.7415
vn 0.9748 -0.2216 0.0268
vn 0.6903 -0.0119 0.7235
vn 0.6978 0.2787 0.6598
vn 0.6159 -0.7801 -0.1096
vn 0.3653 -0.8373 0.4068
vn -0.4721 -0.0753 0.8783
vn -0.5408 -0.3411 0.7689
vn -0.3407 -0.2209 0.9139
vn 0.5739 0.4451 -0.6874
vn -0.0241 0.4527 -0.8914
vn 0.7643 0.1005 -0.6369
vn 0.7542 -0.2718 -0.5977
vn -0.0809 -0.2700 -0.9594
vn -0.8152 0.3358 -0.4718
vn 0.1292 0.9908 0.0412
vn 0.9705 0.2296 0.0741
vn 0.1108 0.4396 -0.8913
vn 0.5119 0.8573 -0.0542
vn -0.7179 0.6961 0.0100
vn 0.4217 0.6822 -0.5972
vn 0.3572 0.6683 0.6525
vn 0.8932 -0.1550 -0.4221
vn 0.6550 -0.7468 -0.1152
vn -0.7496 -0.3515 -0.5609
vn -0.7462 0.3268 0.5800
vn -0.7172 -0.2832 -0.6367
vn 0.8710 -0.4912 -0.0089
vn -0.5460 0.6615 -0.5141
vn -0.8237 0.0158 0.5667
vn -0.7751 -0.4238 -0.4687
vn 0.9842 0.0600 0.1667
vn 0.9187 -0.2418 0.3122
vn 0.7615 -0.2103 -0.6131
vn 0.2183 0.9689 -0.1162
vn 0.5922 -0.5856 -0.5536
vn 0.6534 -0.1767 -0.7361
vn 0.9986 -0.0176 0.0505
vn 0.9823 -0.1705 0.0771
vn 0.4248 -0.0482 0.9040
vn 0.3848 -0.0875 0.9188
vn -0.4100 -0.7220 0.5573
vn 0.0703 0.4257 0.9021
vn 0.9510 0.2367 -0.1987
vn -0.6836 0.6760 -0.2751
vn 0.1716 0.6252 0.7614
vn -0.8553 -0.0957 -0.5091
vn 0.6250 -0.4484 0.6390
vn -0.3205 0.1077 0.9411
vn 0.3838 0.1983 0.9019
vn -0.3224 0.1682 0.9316
vn -0.3702 -0.1058 0.9229
vn 0.1212 0.2044 -0.9713
vn 0.7449 0.1302 -0.6544
vn -0.9802 -0.1931 -0.0435
vn 0.7050 -0.6722 0.2260
vn -0.5254 -0.4417 -0.7272
vn 0.8409 0.5125 -0.1739
vn -0.6923 0.6814 -0.2374
vn -0.9580 0.2856 0.0237
vn -0.9979 0.0611 0.0228
vn -0.9576 -0.1724 -0.2307
vn 0.8725 0.3119 -0.3761
vn -0.0751 0.3932 0.9164
vn -0.5336 -0.1341 -0.8350
vn 0.6638 -0.5732 -0.4805
vn -0.6949 -0.3750 -0.6136
vn 0.6396 -0.7240 -0.2584
vn 0.0154 -0.5277 -0.8493
vn 0.1887 0.0951 0.9774
vn 0.9334 0.3346 0.1298
vn 0.3491 0.2898 0.8912
vn 0.9756 0.2176 -0.0284
vn 0.0029 0.4447 -0.8957
vn -0.2800 0.7899 0.5456
vn -0.8329 0.5493 -0.0671
vn 0.1495 0.5721 -0.8065
vn -0.8885 0.4582 0.0262
vn 0.7521 0.1503 0.6417
vn 0.2139 0.8575 0.4680
vn 0.4840 0.3480 0.8029
vn -0.6440 0.7650 -0.0078
vn 0.3279 0.2618 0.9077
vn 0.5583 0.2380 -0.7948
vn -0.5197 0.8409 -0.1508
vn 0.5640 0.7931 0.2297
vn -0.8695 -0.2794 0.4072
vn 0.8216 -0.5700 0.0085
vn 0.7814 -0.6239 0.0121
vn 0.7004 -0.7138 -0.0017
vn 0.7963 0.4008 -0.4531
vn 0.8218 0.3700 -0.4334
vn 0.1659 0.9674 -0.1916
vn 0.8818 0.1909 0.4312
vn 0.1586 0.1508 0.9757
vn 0.8334 0.2645 0.4852
vn -0.5531 0.5469 0.6285
vn -0.8261 0.1883 -0.5311
vn -0.6759 0.4391 -0.5919
vn -0.7357 0.0875 -0.6716
vn -0.5791 0.5733 -0.5797
vn -0.7230 -0.4077 -0.5577
vn 0.1642 -0.4289 -0.8883
vn 0.2329 -0.2975 0.9259
vn 0.0068 -0.4316 0.9020
vn -0.8360 0.1899 0.5149
vn -0.9527 -0.2305 0.1979
vn 0.6535 0.2692 -0.7074
vn -0.1719 0.9505 -0.2588
vn -0.6113 0.7912 0.0192
vn -0.1984 -0.2684 0.9426
vn 0.7005 -0.2560 0.6662
vn 0.9014 0.4229 -0.0927
vn 0.5361 0.7200 -0.4406
vn -0.2063 0.6334 0.7458
vn 0.1977 0.6920 -0.6943
vn 0.0584 0.0780 -0.9952
vn -0.5941 0.6699 -0.4452
vn -0.7465 -0.6018 -0.2839
vn 0.7622 0.1381 -0.6324
vn 0.8573 0.0563 0.5118
vn 0.7023 0.1285 -0.7002
vn -0.0724 -0.5250 0.8480
vn -0.9953 -0.0961 -0.0112
vn -0.7656 -0.0960 0.6362
vn -0.9844 -0.1699 -0.0448
vn 0.4455 0.3738 -0.8135
vn 0.8030 0.3712 -0.4663
vn 0.7549 -0.0701 -0.6520
vn -0.1987 0.5628 -0.8024
vn 0.8837 0.1133 -0.4541
vn 0.2410 0.9696 0.0435
vn 0.1162 0.3543 0.9279
vn -0.8026 -0.5104 -0.3086
vn -0.6823 -0.5304 -0.5032
vn 0.7351 0.5833 -0.3456
vn 0.6672 0.5624 -0.4884
vn 0.5597 0.4573 -0.6911
vn 0.3433 0.4178 -0.8412
vn 0.4512 0.7349 -0.5064
vn 0.1998 0.5114 -0.8358
vn 0.4802 0.7914 -0.3782
vn 0.5398 0.6171 -0.5725
vn -0.6580 0.7481 -0.0863
vn -0.6878 0.6965 0.2046
vn -0.5926 0.6923 0.4117
vn -0.5551 0.7790 0.2916
vn -0.6447 0.7461 0.1665
vn -0.4202 0.8980 0.1305
vn 0.2033 0.4497 0.8697
vn 0.5873 0.4039 0.7013
vn 0.8683 0.4728 0.1499
vn 0.9853 0.0898 0.1453
vn 0.9897 0.0929 0.1086
vn 0.9854 -0.0588 0.1598
vn 0.9794 0.1987 -0.0352
vn 0.5086 0.7683 -0.3886
vn 0.4730 0.7283 -0.4959
vn 0.3686 0.8751 -0.3135
vn 0.4480 0.8349 -0.3197
vn 0.7069 0.7073 0.0041
vn 0.6973 0.7145 -0.0571
vn 0.4977 0.7316 -0.4659
vn 0.3249 0.3546 -0.8767
vn 0.4812 0.3522 0.8028
vn 0.7720 0.3228 0.5475
vn 0.5506 0.4184 0.7223
vn 0.2323 0.4457 0.8645
vn -0.7578 0.6516 0.0342
vn -0.7241 0.6877 0.0515
vn 0.5725 0.0288 -0.8194
vn 0.1952 0.6935 -0.6935
vn -0.0496 0.3724 -0.9267
vn 0.9521 0.2837 -0.1139
vn 0.9972 0.0455 -0.0594
vn 0.9614 0.0450 -0.2714
vn 0.5864 0.7152 -0.3802
vn 0.5998 0.6336 0.4886
vn 0.3293 0.8103 -0.4848
vn 0.7333 -0.0654 -0.6767
vn 0.7739 -0.0885 -0.6271
vn -0.1143 0.0232 -0.9932
vn -0.3289 0.2397 -0.9134
vn -0.4416 0.8869 0.1354
vn -0.1018 0.9809 -0.1658
vn -0.8629 0.4709 -0.1834
vn 0.9366 0.3496 0.0238
vn 0.6959 0.5551 0.4556
vn 0.9127 0.2317 0.3366
vn 0.8887 0.4260 0.1697
vn 0.9358 0.2226 0.2733
vn 0.0679 -0.1836 -0.9807
vn 0.1894 0.0019 -0.9819
vn 0.5205 0.0373 -0.8530
vn 0.1514 0.1220 -0.9809
vn 0.3494 0.7029 -0.6196
vn -0.9622 0.1748 -0.2090
vn -0.6860 0.4291 -0.5876
vn -0.6226 0.4252 -0.6570
vn -0.2281 0.5220 -0.8219
vn -0.1066 0.7074 -0.6987
vn 0.3695 0.7638 -0.5292
vn -0.1530 0.7733 -0.6153
vn -0.2670 0.1146 -0.9569
vn 0.7320 0.5253 -0.4340
vn -0.1893 -0.1934 -0.9627
vn -0.8129 0.2332 -0.5336
vn -0.1727 -0.6703 -0.7218
vn 0.1321 -0.0158 -0.9911
vn 0.1187 -0.7291 -0.6740
vn 0.3011 -0.0257 -0.9532
vn 0.4383 -0.0268 -0.8985
vn 0.6745 -0.6500 -0.3501
vn 0.6242 -0.1345 -0.7696
vn -0.4466 -0.5186 -0.7291
vn 0.5430 -0.2983 0.7850
vn 0.5060 0.6929 0.5137
vn 0.1337 -0.7633 0.6321
vn -0.7131 -0.6430 0.2794
vn -0.7137 -0.6277 0.3109
vn -0.7620 -0.5493 -0.3429
vn -0.1070 0.1391 -0.9845
vn 0.9188 0.3541 -0.1744
vn 0.7029 0.6686 -0.2427
vn 0.6761 0.7360 0.0359
vn 0.5022 0.8623 0.0649
vn 0.6143 -0.3086 0.7262
vn 0.7471 -0.6063 0.2726
vn 0.8158 0.2570 0.5181
vn 0.1306 -0.5178 0.8455
vn 0.4431 -0.7055 0.5531
vn 0.7814 -0.5316 -0.3268
vn 0.4573 -0.7938 -0.4009
vn 0.1016 0.8560 -0.5068
vn -0.7534 0.2732 -0.5982
vn 0.5581 0.4617 -0.6895
vn 0.7270 -0.2272 -0.6480
vn 0.5447 -0.8373 -0.0470
vn 0.6922 0.4869 -0.5327
vn 0.7381 -0.6327 0.2342
vn -0.5162 -0.8556 -0.0395
vn -0.5154 -0.4724 -0.7150
vn -0.1859 0.2095 -0.9600
vn 0.2110 -0.0688 -0.9751
vn -0.7680 -0.6011 -0.2210
vn -0.4979 -0.8454 0.1932
vn 0.0149 -0.3440 0.9388
vn 0.3134 -0.0893 0.9454
vn -0.4641 -0.5268 -0.7121
vn -0.9835 -0.0296 -0.1787
vn -0.0452 0.1628 -0.9856
vn 0.1634 0.8448 -0.5096
vn -0.7228 0.3347 -0.6046
vn 0.4511 0.6021 -0.6588
vn 0.5592 -0.8208 -0.1168
vn 0.2441 -0.9288 0.2789
vn 0.9036 0.1592 0.3977
vn 0.7790 -0.3255 0.5360
vn 0.8277 0.2257 0.5138
vn 0.9582 0.2350 -0.1632
vn 0.9709 -0.2396 -0.0015
vn -0.0831 -0.9870 0.1373
vn 0.4959 -0.8618 0.1067
vn 0.7893 -0.3797 0.4825
vn 0.8565 -0.5120 -0.0652
vn 0.8425 -0.5355 -0.0578
vn 0.4488 -0.7187 0.5311
vn 0.6222 -0.7821 -0.0341
vn -0.4586 -0.8885 -0.0144
vn -0.1948 -0.9744 0.1121
vn -0.6896 -0.6945 0.2054
vn -0.9499 -0.0365 -0.3103
vn -0.2259 -0.9710 -0.0779
vn -0.4548 -0.2473 -0.8556
vn -0.3607 -0.2230 -0.9056
vn -0.1799 -0.7345 0.6543
vn -0.3247 -0.6362 0.6999
vn 0.0873 -0.3836 0.9194
vn 0.3430 -0.4119 0.8442
vn 0.3651 -0.3791 0.8503
vn -0.1984 -0.4263 -0.8826
vn -0.6235 -0.0658 -0.7790
vn 0.2995 0.7258 0.6192
vn -0.4937 0.0786 0.8661
vn 0.3502 -0.2057 0.9138
vn 0.6392 -0.0788 0.7650
vn 0.8469 -0.5063 0.1627
vn 0.6229 -0.1973 -0.7570
vn 0.5464 -0.7645 0.3420
vn 0.5245 -0.5330 -0.6639
vn -0.4111 -0.7683 -0.4906
vn 0.6468 -0.7325 0.2126
vn 0.7308 -0.6569 -0.1852
vn 0.7562 -0.6334 -0.1644
vn 0.9639 -0.1416 -0.2254
vn -0.6927 -0.0483 -0.7196
vn -0.8744 -0.0253 -0.4846
vn 0.5639 -0.5404 -0.6245
vn 0.1811 -0.0444 -0.9825
vn 0.4221 -0.1215 -0.8984
vn 0.0450 -0.2513 -0.9669
vn -0.5005 -0.4425 -0.7441
vn -0.6998 -0.6174 0.3593
vn -0.6537 -0.6462 -0.3938
vn -0.1615 -0.7678 -0.6200
vn 0.6962 -0.0404 -0.7167
vn 0.8727 -0.1483 -0.4653
vn 0.8457 -0.4942 -0.2015
vn 0.7827 -0.1572 -0.6023
vn -0.3156 -0.0556 -0.9473
vn -0.5786 -0.2433 -0.7785
vn -0.3147 0.0427 -0.9482
vn -0.4585 0.0631 -0.8865
vn -0.6229 -0.0711 -0.7791
vn -0.4365 -0.0986 -0.8943
vn -0.9462 -0.1175 -0.3014
vn -0.5546 0.0499 -0.8306
vn -0.6780 0.1550 -0.7185
vn -0.2545 0.0192 -0.9669
vn -0.3675 0.0130 -0.9299
vn -0.3357 0.1153 -0.9349
vn -0.2896 0.0547 -0.9556
vn 0.4554 -0.1534 -0.8770
vn 0.4525 -0.0993 -0.8862
vn 0.2490 -0.0964 -0.9637
vn 0.1368 -0.1759 -0.9749
vn -0.3028 -0.0015 -0.9531
vn -0.4402 0.1495 -0.8854
vn 0.4521 -0.1899 -0.8715
vn 0.5224 0.0735 -0.8495
vn 0.6236 -0.0652 -0.7790
vn -0.8291 -0.2009 -0.5218
vn 0.7459 -0.3825 -0.5453
vn 0.2994 -0.2472 -0.9216
vn 0.1979 -0.2981 -0.9338
vn -0.7998 -0.3715 -0.4715
vn -0.6764 -0.7321 0.0807
vn -0.9741 -0.0688 -0.2155
vn -0.9759 -0.2164 -0.0270
vn -0.8745 0.0890 -0.4768
vn -0.8070 -0.0865 -0.5842
vn -0.9279 -0.0401 -0.3706
vn -0.4617 -0.1300 -0.8775
vn -0.2683 -0.1940 -0.9436
vn -0.1135 -0.2309 -0.9663
vn 0.0018 -0.1473 -0.9891
vn 0.3412 -0.3254 -0.8819
vn 0.5042 -0.2905 -0.8133
vn 0.8610 -0.4817 -0.1633
vn -0.2620 0.2499 -0.9321
vn 0.8409 -0.3858 -0.3796
vn 0.7574 -0.3397 -0.5576
vn 0.4667 -0.2456 -0.8496
vn -0.3629 -0.0741 -0.9289
vn -0.5040 -0.0687 -0.8609
vn -0.1134 0.1237 -0.9858
vn -0.2949 -0.9404 0.1693
vn -0.4102 -0.9119 0.0118
vn -0.1170 -0.9758 0.1847
vn 0.0492 -0.9970 0.0606
vn -0.1635 -0.9825 -0.0889
vn -0.0205 -0.9466 -0.3219
vn 0.1160 -0.9824 -0.1467
vn -0.2387 -0.9097 -0.3398
vn -0.3989 -0.8965 -0.1929
vn -0.9220 0.3710 -0.1107
vn -0.6177 0.1118 -0.7784
vn -0.9528 0.1989 -0.2293
vn 0.9536 -0.2317 0.1921
vn -0.7848 0.4151 0.4601
vn -0.6916 0.5157 0.5057
vn -0.7329 0.4775 0.4846
vn -0.6339 0.5303 0.5630
vn 0.3311 -0.9048 0.2677
vn -0.4476 0.5732 0.6864
vn -0.2382 0.4768 0.8461
vn 0.3957 0.5235 0.7545
vn 0.3305 0.5135 0.7919
vn 0.5562 0.4157 0.7196
vn 0.8001 0.2591 0.5410
vn 0.7991 0.2479 0.5477
vn 0.3477 0.5341 0.7706
vn 0.3336 0.5143 0.7901
vn 0.4010 0.5270 0.7493
vn 0.5156 0.5047 0.6924
vn 0.6997 0.3754 0.6078
vn -0.6830 0.5408 0.4911
vn -0.5935 0.5523 0.5854
vn -0.3778 0.6098 0.6967
vn -0.3010 0.6195 0.7250
vn 0.7992 0.3022 0.5195
vn -0.2486 0.4751 0.8441
vn -0.2556 0.5546 0.7919
vn -0.2842 0.6045 0.7442
vn 0.7309 0.3043 0.6109
vn -0.5730 -0.0103 -0.8195
vn -0.4476 -0.1783 -0.8763
vn 0.3001 0.2589 -0.9181
vn 0.4804 -0.2887 -0.8282
vn 0.4981 -0.3774 -0.7807
vn 0.5572 -0.8217 -0.1198
vn 0.3478 -0.8567 0.3808
vn 0.3969 -0.3509 -0.8481
vn 0.5856 -0.1716 -0.7922
vn 0.5526 0.1252 -0.8240
vn 0.0557 0.3056 -0.9505
vn -0.8252 -0.5357 -0.1791
vn -0.2599 0.3610 -0.8956
vn -0.0775 0.3077 -0.9483
vn -0.6543 -0.7279 0.2050
vn -0.4554 -0.6660 0.5908
vn 0.0710 -0.3565 0.9316
vn 0.6635 -0.3061 0.6827
vn 0.9235 -0.3517 0.1533
vn -0.8250 0.3493 0.4442
vn 0.7440 -0.0626 0.6653
vn -0.2711 -0.0758 -0.9596
vn -0.1468 0.2806 -0.9485
vn 0.1950 0.2111 0.9578
vn 0.5194 -0.8108 0.2700
vn 0.0291 -0.6739 0.7383
vn 0.3979 -0.7781 0.4861
vn 0.2215 -0.6277 -0.7463
vn -0.4785 0.2496 0.8418
vn -0.4746 0.4081 0.7799
vn 0.8840 -0.2988 -0.3596
vn 0.9083 -0.2247 -0.3529
vn 0.6009 -0.7339 -0.3168
vn 0.2105 -0.2792 0.9369
vn -0.5354 -0.1121 0.8371
vn -0.8654 -0.0356 -0.4998
vn -0.2425 -0.0990 -0.9651
vn 0.7934 -0.4139 0.4463
vn -0.9669 -0.0074 0.2551
vn -0.8589 -0.0116 -0.5120
vn -0.8866 -0.4358 0.1551
vn 0.4138 -0.2410 -0.8779
vn 0.8570 -0.3980 -0.3274
vn 0.5493 -0.7777 -0.3055
vn -0.7833 -0.4716 -0.4050
vn 0.2124 -0.6556 -0.7246
vn 0.1976 -0.2743 0.9411
vn -0.5287 -0.1123 0.8413
vn -0.2306 -0.1033 -0.9676
vn 0.4327 -0.2229 -0.8736
vn 0.6486 0.6734 -0.3547
vn 0.6427 0.4380 -0.6285
vn 0.5314 -0.5754 -0.6217
vn -0.8669 -0.4875 -0.1038
vn -0.1523 -0.9805 -0.1245
vn 0.3465 -0.0423 -0.9371
vn -0.4876 -0.8719 0.0453
vn 0.8004 -0.5576 -0.2200
vn 0.9407 0.3064 -0.1454
vn 0.2051 -0.9734 0.1019
vn 0.2066 0.4314 -0.8782
vn -0.5448 0.7631 0.3476
vn -0.3824 0.5965 -0.7057
vn -0.3471 0.8275 -0.4414
vn -0.4590 0.2543 -0.8512
vn -0.4608 -0.1579 -0.8734
vn 0.9721 0.0376 0.2316
vn 0.0410 0.3331 -0.9420
vn -0.4199 -0.1007 -0.9020
vn 0.0277 -0.9975 -0.0656
vn -0.9249 0.3218 0.2026
vn 0.5520 -0.2868 -0.7830
vn 0.8678 -0.1663 0.4682
vn 0.7919 -0.4101 0.4525
vn -0.4847 0.2104 0.8490
vn -0.9584 -0.0247 0.2842
vn -0.9387 0.2050 0.2771
vn -0.1493 0.3777 -0.9138
vn 0.5069 0.7536 0.4185
vn 0.8616 -0.3831 -0.3330
vn 0.7074 0.0831 -0.7019
vn -0.7190 0.6701 -0.1844
vn -0.5402 -0.4603 -0.7045
vn -0.2181 -0.6068 -0.7644
vn -0.2980 -0.7119 -0.6359
vn -0.2368 -0.4848 -0.8420
vn -0.2194 -0.5329 -0.8172
vn -0.1072 0.5879 0.8018
vn -0.0590 0.6928 0.7188
vn -0.1366 0.4458 0.8846
vn -0.3182 0.0557 0.9464
vn -0.2383 0.0766 0.9682
vn -0.5720 -0.2359 0.7856
vn -0.7149 -0.5128 0.4753
vn -0.6962 -0.3797 0.6091
vn -0.8099 -0.5788 0.0948
vn -0.9477 -0.3101 0.0750
vn -0.6898 -0.5075 0.5163
vn -0.8185 -0.2010 0.5382
vn 0.7979 -0.0021 0.6027
vn 0.9196 -0.2171 0.3275
vn 0.4635 -0.8715 -0.1599
vn 0.9494 -0.2280 0.2161
vn 0.9329 -0.3032 0.1943
vn 0.6613 -0.5428 0.5177
vn 0.4000 -0.4461 0.8006
vn -0.1175 0.8542 -0.5065
vn -0.1002 0.8728 -0.4776
vn 0.5511 0.7379 -0.3896
vn 0.5041 0.7842 -0.3618
vn 0.9009 0.4318 -0.0436
vn -0.9782 0.2056 0.0302
vn -0.1026 0.1710 -0.9799
vn 0.1281 -0.1611 -0.9786
vn 0.4297 -0.2067 -0.8790
vn -0.3935 0.3882 0.8333
vn 0.1726 0.2268 0.9585
vn -0.4765 0.3260 0.8165
vn -0.7280 0.3788 -0.5713
vn 0.4474 -0.0482 -0.8931
vn -0.0986 0.2420 0.9652
vn 0.2183 0.4241 0.8789
vn 0.4327 0.3911 0.8123
vn 0.8359 0.5408 -0.0938
vn 0.9422 0.3172 -0.1082
vn 0.7878 -0.1270 -0.6027
vn -0.8277 0.1201 0.5482
vn -0.9845 -0.1072 0.1387
vn -0.7273 -0.2167 0.6512
vn -0.6702 -0.2213 0.7084
vn -0.4867 0.7771 0.3990
vn -0.1779 0.9494 0.2588
vn 0.0525 0.7950 0.6043
vn 0.1687 0.9779 -0.1239
vn 0.3485 0.7233 0.5961
vn 0.1881 0.9479 -0.2570
vn 0.6779 0.6803 0.2786
vn 0.8715 0.4392 -0.2184
vn 0.1304 0.9324 -0.3371
vn 0.7879 0.3046 -0.5353
vn 0.6805 0.4071 -0.6092
vn 0.5760 0.4438 -0.6865
vn 0.3351 0.3040 -0.8918
vn -0.0313 0.4509 -0.8920
vn -0.4539 0.5017 -0.7364
vn -0.1153 0.8395 -0.5311
vn -0.7188 0.6270 -0.3004
vn -0.3479 0.8862 -0.3059
vn 0.1736 0.9074 -0.3827
vn -0.5728 0.7999 0.1791
vn -0.1400 0.9777 -0.1565
vn 0.0384 0.9796 -0.1975
vn -0.3201 0.9424 0.0970
vn 0.0677 0.9619 -0.2648
vn 0.1470 0.9338 -0.3262
vn 0.2081 0.9130 -0.3509
vn 0.1745 0.9240 -0.3402
vn 0.1431 0.9487 -0.2818
vn -0.2137 0.9698 0.1171
vn -0.4937 0.8388 0.2294
vn 0.1334 0.8586 -0.4951
vn 0.1062 0.8863 -0.4508
vn 0.8188 0.4855 -0.3064
vn 0.5834 0.5549 -0.5931
vn 0.8645 0.1074 -0.4910
vn 0.8549 0.2263 -0.4669
vn 0.8724 -0.0601 -0.4851
vn -0.4094 0.1938 -0.8915
vn -0.4158 0.5715 -0.7075
vn -0.4812 0.6403 -0.5987
vn -0.8048 0.5056 -0.3108
vn -0.7567 0.5889 -0.2841
vn 0.9562 0.2006 0.2133
vn 0.9229 0.3318 0.1954
vn 0.8283 0.5524 -0.0935
vn 0.7217 0.6178 0.3122
vn 0.4757 0.8759 0.0803
vn 0.4298 0.8392 0.3331
vn 0.2286 0.9734 0.0136
vn 0.1928 0.9791 0.0644
vn 0.0592 0.9682 0.2431
vn 0.6946 0.4091 -0.5917
vn 0.5297 0.6472 -0.5482
vn 0.3910 0.4430 -0.8068
vn 0.5665 0.2624 -0.7812
vn 0.4228 0.4520 -0.7855
vn -0.3552 0.7318 0.5816
vn -0.2971 0.8709 0.3915
vn -0.7336 0.5514 0.3972
vn -0.6759 0.7067 -0.2092
vn -0.6800 0.6932 0.2389
vn -0.6384 0.7163 0.2817
vn -0.7698 0.6276 0.1160
vn -0.7559 0.5406 0.3693
vn -0.7650 0.6436 0.0241
vn 0.9942 0.0139 0.1062
vn 0.9984 0.0518 0.0227
vn -0.1588 0.8579 -0.4887
vn -0.2662 0.7746 -0.5736
vn -0.0139 0.9624 0.2711
vn -0.1938 0.8779 0.4379
vn 0.2505 0.9627 -0.1024
vn 0.1782 0.8045 -0.5666
vn 0.6372 0.3798 -0.6706
vn -0.0617 0.9963 -0.0593
vn -0.2157 0.4233 -0.8799
vn -0.2548 0.2530 -0.9333
vn 0.1003 0.5389 -0.8364
vn 0.2929 0.3252 -0.8991
vn 0.3284 0.8295 -0.4517
vn 0.6784 0.5207 -0.5184
vn 0.8250 0.3337 -0.4560
vn 0.9232 0.1902 -0.3339
vn 0.9839 0.1069 -0.1429
vn 0.9831 0.1796 0.0344
vn 0.9892 0.1131 -0.0930
vn 0.9943 0.0706 -0.0803
vn 0.1408 0.9226 0.3591
vn -0.7480 0.6636 0.0109
vn -0.8067 0.5027 0.3107
vn 0.7059 0.1665 -0.6884
vn 0.6425 0.3534 -0.6799
vn -0.3976 0.2776 -0.8746
vn -0.3983 0.1892 -0.8975
vn -0.7910 0.6059 -0.0852
vn -0.1127 0.9085 0.4025
vn -0.3335 0.8670 0.3703
vn 0.6959 -0.6202 0.3620
vn 0.2134 0.9693 0.1219
vn -0.9449 0.2664 -0.1903
vn -0.9701 -0.2426 -0.0070
vn -0.9824 -0.1870 -0.0015
vn -0.9399 0.2480 -0.2349
vn -0.9713 0.1618 0.1745
vn -0.9331 0.3531 0.0680
vn -0.8248 0.3448 0.4481
vn -0.8763 0.2154 0.4310
vn -0.8026 0.2569 0.5384
vn -0.9760 0.0933 0.1968
vn -0.7557 0.1931 0.6258
vn -0.4843 0.1316 0.8650
vn 0.8085 0.5879 0.0261
vn 0.7551 0.5408 -0.3707
vn 0.7135 0.6257 -0.3153
vn 0.6189 0.7394 -0.2650
vn 0.6412 0.7346 -0.2217
vn 0.5931 0.7726 -0.2265
vn -0.9044 0.2367 -0.3550
vn -0.6658 0.6227 -0.4112
vn 0.9545 -0.0516 -0.2937
vn 0.5452 -0.1368 -0.8271
vn 0.8160 0.0936 -0.5704
vn 0.7908 0.4379 0.4278
vn 0.7215 0.2320 0.6524
vn -0.8143 0.1687 0.5553
vn -0.5054 0.1693 0.8461
vn -0.7794 -0.0645 0.6231
vn -0.7212 -0.3332 0.6073
vn -0.3371 -0.8605 0.3819
vn 0.0343 -0.7647 0.6435
vn 0.6207 -0.6638 0.4174
vn 0.0229 -0.8534 0.5207
vn 0.6277 -0.6078 0.4864
vn 0.1944 -0.8734 -0.4464
vn 0.6108 -0.7563 0.2344
vn -0.0190 -0.6153 -0.7881
vn 0.0479 -0.3301 0.9427
vn -0.9720 0.0436 -0.2310
vn -0.9352 -0.2653 0.2345
vn -0.6338 -0.6844 0.3604
vn -0.0182 -0.8713 0.4904
vn 0.1210 0.9917 0.0432
vn -0.0461 -0.2483 0.9676
vn -0.8210 -0.1025 0.5616
vn -0.3496 -0.1144 0.9299
vn 0.5300 0.2425 0.8126
vn -0.2746 0.1557 0.9489
vn 0.5895 0.5779 -0.5644
vn 0.2004 0.3860 -0.9005
vn 0.1355 0.4733 -0.8704
vn -0.8314 -0.4880 0.2657
vn -0.4104 -0.3294 -0.8503
vn -0.4794 -0.3038 0.8233
vn -0.3226 -0.8636 0.3875
vn -0.1950 -0.8334 0.5171
vn 0.4710 0.6873 -0.5530
vn 0.8199 0.5707 0.0465
vn 0.3046 0.7727 0.5569
vn -0.1842 0.9717 0.1481
vn -0.9665 -0.0291 -0.2552
vn -0.9571 0.0299 0.2882
vn 0.5753 -0.3287 -0.7490
vn 0.9477 -0.2546 0.1927
vn -0.8877 0.3761 0.2656
vn -0.7382 0.5135 0.4376
vn -0.3834 0.9225 0.0448
vn -0.9787 0.1312 0.1577
vn -0.9461 0.2765 -0.1687
vn -0.8040 0.1975 0.5609
vn -0.7614 0.5905 0.2675
vn -0.8011 0.2727 0.5328
vn -0.7952 0.2306 0.5608
vn -0.6876 0.3237 0.6499
vn -0.4280 0.8924 -0.1428
vn -0.7734 0.3166 0.5492
vn 0.3560 -0.9289 -0.1022
vn 0.3691 -0.7816 -0.5029
vn 0.5797 0.0904 -0.8098
vn 0.4238 -0.8701 -0.2519
vn -0.8801 0.1904 0.4350
vn 0.3456 -0.9193 -0.1884
vn 0.8772 -0.3956 -0.2719
vn 0.6180 -0.7766 -0.1224
vn -0.2286 -0.7431 -0.6289
vn 0.7716 -0.1812 0.6097
vn -0.0066 -0.6603 -0.7510
vn -0.5043 0.6108 0.6104
vn -0.5745 0.7273 0.3755
vn 0.5874 -0.2997 -0.7518
vn 0.6043 0.0689 -0.7938
vn 0.7057 -0.2558 -0.6608
vn -0.5243 0.6110 0.5932
vn 0.9794 -0.1713 -0.1065
vn 0.8417 0.1307 -0.5239
vn 0.4123 -0.7490 -0.5187
vn -0.1143 -0.5791 -0.8072
vn 0.2198 0.9397 0.2619
vn 0.4225 -0.9060 0.0243
vn 0.9120 0.2087 -0.3531
vn 0.5973 0.2772 -0.7526
vn 0.3483 -0.9370 -0.0286
vn 0.7842 -0.2453 -0.5700
vn -0.4406 0.5897 -0.6768
vn -0.4531 0.8652 0.2148
vn -0.6935 0.6136 0.3776
vn -0.5324 0.5793 0.6172
vn -0.6454 0.2913 0.7061
vn -0.8020 0.0956 0.5896
vn -0.7438 0.2671 0.6128
vn -0.4502 0.6669 0.5937
vn -0.6818 0.6960 0.2252
vn 0.2456 -0.9166 -0.3154
vn 0.5677 0.8026 0.1831
vn 0.4942 0.5293 -0.6897
vn -0.1245 0.9747 0.1856
vn 0.1094 0.9876 0.1125
vn -0.3111 0.7247 0.6148
vn -0.7197 0.4813 0.5004
vn -0.4278 0.7106 0.5586
vn -0.7516 0.6069 0.2584
vn -0.5239 0.2180 0.8234
vn -0.7497 0.3240 0.5771
vn -0.6114 -0.0279 -0.7908
vn 0.2499 -0.1409 -0.9580
vn -0.5600 0.2114 0.8011
vn -0.5500 0.3002 0.7793
vn -0.8224 0.1891 0.5366
vn -0.8572 0.1816 0.4819
vn -0.6459 0.1389 0.7507
vn 0.7251 0.0979 -0.6816
vn -0.8860 0.2539 -0.3880
vn -0.8625 0.5045 -0.0400
vn -0.5804 0.7999 0.1529
vn 0.8708 0.1015 -0.4811
vn -0.5698 0.6840 0.4556
vn 0.8088 -0.2799 -0.5172
vn 0.7928 0.1010 -0.6011
vn 0.7790 -0.1938 -0.5963
vn 0.7731 -0.1394 -0.6188
vn -0.6974 0.6912 -0.1895
vn -0.8659 0.4595 -0.1976
vn 0.4456 -0.8019 -0.3979
vn 0.6778 -0.4524 0.5796
vn 0.2147 -0.1080 0.9707
vn -0.8415 -0.3633 -0.3998
vn 0.6780 -0.1674 0.7157
vn -0.9024 0.3783 0.2063
vn -0.0312 -0.2873 0.9573
vn -0.5101 -0.5582 -0.6544
vn -0.0935 0.1644 0.9820
vn 0.5298 0.0773 0.8446
vn -0.7102 -0.3539 -0.6086
vn -0.8847 0.1335 -0.4467
vn 0.8874 -0.3550 -0.2939
vn -0.4652 0.7560 -0.4604
vn -0.5519 -0.4879 -0.6762
vn -0.8664 -0.3197 -0.3836
vn -0.2288 0.8131 0.5353
vn 0.7108 -0.4383 -0.5501
vn 0.2488 0.1804 -0.9516
vn 0.4748 0.3220 0.8191
vn 0.5532 -0.5648 -0.6123
vn 0.7462 -0.6559 -0.1140
vn 0.7523 -0.6507 -0.1032
vn 0.9211 -0.2719 -0.2786
vn 0.4908 -0.8509 -0.1876
vn -0.8479 -0.0440 0.5283
vn -0.5478 0.3434 0.7629
vn 0.4819 -0.7771 -0.4049
vn -0.4005 0.9143 0.0607
vn 0.8563 -0.0806 0.5101
vn -0.4417 -0.8970 -0.0167
vn -0.8510 0.4926 0.1819
vn -0.2192 -0.4644 -0.8581
vn 0.1967 -0.7014 -0.6851
vn -0.0587 -0.5206 0.8518
vn 0.0090 -0.0671 0.9977
vn -0.7226 0.6729 -0.1583
vn -0.1174 0.2991 -0.9470
vn 0.3163 -0.4204 0.8504
vn -0.0734 -0.4931 -0.8669
vn 0.6501 -0.6713 0.3560
vn 0.6830 -0.3664 0.6319
vn -0.3539 0.5339 0.7679
vn -0.8982 -0.0028 0.4396
vn -0.2415 0.2202 0.9451
vn -0.7715 0.1912 -0.6068
vn 0.5394 -0.8394 0.0676
vn 0.0426 -0.9447 -0.3252
vn -0.1322 -0.0930 0.9869
vn -0.2752 0.5154 0.8115
vn -0.3722 -0.9141 0.1610
vn -0.7843 -0.3061 -0.5396
vn -0.5023 -0.6261 -0.5964
vn -0.7806 -0.6190 0.0865
vn -0.1193 0.1029 -0.9875
vn -0.5607 -0.0013 -0.8280
vn -0.9971 0.0755 0.0037
vn 0.9632 -0.2683 0.0177
vn 0.8051 -0.0436 0.5916
vn -0.3395 -0.8133 -0.4726
vn -0.2027 -0.9344 0.2929
vn -0.0679 -0.8506 -0.5214
vn 0.8720 -0.3948 0.2893
vn 0.7471 0.0270 0.6642
vn -0.1461 -0.6121 0.7772
vn 0.5195 -0.1504 0.8411
vn 0.4681 -0.8763 0.1136
vn 0.0270 -0.9116 -0.4101
vn 0.2007 -0.3144 0.9278
vn -0.4446 -0.5683 0.6924
vn 0.4511 -0.8380 -0.3070
vn 0.6070 -0.6101 0.5092
vn -0.1571 0.9737 -0.1647
vn -0.8268 0.4552 -0.3304
vn -0.8946 0.4230 0.1442
vn -0.5390 -0.4696 -0.6992
vn -0.4523 -0.5264 0.7199
vn -0.1015 -0.7068 0.7001
vn -0.3366 -0.7078 -0.6211
vn -0.2374 0.0405 -0.9706
vn -0.7798 -0.1701 -0.6025
vn 0.5588 -0.3609 -0.7467
vn 0.4334 -0.3983 -0.8084
vn 0.4537 -0.5190 -0.7245
vn 0.2611 -0.7081 -0.6561
vn 0.3778 -0.5687 -0.7306
vn 0.1016 -0.6233 -0.7753
vn 0.7646 -0.4993 0.4076
vn 0.8625 -0.4925 0.1165
vn 0.8880 -0.4492 0.0981
vn 0.5771 0.3805 -0.7226
vn 0.9032 0.0717 -0.4231
vn 0.6932 0.1916 -0.6948
vn 0.9562 -0.2922 -0.0159
vn 0.9033 -0.3362 -0.2664
vn 0.7223 -0.3483 -0.5975
vn 0.3749 -0.6348 -0.6756
vn 0.2497 -0.7869 -0.5643
vn 0.3106 -0.7775 -0.5469
vn -0.1315 -0.7903 -0.5984
vn -0.2508 -0.8033 -0.5402
vn -0.4849 -0.5058 -0.7135
vn -0.6383 -0.5406 -0.5481
vn -0.7996 -0.5781 -0.1625
vn -0.5722 -0.7884 0.2256
vn -0.7307 -0.6053 0.3157
vn -0.5643 -0.6937 0.4477
vn -0.4763 -0.7834 -0.3993
vn 0.1611 -0.2852 -0.9448
vn 0.6048 0.3633 -0.7087
vn 0.5543 0.5109 -0.6571
vn -0.8597 -0.5102 0.0240
vn -0.7328 -0.5775 0.3600
vn -0.8150 -0.5759 0.0644
vn -0.9341 -0.0621 -0.3515
vn -0.0395 -0.2343 -0.9714
vn 0.5056 0.0881 -0.8582
vn -0.2716 0.6519 -0.7080
vn 0.1980 0.9700 -0.1413
vn 0.5946 0.8023 -0.0523
vn 0.2966 -0.9397 -0.1704
vn 0.7392 -0.0048 -0.6735
vn 0.4223 0.6069 -0.6733
vn 0.6146 0.2994 -0.7298
vn 0.8351 -0.5348 0.1286
vn -0.2534 -0.9596 0.1225
vn -0.1889 -0.9740 0.1254
vn -0.1128 -0.9856 0.1256
vn 0.3109 0.9409 -0.1342
vn 0.2675 0.7210 -0.6393
vn 0.2566 0.9546 -0.1511
vn 0.2553 0.7310 -0.6328
vn 0.2416 0.7312 -0.6379
vn -0.9927 -0.1197 -0.0148
vn -0.8146 0.5041 -0.2869
vn -0.1443 -0.8273 -0.5429
vn 0.9809 0.0978 -0.1680
vn -0.3845 -0.9166 0.1097
vn -0.1461 0.9844 -0.0977
vn 0.1403 0.1356 -0.9808
vn -0.2858 0.5119 -0.8101
vn -0.6500 -0.7138 -0.2606
vn -0.1772 -0.9789 0.1014
vn -0.4618 0.8653 -0.1950
vn -0.5264 0.8377 -0.1453
vn 0.8815 -0.3641 0.3006
vn 0.6102 -0.5054 0.6101
vn 0.7448 0.0970 0.6602
vn 0.4534 -0.5558 0.6968
vn 0.1793 -0.9838 0.0039
vn -0.9583 0.0964 -0.2692
vn -0.5174 -0.8474 0.1188
vn 0.7743 -0.2949 0.5599
vn 0.4160 -0.0343 0.9087
vn 0.0086 0.7758 0.6309
vn 0.1670 0.7924 0.5867
vn 0.7812 -0.2023 -0.5905
vn 0.7869 -0.1181 -0.6057
vn 0.4902 -0.0924 -0.8667
vn 0.9074 0.4198 -0.0186
vn 0.2683 -0.8409 0.4699
vn 0.7321 -0.6660 0.1433
vn 0.7044 -0.1826 0.6859
vn 0.0307 -0.9937 -0.1080
vn 0.0520 -0.6944 0.7177
vn 0.5239 -0.6990 0.4868
vn -0.5377 0.5214 -0.6626
vn -0.1902 0.0683 -0.9794
vn 0.5646 0.5292 -0.6334
vn -0.4754 0.5212 -0.7088
vn 0.0002 0.5523 -0.8337
vn -0.2493 0.8014 -0.5436
vn -0.4792 0.7593 -0.4403
vn -0.5715 0.7820 -0.2487
vn -0.0311 0.9721 0.2325
vn -0.5377 0.8380 -0.0930
vn -0.5361 0.7585 -0.3706
vn -0.6917 0.6992 -0.1807
vn -0.7321 0.5218 -0.4380
vn -0.5348 0.1020 -0.8388
vn -0.1261 -0.3804 -0.9162
vn 0.7209 -0.4611 -0.5174
vn 0.9084 -0.3737 -0.1874
vn 0.6441 0.5733 0.5064
vn -0.1705 -0.9451 0.2786
vn 0.1051 0.4805 -0.8707
vn 0.3837 0.8411 -0.3813
vn 0.5846 0.0859 -0.8068
vn 0.9417 0.2618 0.2116
vn 0.7074 -0.6206 -0.3385
vn -0.3350 0.8859 -0.3209
vn -0.2013 0.3372 -0.9197
vn 0.5144 0.8516 -0.1012
vn 0.2358 0.9406 0.2444
vn -0.0960 0.8655 -0.4917
vn -0.4753 0.3740 -0.7964
vn 0.4427 -0.6614 -0.6055
vn -0.3456 0.2415 -0.9068
vn 0.9379 0.1410 0.3170
vn 0.2889 -0.1770 -0.9408
vn 0.6398 0.2585 -0.7238
vn 0.7642 0.6444 -0.0264
vn 0.8474 -0.4133 -0.3333
vn 0.7444 -0.6498 -0.1536
vn 0.5367 -0.8362 0.1127
vn 0.4769 -0.3362 -0.8121
vn 0.4844 -0.2705 -0.8320
vn -0.9460 -0.3061 -0.1069
vn -0.3060 -0.5363 -0.7866
vn -0.3429 -0.5247 -0.7791
vn -0.2431 -0.4221 -0.8734
vn 0.2588 -0.4253 -0.8672
vn -0.1634 0.8024 -0.5740
vn 0.6661 0.0367 0.7450
vn 0.2453 0.8648 0.4381
vn 0.8095 0.0940 0.5795
vn -0.4063 0.2053 -0.8904
vn 0.1812 0.7429 -0.6444
vn -0.2742 0.8453 -0.4586
vn 0.0637 0.9591 0.2758
vn 0.3929 0.9133 0.1074
vn 0.4569 0.5619 -0.6895
vn -0.0917 0.1604 -0.9828
vn 0.1268 -0.0205 -0.9917
vn -0.5728 0.8097 -0.1275
vn -0.1328 0.0308 -0.9907
vn -0.2953 0.1198 -0.9479
vn 0.0247 -0.0107 -0.9996
vn 0.1023 -0.0330 -0.9942
vn 0.0924 -0.0744 -0.9929
vn -0.0649 -0.0304 -0.9974
vn 0.0346 -0.0661 -0.9972
vn 0.1477 -0.0901 -0.9849
vn 0.1104 0.0074 -0.9939
vn -0.5941 -0.4303 -0.6796
vn 0.4430 -0.2171 -0.8699
vn 0.4865 -0.1291 -0.8641
vn 0.4131 -0.7050 -0.5765
vn 0.4150 0.1746 -0.8929
vn 0.5543 -0.3147 -0.7705
vn 0.8911 -0.4538 -0.0009
vn 0.8665 -0.4990 -0.0116
vn 0.8077 -0.5279 -0.2627
vn 0.8858 -0.4629 -0.0337
vn 0.8971 -0.4355 -0.0748
vn -0.5179 0.2266 -0.8249
vn -0.1917 -0.1433 -0.9709
vn -0.3407 -0.4654 -0.8169
vn -0.0837 -0.5753 -0.8136
vn 0.9222 -0.3338 -0.1952
vn 0.8910 -0.2789 -0.3583
vn 0.8773 -0.4183 -0.2353
vn 0.8698 -0.4720 -0.1438
vn 0.7207 -0.3677 -0.5877
vn 0.6205 -0.6787 -0.3928
vn 0.7082 -0.5704 -0.4161
vn 0.6423 -0.4034 -0.6517
vn 0.7652 -0.2926 -0.5734
vn -0.5003 -0.0984 -0.8602
vn -0.5197 -0.0638 -0.8519
vn -0.6414 -0.3166 -0.6988
vn -0.6138 -0.3412 -0.7120
vn -0.6997 -0.1361 -0.7014
vn -0.4955 0.0693 -0.8659
vn -0.7839 0.2117 -0.5837
vn 0.1497 0.1703 -0.9740
vn -0.0255 -0.4455 -0.8949
vn 0.3099 -0.8970 -0.3151
vn 0.2192 -0.5914 -0.7760
vn 0.0708 -0.1570 -0.9851
vn 0.3660 -0.9274 0.0774
vn 0.6508 -0.5269 -0.5467
vn 0.6552 -0.3423 -0.6735
vn 0.6219 -0.1656 -0.7654
vn 0.4918 -0.0533 -0.8691
vn 0.3278 -0.0678 -0.9423
vn 0.5130 -0.3338 -0.7909
vn 0.4199 -0.5914 -0.6884
vn 0.4894 -0.5827 -0.6488
vn 0.5274 -0.0957 -0.8442
vn 0.4303 0.1036 -0.8967
vn -0.8511 -0.0427 -0.5233
vn -0.3375 -0.1776 -0.9244
vn -0.9500 -0.1289 -0.2843
vn -0.7703 -0.2505 -0.5865
vn -0.7684 -0.0199 -0.6397
vn -0.9497 0.0765 -0.3038
vn -0.9859 -0.0264 -0.1655
vn -0.9906 -0.0579 -0.1240
vn -0.9660 -0.0798 -0.2457
vn -0.9937 -0.0473 -0.1017
vn -0.4856 0.5166 -0.7053
vn -0.8863 0.0031 -0.4632
vn -0.3735 -0.4478 -0.8124
vn 0.7181 -0.6936 -0.0566
vn 0.5105 0.6373 0.5773
vn 0.6932 -0.3529 0.6285
vn 0.2022 0.0863 0.9755
vn -0.3815 0.3584 0.8521
vn -0.8805 0.3445 0.3255
vn -0.8850 0.3558 0.3003
vn 0.2386 -0.7268 -0.6441
vn 0.5260 -0.1044 -0.8440
vn 0.9364 -0.0626 -0.3453
vn -0.0226 0.8803 0.4739
vn 0.4354 0.7825 -0.4452
vn -0.4893 0.8717 -0.0252
vn 0.9382 0.2398 0.2494
vn -0.0189 0.1197 -0.9926
vn 0.6307 -0.7690 0.1043
vn 0.5607 0.4991 -0.6607
vn 0.8972 0.0718 -0.4357
vn 0.6498 0.4897 -0.5813
vn 0.9283 0.3717 0.0107
vn 0.5587 0.6839 0.4693
vn 0.4121 0.8247 0.3873
vn 0.4922 0.8684 -0.0598
vn 0.3822 0.7576 -0.5291
vn -0.3893 -0.1666 0.9059
vn -0.0838 0.9674 0.2390
vn -0.0795 -0.8151 -0.5738
vn 0.7737 -0.3531 -0.5261
vn 0.9747 -0.0365 0.2203
vn 0.8631 -0.5050 0.0049
vn 0.8603 -0.0505 -0.5073
vn -0.0140 -0.2316 -0.9727
vn 0.7257 0.0516 0.6860
vn -0.4745 -0.8800 0.0231
vn 0.9977 0.0018 -0.0679
vn -0.3542 -0.9102 0.2148
vn 0.6866 -0.2890 0.6671
vn -0.2171 0.6563 0.7226
vn 0.5604 -0.2990 0.7723
vn 0.1702 -0.4390 0.8822
vn 0.2417 -0.7005 -0.6715
vn -0.3723 -0.4338 -0.8205
vn -0.8508 0.4855 0.2011
vn -0.8780 -0.0126 -0.4784
vn 0.6763 -0.3367 0.6552
vn 0.3770 -0.0513 -0.9248
vn 0.6965 0.2727 -0.6637
vn 0.7974 0.4102 0.4426
vn 0.6648 0.6765 0.3169
vn 0.1654 0.0759 0.9833
vn 0.7966 0.5400 0.2717
vn 0.3007 -0.9288 -0.2165
vn 0.6400 -0.7478 -0.1766
vn -0.3321 0.4904 0.8057
vn -0.4070 0.3406 0.8475
vn 0.7283 -0.6790 -0.0930
vn 0.0373 0.5675 -0.8225
vn 0.2416 0.7804 0.5768
vn -0.3699 -0.8313 0.4148
vn -0.5850 -0.4885 0.6474
vn -0.8782 -0.4584 -0.1362
vn -0.9708 0.1913 -0.1449
vn -0.8355 -0.4871 0.2543
vn -0.5380 -0.2263 0.8120
vn 0.2614 0.2370 0.9357
vn 0.6838 -0.0471 0.7281
vn -0.9704 0.1392 -0.1971
vn -0.8249 0.4488 0.3436
vn -0.9543 0.2248 -0.1968
vn -0.4218 0.3703 0.8276
vn -0.9354 0.0977 0.3398
vn -0.2194 -0.0249 -0.9753
vn -0.7365 0.2511 -0.6281
vn -0.7282 -0.4646 -0.5039
vn -0.5167 -0.5361 0.6676
vn -0.1029 -0.7335 0.6718
vn 0.9240 -0.3210 0.2077
vn 0.9484 -0.2460 0.1999
vn 0.8889 -0.1904 -0.4167
vn 0.4712 0.0107 -0.8820
vn 0.4923 0.0397 -0.8695
vn -0.5787 0.3460 -0.7385
vn -0.7175 -0.0670 -0.6933
vn 0.8186 -0.3947 -0.4173
vn 0.8353 -0.5129 -0.1982
vn -0.9891 -0.0973 -0.1102
vn -0.9171 -0.1671 -0.3619
vn 0.5534 -0.6899 -0.4667
vn 0.6998 -0.0848 -0.7093
vn -0.6180 -0.0488 0.7846
vn 0.1867 -0.6820 -0.7071
vn 0.8345 0.2686 0.4811
vn 0.2122 -0.1624 0.9636
vn 0.3871 -0.6278 0.6753
vn -0.3971 -0.5843 -0.7077
vn -0.5808 0.6360 0.5081
vn -0.4080 0.3087 0.8592
vn -0.6702 -0.6905 -0.2720
vn -0.0983 0.6615 -0.7435
vn 0.1117 0.9911 -0.0718
vn 0.5065 0.3375 -0.7935
vn -0.1208 -0.3782 -0.9178
vn 0.5897 0.0005 -0.8077
vn -0.5270 -0.2444 0.8140
vn -0.2914 -0.5966 -0.7478
vn 0.5069 -0.8309 0.2294
vn 0.6527 -0.6478 0.3929
vn 0.0742 0.2767 -0.9581
vn -0.4453 0.8317 -0.3316
vn -0.5170 0.2893 -0.8056
vn 0.2157 0.4258 0.8788
vn -0.9906 -0.0600 -0.1225
vn -0.0911 0.1630 0.9824
vn -0.6617 0.4109 0.6272
vn 0.9922 -0.1182 0.0395
vn 0.5335 0.3291 0.7792
vn 0.2797 -0.9225 -0.2659
vn -0.4138 0.7098 0.5700
vn 0.7653 0.2755 -0.5817
vn 0.3005 0.2990 -0.9057
vn -0.8196 -0.5544 -0.1448
vn -0.8578 0.2723 -0.4360
vn -0.0052 0.6395 0.7687
vn -0.8015 -0.4010 0.4437
vn -0.7705 0.4618 0.4394
vn -0.8761 -0.1056 -0.4704
vn -0.8992 -0.4164 0.1345
vn -0.9558 0.1655 0.2429
vn 0.6663 0.0340 0.7449
vn 0.8999 0.1148 0.4208
vn 0.7885 0.6150 -0.0012
vn 0.5470 -0.7913 -0.2733
vn -0.3544 -0.0232 -0.9348
vn 0.8469 -0.5316 0.0158
vn 0.9166 -0.2962 -0.2684
vn 0.6086 -0.7924 -0.0411
vn -0.1816 -0.9827 -0.0365
vn 0.0800 0.9866 0.1420
vn -0.2256 0.8339 -0.5036
vn -0.5025 0.4485 -0.7392
vn -0.3682 0.2823 -0.8858
vn -0.6616 0.0821 -0.7453
vn -0.4832 -0.2984 -0.8231
vn -0.6648 -0.1428 -0.7333
vn -0.1241 -0.3546 -0.9267
vn -0.7659 -0.3971 -0.5057
vn -0.9347 -0.1648 -0.3149
vn -0.9569 -0.0569 0.2849
vn -0.9078 0.3992 0.1286
vn -0.7004 0.7124 0.0425
vn 0.2693 -0.9226 0.2762
vn 0.4740 -0.8685 -0.1454
vn 0.6771 -0.6952 -0.2411
vn 0.3440 -0.6884 -0.6385
vn -0.8413 -0.4830 -0.2428
vn 0.4681 -0.8809 0.0697
vn 0.8624 -0.2797 -0.4219
vn 0.6336 -0.6459 -0.4260
vn 0.4089 -0.6908 -0.5963
vn 0.4529 -0.3388 -0.8247
vn 0.5414 -0.2887 -0.7896
vn 0.3658 -0.7647 -0.5305
vn 0.6069 -0.6113 0.5080
vn 0.6873 -0.4700 0.5538
vn 0.7960 -0.3791 0.4719
vn 0.8694 -0.0162 0.4939
vn 0.9660 0.0320 -0.2564
vn 0.7889 -0.6101 0.0737
vn 0.7389 -0.6672 0.0941
vn 0.1765 -0.9771 -0.1192
vn 0.5792 -0.8000 -0.1568
vn 0.7553 -0.5411 0.3697
vn 0.5933 -0.3922 -0.7029
vn 0.7855 -0.1818 -0.5916
vn 0.9414 -0.2529 -0.2231
vn 0.4692 -0.7324 -0.4934
vn -0.3873 0.6569 0.6469
vn -0.5337 0.7634 0.3639
vn 0.1540 0.0739 -0.9853
vn -0.5820 -0.6446 -0.4958
vn -0.8539 -0.4454 -0.2693
vn -0.9983 0.0215 0.0535
vn -0.9751 -0.1258 0.1825
vn -0.4490 0.8890 0.0900
vn -0.3169 0.7879 -0.5280
vn -0.4889 0.8111 -0.3212
vn 0.3322 0.0568 -0.9415
vn 0.6925 0.1433 -0.7071
vn -0.4843 0.2310 0.8439
vn -0.6303 0.4043 0.6628
vn -0.5371 0.2737 0.7979
vn -0.2687 0.0693 0.9607
vn 0.2409 -0.3191 0.9166
vn 0.4306 -0.8977 -0.0938
vn -0.8394 0.2206 0.4967
vn -0.8168 0.3136 0.4842
vn -0.7375 0.3884 0.5524
vn -0.3843 -0.8663 0.3192
vn -0.5139 0.0648 0.8554
vn -0.3381 -0.1446 0.9299
vn -0.8879 -0.4181 0.1920
vn -0.8507 -0.5077 0.1361
vn -0.2337 -0.6401 -0.7319
vn 0.7732 -0.4899 -0.4028
vn 0.7511 -0.6552 -0.0813
vn 0.5872 -0.5541 0.5900
vn 0.6594 0.3426 0.6692
vn -0.4987 0.8360 0.2291
vn -0.7259 0.4816 -0.4911
vn -0.9052 0.4244 0.0209
vn -0.9757 -0.0920 -0.1988
vn -0.3466 -0.1510 -0.9258
vn -0.2289 -0.8999 -0.3712
vn -0.3321 -0.9044 -0.2678
vn -0.3175 -0.9304 -0.1834
vn 0.0192 -0.9998 -0.0023
vn -0.2658 -0.4187 0.8684
vn -0.4560 0.3719 0.8085
vn -0.7599 0.6444 0.0851
vn -0.5094 0.8561 -0.0866
vn 0.6014 -0.7768 -0.1865
vn 0.3270 -0.3345 -0.8839
vn 0.5343 -0.2518 -0.8069
vn 0.3926 0.5809 -0.7131
vn 0.6397 -0.0068 -0.7686
vn 0.0854 0.3659 -0.9267
vn -0.7305 0.6769 0.0900
vn -0.7755 0.5838 0.2402
vn -0.9055 0.1966 0.3762
vn -0.4839 0.0536 -0.8735
vn 0.2219 0.0322 0.9745
vn -0.4725 -0.4115 0.7794
vn -0.8697 0.0311 0.4927
vn -0.8757 0.1177 0.4683
vn -0.8065 0.5595 0.1908
vn -0.8205 0.5653 -0.0849
vn -0.1819 0.5006 -0.8463
vn 0.7003 -0.2213 0.6787
vn 0.7424 -0.4273 0.5160
vn 0.7767 -0.5511 0.3049
vn 0.6357 -0.7636 -0.1130
vn 0.3269 -0.8966 -0.2988
vn -0.9951 0.0005 -0.0992
vn -0.8904 0.4470 0.0856
vn -0.2148 0.8824 0.4186
vn -0.2424 0.8639 0.4414
vn -0.1774 0.8761 0.4483
vn 0.3791 0.8685 0.3194
vn 0.4328 0.7721 0.4653
vn 0.8373 0.4981 0.2255
vn 0.1350 -0.1120 0.9845
vn -0.6705 0.2679 0.6918
vn -0.9794 -0.0483 0.1961
vn -0.8232 -0.1777 -0.5392
vn -0.3848 -0.4149 -0.8245
vn 0.1798 -0.3267 -0.9279
vn -0.0590 -0.6344 -0.7707
vn 0.4306 -0.7815 -0.4514
vn 0.6230 0.4990 -0.6023
vn 0.1992 -0.3727 -0.9063
vn 0.1963 0.9443 -0.2642
vn -0.4390 0.8856 -0.1518
vn -0.3677 0.8637 -0.3447
vn -0.5251 -0.0462 0.8498
vn -0.4083 -0.1712 0.8967
vn 0.0197 -0.3750 0.9268
vn -0.4067 -0.5935 0.6945
vn 0.0319 -0.6230 0.7816
vn 0.4193 -0.2898 0.8604
vn 0.3454 0.1103 0.9319
vn 0.6723 0.1476 0.7255
vn 0.7549 0.3767 0.5369
vn -0.3247 -0.2047 -0.9234
vn -0.5414 0.2392 -0.8060
vn -0.6496 0.6305 -0.4249
vn -0.1157 0.8008 0.5877
vn -0.8053 0.3723 0.4615
vn -0.9602 0.0976 0.2616
vn -0.9973 -0.0329 -0.0663
vn -0.8511 -0.4565 -0.2593
vn 0.7325 -0.3871 -0.5600
vn 0.5495 -0.4205 -0.7219
vn 0.1605 -0.9455 -0.2834
vn 0.5319 -0.7692 -0.3541
vn 0.2561 -0.9618 -0.0972
vn 0.3541 -0.9350 -0.0170
vn 0.4155 -0.8501 -0.3236
vn 0.3935 -0.8084 -0.4377
vn -0.0142 -0.8401 -0.5423
vn -0.5207 -0.5853 0.6216
vn -0.5590 -0.3629 0.7455
vn 0.3607 0.4899 0.7936
vn -0.5232 -0.2693 0.8086
vn -0.9661 -0.1799 0.1853
vn 0.3184 -0.8416 -0.4363
vn -0.0145 -0.7794 -0.6264
vn 0.3619 -0.7712 -0.5238
vn 0.6823 -0.4811 -0.5505
vn -0.6100 0.6076 0.5086
vn -0.7674 0.5610 0.3105
vn -0.8275 0.3915 0.4025
vn -0.8804 0.3033 0.3645
vn -0.3301 0.6312 0.7018
vn -0.4838 0.3937 0.7816
vn -0.6512 0.4973 0.5733
vn -0.5419 0.4872 0.6848
vn -0.3615 0.6217 0.6948
vn -0.4517 -0.6841 0.5726
vn -0.5005 0.2794 0.8194
vn -0.7179 0.6668 -0.2000
vn -0.4093 0.7721 0.4862
vn -0.4206 0.5886 0.6904
vn -0.6617 0.4623 0.5903
vn -0.4759 0.4440 0.7592
vn -0.6810 0.4043 0.6106
vn -0.7179 0.3823 0.5818
vn -0.3066 -0.6452 -0.6998
vn -0.2221 -0.6210 -0.7517
vn -0.2935 -0.7520 -0.5902
vn -0.0461 -0.6932 -0.7193
vn -0.2304 -0.8105 -0.5386
vn 0.4515 -0.8705 -0.1957
vn -0.8378 0.5143 -0.1830
vn -0.8080 0.5438 0.2267
vn -0.8196 0.4594 0.3423
vn -0.7239 0.6738 0.1481
vn 0.4605 -0.8701 0.1760
vn 0.8449 -0.3159 0.4318
vn 0.4910 -0.8519 0.1825
vn -0.8158 0.2704 -0.5112
vn -0.9189 0.2790 -0.2788
vn -0.6664 0.1550 0.7293
vn 0.1273 -0.9160 0.3804
vn 0.5672 0.2369 0.7888
vn 0.0700 0.6163 0.7844
vn 0.8800 0.4028 0.2519
vn 0.8019 0.0490 0.5954
vn 0.5368 0.2086 0.8175
vn 0.3543 -0.1069 0.9290
vn 0.2554 -0.5788 0.7745
vn -0.6289 -0.3209 -0.7082
vn -0.6309 -0.3589 -0.6879
vn -0.4605 0.2721 -0.8449
vn -0.2831 0.9230 -0.2608
vn -0.0049 0.9805 0.1964
vn 0.2232 -0.9098 -0.3500
vn -0.3540 -0.7737 -0.5253
vn 0.8807 -0.4735 -0.0102
vn 0.6932 0.2836 -0.6626
vn 0.8683 -0.2525 -0.4269
vn 0.5723 0.0352 -0.8193
vn 0.5426 -0.3022 -0.7838
vn 0.4135 -0.3538 -0.8389
vn 0.6947 -0.1533 -0.7028
vn 0.7131 0.4128 0.5667
vn 0.7451 0.4189 -0.5189
vn -0.3289 -0.2479 -0.9112
vn -0.4209 -0.3707 -0.8279
vn -0.5210 -0.8005 -0.2961
vn -0.6658 -0.7425 0.0735
vn -0.8914 -0.4530 0.0121
vn 0.2601 -0.2516 -0.9322
vn 0.4611 -0.0961 -0.8821
vn -0.7109 0.3622 -0.6029
vn 0.0411 -0.3882 0.9206
vn -0.0236 0.2919 0.9561
vn 0.3535 0.5246 0.7745
vn 0.6179 0.7339 0.2820
vn -0.9340 -0.3288 0.1399
vn 0.5797 -0.4951 0.6471
vn 0.7268 -0.6584 -0.1959
vn 0.8801 -0.4190 0.2233
vn 0.5871 -0.8084 -0.0411
vn 0.6208 -0.7232 0.3027
vn -0.7087 0.6791 0.1910
vn -0.5663 0.6060 0.5586
vn -0.6073 0.4340 0.6654
vn 0.4672 -0.8838 0.0232
vn 0.2665 0.4621 -0.8458
vn -0.0529 0.8615 -0.5050
vn 0.5698 0.6303 -0.5273
vn 0.0272 0.7966 -0.6039
vn 0.1509 0.9421 -0.2995
vn -0.5481 0.8345 -0.0569
vn -0.2299 0.7268 -0.6473
vn 0.6423 0.0191 -0.7662
vn 0.7878 -0.2663 -0.5554
vn 0.6457 -0.3052 -0.7000
vn 0.9226 0.0760 -0.3783
vn 0.9249 -0.2587 -0.2788
vn 0.9560 -0.2814 -0.0833
vn 0.8806 -0.1910 -0.4338
vn 0.2143 0.7809 0.5867
vn -0.3892 0.7432 0.5442
vn -0.2721 0.9153 0.2970
vn 0.3192 0.8978 0.3036
vn -0.2895 0.9572 -0.0022
vn 0.3169 0.9380 -0.1404
vn -0.5004 0.8092 -0.3080
vn 0.1077 0.7998 -0.5905
vn -0.6360 0.2002 0.7453
vn -0.3023 0.2120 0.9293
vn -0.6922 0.6967 0.1886
vn -0.5281 0.6180 0.5824
vn -0.5151 0.7250 0.4571
vn -0.6268 0.4925 0.6038
vn -0.7118 0.5846 0.3895
vn -0.9157 0.3820 0.1246
vn 0.1616 -0.9041 -0.3955
vn 0.5622 -0.7114 0.4216
vn -0.7286 0.3473 -0.5903
vn -0.6702 0.7398 -0.0589
vn -0.3373 0.9232 0.1840
vn -0.4957 -0.1528 -0.8550
vn -0.6659 0.5899 -0.4568
vn 0.6950 0.3096 0.6490
vn 0.3436 0.3262 0.8807
vn -0.1374 0.3100 0.9408
vn -0.7571 0.6506 -0.0596
vn -0.7906 0.6106 0.0456
vn -0.6652 0.7196 0.1992
vn 0.8347 -0.2821 -0.4730
vn 0.3559 -0.8117 -0.4631
vn 0.6079 -0.7857 -0.1145
vn 0.7738 -0.5820 0.2500
vn 0.6751 -0.3869 0.6282
vn 0.5270 -0.5373 0.6585
vn -0.4915 0.8064 0.3287
vn -0.4200 0.8640 0.2776
vn -0.8686 0.3540 0.3467
vn -0.7541 0.4368 0.4904
vn -0.5803 0.6623 0.4740
vn 0.6149 0.3443 0.7094
vn 0.4503 0.3270 0.8308
vn 0.5528 0.3109 0.7731
vn 0.7662 0.4445 0.4641
vn -0.0674 -0.0560 -0.9962
vn -0.2578 -0.3742 -0.8908
vn -0.7775 -0.4115 0.4755
vn -0.9327 -0.0592 0.3558
vn -0.8404 -0.3521 0.4121
vn -0.4680 -0.6129 0.6367
vn -0.2502 0.6938 0.6753
vn -0.1841 0.7381 0.6491
vn 0.0553 0.3806 0.9231
vn 0.1020 -0.2984 0.9490
vn -0.4183 0.2449 0.8747
vn -0.5863 0.2644 0.7658
vn -0.7402 0.3519 0.5729
vt 0.310550 0.412110
vt 0.275390 0.388670
vt 0.310550 0.306640
vt 0.220700 0.412110
vt 0.228520 0.376950
vt 0.162110 0.400390
vt 0.224610 0.310550
vt 0.162110 0.330080
vt 0.220700 0.240230
vt 0.162110 0.240230
vt 0.205080 0.150390
vt 0.166020 0.150390
vt 0.177730 0.025390
vt 0.072270 0.251950
vt 0.052730 0.197270
vt 0.072270 0.197270
vt 0.052730 0.251950
vt 0.025390 0.197270
vt 0.025390 0.251950
vt 0.005860 0.197270
vt 0.005860 0.251950
vt 0.072270 0.322270
vt 0.052730 0.322270
vt 0.025390 0.322270
vt 0.005860 0.322270
vt 0.005860 0.189450
vt 0.037110 0.185550
vt 0.005860 0.185550
vt 0.037110 0.189450
vt 0.048830 0.185550
vt 0.048830 0.189450
vt 0.076170 0.185550
vt 0.076170 0.189450
vt 0.052730 0.419920
vt 0.025390 0.419920
vt 0.005860 0.419920
vt 0.072270 0.419920
vt 0.107420 0.185550
vt 0.099610 0.205080
vt 0.087890 0.193360
vt 0.115230 0.189450
vt 0.107420 0.205080
vt 0.115230 0.205080
vt 0.107420 0.279300
vt 0.115230 0.279300
vt 0.107420 0.302730
vt 0.115230 0.302730
vt 0.107420 0.326170
vt 0.115230 0.326170
vt 0.107420 0.396480
vt 0.115230 0.396480
vt 0.115230 0.416020
vt 0.087890 0.279300
vt 0.099610 0.279300
vt 0.091800 0.302730
vt 0.099610 0.302730
vt 0.087890 0.326170
vt 0.099610 0.326170
vt 0.099610 0.404300
vt 0.095700 0.302730
vt 0.087890 0.416020
vt 0.107420 0.419920
vt 0.005860 0.248050
vt 0.025390 0.248050
vt 0.025390 0.185550
vt 0.056640 0.248050
vt 0.056640 0.185550
vt 0.076170 0.248050
vt 0.076170 0.306640
vt 0.076170 0.416020
vt 0.056640 0.416020
vt 0.056640 0.306640
vt 0.025390 0.416020
vt 0.025390 0.306640
vt 0.005860 0.416020
vt 0.005860 0.306640
vt 0.013670 0.189450
vt 0.013670 0.185550
vt 0.072270 0.185550
vt 0.072270 0.189450
vt 0.224610 0.408200
vt 0.197270 0.384770
vt 0.248050 0.220700
vt 0.236330 0.412110
vt 0.205080 0.412110
vt 0.263670 0.302730
vt 0.244140 0.416020
vt 0.259770 0.021480
vt 0.283200 0.416020
vt 0.279300 0.416020
vt 0.291020 0.248050
vt 0.345700 0.416020
vt 0.240230 0.013670
vt 0.259770 0.158200
vt 0.228520 0.158200
vt 0.337890 0.185550
vt 0.306640 0.115230
vt 0.283200 0.185550
vt 0.236330 0.166020
vt 0.185550 0.012700
vt 0.185550 0.166020
vt 0.345700 0.380860
vt 0.314450 0.416020
vt 0.345700 0.263670
vt 0.146480 0.416020
vt 0.197270 0.416020
vt 0.162110 0.291020
vt 0.275390 0.283200
vt 0.275390 0.416020
vt 0.224610 0.306640
vt 0.212890 0.130860
vt 0.283200 0.306640
vt 0.162110 0.306640
vt 0.173830 0.130860
vt 0.267580 0.416020
vt 0.267580 0.037110
vt 0.306640 0.181640
vt 0.287110 0.228520
vt 0.287110 0.013670
vt 0.330080 0.228520
vt 0.318360 0.173830
vt 0.294920 0.052730
vt 0.275390 0.173830
vt 0.232420 0.173830
vt 0.244140 0.052730
vt 0.271480 0.173830
vt 0.318360 0.271480
vt 0.275390 0.271480
vt 0.162110 0.166020
vt 0.205080 0.337890
vt 0.244140 0.037110
vt 0.251950 0.126950
vt 0.275390 0.021480
vt 0.279300 0.126950
vt 0.251950 0.283200
vt 0.220700 0.283200
vt 0.248050 0.146480
vt 0.166020 0.228520
vt 0.212890 0.013670
vt 0.212890 0.228520
vt 0.248050 0.228520
vt 0.255860 0.013670
vt 0.298830 0.228520
vt 0.287110 0.388670
vt 0.337890 0.412110
vt 0.267580 0.412110
vt 0.142580 0.134770
vt 0.150390 0.021480
vt 0.162110 0.134770
vt 0.134770 0.224610
vt 0.169920 0.416020
vt 0.142580 0.416020
vt 0.333980 0.416020
vt 0.287110 0.416020
vt 0.291020 0.041020
vt 0.322270 0.294920
vt 0.193360 0.392580
vt 0.162110 0.416020
vt 0.220700 0.220700
vt 0.236330 0.416020
vt 0.236330 0.275390
vt 0.255860 0.416020
vt 0.185550 0.173830
vt 0.150390 0.173830
vt 0.173830 0.048830
vt 0.226560 0.362300
vt 0.240230 0.255860
vt 0.275390 0.404300
vt 0.234380 0.407230
vt 0.275390 0.310550
vt 0.310550 0.236330
vt 0.271480 0.240230
vt 0.306640 0.150390
vt 0.291020 0.021480
vt 0.283200 0.150390
vt 0.220700 0.150390
vt 0.318360 0.416020
vt 0.330080 0.185550
vt 0.310550 0.134770
vt 0.333980 0.134770
vt 0.302730 0.224610
vt 0.283200 0.005860
vt 0.283200 0.115230
vt 0.236330 0.033200
vt 0.224610 0.146480
vt 0.251950 0.345700
vt 0.310550 0.025390
vt 0.298830 0.103520
vt 0.330080 0.103520
vt 0.232420 0.392580
vt 0.208980 0.412110
vt 0.318360 0.119140
vt 0.259770 0.005860
vt 0.275390 0.119140
vt 0.298830 0.044920
vt 0.326170 0.169920
vt 0.275390 0.169920
vt 0.279300 0.408200
vt 0.287110 0.287110
vt 0.251950 0.416020
vt 0.228520 0.107420
vt 0.185550 0.009770
vt 0.185550 0.107420
vt 0.330080 0.025390
vt 0.275390 0.228520
vt 0.248050 0.013670
vt 0.228520 0.228520
vt 0.345700 0.408200
vt 0.318360 0.357420
vt 0.337890 0.298830
vt 0.228520 0.341800
vt 0.212890 0.416020
vt 0.181640 0.330080
vt 0.181640 0.400390
vt 0.150390 0.396480
vt 0.283200 0.412110
vt 0.279300 0.357420
vt 0.239260 0.412110
vt 0.205080 0.416020
vt 0.220700 0.416020
vt 0.201170 0.361330
vt 0.248050 0.251950
vt 0.212890 0.408200
vt 0.224610 0.416020
vt 0.193360 0.005860
vt 0.150390 0.095700
vt 0.177730 0.095700
vt 0.255860 0.037110
vt 0.283200 0.220700
vt 0.232420 0.416020
vt 0.201170 0.349610
vt 0.215280 0.103960
vt 0.216800 0.416020
vt 0.240230 0.095700
vt 0.173830 0.416020
vt 0.205080 0.349610
vt 0.185550 0.189450
vt 0.220700 0.404300
vt 0.138670 0.412110
vt 0.201170 0.158200
vt 0.169920 0.158200
vt 0.287110 0.177730
vt 0.310550 0.177730
vt 0.314450 0.412110
vt 0.298830 0.220700
vt 0.259770 0.232420
vt 0.291020 0.416020
vt 0.322270 0.259770
vt 0.298830 0.416020
vt 0.205080 0.287110
vt 0.150390 0.416020
vt 0.263670 0.400390
vt 0.322270 0.416020
vt 0.271480 0.193360
vt 0.208980 0.228520
vt 0.298830 0.166020
vt 0.314450 0.388670
vt 0.154300 0.416020
vt 0.314450 0.396480
vt 0.271480 0.416020
vt 0.271480 0.255860
vt 0.267580 0.365230
vt 0.287110 0.400390
vt 0.310550 0.255860
vt 0.275390 0.255860
vt 0.236330 0.380860
vt 0.248050 0.138670
vt 0.263670 0.380860
vt 0.208980 0.251950
vt 0.259770 0.251950
vt 0.259770 0.275390
vt 0.263670 0.416020
vt 0.326170 0.416020
vt 0.283200 0.326170
vt 0.298830 0.126950
vt 0.310550 0.021480
vt 0.322270 0.126950
vt 0.212890 0.412110
vt 0.212890 0.294920
vt 0.220700 0.138670
vt 0.177730 0.150390
vt 0.216800 0.287110
vt 0.240230 0.166020
vt 0.189450 0.083980
vt 0.150390 0.287110
vt 0.251950 0.025390
vt 0.330080 0.248050
vt 0.279300 0.248050
vt 0.244140 0.248050
vt 0.259770 0.416020
vt 0.240230 0.099610
vt 0.267580 0.216800
vt 0.201170 0.099610
vt 0.337890 0.345700
vt 0.236330 0.255860
vt 0.306640 0.330080
vt 0.244140 0.412110
vt 0.322270 0.357420
vt 0.313480 0.302730
vt 0.337890 0.228520
vt 0.138670 0.232420
vt 0.287110 0.271480
vt 0.302730 0.416020
vt 0.275390 0.326170
vt 0.294920 0.060550
vt 0.224610 0.392580
vt 0.185550 0.345700
vt 0.271480 0.064450
vt 0.248050 0.416020
vt 0.248050 0.349610
vt 0.294920 0.416020
vt 0.259770 0.091800
vt 0.236330 0.314450
vt 0.279300 0.412110
vt 0.185550 0.244140
vt 0.236330 0.103520
vt 0.263670 0.287110
vt 0.287110 0.283200
vt 0.310550 0.416020
vt 0.185550 0.416020
vt 0.185550 0.271480
vt 0.263670 0.162110
vt 0.240230 0.416020
vt 0.177730 0.248050
vt 0.208980 0.416020
vt 0.197270 0.287110
vt 0.181640 0.416020
vt 0.341800 0.255860
vt 0.310550 0.216800
vt 0.189450 0.416020
vt 0.228520 0.416020
vt 0.201170 0.216800
vt 0.330080 0.283200
vt 0.341800 0.416020
vt 0.130860 0.416020
vt 0.146480 0.216800
vt 0.177730 0.416020
vt 0.986330 0.228520
vt 0.900390 0.185550
vt 0.986330 0.185550
vt 0.900390 0.228520
vt 0.822270 0.185550
vt 0.822270 0.228520
vt 0.775390 0.185550
vt 0.791020 0.240230
vt 0.755860 0.244140
vt 0.791020 0.279300
vt 0.755860 0.279300
vt 0.791020 0.337890
vt 0.755860 0.337890
vt 0.791020 0.369140
vt 0.755860 0.365230
vt 0.775390 0.416020
vt 0.724610 0.369140
vt 0.724610 0.416020
vt 0.677730 0.373050
vt 0.677730 0.416020
vt 0.580080 0.373050
vt 0.580080 0.416020
vt 0.486330 0.373050
vt 0.486330 0.416020
vt 0.298830 0.013670
vt 0.283040 0.110420
vt 0.248050 0.408200
vt 0.216800 0.181640
vt 0.236360 0.012690
vt 0.302730 0.193360
vt 0.189450 0.013670
vt 0.287110 0.068360
vt 0.724610 0.337890
vt 0.724610 0.279300
vt 0.724610 0.240230
vt 0.736330 0.185550
vt 0.736330 0.158200
vt 0.775390 0.158200
vt 0.736330 0.123050
vt 0.775390 0.123050
vt 0.736330 0.072270
vt 0.775390 0.072270
vt 0.736330 0.033200
vt 0.775390 0.033200
vt 0.736330 0.005860
vt 0.775390 0.005860
vt 0.580080 0.005860
vt 0.677730 0.033200
vt 0.677730 0.005860
vt 0.580080 0.033200
vt 0.677730 0.072270
vt 0.580080 0.072270
vt 0.677730 0.123050
vt 0.568360 0.123050
vt 0.677730 0.158200
vt 0.560550 0.158200
vt 0.677730 0.185550
vt 0.556640 0.185550
vt 0.677730 0.228520
vt 0.560550 0.228520
vt 0.677730 0.279300
vt 0.568360 0.279300
vt 0.677730 0.337890
vt 0.580080 0.337890
vt 0.486310 0.337550
vt 0.486330 0.279300
vt 0.486330 0.228520
vt 0.486330 0.185550
vt 0.486330 0.158200
vt 0.486330 0.123050
vt 0.486330 0.072270
vt 0.486330 0.033200
vt 0.486330 0.005860
vt 0.822270 0.158200
vt 0.900390 0.158200
vt 0.822270 0.123050
vt 0.900390 0.123050
vt 0.822270 0.072270
vt 0.900390 0.072270
vt 0.822270 0.033200
vt 0.900390 0.033200
vt 0.822270 0.005860
vt 0.900390 0.005860
vt 0.986330 0.158200
vt 0.986330 0.123050
vt 0.986330 0.072270
vt 0.986330 0.033200
vt 0.986330 0.005860
vt 0.986330 0.279300
vt 0.900390 0.279300
vt 0.986330 0.337890
vt 0.900390 0.337890
vt 0.986330 0.376950
vt 0.900390 0.376950
vt 0.986330 0.416020
vt 0.900390 0.416020
vt 0.822270 0.279300
vt 0.822270 0.337890
vt 0.822270 0.376950
vt 0.822270 0.416020
vt 0.986330 0.802730
vt 0.962890 0.802730
vt 0.986330 0.830080
vt 0.986330 0.771480
vt 0.962890 0.771480
vt 0.962890 0.740230
vt 0.939450 0.740230
vt 0.939450 0.685550
vt 0.919920 0.685550
vt 0.939450 0.623050
vt 0.908200 0.685550
vt 0.908200 0.623050
vt 0.888670 0.685550
vt 0.888670 0.623050
vt 0.873050 0.685550
vt 0.853520 0.623050
vt 0.853520 0.685550
vt 0.826170 0.623050
vt 0.826170 0.685550
vt 0.798830 0.623050
vt 0.798830 0.685550
vt 0.783200 0.685550
vt 0.798830 0.740230
vt 0.783200 0.740230
vt 0.798830 0.775390
vt 0.783200 0.775390
vt 0.798830 0.802730
vt 0.783200 0.802730
vt 0.791020 0.830080
vt 0.763670 0.802730
vt 0.763670 0.830080
vt 0.732420 0.802730
vt 0.732420 0.830080
vt 0.705080 0.830080
vt 0.705080 0.869140
vt 0.560550 0.810550
vt 0.564450 0.830080
vt 0.537110 0.814450
vt 0.576170 0.814450
vt 0.615230 0.830080
vt 0.599610 0.806640
vt 0.615230 0.767580
vt 0.599610 0.767580
vt 0.615230 0.724610
vt 0.599610 0.720700
vt 0.626950 0.673830
vt 0.611330 0.669920
vt 0.638670 0.638670
vt 0.626950 0.638670
vt 0.646480 0.619140
vt 0.615230 0.638670
vt 0.619140 0.587890
vt 0.564450 0.634770
vt 0.564450 0.591800
vt 0.478520 0.634770
vt 0.478520 0.595700
vt 0.427730 0.630860
vt 0.376950 0.595700
vt 0.376950 0.642580
vt 0.341800 0.642580
vt 0.376950 0.681640
vt 0.318360 0.681640
vt 0.294920 0.712890
vt 0.259770 0.681640
vt 0.259770 0.712890
vt 0.240230 0.712890
vt 0.259770 0.748050
vt 0.732420 0.990230
vt 0.705080 0.935550
vt 0.705080 0.990230
vt 0.732420 0.935550
vt 0.732420 0.869140
vt 0.763670 0.869140
vt 0.791020 0.869140
vt 0.826170 0.869140
vt 0.826170 0.830080
vt 0.857420 0.869140
vt 0.853520 0.830080
vt 0.876950 0.869140
vt 0.869140 0.830080
vt 0.888670 0.869140
vt 0.888670 0.830080
vt 0.908200 0.869140
vt 0.908200 0.830080
vt 0.939450 0.869140
vt 0.939450 0.830080
vt 0.962890 0.869140
vt 0.962890 0.830080
vt 0.009770 0.576170
vt 0.037110 0.634280
vt 0.009770 0.634280
vt 0.037110 0.572270
vt 0.072270 0.624020
vt 0.072270 0.572270
vt 0.103520 0.603520
vt 0.103520 0.572270
vt 0.123050 0.587890
vt 0.095700 0.556640
vt 0.119140 0.556640
vt 0.119140 0.548830
vt 0.173830 0.548830
vt 0.173830 0.509770
vt 0.279300 0.548830
vt 0.279300 0.509770
vt 0.376950 0.548830
vt 0.376950 0.509770
vt 0.478520 0.548830
vt 0.478520 0.509770
vt 0.564450 0.548830
vt 0.564450 0.509770
vt 0.619140 0.548830
vt 0.619140 0.509770
vt 0.646480 0.548830
vt 0.646480 0.509770
vt 0.705080 0.576170
vt 0.732420 0.623050
vt 0.748050 0.576170
vt 0.705080 0.623050
vt 0.732420 0.685550
vt 0.705080 0.685550
vt 0.705080 0.740230
vt 0.681640 0.740230
vt 0.681640 0.775390
vt 0.662110 0.775390
vt 0.681640 0.802730
vt 0.662110 0.802730
vt 0.681640 0.830080
vt 0.662110 0.830080
vt 0.681640 0.869140
vt 0.662110 0.869140
vt 0.681640 0.935550
vt 0.662110 0.935550
vt 0.681640 0.990230
vt 0.662110 0.990230
vt 0.763670 0.935550
vt 0.791020 0.935550
vt 0.826170 0.935550
vt 0.857420 0.935550
vt 0.884770 0.935550
vt 0.884770 0.900390
vt 0.908200 0.935550
vt 0.908200 0.908200
vt 0.939450 0.935550
vt 0.939450 0.908200
vt 0.962890 0.935550
vt 0.962890 0.896480
vt 0.986330 0.935550
vt 0.986330 0.869140
vt 0.826170 0.802730
vt 0.826170 0.775390
vt 0.853520 0.802730
vt 0.853520 0.779300
vt 0.869140 0.802730
vt 0.869140 0.779300
vt 0.888670 0.802730
vt 0.888670 0.779300
vt 0.908200 0.802730
vt 0.908200 0.779300
vt 0.939450 0.802730
vt 0.931640 0.779300
vt 0.943360 0.771480
vt 0.927730 0.767580
vt 0.919920 0.740230
vt 0.908200 0.740230
vt 0.572270 0.787110
vt 0.556640 0.787110
vt 0.556640 0.771480
vt 0.572270 0.798830
vt 0.556640 0.798830
vt 0.537110 0.802730
vt 0.517580 0.806640
vt 0.521480 0.818360
vt 0.482420 0.830080
vt 0.529300 0.830080
vt 0.529300 0.861330
vt 0.568360 0.861330
vt 0.572270 0.912110
vt 0.615230 0.861330
vt 0.615230 0.912110
vt 0.646480 0.861330
vt 0.646480 0.912110
vt 0.763670 0.990230
vt 0.794920 0.951170
vt 0.775390 0.990230
vt 0.826170 0.951170
vt 0.857420 0.951170
vt 0.884770 0.955080
vt 0.908200 0.966800
vt 0.939450 0.990230
vt 0.962890 0.990230
vt 0.986330 0.990230
vt 0.580080 0.767580
vt 0.580080 0.716800
vt 0.560550 0.748050
vt 0.560550 0.712890
vt 0.544920 0.740230
vt 0.544920 0.712890
vt 0.533200 0.736330
vt 0.533200 0.712890
vt 0.517580 0.712890
vt 0.478520 0.666020
vt 0.478520 0.693360
vt 0.423830 0.673830
vt 0.439450 0.720700
vt 0.423830 0.740230
vt 0.376950 0.712890
vt 0.330080 0.892580
vt 0.291020 0.947270
vt 0.330080 0.947270
vt 0.291020 0.896480
vt 0.251950 0.943360
vt 0.251950 0.900390
vt 0.220700 0.943360
vt 0.220700 0.900390
vt 0.193360 0.900390
vt 0.251950 0.830080
vt 0.197270 0.833980
vt 0.197270 0.767580
vt 0.107420 0.833980
vt 0.107420 0.767580
vt 0.037110 0.767580
vt 0.037110 0.701170
vt 0.009770 0.767580
vt 0.009770 0.712890
vt 0.050050 0.559810
vt 0.050780 0.559450
vt 0.051030 0.565670
vt 0.042240 0.559810
vt 0.043210 0.565670
vt 0.042970 0.559450
vt 0.232420 0.115230
vt 0.197270 0.115230
vt 0.205080 0.005860
vt 0.252930 0.185550
vt 0.212890 0.185550
vt 0.205080 0.302730
vt 0.150390 0.361330
vt 0.150390 0.412110
vt 0.294920 0.353520
vt 0.322270 0.412110
vt 0.216800 0.353520
vt 0.287110 0.224610
vt 0.224610 0.224610
vt 0.275390 0.134770
vt 0.236330 0.134770
vt 0.142580 0.271480
vt 0.181640 0.271480
vt 0.134770 0.412110
vt 0.177730 0.369140
vt 0.177730 0.412110
vt 0.224610 0.369140
vt 0.224610 0.412110
vt 0.294920 0.345700
vt 0.294920 0.244140
vt 0.251950 0.244140
vt 0.283200 0.146480
vt 0.259770 0.146480
vt 0.267580 0.033200
vt 0.166020 0.412110
vt 0.158200 0.298830
vt 0.205080 0.224610
vt 0.169920 0.224610
vt 0.197270 0.134770
vt 0.177730 0.134770
vt 0.181640 0.021480
vt 0.154300 0.357420
vt 0.166020 0.291020
vt 0.275390 0.291020
vt 0.177730 0.162110
vt 0.205080 0.013670
vt 0.282230 0.111330
vt 0.134770 0.306640
vt 0.134770 0.408200
vt 0.146480 0.115230
vt 0.267580 0.126950
vt 0.162110 0.099610
vt 0.220700 0.009770
vt 0.279300 0.099610
vt 0.162110 0.115230
vt 0.150390 0.193360
vt 0.150390 0.302730
vt 0.283200 0.232420
vt 0.306640 0.416020
vt 0.236330 0.232420
vt 0.173830 0.232420
vt 0.185550 0.021480
vt 0.181640 0.126950
vt 0.150390 0.126950
vt 0.216800 0.126950
vt 0.232420 0.248050
vt 0.224610 0.291020
vt 0.283200 0.291020
vt 0.232420 0.146480
vt 0.263670 0.146480
vt 0.248050 0.033200
vt 0.283200 0.083980
vt 0.259770 0.083980
vt 0.271480 0.013670
vt 0.232420 0.220700
vt 0.208980 0.083980
vt 0.177730 0.083980
vt 0.197270 0.013670
vt 0.154300 0.220700
vt 0.271480 0.162110
vt 0.287110 0.162110
vt 0.279300 0.009770
vt 0.259770 0.283200
vt 0.298830 0.283200
vt 0.322270 0.404300
vt 0.255860 0.181640
vt 0.291020 0.099610
vt 0.236330 0.177730
vt 0.271480 0.177730
vt 0.255860 0.087890
vt 0.345700 0.271480
vt 0.322270 0.162110
vt 0.294920 0.029300
vt 0.337890 0.244140
vt 0.330080 0.146480
vt 0.302730 0.146480
vt 0.314450 0.033200
vt 0.244140 0.162110
vt 0.189450 0.162110
vt 0.189450 0.009770
vt 0.244140 0.283200
vt 0.189450 0.283200
vt 0.138670 0.162110
vt 0.134770 0.283200
vt 0.134770 0.416020
vt 0.181640 0.240230
vt 0.150390 0.240230
vt 0.185550 0.150390
vt 0.162110 0.150390
vt 0.185550 0.025390
vt 0.283200 0.107420
vt 0.259770 0.013670
vt 0.302730 0.275390
vt 0.330080 0.169920
vt 0.216800 0.169920
vt 0.267580 0.025390
vt 0.205080 0.283200
vt 0.330080 0.416020
vt 0.291020 0.291020
vt 0.326170 0.291020
vt 0.298830 0.146480
vt 0.318360 0.146480
vt 0.310550 0.033200
vt 0.341800 0.408200
vt 0.291020 0.287110
vt 0.294920 0.408200
vt 0.345700 0.302730
vt 0.302730 0.181640
vt 0.330080 0.181640
vt 0.318360 0.087890
vt 0.244140 0.119140
vt 0.244140 0.326170
vt 0.216800 0.119140
vt 0.232420 0.119140
vt 0.177730 0.146480
vt 0.205080 0.146480
vt 0.189450 0.029300
vt 0.298830 0.087890
vt 0.244140 0.111330
vt 0.224610 0.091800
vt 0.189450 0.404300
vt 0.189450 0.408200
vt 0.267580 0.408200
vt 0.322270 0.408200
vt 0.337890 0.283200
vt 0.333980 0.392580
vt 0.283200 0.361330
vt 0.287110 0.412110
vt 0.275390 0.408200
vt 0.248050 0.412110
vt 0.322270 0.326170
vt 0.341800 0.412110
vt 0.263670 0.326170
vt 0.310550 0.232420
vt 0.275390 0.232420
vt 0.294920 0.103520
vt 0.345700 0.259770
vt 0.345700 0.126950
vt 0.345700 0.009770
vt 0.166020 0.146480
vt 0.240230 0.291020
vt 0.154300 0.291020
vt 0.158200 0.107420
vt 0.142580 0.189450
vt 0.216800 0.099610
vt 0.287110 0.099610
vt 0.244140 0.009770
vt 0.306640 0.216800
vt 0.314450 0.099610
vt 0.333980 0.216800
vt 0.287110 0.169920
vt 0.283200 0.025390
vt 0.333980 0.283200
vt 0.248050 0.166020
vt 0.154300 0.154300
vt 0.251950 0.287110
vt 0.177730 0.287110
vt 0.138670 0.185550
vt 0.134770 0.248050
vt 0.232420 0.162110
vt 0.267580 0.162110
vt 0.248050 0.029300
vt 0.224610 0.271480
vt 0.271480 0.271480
vt 0.158200 0.162110
vt 0.185550 0.162110
vt 0.185550 0.029300
vt 0.275390 0.369140
vt 0.220700 0.369140
vt 0.228520 0.271480
vt 0.177730 0.271480
vt 0.201170 0.173830
vt 0.177730 0.173830
vt 0.177730 0.048830
vt 0.330080 0.216800
vt 0.291020 0.216800
vt 0.330080 0.333980
vt 0.283200 0.388670
vt 0.330080 0.412110
vt 0.248050 0.169920
vt 0.150390 0.138670
vt 0.185550 0.138670
vt 0.169920 0.009770
vt 0.185550 0.314450
vt 0.302730 0.138670
vt 0.283200 0.021480
vt 0.166020 0.298830
vt 0.158200 0.412110
vt 0.166020 0.224610
vt 0.333980 0.353520
vt 0.333980 0.224610
vt 0.275390 0.146480
vt 0.302730 0.029300
vt 0.244140 0.291020
vt 0.267580 0.138670
vt 0.244140 0.021480
vt 0.279300 0.291020
vt 0.275390 0.162110
vt 0.259770 0.009770
vt 0.263670 0.232420
vt 0.224610 0.232420
vt 0.244140 0.107420
vt 0.212890 0.326170
vt 0.337890 0.162110
vt 0.302730 0.162110
vt 0.314450 0.029300
vt 0.216800 0.138670
vt 0.224610 0.244140
vt 0.275390 0.376950
vt 0.291020 0.158200
vt 0.337890 0.158200
vt 0.298830 0.037110
vt 0.216800 0.162110
vt 0.291020 0.412110
vt 0.291020 0.306640
vt 0.314450 0.302730
vt 0.291020 0.236330
vt 0.333980 0.146480
vt 0.318360 0.029300
vt 0.761720 0.714840
vt 0.773560 0.694140
vt 0.774570 0.692230
vt 0.786590 0.700840
vt 0.756820 0.692410
vt 0.743790 0.700840
vt 0.754910 0.690550
vt 0.800500 0.714760
vt 0.806290 0.716340
vt 0.803680 0.706310
vt 0.801490 0.696650
vt 0.797540 0.695250
vt 0.752720 0.688470
vt 0.746330 0.690490
vt 0.758070 0.695330
vt 0.736870 0.710870
vt 0.729880 0.717720
vt 0.738970 0.693010
vt 0.732840 0.694610
vt 0.746100 0.703230
vt 0.726700 0.706310
vt 0.728890 0.695370
vt 0.724090 0.722120
vt 0.775690 0.690090
vt 0.784050 0.691800
vt 0.772310 0.696250
vt 0.793510 0.711590
vt 0.791410 0.693750
vt 0.784280 0.704210
vt 0.732420 0.740230
vt 0.705080 0.775390
vt 0.763670 0.623050
vt 0.791020 0.576170
vt 0.763670 0.685550
vt 0.751950 0.775390
vt 0.763670 0.775390
vt 0.908200 0.767580
vt 0.888670 0.767580
vt 0.986330 0.740230
vt 0.962890 0.685550
vt 0.826170 0.576170
vt 0.107420 0.693360
vt 0.037110 0.681640
vt 0.009770 0.693360
vt 0.177730 0.595700
vt 0.279300 0.595700
vt 0.212890 0.642580
vt 0.388670 0.779300
vt 0.388670 0.830080
vt 0.349610 0.830080
vt 0.427730 0.830080
vt 0.427730 0.876950
vt 0.455080 0.876950
vt 0.388670 0.876950
vt 0.349610 0.876950
vt 0.451170 0.775390
vt 0.564450 0.666020
vt 0.646480 0.587890
vt 0.478520 0.716800
vt 0.541020 0.767580
vt 0.583980 0.787110
vt 0.583980 0.798830
vt 0.349610 0.779300
vt 0.388670 0.748050
vt 0.486330 0.873050
vt 0.107420 0.611330
vt 0.291020 0.763670
vt 0.291020 0.748050
vt 0.037110 0.818360
vt 0.626950 0.982420
vt 0.646480 0.982420
vt 0.517580 0.982420
vt 0.486330 0.923830
vt 0.556640 0.982420
vt 0.072270 0.630860
vt 0.330080 0.732420
vt 0.349610 0.732420
vt 0.291020 0.783200
vt 0.330080 0.830080
vt 0.291020 0.806640
vt 0.009770 0.818360
vt 0.537110 0.787110
vt 0.517580 0.783200
vt 0.251950 0.767580
vt 0.330080 0.763670
vt 0.103520 0.544920
vt 0.330080 0.990230
vt 0.291020 0.990230
vt 0.037110 0.861330
vt 0.330080 0.748050
vt 0.189450 0.943360
vt 0.529300 0.912110
vt 0.349610 0.748050
vt 0.589840 0.668210
vt 0.330080 0.853520
vt 0.291020 0.830080
vt 0.072270 0.544920
vt 0.072270 0.556640
vt 0.037110 0.544920
vt 0.646480 0.822270
vt 0.275390 0.642580
vt 0.037110 0.642580
vt 0.876950 0.740230
vt 0.888670 0.740230
vt 0.912110 0.990230
vt 0.681640 0.685550
vt 0.986330 0.685550
vt 0.962890 0.623050
vt 0.986330 0.576170
vt 0.962890 0.576170
vt 0.986330 0.623050
vt 0.681640 0.576170
vt 0.681640 0.623050
vt 0.705080 0.802730
vt 0.794920 0.990230
vt 0.765630 0.714840
vt 0.869140 0.767580
vt 0.853520 0.767580
vt 0.009770 0.642580
vt 0.037110 0.556640
vt 0.009770 0.556640
vt 0.009770 0.544920
vt 0.009770 0.509770
vt 0.185550 0.623050
vt 0.193360 0.650390
vt 0.107420 0.630860
vt 0.107420 0.650390
vt 0.037110 0.666020
vt 0.228520 0.681640
vt 0.193360 0.677730
vt 0.009770 0.845700
vt 0.595700 0.982420
vt 0.590060 0.668030
vt 0.763670 0.740230
vt 0.744140 0.740230
vt 0.732420 0.775390
vt 0.107420 0.673830
vt 0.009770 0.654300
vt 0.927730 0.576170
vt 0.888670 0.576170
vt 0.853520 0.576170
vt 0.908200 0.896480
vt 0.939450 0.896480
vt 0.962890 0.884770
vt 0.193360 0.697270
vt 0.646480 0.767580
vt 0.646480 0.732420
vt 0.646480 0.681640
vt 0.646480 0.638670
vt 0.478520 0.779300
vt 0.865230 0.740230
vt 0.853520 0.740230
vt 0.826170 0.740230
vt 0.826170 0.990230
vt 0.857420 0.990230
vt 0.880860 0.990230
vt 0.037110 0.509770
vt 0.072270 0.509770
vt 0.119140 0.509770
vt 0.251950 0.990230
vt 0.220700 0.990230
vt 0.189450 0.990230
vt 0.662110 0.576170
vt 0.662110 0.623050
vt 0.662110 0.685550
vt 0.662110 0.740230
vt 0.455080 0.927730
vt 0.427730 0.927730
vt 0.388670 0.927730
vt 0.349610 0.927730
vt 0.136719 0.664062
vt 0.113281 0.605469
vt 0.105469 0.605469
vt 0.121094 0.628906
vt 0.101562 0.632812
vt 0.085938 0.589844
vt 0.078125 0.628906
vt 0.042969 0.589844
vt 0.054688 0.625000
vt 0.027344 0.664062
vt 0.042969 0.660156
vt 0.035156 0.671875
vt 0.093750 0.683594
vt 0.101562 0.667969
vt 0.093750 0.675781
vt 0.105469 0.675781
vt 0.125000 0.667969
vt 0.125000 0.671875
vt 0.121094 0.652344
vt 0.082031 0.667969
vt 0.027344 0.675781
vt 0.101562 0.660156
vt 0.070312 0.601562
vt 0.105469 0.601562
vt 0.097656 0.769531
vt 0.027344 0.769531
vt 0.062500 0.757812
vt 0.058594 0.832031
vt 0.289062 0.820312
vt 0.199219 0.792969
vt 0.218750 0.757812
vt 0.199219 0.867188
vt 0.179688 0.867188
vt 0.179688 0.968750
vt 0.238281 0.968750
vt 0.281250 0.886719
vt 0.273438 0.968750
vt 0.332031 0.968750
vt 0.550781 0.906250
vt 0.550781 0.851562
vt 0.468750 0.851562
vt 0.648438 0.906250
vt 0.648438 0.843750
vt 0.738281 0.906250
vt 0.738281 0.820312
vt 0.832031 0.906250
vt 0.832031 0.800781
vt 0.914062 0.906250
vt 0.250000 0.675781
vt 0.179688 0.675781
vt 0.304688 0.679688
vt 0.304688 0.542969
vt 0.382812 0.687500
vt 0.386719 0.542969
vt 0.468750 0.687500
vt 0.468750 0.542969
vt 0.550781 0.687500
vt 0.378906 0.839844
vt 0.148438 0.214844
vt 0.214844 0.253906
vt 0.148438 0.253906
vt 0.214844 0.218750
vt 0.253906 0.257812
vt 0.214844 0.179688
vt 0.304688 0.257812
vt 0.304688 0.179688
vt 0.386719 0.257812
vt 0.550781 0.449219
vt 0.468750 0.363281
vt 0.550781 0.363281
vt 0.468750 0.449219
vt 0.386719 0.363281
vt 0.386719 0.449219
vt 0.308594 0.363281
vt 0.304688 0.449219
vt 0.218750 0.363281
vt 0.207031 0.449219
vt 0.144531 0.363281
vt 0.144531 0.449219
vt 0.824219 0.253906
vt 0.824219 0.171875
vt 0.906250 0.257812
vt 0.738281 0.175781
vt 0.734375 0.152344
vt 0.550781 0.179688
vt 0.640625 0.152344
vt 0.640625 0.183594
vt 0.550781 0.156250
vt 0.386719 0.128906
vt 0.468750 0.128906
vt 0.468750 0.179688
vt 0.316406 0.386719
vt 0.257812 0.542969
vt 0.207031 0.542969
vt 0.207031 0.613281
vt 0.167969 0.625000
vt 0.167969 0.656250
vt 0.734375 0.394531
vt 0.757812 0.363281
vt 0.738281 0.363281
vt 0.738281 0.449219
vt 0.824219 0.449219
vt 0.824219 0.542969
vt 0.917969 0.542969
vt 0.917969 0.636719
vt 0.968750 0.636719
vt 0.968750 0.675781
vt 0.992188 0.675781
vt 0.000000 0.968750
vt 0.023438 0.957031
vt 0.042969 0.968750
vt 0.000000 0.945312
vt 0.054688 0.949219
vt 0.019531 0.929688
vt 0.082031 0.929688
vt 0.019531 0.906250
vt 0.093750 0.906250
vt 0.023438 0.886719
vt 0.054688 0.886719
vt 0.031250 0.863281
vt 0.125000 0.917969
vt 0.085938 0.917969
vt 0.105469 0.886719
vt 0.085938 0.945312
vt 0.054688 0.917969
vt 0.042969 0.945312
vt 0.023438 0.925781
vt 0.000000 0.949219
vt 0.011719 0.925781
vt 0.019531 0.988281
vt 0.000000 0.988281
vt 0.062500 0.988281
vt 0.113281 0.988281
vt 0.125000 0.949219
vt 0.132812 0.988281
vt 0.007812 0.957031
vt 0.031250 0.980469
vt 0.000000 0.980469
vt 0.050781 0.957031
vt 0.062500 0.980469
vt 0.082031 0.957031
vt 0.101562 0.980469
vt 0.117188 0.957031
vt 0.128906 0.984375
vt 0.066406 0.855469
vt 0.039062 0.890625
vt 0.046875 0.843750
vt 0.093750 0.894531
vt 0.074219 0.925781
vt 0.113281 0.925781
vt 0.093750 0.957031
vt 0.132812 0.957031
vt 0.011719 0.937500
vt 0.062500 0.937500
vt 0.105469 0.937500
vt 0.378906 0.402344
vt 0.507812 0.316406
vt 0.429688 0.320312
vt 0.406250 0.339844
vt 0.386719 0.324219
vt 0.425781 0.324219
vt 0.386719 0.343750
vt 0.468750 0.324219
vt 0.230469 0.359375
vt 0.214844 0.292969
vt 0.183594 0.281250
vt 0.375000 0.292969
vt 0.363281 0.292969
vt 0.308594 0.257812
vt 0.375000 0.355469
vt 0.902344 0.171875
vt 0.386719 0.179688
vt 0.308594 0.128906
vt 0.269531 0.324219
vt 0.238281 0.339844
vt 0.273438 0.328125
vt 0.664062 0.394531
vt 0.652344 0.390625
vt 0.683594 0.386719
vt 0.425781 0.257812
vt 0.468750 0.257812
vt 0.386719 0.292969
vt 0.640625 0.257812
vt 0.734375 0.257812
vt 0.640625 0.285156
vt 0.152344 0.179688
vt 0.550781 0.210938
vt 0.468750 0.222656
vt 0.988281 0.257812
vt 0.984375 0.210938
vt 0.152344 0.136719
vt 0.984375 0.171875
vt 0.335938 0.292969
vt 0.640625 0.308594
vt 0.734375 0.308594
vt 0.640625 0.363281
vt 0.734375 0.281250
vt 0.507812 0.328125
vt 0.550781 0.308594
vt 0.152344 0.253906
vt 0.468750 0.292969
vt 0.550781 0.257812
vt 0.449219 0.292969
vt 0.445312 0.300781
vt 0.492188 0.300781
vt 0.945312 0.324219
vt 0.906250 0.363281
vt 0.984375 0.363281
vt 0.832031 0.750000
vt 0.738281 0.769531
vt 0.738281 0.968750
vt 0.832031 0.968750
vt 0.738281 0.750000
vt 0.925781 0.968750
vt 0.699219 0.378906
vt 0.640625 0.386719
vt 0.078125 0.003906
vt 0.007812 0.015625
vt 0.007812 0.078125
vt 0.078125 0.027344
vt 0.078125 0.078125
vt 0.011719 0.125000
vt 0.074219 0.128906
vt 0.011719 0.175781
vt 0.070312 0.171875
vt 0.007812 0.226562
vt 0.070312 0.226562
vt 0.007812 0.281250
vt 0.070312 0.281250
vt 0.007812 0.339844
vt 0.070312 0.339844
vt 0.007812 0.398438
vt 0.070312 0.398438
vt 0.007812 0.480469
vt 0.070312 0.480469
vt 0.125000 0.398438
vt 0.125000 0.339844
vt 0.117188 0.605469
vt 0.132812 0.648438
vt 0.132812 0.605469
vt 0.117188 0.648438
vt 0.132812 0.695312
vt 0.117188 0.695312
vt 0.132812 0.738281
vt 0.117188 0.738281
vt 0.132812 0.570312
vt 0.117188 0.570312
vt 0.132812 0.531250
vt 0.117188 0.531250
vt 0.019531 0.648438
vt 0.000000 0.605469
vt 0.000000 0.648438
vt 0.019531 0.605469
vt 0.000000 0.570312
vt 0.019531 0.570312
vt 0.000000 0.531250
vt 0.019531 0.531250
vt 0.000000 0.695312
vt 0.019531 0.695312
vt 0.000000 0.738281
vt 0.019531 0.738281
vt 0.125000 0.078125
vt 0.125000 0.128906
vt 0.125000 0.175781
vt 0.125000 0.226562
vt 0.125000 0.281250
vt 0.125000 0.480469
vt 0.015625 0.500000
vt 0.125000 0.027344
vt 0.125000 0.015625
vt 0.125000 0.003906
vt 0.023438 0.914062
vt 0.062500 0.886719
vt 0.031250 0.851562
vt 0.082031 0.847656
vt 0.019531 0.917969
vt 0.074219 0.914062
vt 0.093750 0.914062
vt 0.031250 0.894531
vt 0.050781 0.914062
vt 0.019531 0.914062
vt 0.082031 0.875000
vt 0.050781 0.882812
vt 0.113281 0.949219
vt 0.011719 0.917969
vt 0.042969 0.957031
vt 0.082031 0.968750
vt 0.125000 0.968750
vt 0.085938 0.839844
vt 0.015625 0.890625
vt 0.019531 0.832031
vt 0.105469 0.832031
vt 0.015625 0.906250
vt 0.109375 0.910156
vt 0.011719 0.960938
vt 0.113281 0.960938
vt 0.011719 0.996094
vt 0.117188 0.992188
vt 0.062500 0.910156
vt 0.062500 0.960938
vt 0.058594 0.992188
vt 0.937500 0.687500
vt 0.917969 0.679688
vt 0.929688 0.699219
vt 0.855469 0.644531
vt 0.468750 0.906250
vt 0.414062 0.968750
vt 0.488281 0.968750
vt 0.375000 0.898438
vt 0.906250 0.449219
vt 0.925781 0.710938
vt 0.917969 0.707031
vt 0.925781 0.750000
vt 0.183594 0.363281
vt 0.468750 0.253906
vt 0.261719 0.320312
vt 0.417969 0.328125
vt 0.539062 0.351562
vt 0.519531 0.328125
vt 0.328125 0.378906
vt 0.347656 0.343750
vt 0.308594 0.343750
vt 0.355469 0.347656
vt 0.367188 0.351562
vt 0.925781 0.800781
vt 0.914062 0.800781
vt 0.925781 0.906250
vt 0.914062 0.750000
vt 0.832031 0.718750
vt 0.761719 0.667969
vt 0.843750 0.687500
vt 0.144531 0.542969
vt 0.207031 0.335938
vt 0.218750 0.320312
vt 0.148438 0.308594
vt 0.644531 0.542969
vt 0.738281 0.542969
vt 0.656250 0.687500
vt 0.644531 0.449219
vt 0.867188 0.382812
vt 0.828125 0.367188
vt 0.804688 0.363281
vt 0.781250 0.320312
vt 0.550781 0.542969
vt 0.488281 0.312500
vt 0.902344 0.144531
vt 0.984375 0.144531
vt 0.824219 0.144531
vt 0.281250 0.335938
vt 0.296875 0.351562
vt 0.285156 0.339844
vt 0.167969 0.363281
vt 0.601562 0.968750
vt 0.988281 0.449219
vt 0.980469 0.542969
vt 0.992188 0.644531
vt 0.257812 0.339844
vt 0.246094 0.332031
vt 0.273438 0.347656
vt 0.261719 0.324219
vt 0.304688 0.343750
vt 0.304688 0.324219
vt 0.269531 0.273438
vt 0.261719 0.273438
vt 0.281250 0.273438
vt 0.292969 0.285156
vt 0.304688 0.292969
vt 0.757812 0.027344
vt 0.738281 0.003906
vt 0.824219 0.027344
vt 0.734375 0.027344
vt 0.675781 0.003906
vt 0.640625 0.027344
vt 0.613281 0.003906
vt 0.582031 0.023438
vt 0.511719 0.003906
vt 0.472656 0.031250
vt 0.425781 0.027344
vt 0.652344 0.082031
vt 0.675781 0.082031
vt 0.664062 0.082031
vt 0.640625 0.042969
vt 0.687500 0.082031
vt 0.710938 0.082031
vt 0.734375 0.062500
vt 0.734375 0.082031
vt 0.492188 0.082031
vt 0.472656 0.042969
vt 0.511719 0.082031
vt 0.472656 0.082031
vt 0.425781 0.042969
vt 0.406250 0.062500
vt 0.402344 0.046875
vt 0.398438 0.082031
vt 0.394531 0.082031
vt 0.390625 0.082031
vt 0.386719 0.082031
vt 0.359375 0.046875
vt 0.343750 0.082031
vt 0.292969 0.046875
vt 0.257812 0.082031
vt 0.238281 0.082031
vt 0.335938 0.023438
vt 0.296875 0.003906
vt 0.390625 0.027344
vt 0.285156 0.027344
vt 0.230469 0.003906
vt 0.214844 0.027344
vt 0.187500 0.007812
vt 0.152344 0.046875
vt 0.140625 0.007812
vt 0.824219 0.003906
vt 0.906250 0.027344
vt 0.902344 0.042969
vt 0.984375 0.039062
vt 0.902344 0.085938
vt 0.984375 0.082031
vt 0.531250 0.082031
vt 0.550781 0.062500
vt 0.550781 0.082031
vt 0.550781 0.042969
vt 0.640625 0.082031
vt 0.214844 0.082031
vt 0.199219 0.082031
vt 0.214844 0.046875
vt 0.824219 0.042969
vt 0.863281 0.062500
vt 0.296875 0.082031
vt 0.429688 0.082031
vt 0.410156 0.082031
vt 0.425781 0.003906
vt 0.906250 0.003906
vt 0.226562 0.082031
vt 0.734375 0.042969
vt 0.449219 0.082031
vt 0.152344 0.082031
vt 0.183594 0.082031
vt 0.738281 0.023438
vt 0.738281 0.050781
vt 0.636719 0.023438
vt 0.824219 0.050781
vt 0.824219 0.082031
vt 0.906250 0.050781
vt 0.214844 0.128906
vt 0.152344 0.113281
vt 0.640625 0.105469
vt 0.734375 0.105469
vt 0.902344 0.101562
vt 0.984375 0.101562
vt 0.375000 0.050781
vt 0.367188 0.023438
vt 0.425781 0.050781
vt 0.824219 0.000000
vt 0.824219 0.023438
vt 0.738281 0.000000
vt 0.917969 0.000000
vt 0.906250 0.023438
vt 0.980469 0.050781
vt 0.980469 0.023438
vt 0.281250 0.023438
vt 0.281250 0.050781
vt 0.218750 0.023438
vt 0.218750 0.050781
vt 0.320312 0.050781
vt 0.550781 0.113281
vt 0.320312 0.023438
vt 0.281250 0.000000
vt 0.425781 0.023438
vt 0.425781 0.000000
vt 0.511719 0.000000
vt 0.574219 0.339844
vt 0.617188 0.363281
vt 0.593750 0.320312
vt 0.988281 0.269531
vt 0.906250 0.285156
vt 0.984375 0.308594
vt 0.906250 0.308594
vt 0.308594 0.179688
vt 0.648438 0.812500
vt 0.179688 0.792969
vt 0.507812 0.320312
vt 0.265625 0.917969
vt 0.343750 0.898438
vt 0.265625 0.898438
vt 0.343750 0.917969
vt 0.437500 0.898438
vt 0.437500 0.917969
vt 0.531250 0.898438
vt 0.531250 0.917969
vt 0.632812 0.898438
vt 0.632812 0.917969
vt 0.730469 0.898438
vt 0.730469 0.917969
vt 0.839844 0.898438
vt 0.839844 0.917969
vt 0.925781 0.898438
vt 0.925781 0.917969
vt 0.218750 0.917969
vt 0.207031 0.929688
vt 0.191406 0.917969
vt 0.191406 0.898438
vt 0.265625 0.929688
vt 0.347656 0.917969
vt 0.347656 0.929688
vt 0.437500 0.929688
vt 0.531250 0.929688
vt 0.632812 0.929688
vt 0.730469 0.929688
vt 0.839844 0.929688
vt 0.925781 0.929688
vt 0.882812 0.949219
vt 0.839844 0.968750
vt 0.343750 0.929688
vt 0.238281 0.949219
vt 0.218750 0.937500
vt 0.226562 0.937500
vt 0.230469 0.917969
vt 0.582031 0.949219
vt 0.437500 0.968750
vt 0.605469 0.941406
vt 0.632812 0.968750
vt 0.679688 0.960938
vt 0.730469 0.949219
vt 0.679688 0.968750
vt 0.730469 0.968750
vt 0.507812 0.968750
vt 0.484375 0.968750
vt 0.531250 0.968750
vt 0.707031 0.968750
vt 0.667969 0.968750
vt 0.191406 0.929688
vt 0.265625 0.968750
vt 0.316406 0.968750
vt 0.378906 0.957031
vt 0.347656 0.968750
vt 0.757812 0.968750
vt 0.785156 0.949219
vt 0.882812 0.968750
vt 0.902344 0.968750
vt 0.390625 0.968750
vt 0.367188 0.968750
vt 0.613281 0.964844
vt 0.593750 0.957031
vt 0.785156 0.968750
vt 0.812500 0.968750
vt 0.718750 0.929688
vt 0.187500 0.917969
vt 0.250000 0.960938
vt 0.324219 0.968750
vt 0.292969 0.968750
vt 0.304688 0.968750
vt 0.824219 0.281250
vt 0.367188 0.378906
vt 0.335938 0.386719
vt 0.355469 0.386719
vt 0.347656 0.394531
vt 0.828125 0.308594
vt 0.156250 0.050781
vt 0.230469 0.000000
vt 0.468750 0.082031
vt 0.468750 0.050781
vt 0.386719 0.027344
vt 0.468750 0.042969
vt 0.468750 0.031250
vt 0.574219 0.042969
vt 0.550781 0.023438
vt 0.550781 0.050781
vt 0.468750 0.023438
vt 0.636719 0.050781
vt 0.824219 0.101562
vt 0.605469 0.000000
vt 0.984375 0.105469
vt 0.156250 0.023438
vt 0.148438 0.000000
vt 0.640625 0.156250
vt 0.807290 0.025390
vt 0.830080 0.091800
vt 0.751950 0.087890
vt 0.908850 0.024740
vt 0.880860 0.091800
vt 0.962890 0.064450
vt 0.912110 0.103520
vt 0.962890 0.142580
vt 0.912110 0.142580
vt 0.912110 0.173830
vt 0.830080 0.146480
vt 0.833980 0.216800
vt 0.802730 0.154300
vt 0.759770 0.201170
vt 0.787110 0.130860
vt 0.737260 0.141600
vt 0.736330 0.076170
vt 0.802730 0.013670
vt 0.912110 0.013670
vt 0.916020 0.001950
vt 0.992840 0.045570
vt 0.931640 0.216800
vt 0.982460 0.152020
vt 0.983070 0.054690
vt 0.689450 0.115230
vt 0.720700 0.056640
vt 0.708980 0.126950
vt 0.716800 0.189450
vt 0.802730 0.001950
vt 0.561850 0.140630
vt 0.511420 0.146030
vt 0.566410 0.154300
vt 0.551340 0.121650
vt 0.494420 0.135040
vt 0.533480 0.105470
vt 0.506140 0.094870
vt 0.992840 0.164710
vt 0.592440 0.045700
vt 0.591940 0.045420
vt 0.592580 0.032050
vt 0.612640 0.028550
vt 0.613600 0.034350
vt 0.613330 0.028140
vt 0.569870 0.173640
vt 0.962890 0.216800
vt 0.486610 0.092080
vt 0.591990 0.030360
vt 0.593030 0.045890
vt 0.033200 0.826170
vt 0.033200 0.767580
vt 0.044920 0.826170
vt 0.021480 0.767580
vt 0.033200 0.431640
vt 0.080080 0.431640
vt 0.068360 0.826170
vt 0.103520 0.431640
vt 0.056640 0.431640
vt 0.056640 0.826170
vt 0.236330 0.083980
vt 0.236330 0.181640
vt 0.333980 0.087890
vt 0.333980 0.177730
vt 0.345700 0.111330
vt 0.345700 0.158200
vt 0.103520 0.826170
vt 0.091800 0.826170
vt 0.115230 0.826170
vt 0.021480 0.826170
vt 0.009770 0.826170
vt 0.115230 0.431640
vt 0.080080 0.826170
vt 0.009770 0.431640
vt 0.692970 0.451170
vt 0.660550 0.415230
vt 0.689060 0.404300
vt 0.685160 0.463280
vt 0.657810 0.438670
vt 0.678130 0.473830
vt 0.657810 0.457290
vt 0.650260 0.478910
vt 0.637920 0.479020
vt 0.666020 0.232420
vt 0.599610 0.283200
vt 0.666020 0.287110
vt 0.599610 0.228520
vt 0.599610 0.193360
vt 0.599610 0.130860
vt 0.026000 0.551510
vt 0.012570 0.541080
vt 0.012570 0.551510
vt 0.026000 0.538760
vt 0.011050 0.522460
vt 0.023010 0.514340
vt 0.482020 0.677730
vt 0.479040 0.587890
vt 0.514750 0.564450
vt 0.443340 0.677730
vt 0.440360 0.587890
vt 0.398700 0.677730
vt 0.389780 0.591800
vt 0.345140 0.677730
vt 0.330270 0.595700
vt 0.279680 0.677730
vt 0.258860 0.650390
vt 0.666020 0.294920
vt 0.599610 0.291020
vt 0.638670 0.314450
vt 0.599610 0.310550
vt 0.599610 0.330080
vt 0.637700 0.333500
vt 0.075200 0.598630
vt 0.064450 0.585450
vt 0.064450 0.590820
vt 0.080080 0.596680
vt 0.064450 0.575680
vt 0.085450 0.590820
vt 0.093260 0.583500
vt 0.103520 0.604490
vt 0.122070 0.592770
vt 0.623050 0.533200
vt 0.626950 0.486330
vt 0.623050 0.486330
vt 0.626950 0.533200
vt 0.630860 0.486330
vt 0.630860 0.533200
vt 0.634770 0.486330
vt 0.634770 0.533200
vt 0.728520 0.962890
vt 0.724610 0.943360
vt 0.755860 0.943360
vt 0.697270 0.962890
vt 0.689450 0.943360
vt 0.662110 0.962890
vt 0.650390 0.943360
vt 0.634770 0.962890
vt 0.611330 0.943360
vt 0.626950 0.556640
vt 0.615230 0.576170
vt 0.599610 0.572270
vt 0.658200 0.544920
vt 0.634770 0.568360
vt 0.673830 0.533200
vt 0.662110 0.560550
vt 0.689450 0.544920
vt 0.673830 0.580080
vt 0.713870 0.574710
vt 0.720700 0.603520
vt 0.748050 0.599610
vt 0.748050 0.615230
vt 0.942970 0.333590
vt 0.888670 0.322270
vt 0.943360 0.251950
vt 0.943360 0.412110
vt 0.894530 0.392190
vt 0.978520 0.498050
vt 0.931640 0.482420
vt 0.978520 0.630860
vt 0.884770 0.490230
vt 0.939450 0.630860
vt 0.838280 0.540230
vt 0.845310 0.595310
vt 0.802730 0.177730
vt 0.884770 0.251950
vt 0.884770 0.185550
vt 0.818360 0.244140
vt 0.818360 0.306640
vt 0.894530 0.392580
vt 0.994140 0.626950
vt 0.994140 0.697270
vt 0.619140 0.533200
vt 0.615230 0.486330
vt 0.619140 0.486330
vt 0.615230 0.533200
vt 0.611330 0.486330
vt 0.611330 0.533200
vt 0.607420 0.486330
vt 0.607420 0.533200
vt 0.603520 0.486330
vt 0.603520 0.533200
vt 0.599610 0.486330
vt 0.646480 0.978520
vt 0.669920 0.978520
vt 0.701170 0.978520
vt 0.728520 0.978520
vt 0.755860 0.962890
vt 0.755860 0.978520
vt 0.723960 0.384110
vt 0.736330 0.357030
vt 0.720700 0.310550
vt 0.720700 0.275390
vt 0.740230 0.240230
vt 0.685550 0.146480
vt 0.599610 0.107420
vt 0.669920 0.115230
vt 0.514750 0.677730
vt 0.779300 0.388670
vt 0.763670 0.419920
vt 0.738280 0.454300
vt 0.713280 0.485160
vt 0.700390 0.497270
vt 0.684770 0.497660
vt 0.662110 0.486330
vt 0.599610 0.533200
vt 0.973210 0.064730
vt 0.946430 0.045200
vt 0.972660 0.045200
vt 0.946430 0.063620
vt 0.910640 0.040530
vt 0.910640 0.059570
vt 0.881840 0.038570
vt 0.881350 0.058110
vt 0.085080 0.652830
vt 0.059200 0.651980
vt 0.023800 0.633060
vt 0.084350 0.707890
vt 0.057620 0.707890
vt 0.084350 0.755370
vt 0.057620 0.755000
vt 0.085690 0.809570
vt 0.059200 0.810420
vt 0.033450 0.652470
vt 0.024290 0.632810
vt 0.033450 0.707890
vt 0.033690 0.754520
vt 0.034060 0.810420
vt 0.083980 0.556640
vt 0.072270 0.521480
vt 0.083980 0.521480
vt 0.107420 0.652830
vt 0.084960 0.652830
vt 0.117680 0.634280
vt 0.105470 0.708010
vt 0.083980 0.708010
vt 0.105470 0.755860
vt 0.083980 0.755370
vt 0.106450 0.810550
vt 0.085450 0.809570
vt 0.111330 0.654300
vt 0.083980 0.650390
vt 0.115230 0.646480
vt 0.082520 0.578130
vt 0.088380 0.579100
vt 0.080570 0.559570
vt 0.079590 0.592770
vt 0.083010 0.602540
vt 0.070800 0.594730
vt 0.072270 0.608400
vt 0.063480 0.594730
vt 0.062990 0.610350
vt 0.107420 0.521480
vt 0.107420 0.556640
vt 0.119140 0.521480
vt 0.095700 0.521480
vt 0.045900 0.593750
vt 0.045410 0.566410
vt 0.064450 0.573240
vt 0.036620 0.574220
vt 0.045410 0.542480
vt 0.036620 0.554690
vt 0.046390 0.533690
vt 0.036620 0.541500
vt 0.046390 0.531250
vt 0.115230 0.697270
vt 0.103520 0.694340
vt 0.124510 0.679690
vt 0.115720 0.761720
vt 0.098140 0.756840
vt 0.110840 0.787600
vt 0.093750 0.787110
vt 0.109380 0.799320
vt 0.091310 0.796880
vt 0.057620 0.755370
vt 0.057620 0.708010
vt 0.056640 0.642580
vt 0.087890 0.630860
vt 0.033690 0.754640
vt 0.057620 0.755130
vt 0.059080 0.810550
vt 0.033450 0.708010
vt 0.033200 0.642580
vt 0.033200 0.623050
vt 0.056640 0.623050
vt 0.084470 0.558590
vt 0.084960 0.551270
vt 0.099120 0.554200
vt 0.076660 0.557130
vt 0.077640 0.551270
vt 0.075680 0.557130
vt 0.078130 0.549320
vt 0.078130 0.551760
vt 0.068360 0.569820
vt 0.067870 0.562990
vt 0.078610 0.560060
vt 0.065430 0.568850
vt 0.064940 0.564450
vt 0.064450 0.568360
vt 0.064940 0.562990
vt 0.064450 0.567380
vt 0.080080 0.691890
vt 0.049800 0.695070
vt 0.047850 0.686520
vt 0.073000 0.756840
vt 0.051030 0.757080
vt 0.069580 0.784180
vt 0.051760 0.786870
vt 0.064700 0.796630
vt 0.052000 0.797610
vt 0.101560 0.557620
vt 0.104490 0.592770
vt 0.103520 0.591800
vt 0.102540 0.556150
vt 0.103030 0.591310
vt 0.095700 0.585940
vt 0.095210 0.561520
vt 0.085450 0.615720
vt 0.084960 0.612300
vt 0.084470 0.611820
vt 0.084470 0.601070
vt 0.829590 0.076170
vt 0.849610 0.082520
vt 0.829860 0.125870
vt 0.848630 0.070310
vt 0.880860 0.080080
vt 0.856450 0.056150
vt 0.857420 0.038090
vt 0.884280 0.021970
vt 0.916020 0.021480
vt 0.945800 0.021970
vt 0.119630 0.562500
vt 0.124020 0.553710
vt 0.114260 0.559570
vt 0.127440 0.555660
vt 0.125000 0.551760
vt 0.127930 0.555660
vt 0.124510 0.551270
vt 0.126950 0.555660
vt 0.123540 0.553220
vt 0.125000 0.564450
vt 0.119140 0.562500
vt 0.119630 0.586910
vt 0.114260 0.581050
vt 0.103520 0.607420
vt 0.100590 0.598630
vt 0.085450 0.614260
vt 0.085450 0.604000
vt 0.083500 0.603520
vt 0.046390 0.574710
vt 0.046140 0.596680
vt 0.056400 0.574710
vt 0.036870 0.596680
vt 0.046140 0.611080
vt 0.036870 0.611820
vt 0.046140 0.617430
vt 0.036870 0.618650
vt 0.046140 0.619870
vt 0.036620 0.619870
vt 0.046140 0.616210
vt 0.036870 0.605470
vt 0.046140 0.607910
vt 0.045900 0.593510
vt 0.062990 0.611820
vt 0.065670 0.587160
vt 0.076420 0.610350
vt 0.974330 0.137280
vt 0.945310 0.115510
vt 0.974330 0.116630
vt 0.945310 0.136160
vt 0.914620 0.116070
vt 0.915180 0.136160
vt 0.881140 0.118300
vt 0.883370 0.138390
vt 0.851560 0.121650
vt 0.063230 0.617680
vt 0.063720 0.621340
vt 0.063720 0.617680
vt 0.063230 0.610350
vt 0.064940 0.581540
vt 0.121090 0.650390
vt 0.023440 0.633300
vt 0.059080 0.652340
vt 0.033200 0.652830
vt 0.033200 0.708010
vt 0.033690 0.754880
vt 0.033690 0.810550
vt 0.124020 0.679690
vt 0.103520 0.662110
vt 0.126950 0.653320
vt 0.080080 0.692380
vt 0.097660 0.756840
vt 0.072270 0.756840
vt 0.069340 0.784180
vt 0.090820 0.796880
vt 0.064450 0.796880
vt 0.125980 0.591800
vt 0.127930 0.597660
vt 0.131840 0.592770
vt 0.115230 0.600590
vt 0.117190 0.608400
vt 0.098630 0.604490
vt 0.098630 0.613280
vt 0.083980 0.603520
vt 0.083980 0.614260
vt 0.083010 0.603520
vt 0.081050 0.612300
vt 0.125000 0.565430
vt 0.114260 0.582030
vt 0.119140 0.586910
vt 0.099610 0.599610
vt 0.103520 0.608400
vt 0.085940 0.604490
vt 0.084960 0.616210
vt 0.083980 0.604490
vt 0.082030 0.614260
vt 0.032710 0.678220
vt 0.045900 0.661870
vt 0.032710 0.697020
vt 0.021480 0.756840
vt 0.026370 0.790040
vt 0.042720 0.800290
vt 0.945800 0.004390
vt 0.914550 0.004880
vt 0.973140 0.021970
vt 0.996580 0.064450
vt 0.997070 0.085450
vt 0.974120 0.084960
vt 0.946290 0.085450
vt 0.912600 0.085940
vt 0.085450 0.601560
vt 0.084470 0.604490
vt 0.096190 0.586430
vt 0.095700 0.562500
vt 0.100100 0.552250
vt 0.084960 0.551760
vt 0.084960 0.558110
vt 0.077150 0.556640
vt 0.079100 0.565430
vt 0.078610 0.565430
vt 0.083980 0.568850
vt 0.080570 0.592290
vt 0.081540 0.607910
vt 0.080570 0.599610
vt 0.082520 0.579590
vt 0.088870 0.580570
vt 0.078130 0.567870
vt 0.081050 0.561040
vt 0.082030 0.558590
vt 0.078610 0.557130
vt 0.078610 0.558590
vt 0.078130 0.566410
vt 0.068850 0.561520
vt 0.069340 0.568360
vt 0.065920 0.567870
vt 0.066410 0.571290
vt 0.065920 0.572270
vt 0.069820 0.575680
vt 0.126460 0.591800
vt 0.130860 0.587890
vt 0.123540 0.583500
vt 0.132320 0.592290
vt 0.132810 0.586430
vt 0.132810 0.592770
vt 0.132320 0.585940
vt 0.132320 0.591800
vt 0.130860 0.586430
vt 0.127930 0.595210
vt 0.125490 0.589840
vt 0.116700 0.605470
vt 0.114750 0.598140
vt 0.098630 0.610350
vt 0.098140 0.600590
vt 0.081540 0.610350
vt 0.081540 0.599120
vt 0.076170 0.610350
vt 0.075200 0.596190
vt 0.065430 0.587400
vt 0.361330 0.197270
vt 0.330080 0.197270
vt 0.330080 0.154300
vt 0.173830 0.216800
vt 0.103520 0.216800
vt 0.173830 0.154300
vt 0.173830 0.025390
vt 0.103520 0.025390
vt 0.173830 0.001950
vt 0.498050 0.025390
vt 0.427730 0.025390
vt 0.498050 0.001950
vt 0.357420 0.025390
vt 0.357420 0.142580
vt 0.314450 0.025390
vt 0.254690 0.092190
vt 0.265630 0.107140
vt 0.169920 0.044920
vt 0.246880 0.083590
vt 0.166020 0.025390
vt 0.228910 0.080470
vt 0.235490 0.090960
vt 0.166020 0.044920
vt 0.162110 0.025390
vt 0.228520 0.025390
vt 0.240510 0.089840
vt 0.068360 0.119140
vt 0.107420 0.123050
vt 0.068360 0.080080
vt 0.166020 0.083980
vt 0.166020 0.123050
vt 0.216800 0.076170
vt 0.269530 0.104910
vt 0.322270 0.177730
vt 0.275000 0.094530
vt 0.037110 0.025390
vt 0.038340 0.142460
vt 0.123050 0.025390
vt 0.123050 0.001950
vt 0.314450 0.177730
vt 0.232420 0.025390
vt 0.173830 0.142580
vt 0.231450 0.142580
vt 0.103520 0.142580
vt 0.038090 0.142580
vt 0.038330 0.142580
vt 0.232180 0.142580
vt 0.103520 0.154300
vt 0.103520 0.001950
vt 0.427730 0.134770
vt 0.265630 0.107420
vt 0.111330 0.083980
vt 0.337890 0.154790
vt 0.274900 0.094730
vt 0.525390 0.333980
vt 0.525390 0.267580
vt 0.583980 0.333980
vt 0.099610 0.197270
vt 0.103520 0.177730
vt 0.169920 0.197270
vt 0.254390 0.092290
vt 0.228520 0.080570
vt 0.235350 0.091310
vt 0.240230 0.089840
vt 0.246580 0.083980
vt 0.269530 0.105470
vt 0.274410 0.094730
vt 0.337890 0.155270
vt 0.498050 0.197270
vt 0.451170 0.134770
vt 0.505860 0.134770
vt 0.455080 0.197270
vt 0.380860 0.142580
vt 0.384770 0.197270
vt 0.338340 0.154400
vt 0.337890 0.197270
vt 0.169920 0.177730
vt 0.123050 0.044920
vt 0.154300 0.044920
vt 0.154300 0.025390
vt 0.246090 0.083980
vt 0.248050 0.025390
vt 0.275390 0.025390
vt 0.337890 0.025390
vt 0.384770 0.025390
vt 0.455080 0.025390
vt 0.556250 0.411720
vt 0.525390 0.387500
vt 0.525390 0.411720
vt 0.556250 0.387500
vt 0.560060 0.345700
vt 0.586330 0.387890
vt 0.580080 0.349610
vt 0.851560 0.605470
vt 0.824220 0.585940
vt 0.851560 0.585940
vt 0.824220 0.605470
vt 0.796880 0.585940
vt 0.796880 0.605470
vt 0.773440 0.585940
vt 0.773440 0.605470
vt 0.773440 0.554690
vt 0.796880 0.550780
vt 0.820310 0.542970
vt 0.851560 0.542970
vt 0.143550 0.551760
vt 0.121090 0.536130
vt 0.134770 0.519530
vt 0.124020 0.558590
vt 0.101560 0.545900
vt 0.103520 0.565430
vt 0.082030 0.551760
vt 0.082030 0.571290
vt 0.634770 0.583980
vt 0.662110 0.607420
vt 0.720700 0.615230
vt 0.779300 0.615230
vt 0.775780 0.598830
vt 0.743360 0.563670
vt 0.775000 0.556250
vt 0.740230 0.520700
vt 0.767190 0.504690
vt 0.773440 0.531250
vt 0.789060 0.511720
vt 0.808590 0.496090
vt 0.810550 0.416020
vt 0.869140 0.619140
vt 0.634280 0.373050
vt 0.654300 0.376950
vt 0.599610 0.373050
vt 0.599610 0.414840
vt 0.080080 0.612300
vt 0.085450 0.612300
vt 0.201170 0.564450
vt 0.212890 0.564450
vt 0.201170 0.513670
vt 0.056910 0.545180
vt 0.044560 0.560530
vt 0.055670 0.551590
vt 0.189450 0.513670
vt 0.177730 0.513670
vt 0.177730 0.564450
vt 0.049140 0.812350
vt 0.050780 0.826820
vt 0.120440 0.802080
vt 0.028650 0.832680
vt 0.070080 0.557480
vt 0.070190 0.542460
vt 0.055550 0.569170
vt 0.236330 0.513670
vt 0.224610 0.513670
vt 0.236330 0.564450
vt 0.212890 0.513670
vt 0.224610 0.564450
vt 0.189450 0.564450
vt 0.100690 0.984380
vt 0.020620 0.998050
vt 0.022880 0.963170
vt 0.071290 0.554200
vt 0.072270 0.542970
vt 0.070310 0.556640
vt 0.005860 0.896000
vt 0.119630 0.894530
vt 0.032710 0.927250
vt 0.074710 0.540040
vt 0.105470 0.542480
vt 0.078610 0.545900
vt 0.787110 0.044920
vt 0.787110 0.083980
vt 0.771480 0.044920
vt 0.751950 0.083980
vt 0.751950 0.044920
vt 0.771480 0.083980
vt 0.740230 0.083980
vt 0.740230 0.044920
vt 0.105960 0.542480
vt 0.794920 0.083980
vt 0.783200 0.083980
vt 0.794920 0.119140
vt 0.125490 0.570310
vt 0.125490 0.562010
vt 0.125000 0.570310
vt 0.119140 0.535160
vt 0.114260 0.535160
vt 0.123540 0.540530
vt 0.117680 0.540040
vt 0.123540 0.549800
vt 0.086910 0.541020
vt 0.086910 0.535640
vt 0.106450 0.539550
vt 0.104980 0.552250
vt 0.087400 0.555660
vt 0.117680 0.550290
vt 0.086430 0.541990
vt 0.081050 0.540530
vt 0.085940 0.547360
vt 0.114260 0.547850
vt 0.086910 0.536620
vt 0.069820 0.542480
vt 0.069820 0.557620
vt 0.056150 0.561040
vt 0.056640 0.552730
vt 0.053710 0.557620
vt 0.748050 0.083980
vt 0.748050 0.119140
vt 0.767580 0.083980
vt 0.736330 0.083980
vt 0.724610 0.119140
vt 0.724610 0.083980
vt 0.085940 0.546880
vt 0.118160 0.556150
vt 0.112300 0.554690
vt 0.787110 0.119140
vt 0.740230 0.119140
vt 0.728520 0.119140
vt 0.084960 0.553220
vt 0.086430 0.550290
vt 0.084960 0.553710
vt 0.079590 0.540530
vt 0.075680 0.555180
vt 0.056400 0.560790
vt 0.044430 0.554690
vt 0.044430 0.561520
vt 0.112790 0.547360
vt 0.118160 0.548830
vt 0.116700 0.551760
vt 0.119140 0.543950
vt 0.122070 0.546880
vt 0.122070 0.541500
vt 0.755860 0.001950
vt 0.775390 0.044920
vt 0.724610 0.001950
vt 0.724610 0.044920
vt 0.751950 0.001950
vt 0.748050 0.044920
vt 0.783200 0.044920
vt 0.794920 0.001950
vt 0.794920 0.044920
vt 0.076660 0.608890
vt 0.056150 0.608400
vt 0.076660 0.608400
vt 0.056150 0.605960
vt 0.076660 0.606450
vt 0.087450 0.555350
vt 0.086440 0.541780
vt 0.074740 0.590790
vt 0.072180 0.574430
vt 0.085360 0.581240
vt 0.089840 0.997400
vt 0.075920 0.555140
vt 0.085030 0.553400
vt 0.086690 0.558350
vt 0.059660 0.550170
vt 0.073350 0.576820
vt 0.067650 0.550540
vt 0.248050 0.513670
vt 0.259770 0.513670
vt 0.259770 0.564450
vt 0.119340 0.538200
vt 0.122190 0.541250
vt 0.119290 0.543760
vt 0.075530 0.552810
vt 0.071380 0.554080
vt 0.072140 0.555380
vt 0.030600 0.900390
vt 0.048830 0.897140
vt 0.035810 0.868490
vt 0.056300 0.608310
vt 0.056330 0.606440
vt 0.077120 0.608120
vt 0.056340 0.599450
vt 0.076130 0.597530
vt 0.056080 0.589000
vt 0.023440 0.871740
vt 0.118150 0.539960
vt 0.123670 0.540270
vt 0.114470 0.534840
vt 0.077130 0.601800
vt 0.077120 0.605540
vt 0.728520 0.001950
vt 0.736330 0.044920
vt 0.087400 0.918460
vt 0.055180 0.569340
vt 0.055660 0.589360
vt 0.111330 0.535160
vt 0.023440 0.872070
vt 0.010740 0.878910
vt 0.030270 0.900390
vt 0.748050 0.001950
vt 0.728520 0.083980
vt 0.728520 0.044920
vt 0.125000 0.562010
vt 0.120120 0.565920
vt 0.775390 0.119140
vt 0.075680 0.540040
vt 0.079590 0.563480
vt 0.073240 0.560550
vt 0.783200 0.119140
vt 0.736330 0.119140
vt 0.075930 0.597660
vt 0.056150 0.599610
vt 0.076900 0.601810
vt 0.798830 0.119140
vt 0.798830 0.083980
vt 0.125490 0.561770
vt 0.125490 0.570070
vt 0.120120 0.566160
vt 0.121830 0.942870
vt 0.087650 0.918460
vt 0.075440 0.552980
vt 0.072510 0.542970
vt 0.072020 0.543210
vt 0.070560 0.556640
vt 0.079590 0.563230
vt 0.068120 0.555420
vt 0.087160 0.535640
vt 0.087160 0.540770
vt 0.079830 0.540530
vt 0.779300 0.001950
vt 0.112550 0.819820
vt 0.120360 0.802250
vt 0.050780 0.826900
vt 0.111570 0.534910
vt 0.106690 0.539550
vt 0.119140 0.538330
vt 0.113040 0.539310
vt 0.113040 0.547360
vt 0.599610 0.580080
vt 0.599610 0.607420
vt 0.611330 0.580080
vt 0.607420 0.607420
vt 0.623050 0.591800
vt 0.634770 0.611330
vt 0.615230 0.611330
vt 0.654300 0.619140
vt 0.943360 0.130860
vt 0.939450 0.669920
vt 0.919920 0.650390
vt 0.525390 0.345700
vt 0.104420 0.564580
vt 0.105020 0.582490
vt 0.082680 0.571160
vt 0.791410 0.458200
vt 0.720700 0.564060
vt 0.719870 0.529020
vt 0.124560 0.558220
vt 0.122770 0.578670
vt 0.630470 0.439060
vt 0.630470 0.462500
vt 0.638020 0.454170
vt 0.673830 0.994140
vt 0.650390 0.994140
vt 0.108720 0.555810
vt 0.051750 0.531130
vt 0.093500 0.583050
vt 0.064800 0.558050
vt 0.064800 0.575350
vt 0.681640 0.521480
vt 0.884770 0.162110
vt 0.122070 0.579100
vt 0.124020 0.594730
vt 0.104490 0.583010
vt 0.743160 0.564450
vt 0.720700 0.564450
vt 0.844730 0.595700
vt 0.092770 0.583980
vt 0.108400 0.556640
vt 0.658050 0.457330
vt 0.638220 0.455830
vt 0.630470 0.414840
vt 0.599610 0.462110
vt 0.583590 0.411330
vt 0.665100 0.496610
vt 0.943360 0.177730
vt 0.994140 0.177730
vt 0.994140 0.251950
vt 0.060550 0.537110
vt 0.060550 0.572270
vt 0.095700 0.537110
vt 0.185550 0.572270
vt 0.185550 0.537110
vt 0.220700 0.537110
vt 0.255860 0.572270
vt 0.255860 0.537110
vt 0.130860 0.572270
vt 0.169920 0.001950
vt 0.248050 0.001950
vt 0.275390 0.001950
vt 0.337890 0.001950
vt 0.384770 0.001950
vt 0.455080 0.001950
vt 0.509770 0.025390
vt 0.509770 0.001950
vt 0.166020 0.001950
vt 0.228520 0.001950
vt 0.162110 0.001950
vt 0.255860 0.001950
vt 0.255860 0.025390
vt 0.314450 0.001950
vt 0.357420 0.001950
vt 0.427730 0.001950
vt 0.228520 0.081050
vt 0.253910 0.092770
vt 0.431640 0.197270
vt 0.494140 0.134770
vt 0.486330 0.197270
vt 0.525390 0.009770
vt 0.583980 0.072270
vt 0.583980 0.009770
vt 0.525390 0.072270
vt 0.583980 0.138670
vt 0.525390 0.138670
vt 0.583980 0.181640
vt 0.525390 0.181640
vt 0.583980 0.244140
vt 0.525390 0.244140
vt 0.583980 0.267580
vt 0.154300 0.001950
vt 0.091800 0.548340
vt 0.091310 0.541500
vt 0.077640 0.547850
vt 0.101560 0.548340
vt 0.090330 0.541500
vt 0.100590 0.547360
vt 0.767580 0.044920
vt 0.767580 0.001950
vt 0.802730 0.064450
vt 0.798830 0.001950
vt 0.798830 0.044920
vt 0.248050 0.564450
vt 0.116700 0.554200
vt 0.112300 0.819820
vt 0.048830 0.897460
vt 0.105470 0.876950
vt 0.050780 0.827150
vt 0.035640 0.868650
vt 0.028320 0.833010
vt 0.001950 0.858890
vt 0.806640 0.119140
vt 0.775390 0.083980
vt 0.111330 0.549320
vt 0.105960 0.549320
vt 0.081050 0.547360
vt 0.099610 0.586430
vt 0.102540 0.585940
vt 0.102050 0.584470
vt 0.105960 0.548340
vt 0.096190 0.581540
vt 0.075200 0.553220
vt 0.103520 0.585940
vt 0.106450 0.590330
vt 0.106450 0.589840
vt 0.120120 0.566410
vt 0.103030 0.588870
vt 0.104980 0.553220
vt 0.086430 0.558590
vt 0.104980 0.545410
vt 0.104490 0.544920
vt 0.046140 0.584470
vt 0.053710 0.557370
vt 0.072020 0.574460
vt 0.056400 0.575440
vt 0.056400 0.591310
vt 0.056150 0.602050
vt 0.044430 0.591550
vt 0.056150 0.605710
vt 0.044190 0.608400
vt 0.071290 0.538820
vt 0.056880 0.545410
vt 0.055660 0.551760
vt 0.071040 0.537110
vt 0.056640 0.543700
vt 0.070800 0.537110
vt 0.056640 0.546140
vt 0.070560 0.541260
vt 0.056640 0.555180
vt 0.067630 0.550780
vt 0.072020 0.555420
vt 0.071780 0.543460
vt 0.096190 0.580570
vt 0.095210 0.579590
vt 0.118160 0.998050
vt 0.087670 0.918400
vt 0.121960 0.942710
vt 0.033160 0.926810
vt 0.004390 0.930180
vt 0.071780 0.555660
vt 0.044430 0.551030
vt 0.044430 0.554440
vt 0.074710 0.590820
vt 0.056150 0.591310
vt 0.071780 0.574710
vt 0.075200 0.596680
vt 0.075680 0.599610
vt 0.056150 0.606450
vt 0.076660 0.604980
vt 0.118650 0.535640
vt 0.111330 0.535640
vt 0.108400 0.539060
vt 0.108890 0.549800
vt 0.240230 0.653320
vt 0.220700 0.576170
vt 0.244140 0.576170
vt 0.220700 0.653320
vt 0.193360 0.576170
vt 0.192380 0.652340
vt 0.169920 0.576170
vt 0.171880 0.653320
vt 0.237300 0.674800
vt 0.217770 0.674800
vt 0.195310 0.674800
vt 0.173830 0.674800
vt 0.611330 0.630860
vt 0.611330 0.619140
vt 0.626950 0.611330
vt 0.228520 0.525390
vt 0.177730 0.525390
vt 0.228520 0.560550
vt 0.435060 0.412600
vt 0.386720 0.389160
vt 0.436040 0.428220
vt 0.626950 0.849610
vt 0.623050 0.734380
vt 0.708980 0.861330
vt 0.626950 0.927730
vt 0.595700 0.986330
vt 0.669920 0.994140
vt 0.388670 0.591800
vt 0.435550 0.599610
vt 0.388670 0.513670
vt 0.708980 0.939450
vt 0.755860 0.947270
vt 0.595700 0.849610
vt 0.595700 0.734380
vt 0.708500 0.759280
vt 0.707030 0.736820
vt 0.756350 0.775880
vt 0.619140 0.697270
vt 0.619140 0.716800
vt 0.595700 0.689450
vt 0.294920 0.318360
vt 0.306640 0.271480
vt 0.291020 0.283200
vt 0.806640 0.994140
vt 0.880860 0.966800
vt 0.826170 0.958980
vt 0.880860 0.623050
vt 0.837890 0.603520
vt 0.888670 0.677730
vt 0.625780 0.075000
vt 0.598050 0.079300
vt 0.629690 0.003910
vt 0.876950 0.896480
vt 0.882810 0.906250
vt 0.882810 0.968750
vt 0.957030 0.906250
vt 0.645700 0.003910
vt 0.435550 0.521480
vt 0.654300 0.607420
vt 0.708980 0.603520
vt 0.664250 0.676150
vt 0.615230 0.666020
vt 0.789160 0.685170
vt 0.794920 0.603520
vt 0.830830 0.688870
vt 0.791020 0.876950
vt 0.791020 0.955080
vt 0.755860 0.994140
vt 0.650000 0.673440
vt 0.329690 0.325780
vt 0.343940 0.328500
vt 0.333980 0.271480
vt 0.388670 0.259770
vt 0.598050 0.008980
vt 0.626950 0.607420
vt 0.654300 0.603520
vt 0.333980 0.259770
vt 0.306640 0.259770
vt 0.291020 0.271480
vt 0.827150 0.849610
vt 0.828130 0.817380
vt 0.875000 0.839840
vt 0.876950 0.818360
vt 0.306640 0.410160
vt 0.306640 0.501950
vt 0.388670 0.424800
vt 0.300040 0.369140
vt 0.388180 0.403810
vt 0.791020 0.798830
vt 0.791990 0.778320
vt 0.830080 0.797850
vt 0.755860 0.776370
vt 0.754880 0.760740
vt 0.707030 0.737300
vt 0.826170 0.884770
vt 0.827640 0.849610
vt 0.876460 0.854490
vt 0.791500 0.823240
vt 0.791020 0.798340
vt 0.755860 0.869140
vt 0.755860 0.799800
vt 0.708980 0.772460
vt 0.595700 0.712890
vt 0.996090 0.808590
vt 0.996090 0.847660
vt 0.976560 0.808590
vt 0.595700 0.619140
vt 0.177730 0.560550
vt 0.168210 0.200390
vt 0.168210 0.250780
vt 0.234910 0.200460
vt 0.475100 0.827150
vt 0.479000 0.887210
vt 0.450200 0.882810
vt 0.446780 0.822750
vt 0.425780 0.877930
vt 0.417970 0.817870
vt 0.360840 0.845700
vt 0.356930 0.804200
vt 0.274900 0.808590
vt 0.278320 0.781250
vt 0.356930 0.812010
vt 0.417970 0.825680
vt 0.446780 0.830570
vt 0.475100 0.834960
vt 0.289060 0.769530
vt 0.278320 0.789060
vt 0.356450 0.812500
vt 0.356450 0.778320
vt 0.417970 0.826170
vt 0.414060 0.788090
vt 0.442380 0.791990
vt 0.471680 0.781250
vt 0.474610 0.827150
vt 0.446290 0.823240
vt 0.442380 0.776370
vt 0.417970 0.818360
vt 0.414060 0.772460
vt 0.356450 0.762700
vt 0.356450 0.804690
vt 0.446290 0.831050
vt 0.471680 0.796880
vt 0.289060 0.753910
vt 0.474610 0.834960
vt 0.274410 0.808590
vt 0.167970 0.201170
vt 0.167970 0.250980
vt 0.234380 0.201170
vt 0.108400 0.201170
vt 0.107420 0.250980
vt 0.171880 0.201170
vt 0.234380 0.250980
vt 0.171880 0.250980
vt 0.105470 0.201170
vt 0.167970 0.465820
vt 0.101560 0.466800
vt 0.173830 0.250980
vt 0.234380 0.465820
vt 0.173830 0.466800
vt 0.101560 0.250980
vt 0.177730 0.466800
vt 0.092770 0.466800
vt 0.162110 0.486330
vt 0.189450 0.486330
vt 0.162110 0.490230
vt 0.205080 0.498050
vt 0.216800 0.486330
vt 0.244140 0.486330
vt 0.244140 0.490230
vt 0.271480 0.470700
vt 0.271480 0.501950
vt 0.271480 0.486330
vt 0.224610 0.470700
vt 0.224610 0.501950
vt 0.197270 0.470700
vt 0.119140 0.470700
vt 0.119140 0.486330
vt 0.119140 0.501950
vt 0.158200 0.470700
vt 0.158200 0.486330
vt 0.185550 0.470700
vt 0.185550 0.486330
vt 0.158200 0.501950
vt 0.185550 0.501950
vt 0.197270 0.486330
vt 0.224610 0.486330
vt 0.197270 0.501950
vt 0.189450 0.490230
vt 0.216800 0.490230
vt 0.181640 0.486330
vt 0.232420 0.486330
vt 0.033200 0.501950
vt 0.033200 0.470700
vt 0.146480 0.501950
vt 0.146480 0.470700
vt 0.088453 0.532286
vt 0.090335 0.543456
vt 0.081326 0.532536
vt 0.020756 0.538320
vt 0.037106 0.538320
vt 0.020756 0.518790
vt 0.086767 0.539360
vt 0.095789 0.538990
vt 0.087121 0.549740
vt 0.099049 0.531856
vt 0.118413 0.531126
vt 0.099503 0.543086
vt 0.119581 0.542296
vt 0.119442 0.531066
vt 0.111344 0.531376
vt 0.102058 0.549130
vt 0.095866 0.538990
vt 0.107541 0.538510
vt 0.119194 0.549070
vt 0.090692 0.553836
vt 0.111270 0.542576
vt 0.105758 0.553216
vt 0.123017 0.553136
vt 0.099445 0.543046
vt 0.090692 0.553806
vt 0.090348 0.543396
vt 0.599610 0.556640
vt 0.994140 0.498050
vt 0.994140 0.427730
vt 0.994140 0.341800
vt 0.637430 0.462710
vt 0.599610 0.439060
vt 0.802730 0.080080
vt 0.759770 0.119140
vt 0.791020 0.126950
vt 0.759770 0.076170
vt 0.724610 0.076170
vt 0.125000 0.589840
vt 0.128910 0.583010
vt 0.130860 0.586910
vt 0.123050 0.583010
vt 0.123050 0.583980
vt 0.119630 0.551760
vt 0.113770 0.559570
vt 0.060060 0.528810
vt 0.060550 0.535400
vt 0.045650 0.542240
vt 0.067380 0.528320
vt 0.066410 0.533940
vt 0.084470 0.527100
vt 0.084720 0.531980
vt 0.063720 0.550290
vt 0.045650 0.566160
vt 0.067870 0.548100
vt 0.084960 0.544190
vt 0.130860 0.556640
vt 0.173830 0.653320
vt 0.203130 0.676760
vt 0.179690 0.673830
vt 0.203130 0.653320
vt 0.229490 0.672850
vt 0.234380 0.653320
vt 0.716800 0.083980
vt 0.759770 0.083980
vt 0.759770 0.123050
vt 0.802730 0.083980
vt 0.802730 0.134770
vt 0.973140 0.004390
vt 0.988280 0.010040
vt 0.830080 0.056640
vt 0.724610 0.115230
vt 0.759770 0.072270
vt 0.802730 0.119140
vt 0.806640 0.072270
vt 0.716800 0.072270
vt 0.802730 0.072270
vt 0.078350 0.614960
vt 0.082000 0.611850
vt 0.085550 0.614080
vt 0.732420 0.001950
vt 0.716800 0.001950
vt 0.806640 0.001950
vt 0.720700 0.001950
vt 0.791020 0.001950
vt 0.082890 0.613890
vt 0.085190 0.612150
vt 0.077970 0.616950
vt 0.085140 0.615820
vt 0.084910 0.613530
vt 0.070910 0.594260
vt 0.079690 0.592550
vt 0.071440 0.582960
vt 0.024400 0.632800
vt 0.059280 0.651940
vt 0.023890 0.633030
vt 0.118110 0.633900
vt 0.085100 0.652780
vt 0.033470 0.652360
vt 0.081570 0.611560
vt 0.081030 0.599590
vt 0.081880 0.607770
vt 0.104680 0.531760
vt 0.107240 0.536630
vt 0.105650 0.526420
vt 0.108430 0.531100
vt 0.106800 0.529600
vt 0.119870 0.551590
vt 0.125110 0.551280
vt 0.119680 0.551350
vt 0.099120 0.614260
vt 0.117680 0.608890
vt 0.099120 0.613280
vt 0.175780 0.655270
vt 0.204100 0.676760
vt 0.176760 0.671880
vt 0.203130 0.655270
vt 0.232420 0.671880
vt 0.234380 0.655270
vt 0.203130 0.590820
vt 0.235350 0.591800
vt 0.173830 0.590820
vt 0.203130 0.583010
vt 0.234380 0.583980
vt 0.171880 0.583010
vt 0.081540 0.611820
vt 0.076660 0.614260
vt 0.090330 0.579590
vt 0.083500 0.604980
vt 0.046880 0.551510
vt 0.026000 0.538820
vt 0.045410 0.535280
vt 0.022950 0.514400
vt 0.104490 0.539060
vt 0.106930 0.537110
vt 0.104490 0.532230
vt 0.104980 0.542480
vt 0.108400 0.531250
vt 0.105960 0.537600
vt 0.106450 0.529790
vt 0.234380 0.650390
vt 0.205080 0.576170
vt 0.240230 0.576170
vt 0.204100 0.650390
vt 0.173830 0.650390
vt 0.204100 0.678710
vt 0.177730 0.675780
vt 0.230470 0.675780
vt 0.083980 0.618650
vt 0.104490 0.610840
vt 0.121090 0.588870
vt 0.082030 0.614750
vt 0.084470 0.613770
vt 0.708980 0.994140
vt 0.595700 0.923830
vt 0.688280 0.082810
vt 0.664840 0.003910
vt 0.688280 0.008200
vt 0.657030 0.075000
vt 0.641800 0.074610
vt 0.595700 0.630860
vt 0.595700 0.666020
vt 0.619140 0.677730
vt 0.595700 0.673830
vt 0.330080 0.341800
vt 0.298830 0.330080
vt 0.398440 0.332520
vt 0.437990 0.335940
vt 0.431640 0.251950
vt 0.468840 0.337520
vt 0.466800 0.251950
vt 0.509770 0.340330
vt 0.505860 0.251950
vt 0.976560 0.667970
vt 0.996090 0.695310
vt 0.996090 0.667970
vt 0.976560 0.695310
vt 0.996090 0.753910
vt 0.882810 0.847660
vt 0.882810 0.808590
vt 0.882810 0.695310
vt 0.882810 0.667970
vt 0.882810 0.640630
vt 0.708980 0.599610
vt 0.755860 0.603520
vt 0.755860 0.599610
vt 0.794920 0.599610
vt 0.837890 0.599610
vt 0.880860 0.619140
vt 0.791990 0.777830
vt 0.830810 0.797120
vt 0.650390 0.689450
vt 0.664530 0.684870
vt 0.664530 0.689230
vt 0.664710 0.707680
vt 0.275390 0.318360
vt 0.275390 0.341800
vt 0.275390 0.365230
vt 0.275390 0.410160
vt 0.275390 0.501950
vt 0.755370 0.760250
vt 0.435550 0.452150
vt 0.344400 0.360030
vt 0.344250 0.343970
vt 0.344250 0.337820
vt 0.830570 0.688960
vt 0.830570 0.735350
vt 0.830570 0.797360
vt 0.173830 0.466310
vt 0.092770 0.466310
vt 0.105470 0.200680
vt 0.172360 0.200680
vt 0.754890 0.681270
vt 0.707200 0.677360
vt 0.830080 0.689450
vt 0.830080 0.735350
vt 0.129390 0.583010
vt 0.128910 0.582520
vt 0.997070 0.118160
vt 0.974120 0.116700
vt 0.060550 0.535640
vt 0.070310 0.574710
vt 0.082520 0.614260
vt 0.036620 0.596680
vt 0.834470 0.039060
vt 0.862790 0.022460
vt 0.991700 0.027340
vt 0.130860 0.521480
vt 0.045900 0.662110
vt 0.024900 0.656740
vt 0.082030 0.670900
vt 0.104000 0.662110
vt 0.988280 0.010250
vt 0.074220 0.584960
vt 0.071290 0.583010
vt 0.079100 0.592770
vt 0.083980 0.558590
vt 0.098630 0.554690
vt 0.084960 0.809570
vt 0.083980 0.755860
vt 0.083980 0.569340
vt 0.076170 0.557620
vt 0.078130 0.565430
vt 0.075200 0.557620
vt 0.830080 0.144530
vt 0.829100 0.126950
vt 0.851560 0.122070
vt 0.033200 0.810550
vt 0.033200 0.754880
vt 0.058590 0.810550
vt 0.057620 0.755860
vt 0.131840 0.585940
vt 0.132810 0.586910
vt 0.124020 0.551760
vt 0.119140 0.551760
vt 0.084960 0.614260
vt 0.036130 0.605470
vt 0.036130 0.574220
vt 0.105470 0.526860
vt 0.119140 0.538570
vt 0.112790 0.539550
vt 0.112790 0.555180
vt 0.093260 0.559080
vt 0.087400 0.563480
vt 0.072270 0.575680
vt 0.073730 0.585940
vt 0.075680 0.597660
vt 0.094730 0.597660
vt 0.118160 0.555660
vt 0.112300 0.553710
vt 0.075200 0.560550
vt 0.105960 0.588380
vt 0.076660 0.605960
vt 0.044430 0.597660
vt 0.044430 0.575200
vt 0.071290 0.539060
vt 0.070310 0.541500
vt 0.067870 0.555660
vt 0.044651 0.557850
vt 0.025785 0.557850
vt 0.055972 0.557850
vt 0.054713 0.538320
vt 0.102087 0.549120
vt 0.095866 0.538940
vt 0.087121 0.549710
vt 0.119204 0.549040
vt 0.115791 0.538150
vt 0.120234 0.537980
vt 0.120047 0.537980
vt 0.115813 0.538150
vt 0.107545 0.538480
vt 0.107622 0.527250
vt 0.095808 0.538950
vt 0.095406 0.527730
vt 0.086780 0.539300
vt 0.085527 0.528120
vt 0.099039 0.531826
vt 0.119601 0.542246
vt 0.111347 0.531346
vt 0.123867 0.542076
vt 0.124055 0.542076
vt 0.119578 0.542246
vt 0.099503 0.543036
vt 0.105771 0.553216
vt 0.115665 0.526930
vt 0.120086 0.526920
vt 0.119429 0.526780
vt 0.114638 0.526970
vt 0.074516 0.542416
vt 0.058039 0.522886
vt 0.074516 0.522886
vt 0.058039 0.542416
vt 0.040300 0.522886
vt 0.040300 0.542416
vt 0.023826 0.522886
vt 0.023826 0.542416
vt 0.123244 0.530876
vt 0.119451 0.531026
vt 0.123906 0.531016
vt 0.118416 0.531066
vt 0.037106 0.518790
vt 0.054713 0.518790
vt 0.071067 0.538320
vt 0.071067 0.518790
vt 0.059308 0.561946
vt 0.075782 0.561946
s 1
g off
g Mesh.818_DrawCall_59_top.png
usemtl top.png
f 1613/1/1613 1559/2/1559 839/3/839
f 799/4/799 1559/2/1559 1613/1/1613
f 799/4/799 1558/5/1558 1559/2/1559
f 1585/6/1585 1558/5/1558 799/4/799
f 1585/6/1585 1560/7/1560 1558/5/1558
f 1586/8/1586 1560/7/1560 1585/6/1585
f 1586/8/1586 1561/9/1561 1560/7/1560
f 1587/10/1587 1561/9/1561 1586/8/1586
f 1587/10/1587 248/11/248 1561/9/1561
f 249/12/249 248/11/248 1587/10/1587
f 249/12/249 1590/13/1590 248/11/248
s 2
f 292/14/292 288/15/288 287/16/287
f 293/17/293 288/15/288 292/14/292
f 293/17/293 289/18/289 288/15/288
f 294/19/294 289/18/289 293/17/293
f 294/19/294 290/20/290 289/18/289
f 295/21/295 290/20/290 294/19/294
f 291/22/291 293/17/293 292/14/292
f 302/23/302 293/17/293 291/22/291
f 302/23/302 294/19/294 293/17/293
f 304/24/304 294/19/294 302/23/302
f 304/24/304 295/21/295 294/19/294
f 306/25/306 295/21/295 304/24/304
f 346/26/346 289/27/289 290/28/290
f 296/29/296 289/27/289 346/26/346
f 296/29/296 288/30/288 289/27/289
f 340/31/340 288/30/288 296/29/296
f 340/31/340 287/32/287 288/30/288
f 297/33/297 287/32/287 340/31/340
f 345/34/345 298/23/298 342/22/342
f 299/35/299 298/23/298 345/34/345
f 299/35/299 334/24/334 298/23/298
f 300/36/300 334/24/334 299/35/299
f 300/36/300 336/25/336 334/24/334
f 301/36/301 302/24/302 291/25/291
f 303/35/303 302/24/302 301/36/301
f 303/35/303 304/23/304 302/24/302
f 305/34/305 304/23/304 303/35/303
f 305/34/305 306/22/306 304/23/304
f 307/37/307 306/22/306 305/34/305
s 3
f 308/38/308 310/39/310 309/40/309
f 311/41/311 310/39/310 308/38/308
f 311/41/311 325/42/325 310/39/310
f 312/43/312 325/42/325 311/41/311
f 312/43/312 313/44/313 325/42/325
f 314/45/314 313/44/313 312/43/312
f 314/45/314 315/46/315 313/44/313
f 316/47/316 315/46/315 314/45/314
f 316/47/316 324/48/324 315/46/315
f 317/49/317 324/48/324 316/47/316
f 317/49/317 331/50/331 324/48/324
f 318/51/318 331/50/331 317/49/317
f 318/51/318 332/52/332 331/50/331
f 310/39/310 326/53/326 309/40/309
f 319/54/319 326/53/326 310/39/310
f 319/54/319 320/55/320 326/53/326
f 321/56/321 320/55/320 319/54/319
f 321/56/321 322/57/322 320/55/320
f 323/58/323 322/57/322 321/56/321
f 323/58/323 328/59/328 322/57/322
f 324/48/324 328/59/328 323/58/323
f 324/48/324 331/50/331 328/59/328
f 323/58/323 315/46/315 324/48/324
f 321/56/321 315/46/315 323/58/323
f 321/56/321 313/44/313 315/46/315
f 319/54/319 313/44/313 321/56/321
f 319/54/319 325/42/325 313/44/313
f 310/39/310 325/42/325 319/54/319
f 320/55/320 330/60/330 326/53/326
f 322/57/322 330/60/330 320/55/320
f 322/57/322 327/61/327 330/60/330
f 328/59/328 327/61/327 322/57/322
f 328/59/328 329/62/329 327/61/327
f 332/52/332 329/62/329 328/59/328
f 326/53/326 330/60/330 309/40/309
f 331/50/331 332/52/332 328/59/328
s 2
f 298/24/298 343/19/343 333/21/333
f 334/23/334 343/19/343 298/24/298
f 334/23/334 335/17/335 343/19/343
f 336/22/336 335/17/335 334/23/334
f 336/22/336 339/14/339 335/17/335
f 343/19/343 347/18/347 337/20/337
f 335/17/335 347/18/347 343/19/343
f 335/17/335 338/15/338 347/18/347
f 339/14/339 338/15/338 335/17/335
f 339/14/339 341/16/341 338/15/338
f 347/27/347 296/29/296 346/26/346
f 338/30/338 296/29/296 347/27/347
f 338/30/338 340/31/340 296/29/296
f 341/32/341 340/31/340 338/30/338
f 341/32/341 297/33/297 340/31/340
f 342/25/342 298/24/298 333/21/333
f 333/21/333 343/19/343 337/20/337
f 344/37/344 345/34/345 342/22/342
f 337/28/337 347/27/347 346/26/346
s 4
f 348/28/348 349/63/349 359/64/359
f 350/65/350 348/28/348 359/64/359
f 350/65/350 359/64/359 351/66/351
f 431/67/431 350/65/350 351/66/351
f 431/67/431 351/66/351 352/68/352
f 440/32/440 431/67/431 352/68/352
f 353/69/353 354/70/354 355/71/355
f 358/72/358 353/69/353 355/71/355
f 358/72/358 355/71/355 356/73/356
f 360/74/360 358/72/358 356/73/356
f 360/74/360 356/73/356 357/75/357
f 361/76/361 360/74/360 357/75/357
f 349/68/349 353/69/353 358/72/358
f 359/66/359 349/68/349 358/72/358
f 359/66/359 358/72/358 360/74/360
f 351/64/351 359/66/359 360/74/360
f 351/64/351 360/74/360 361/76/361
f 352/63/352 351/64/351 361/76/361
f 421/67/421 438/68/438 430/66/430
f 422/65/422 421/67/421 430/66/430
f 422/65/422 430/66/430 428/64/428
f 433/28/433 422/65/422 428/64/428
f 433/28/433 428/64/428 423/63/423
f 436/71/436 424/69/424 434/72/434
f 425/73/425 436/71/436 434/72/434
f 425/73/425 434/72/434 429/74/429
f 426/75/426 425/73/425 429/74/429
f 426/75/426 429/74/429 427/76/427
f 434/72/434 423/68/423 428/66/428
f 429/74/429 434/72/434 428/66/428
f 429/74/429 428/66/428 430/64/430
f 427/76/427 429/74/429 430/64/430
f 427/76/427 430/64/430 438/63/438
f 431/30/431 437/31/437 441/29/441
f 350/27/350 431/30/431 441/29/441
f 350/27/350 441/29/441 432/77/432
f 348/78/348 350/27/350 432/77/432
f 433/78/433 432/77/432 422/27/422
f 424/69/424 423/68/423 434/72/434
f 435/70/435 424/69/424 436/71/436
f 431/30/431 440/79/440 437/31/437
f 442/32/442 438/68/438 421/67/421
f 439/80/439 442/79/442 437/31/437
f 439/80/439 437/31/437 440/79/440
f 437/31/437 421/30/421 441/29/441
f 422/27/422 441/29/441 421/30/421
f 421/30/421 437/31/437 442/79/442
f 441/29/441 422/27/422 432/77/432
s 1
f 997/81/997 1523/82/1523 789/83/789
f 790/84/790 791/85/791 1523/86/1523
f 929/87/929 954/88/954 792/89/792
f 813/90/813 964/91/964 793/92/793
f 995/93/995 1673/94/1673 930/95/930
f 794/96/794 1612/97/1612 1608/98/1608
f 926/99/926 803/100/803 795/101/795
f 1540/102/1540 1623/103/1623 794/104/794
f 798/105/798 796/106/796 1602/107/1602
f 797/108/797 799/109/799 798/87/798
f 945/110/945 944/111/944 1607/112/1607
f 1606/113/1606 1542/114/1542 945/110/945
f 993/115/993 995/116/995 992/117/992
f 827/118/827 828/119/828 924/120/924
f 800/121/800 802/122/802 801/123/801
f 1650/124/1650 802/125/802 800/126/800
f 807/127/807 800/121/800 1596/128/1596
f 795/101/795 803/100/803 952/129/952
f 831/130/831 804/131/804 1644/87/1644
f 805/132/805 1552/133/1552 806/134/806
f 807/135/807 1596/136/1596 808/137/808
f 810/138/810 828/139/828 809/140/809
f 925/141/925 828/142/828 810/143/810
f 1530/144/1530 791/145/791 790/146/790
f 1574/147/1574 812/148/812 811/149/811
f 1574/147/1574 811/149/811 1659/150/1659
f 810/138/810 1556/151/1556 1557/152/1557
f 813/153/813 793/154/793 924/120/924
f 1644/109/1644 804/155/804 921/156/921
f 986/157/986 1569/158/1569 814/159/814
f 989/160/989 815/161/815 962/162/962
f 1651/163/1651 816/164/816 802/165/802
f 834/166/834 1573/167/1573 817/168/817
f 818/169/818 834/166/834 817/168/817
f 839/3/839 838/170/838 819/171/819
f 819/171/819 934/172/934 1683/173/1683
f 1590/174/1590 1683/175/1683 248/176/248
f 1523/92/1523 997/177/997 820/178/820
f 821/179/821 1575/180/1575 1526/181/1526
f 1612/97/1612 824/182/824 941/183/941
f 1533/184/1533 808/137/808 822/185/822
f 1530/144/1530 790/146/790 1647/186/1647
f 1533/187/1533 1652/188/1652 823/189/823
f 986/157/986 1630/190/1630 997/191/997
f 921/192/921 804/193/804 938/194/938
f 824/195/824 1612/196/1612 1611/197/1611
f 825/198/825 1596/199/1596 826/200/826
f 940/201/940 1541/202/1541 1624/203/1624
f 821/179/821 812/204/812 1575/180/1575
f 809/205/809 828/206/828 827/207/827
f 829/208/829 830/209/830 1537/210/1537
f 831/130/831 1644/87/1644 832/106/832
f 948/211/948 833/151/833 957/212/957
f 1586/213/1586 1585/214/1585 834/215/834
f 829/216/829 1537/217/1537 835/218/835
f 829/219/829 836/220/836 830/221/830
f 801/123/801 1596/128/1596 800/121/800
f 927/222/927 837/223/837 791/109/791
f 809/205/809 827/207/827 991/89/991
f 827/207/827 793/224/793 991/89/991
f 838/170/838 839/3/839 1559/2/1559
f 921/156/921 922/89/922 1644/109/1644
f 1680/225/1680 950/226/950 918/227/918
f 950/159/950 1680/228/1680 1678/229/1678
f 919/230/919 1627/231/1627 950/232/950
f 950/159/950 1678/229/1678 919/233/919
f 1680/225/1680 918/227/918 1679/234/1679
f 1540/235/1540 920/236/920 1626/237/1626
f 994/238/994 1599/239/1599 930/240/930
f 992/241/992 930/240/930 1599/239/1599
f 832/177/832 1599/90/1599 985/242/985
f 1598/153/1598 922/89/922 921/156/921
f 831/243/831 832/177/832 985/242/985
f 1675/244/1675 923/109/923 1592/245/1592
f 988/246/988 1599/247/1599 1618/248/1618
f 810/143/810 1557/249/1557 925/141/925
f 793/219/793 966/250/966 1598/251/1598
f 1556/252/1556 991/253/991 990/254/990
f 1556/151/1556 809/140/809 991/233/991
f 827/118/827 924/120/924 793/154/793
f 924/255/924 828/142/828 925/141/925
f 1556/151/1556 810/138/810 809/140/809
f 990/256/990 926/99/926 1556/257/1556
f 952/129/952 1426/258/1426 795/101/795
f 1655/259/1655 927/222/927 791/109/791
f 1605/260/1605 1426/224/1426 953/261/953
f 928/262/928 952/263/952 994/238/994
f 955/264/955 837/103/837 953/265/953
f 929/266/929 996/267/996 1539/268/1539
f 1673/94/1673 994/238/994 930/95/930
f 1568/269/1568 987/270/987 1658/267/1658
f 962/220/962 931/271/931 1591/201/1591
f 1675/244/1675 1676/103/1676 923/272/923
f 1598/273/1598 921/192/921 939/274/939
f 806/275/806 1552/276/1552 932/277/932
f 933/278/933 835/218/835 1537/217/1537
f 248/176/248 1683/175/1683 934/172/934
f 1640/279/1640 935/87/935 1639/280/1639
f 997/177/997 1662/89/1662 820/178/820
f 937/281/937 966/282/966 965/283/965
f 966/250/966 937/284/937 936/285/936
f 965/283/965 1634/286/1634 937/281/937
f 800/126/800 807/128/807 1650/124/1650
f 1663/287/1663 964/91/964 932/277/932
f 964/288/964 963/289/963 806/134/806
f 938/194/938 939/274/939 921/192/921
f 1624/203/1624 1626/237/1626 940/201/940
f 941/183/941 1608/98/1608 1612/97/1612
f 989/290/989 987/270/987 1623/106/1623
f 942/291/942 968/292/968 943/293/943
f 944/111/944 945/110/945 1542/114/1542
f 791/145/791 1530/144/1530 1654/294/1654
f 822/185/822 808/137/808 1596/136/1596
f 830/221/830 836/220/836 1576/282/1576
f 934/172/934 819/171/819 838/170/838
f 792/295/792 953/261/953 1426/224/1426
f 1572/296/1572 947/109/947 946/297/946
f 946/87/946 947/260/947 948/211/948
f 1537/210/1537 830/298/830 1682/299/1682
f 1537/210/1537 1682/299/1682 949/300/949
f 918/227/918 950/226/950 1627/301/1627
f 922/272/922 1627/253/1627 1669/302/1669
f 1675/303/1675 919/233/919 1678/229/1678
f 1613/216/1613 951/85/951 1615/304/1615
f 994/272/994 952/273/952 803/305/803
f 952/306/952 792/307/792 1426/224/1426
f 1605/260/1605 953/265/953 837/103/837
f 953/261/953 792/295/792 954/308/954
f 837/309/837 955/310/955 929/311/929
f 954/312/954 929/311/929 955/310/955
f 1539/268/1539 837/200/837 929/266/929
f 408/84/408 956/313/956 960/314/960
f 408/84/408 957/85/957 956/313/956
f 1674/315/1674 792/307/792 952/306/952
f 957/85/957 958/84/958 959/316/959
f 959/316/959 956/313/956 957/85/957
f 960/314/960 959/316/959 958/84/958
f 959/316/959 960/314/960 956/313/956
f 960/162/960 958/247/958 967/317/967
f 833/260/833 1656/318/1656 957/319/957
f 832/320/832 1644/160/1644 961/321/961
f 1577/322/1577 962/162/962 815/161/815
f 936/285/936 1598/251/1598 966/250/966
f 931/271/931 962/220/962 919/290/919
f 960/219/960 935/87/935 1640/279/1640
f 964/288/964 813/90/813 963/289/963
f 805/132/805 806/134/806 963/289/963
f 806/275/806 932/277/932 964/91/964
f 1554/323/1554 963/289/963 813/90/813
f 1397/158/1397 1553/324/1553 50/325/50
f 1663/287/1663 793/92/793 964/91/964
f 946/87/946 948/211/948 957/212/957
f 967/317/967 965/283/965 966/326/966
f 967/317/967 966/326/966 935/233/935
f 793/327/793 935/233/935 966/326/966
f 960/260/960 967/317/967 935/233/935
f 1676/109/1676 1677/328/1677 1571/273/1571
f 1548/329/1548 1676/319/1676 968/292/968
f 997/330/997 1630/331/1630 1544/332/1544
f 1545/332/1545 943/293/943 968/292/968
f 968/292/968 942/291/942 1548/329/1548
f 1666/333/1666 798/334/798 1664/303/1664
f 997/335/997 1544/336/1544 1662/337/1662
s 5
f 1139/338/1139 1142/339/1142 1093/340/1093
f 1121/341/1121 1142/339/1142 1139/338/1139
f 1121/341/1121 1143/342/1143 1142/339/1142
f 1119/343/1119 1143/342/1143 1121/341/1121
f 1119/343/1119 969/344/969 1143/342/1143
f 1118/345/1118 969/344/969 1119/343/1119
f 1118/345/1118 1027/346/1027 969/344/969
f 1117/347/1117 1027/346/1027 1118/345/1118
f 1117/347/1117 1026/348/1026 1027/346/1027
f 1116/349/1116 1026/348/1026 1117/347/1117
f 1116/349/1116 970/350/970 1026/348/1026
f 971/351/971 970/350/970 1116/349/1116
f 971/351/971 1025/352/1025 970/350/970
f 972/353/972 1025/352/1025 971/351/971
f 972/353/972 1137/354/1137 1025/352/1025
f 973/355/973 1137/354/1137 972/353/972
f 973/355/973 1138/356/1138 1137/354/1137
f 1068/357/1068 1138/356/1138 973/355/973
f 1068/357/1068 974/358/974 1138/356/1138
f 1146/359/1146 974/358/974 1068/357/1068
f 1146/359/1146 1043/360/1043 974/358/974
f 1030/361/1030 1043/360/1043 1146/359/1146
s 6
f 1148/359/1148 976/358/976 975/360/975
f 977/357/977 976/358/976 1148/359/1148
f 977/357/977 978/356/978 976/358/976
f 1053/355/1053 978/356/978 977/357/977
f 1053/355/1053 1131/354/1131 978/356/978
f 1106/353/1106 1131/354/1131 1053/355/1053
f 1106/353/1106 979/352/979 1131/354/1131
f 1101/351/1101 979/352/979 1106/353/1106
f 1101/351/1101 999/350/999 979/352/979
f 980/349/980 999/350/999 1101/351/1101
f 980/349/980 1001/348/1001 999/350/999
f 981/347/981 1001/348/1001 980/349/980
f 981/347/981 1002/346/1002 1001/348/1001
f 1099/345/1099 1002/346/1002 981/347/981
f 1099/345/1099 982/344/982 1002/346/1002
f 1102/343/1102 982/344/982 1099/345/1099
f 1102/343/1102 1070/342/1070 982/344/982
f 983/341/983 1070/342/1070 1102/343/1102
f 983/341/983 1069/339/1069 1070/342/1070
f 984/338/984 1069/339/1069 983/341/983
f 984/338/984 1075/340/1075 1069/339/1069
s 1
f 985/242/985 804/362/804 831/243/831
f 1630/190/1630 986/157/986 814/159/814
f 1568/269/1568 1623/106/1623 987/270/987
f 1618/248/1618 1620/363/1620 988/246/988
f 989/364/989 1623/273/1623 832/337/832
f 1599/247/1599 988/246/988 993/323/993
f 993/115/993 1539/106/1539 996/365/996
f 990/256/990 803/366/803 926/99/926
f 994/367/994 990/254/990 991/253/991
f 991/320/991 1599/239/1599 994/238/994
f 992/117/992 1599/253/1599 993/115/993
f 928/262/928 994/238/994 1673/94/1673
f 994/367/994 803/119/803 990/254/990
f 992/241/992 995/368/995 930/240/930
f 996/365/996 995/116/995 993/115/993
f 953/265/953 954/369/954 955/264/955
f 789/83/789 986/364/986 997/81/997
s 6
f 979/352/979 998/370/998 1131/354/1131
f 999/350/999 998/370/998 979/352/979
f 999/350/999 1000/371/1000 998/370/998
f 1001/348/1001 1000/371/1000 999/350/999
f 1001/348/1001 1134/372/1134 1000/371/1000
f 1002/346/1002 1134/372/1134 1001/348/1001
f 1002/346/1002 1060/373/1060 1134/372/1134
f 982/344/982 1060/373/1060 1002/346/1002
f 982/344/982 1058/374/1058 1060/373/1060
f 1147/375/1147 1058/374/1058 982/344/982
f 1147/375/1147 1056/376/1056 1058/374/1058
f 1003/377/1003 1056/376/1056 1147/375/1147
f 1003/377/1003 1055/378/1055 1056/376/1056
f 1004/379/1004 1055/378/1055 1003/377/1003
f 1004/379/1004 1005/380/1005 1055/378/1055
f 1108/381/1108 1005/380/1005 1004/379/1004
f 1108/381/1108 1053/382/1053 1005/380/1005
f 1106/383/1106 1053/382/1053 1108/381/1108
f 1148/384/1148 1054/385/1054 977/386/977
f 1023/387/1023 1054/385/1054 1148/384/1148
f 1023/387/1023 1006/388/1006 1054/385/1054
f 1007/389/1007 1006/388/1006 1023/387/1023
f 1007/389/1007 1057/390/1057 1006/388/1006
f 1008/391/1008 1057/390/1057 1007/389/1007
f 1008/391/1008 1059/392/1059 1057/390/1057
f 1019/393/1019 1059/392/1059 1008/391/1008
f 1019/393/1019 1061/394/1061 1059/392/1059
f 1009/395/1009 1061/394/1061 1019/393/1019
f 1009/395/1009 1010/396/1010 1061/394/1061
f 1011/397/1011 1010/396/1010 1009/395/1009
f 1011/397/1011 1133/398/1133 1010/396/1010
f 1012/399/1012 1133/398/1133 1011/397/1011
f 1012/399/1012 1132/400/1132 1133/398/1133
f 1013/401/1013 1132/400/1132 1012/399/1012
f 1013/401/1013 978/356/978 1132/400/1132
f 976/358/976 978/356/978 1013/401/1013
f 976/358/976 1014/402/1014 975/360/975
f 1013/401/1013 1014/402/1014 976/358/976
f 1013/401/1013 1015/403/1015 1014/402/1014
f 1012/399/1012 1015/403/1015 1013/401/1013
f 1012/399/1012 1016/404/1016 1015/403/1015
f 1011/397/1011 1016/404/1016 1012/399/1012
f 1011/397/1011 1017/405/1017 1016/404/1016
f 1009/395/1009 1017/405/1017 1011/397/1011
f 1009/395/1009 1018/406/1018 1017/405/1017
f 1019/393/1019 1018/406/1018 1009/395/1009
f 1019/393/1019 1020/407/1020 1018/406/1018
f 1008/391/1008 1020/407/1020 1019/393/1019
f 1008/391/1008 1021/408/1021 1020/407/1020
f 1007/389/1007 1021/408/1021 1008/391/1008
f 1007/389/1007 1022/409/1022 1021/408/1021
f 1023/387/1023 1022/409/1022 1007/389/1007
f 1023/387/1023 1024/410/1024 1022/409/1022
f 1148/384/1148 1024/410/1024 1023/387/1023
s 5
f 1140/370/1140 970/350/970 1025/352/1025
f 1135/371/1135 970/350/970 1140/370/1140
f 1135/371/1135 1026/348/1026 970/350/970
f 1063/372/1063 1026/348/1026 1135/371/1135
f 1063/372/1063 1027/346/1027 1026/348/1026
f 1065/373/1065 1027/346/1027 1063/372/1063
f 1065/373/1065 969/344/969 1027/346/1027
f 1066/374/1066 969/344/969 1065/373/1065
f 1066/374/1066 1144/375/1144 969/344/969
f 1028/376/1028 1144/375/1144 1066/374/1066
f 1028/376/1028 1110/377/1110 1144/375/1144
f 1067/378/1067 1110/377/1110 1028/376/1028
f 1067/378/1067 1111/379/1111 1110/377/1110
f 1029/380/1029 1111/379/1111 1067/378/1067
f 1029/380/1029 1113/381/1113 1111/379/1111
f 973/382/973 1113/381/1113 1029/380/1029
f 973/382/973 972/383/972 1113/381/1113
f 1045/387/1045 1031/409/1031 1030/410/1030
f 1032/389/1032 1031/409/1031 1045/387/1045
f 1032/389/1032 1033/408/1033 1031/409/1031
f 1048/391/1048 1033/408/1033 1032/389/1032
f 1048/391/1048 1034/407/1034 1033/408/1033
f 1035/393/1035 1034/407/1034 1048/391/1048
f 1035/393/1035 1036/406/1036 1034/407/1034
f 1050/395/1050 1036/406/1036 1035/393/1035
f 1050/395/1050 1037/405/1037 1036/406/1036
f 1038/397/1038 1037/405/1037 1050/395/1050
f 1038/397/1038 1039/404/1039 1037/405/1037
f 1040/399/1040 1039/404/1039 1038/397/1038
f 1040/399/1040 1041/403/1041 1039/404/1039
f 1052/401/1052 1041/403/1041 1040/399/1040
f 1052/401/1052 1042/402/1042 1041/403/1041
f 974/358/974 1042/402/1042 1052/401/1052
f 974/358/974 1043/360/1043 1042/402/1042
f 1044/385/1044 1045/387/1045 1146/384/1146
f 1046/388/1046 1045/387/1045 1044/385/1044
f 1046/388/1046 1032/389/1032 1045/387/1045
f 1047/390/1047 1032/389/1032 1046/388/1046
f 1047/390/1047 1048/391/1048 1032/389/1032
f 1049/392/1049 1048/391/1048 1047/390/1047
f 1049/392/1049 1035/393/1035 1048/391/1048
f 1064/394/1064 1035/393/1035 1049/392/1049
f 1064/394/1064 1050/395/1050 1035/393/1035
f 1051/396/1051 1050/395/1050 1064/394/1064
f 1051/396/1051 1038/397/1038 1050/395/1050
f 1062/398/1062 1038/397/1038 1051/396/1051
f 1062/398/1062 1040/399/1040 1038/397/1038
f 1136/400/1136 1040/399/1040 1062/398/1062
f 1136/400/1136 1052/401/1052 1040/399/1040
f 1138/356/1138 1052/401/1052 1136/400/1136
f 1138/356/1138 974/358/974 1052/401/1052
s 6
f 977/386/977 1005/380/1005 1053/382/1053
f 1054/385/1054 1005/380/1005 977/386/977
f 1054/385/1054 1055/378/1055 1005/380/1005
f 1006/388/1006 1055/378/1055 1054/385/1054
f 1006/388/1006 1056/376/1056 1055/378/1055
f 1057/390/1057 1056/376/1056 1006/388/1006
f 1057/390/1057 1058/374/1058 1056/376/1056
f 1059/392/1059 1058/374/1058 1057/390/1057
f 1059/392/1059 1060/373/1060 1058/374/1058
f 1061/394/1061 1060/373/1060 1059/392/1059
f 1061/394/1061 1134/372/1134 1060/373/1060
f 1010/396/1010 1134/372/1134 1061/394/1061
f 1010/396/1010 1133/398/1133 1134/372/1134
s 5
f 1051/396/1051 1063/372/1063 1062/398/1062
f 1064/394/1064 1063/372/1063 1051/396/1051
f 1064/394/1064 1065/373/1065 1063/372/1063
f 1049/392/1049 1065/373/1065 1064/394/1064
f 1049/392/1049 1066/374/1066 1065/373/1065
f 1047/390/1047 1066/374/1066 1049/392/1049
f 1047/390/1047 1028/376/1028 1066/374/1066
f 1046/388/1046 1028/376/1028 1047/390/1047
f 1046/388/1046 1067/378/1067 1028/376/1028
f 1044/385/1044 1067/378/1067 1046/388/1046
f 1044/385/1044 1029/380/1029 1067/378/1067
f 1068/386/1068 1029/380/1029 1044/385/1044
f 1068/386/1068 973/382/973 1029/380/1029
s 6
f 1069/339/1069 1149/411/1149 1070/342/1070
f 1071/412/1071 1149/411/1149 1069/339/1069
f 1071/412/1071 1072/413/1072 1149/411/1149
f 1077/414/1077 1072/413/1072 1071/412/1071
f 1077/414/1077 1109/415/1109 1072/413/1072
f 1073/416/1073 1109/415/1109 1077/414/1077
f 1073/416/1073 1074/417/1074 1109/415/1109
f 1080/418/1080 1074/417/1074 1073/416/1073
f 1080/418/1080 1107/419/1107 1074/417/1074
f 1082/420/1082 1107/419/1107 1080/418/1080
f 1075/340/1075 1071/412/1071 1069/339/1069
f 1076/421/1076 1071/412/1071 1075/340/1075
f 1076/421/1076 1077/414/1077 1071/412/1071
f 1078/422/1078 1077/414/1077 1076/421/1076
f 1078/422/1078 1073/416/1073 1077/414/1077
f 1079/423/1079 1073/416/1073 1078/422/1078
f 1079/423/1079 1080/418/1080 1073/416/1073
f 1081/424/1081 1080/418/1080 1079/423/1079
f 1081/424/1081 1082/420/1082 1080/418/1080
f 1083/425/1083 1082/420/1082 1081/424/1081
s 5
f 1145/411/1145 1092/412/1092 1142/339/1142
f 1141/413/1141 1092/412/1092 1145/411/1145
f 1141/413/1141 1090/414/1090 1092/412/1092
f 1112/415/1112 1090/414/1090 1141/413/1141
f 1112/415/1112 1088/416/1088 1090/414/1090
f 1114/417/1114 1088/416/1088 1112/415/1112
f 1114/417/1114 1084/418/1084 1088/416/1088
f 1115/419/1115 1084/418/1084 1114/417/1114
f 1115/419/1115 1086/420/1086 1084/418/1084
f 1085/424/1085 1084/418/1084 1086/420/1086
f 1087/423/1087 1084/418/1084 1085/424/1085
f 1087/423/1087 1088/416/1088 1084/418/1084
f 1089/422/1089 1088/416/1088 1087/423/1087
f 1089/422/1089 1090/414/1090 1088/416/1088
f 1091/421/1091 1090/414/1090 1089/422/1089
f 1091/421/1091 1092/412/1092 1090/414/1090
f 1093/340/1093 1092/412/1092 1091/421/1091
f 1093/340/1093 1142/339/1142 1092/412/1092
s 6
f 983/341/983 1094/426/1094 984/338/984
f 1095/427/1095 1094/426/1094 983/341/983
f 1095/427/1095 1096/428/1096 1094/426/1094
f 1097/429/1097 1096/428/1096 1095/427/1095
f 1097/429/1097 1098/430/1098 1096/428/1096
f 1104/431/1104 1098/430/1098 1097/429/1097
f 1104/431/1104 1083/432/1083 1098/430/1098
f 1082/433/1082 1083/432/1083 1104/431/1104
f 1099/345/1099 1100/434/1100 1102/343/1102
f 981/347/981 1100/434/1100 1099/345/1099
f 981/347/981 1103/435/1103 1100/434/1100
f 980/349/980 1103/435/1103 981/347/981
f 980/349/980 1105/436/1105 1103/435/1103
f 1101/351/1101 1105/436/1105 980/349/980
f 1101/351/1101 1107/437/1107 1105/436/1105
f 1106/353/1106 1107/437/1107 1101/351/1101
f 1102/343/1102 1095/427/1095 983/341/983
f 1100/434/1100 1095/427/1095 1102/343/1102
f 1100/434/1100 1097/429/1097 1095/427/1095
f 1103/435/1103 1097/429/1097 1100/434/1100
f 1103/435/1103 1104/431/1104 1097/429/1097
f 1105/436/1105 1104/431/1104 1103/435/1103
f 1105/436/1105 1082/433/1082 1104/431/1104
f 1107/437/1107 1082/433/1082 1105/436/1105
f 1106/383/1106 1074/417/1074 1107/419/1107
f 1108/381/1108 1074/417/1074 1106/383/1106
f 1108/381/1108 1109/415/1109 1074/417/1074
f 1004/379/1004 1109/415/1109 1108/381/1108
f 1004/379/1004 1072/413/1072 1109/415/1109
f 1003/377/1003 1072/413/1072 1004/379/1004
f 1003/377/1003 1147/375/1147 1072/413/1072
s 5
f 1110/377/1110 1141/413/1141 1144/375/1144
f 1111/379/1111 1141/413/1141 1110/377/1110
f 1111/379/1111 1112/415/1112 1141/413/1141
f 1113/381/1113 1112/415/1112 1111/379/1111
f 1113/381/1113 1114/417/1114 1112/415/1112
f 972/383/972 1114/417/1114 1113/381/1113
f 972/383/972 1115/419/1115 1114/417/1114
f 971/351/971 1127/436/1127 1115/437/1115
f 1116/349/1116 1127/436/1127 971/351/971
f 1116/349/1116 1129/435/1129 1127/436/1127
f 1117/347/1117 1129/435/1129 1116/349/1116
f 1117/347/1117 1130/434/1130 1129/435/1129
f 1118/345/1118 1130/434/1130 1117/347/1117
f 1118/345/1118 1119/343/1119 1130/434/1130
f 1120/426/1120 1122/427/1122 1121/341/1121
f 1123/428/1123 1122/427/1122 1120/426/1120
f 1123/428/1123 1124/429/1124 1122/427/1122
f 1125/430/1125 1124/429/1124 1123/428/1123
f 1125/430/1125 1128/431/1128 1124/429/1124
f 1126/432/1126 1128/431/1128 1125/430/1125
f 1126/432/1126 1086/433/1086 1128/431/1128
f 1127/436/1127 1128/431/1128 1086/433/1086
f 1129/435/1129 1128/431/1128 1127/436/1127
f 1129/435/1129 1124/429/1124 1128/431/1128
f 1130/434/1130 1124/429/1124 1129/435/1129
f 1130/434/1130 1122/427/1122 1124/429/1124
f 1119/343/1119 1122/427/1122 1130/434/1130
f 1119/343/1119 1121/341/1121 1122/427/1122
s 6
f 1131/354/1131 1132/400/1132 978/356/978
f 998/370/998 1132/400/1132 1131/354/1131
f 998/370/998 1133/398/1133 1132/400/1132
f 1000/371/1000 1133/398/1133 998/370/998
f 1000/371/1000 1134/372/1134 1133/398/1133
s 5
f 1135/371/1135 1062/398/1062 1063/372/1063
f 1140/370/1140 1062/398/1062 1135/371/1135
f 1140/370/1140 1136/400/1136 1062/398/1062
f 1137/354/1137 1136/400/1136 1140/370/1140
f 1137/354/1137 1138/356/1138 1136/400/1136
f 1139/338/1139 1120/426/1120 1121/341/1121
f 1137/354/1137 1140/370/1140 1025/352/1025
f 1145/411/1145 1144/375/1144 1141/413/1141
f 1143/342/1143 1145/411/1145 1142/339/1142
f 1068/386/1068 1044/385/1044 1146/384/1146
f 969/344/969 1144/375/1144 1143/342/1143
f 1145/411/1145 1143/342/1143 1144/375/1144
f 1146/384/1146 1045/387/1045 1030/410/1030
f 1115/437/1115 1127/436/1127 1086/433/1086
f 1126/425/1126 1085/424/1085 1086/420/1086
f 972/353/972 971/351/971 1115/437/1115
s 6
f 1149/411/1149 1147/375/1147 1070/342/1070
f 982/344/982 1070/342/1070 1147/375/1147
f 1024/361/1024 1148/359/1148 975/360/975
f 1149/411/1149 1072/413/1072 1147/375/1147
s 1
f 1150/438/1150 2371/439/2371 2888/440/2888
f 2969/441/2969 2371/439/2371 1150/438/1150
f 2969/441/2969 2217/442/2217 2371/439/2371
f 1151/443/1151 2217/442/2217 2969/441/2969
f 1151/443/1151 1152/444/1152 2217/442/2217
f 1153/445/1153 1152/444/1152 1151/443/1151
f 1153/445/1153 1274/446/1274 1152/444/1152
f 2228/447/2228 1274/446/1274 1153/445/1153
f 2228/447/2228 2349/448/2349 1274/446/1274
f 2876/449/2876 2349/448/2349 2228/447/2228
f 2876/449/2876 2383/450/2383 2349/448/2349
f 2877/451/2877 2383/450/2383 2876/449/2876
f 2877/451/2877 2324/452/2324 2383/450/2383
f 2879/453/2879 2324/452/2324 2877/451/2877
f 2879/453/2879 3024/454/3024 2324/452/2324
f 2880/455/2880 3024/454/3024 2879/453/2879
f 2880/455/2880 3044/456/3044 3024/454/3024
f 2230/457/2230 3044/456/3044 2880/455/2880
f 2230/457/2230 1154/458/1154 3044/456/3044
f 2229/459/2229 1154/458/1154 2230/457/2230
f 2229/459/2229 1155/460/1155 1154/458/1154
f 2828/461/2828 1155/460/1155 2229/459/2229
f 2828/461/2828 2977/462/2977 1155/460/1155
f 2340/463/2340 2977/462/2977 2828/461/2828
f 2340/463/2340 2859/464/2859 2977/462/2977
f 2353/465/2353 2859/464/2859 2340/463/2340
f 2353/465/2353 1156/466/1156 2859/464/2859
f 2363/467/2363 1156/466/1156 2353/465/2353
f 2363/467/2363 1157/468/1157 1156/466/1156
f 2825/469/2825 1157/468/1157 2363/467/2363
f 2825/469/2825 1158/470/1158 1157/468/1157
f 2824/471/2824 1158/470/1158 2825/469/2825
f 2824/471/2824 1159/472/1159 1158/470/1158
f 1160/471/1160 1212/470/1212 2812/472/2812
f 1161/469/1161 1212/470/1212 1160/471/1160
f 1161/469/1161 1211/468/1211 1212/470/1212
f 1162/467/1162 1211/468/1211 1161/469/1161
f 1162/467/1162 2845/466/2845 1211/468/1211
f 2225/465/2225 2845/466/2845 1162/467/1162
f 2225/465/2225 1163/464/1163 2845/466/2845
f 2806/463/2806 1163/464/1163 2225/465/2225
f 2806/463/2806 2941/462/2941 1163/464/1163
f 2807/461/2807 2941/462/2941 2806/463/2806
f 2807/461/2807 2940/460/2940 2941/462/2941
f 1164/459/1164 2940/460/2940 2807/461/2807
f 1164/459/1164 3021/458/3021 2940/460/2940
f 2232/457/2232 3021/458/3021 1164/459/1164
f 2232/457/2232 1165/456/1165 3021/458/3021
f 1166/455/1166 1165/456/1165 2232/457/2232
f 1166/455/1166 3023/454/3023 1165/456/1165
f 2883/453/2883 3023/454/3023 1166/455/1166
f 2883/453/2883 1167/452/1167 3023/454/3023
f 2882/451/2882 1167/452/1167 2883/453/2883
f 2882/451/2882 3022/450/3022 1167/452/1167
f 2881/449/2881 3022/450/3022 2882/451/2882
f 2881/449/2881 1168/448/1168 3022/450/3022
f 2354/447/2354 1168/448/1168 2881/449/2881
f 2354/447/2354 1272/446/1272 1168/448/1168
f 2347/445/2347 1272/446/1272 2354/447/2354
f 2347/445/2347 2322/444/2322 1272/446/1272
f 2376/443/2376 2322/444/2322 2347/445/2347
f 2376/443/2376 2365/442/2365 2322/444/2322
f 2759/441/2759 2365/442/2365 2376/443/2376
f 2759/441/2759 2392/439/2392 2365/442/2365
f 1261/438/1261 2392/439/2392 2759/441/2759
f 1261/438/1261 1169/440/1169 2392/439/2392
f 1170/473/1170 3029/474/3029 1171/475/1171
f 1172/476/1172 3029/474/3029 1170/473/1170
f 1172/476/1172 2919/477/2919 3029/474/3029
f 1173/478/1173 2919/477/2919 1172/476/1172
f 1173/478/1173 2920/479/2920 2919/477/2919
f 2984/480/2984 2920/479/2920 1173/478/1173
f 2984/480/2984 2922/481/2922 2920/479/2920
f 2985/482/2985 2922/481/2922 2984/480/2984
f 2985/482/2985 1174/483/1174 2922/481/2922
f 1175/484/1175 1174/483/1174 2985/482/2985
f 1175/484/1175 1176/485/1176 1174/483/1174
f 2281/486/2281 1176/485/1176 1175/484/1175
f 2281/486/2281 1177/487/1177 1176/485/1176
f 1178/488/1178 1177/487/1177 2281/486/2281
f 1178/488/1178 2860/489/2860 1177/487/1177
f 2248/490/2248 2860/489/2860 1178/488/1178
f 2248/490/2248 1179/491/1179 2860/489/2860
f 1180/492/1180 1179/491/1179 2248/490/2248
f 1180/492/1180 2861/493/2861 1179/491/1179
f 2791/494/2791 2861/493/2861 1180/492/1180
f 2791/494/2791 2318/495/2318 2861/493/2861
f 2789/496/2789 2318/495/2318 2791/494/2791
f 2789/496/2789 2788/497/2788 2318/495/2318
f 2838/498/2838 2788/497/2788 2789/496/2789
f 2838/498/2838 2787/499/2787 2788/497/2788
f 2801/500/2801 2787/499/2787 2838/498/2838
f 2801/500/2801 1181/501/1181 2787/499/2787
f 1182/502/1182 1181/501/1181 2801/500/2801
f 1182/502/1182 2955/503/2955 1181/501/1181
f 2257/504/2257 2955/503/2955 1182/502/1182
f 2258/502/2258 2773/501/2773 3034/503/3034
f 2286/500/2286 2773/501/2773 2258/502/2258
f 2286/500/2286 2774/499/2774 2773/501/2773
f 2334/498/2334 2774/499/2774 2286/500/2286
f 2334/498/2334 1183/497/1183 2774/499/2774
f 1184/496/1184 1183/497/1183 2334/498/2334
f 1184/496/1184 2317/495/2317 1183/497/1183
f 2800/494/2800 2317/495/2317 1184/496/1184
f 2800/494/2800 1185/493/1185 2317/495/2317
f 2797/492/2797 1185/493/1185 2800/494/2800
f 2797/492/2797 1186/491/1186 1185/493/1185
f 2798/490/2798 1186/491/1186 2797/492/2797
f 2798/490/2798 1187/489/1187 1186/491/1186
f 2280/488/2280 1187/489/1187 2798/490/2798
f 2280/488/2280 1177/487/1177 1187/489/1187
f 2302/486/2302 1177/487/1177 2280/488/2280
f 2302/486/2302 2910/485/2910 1177/487/1177
f 3057/484/3057 2910/485/2910 2302/486/2302
f 3057/484/3057 2909/483/2909 2910/485/2910
f 1188/482/1188 2909/483/2909 3057/484/3057
f 1188/482/1188 1189/481/1189 2909/483/2909
f 1190/480/1190 1189/481/1189 1188/482/1188
f 1190/480/1190 2908/479/2908 1189/481/1189
f 2261/478/2261 2908/479/2908 1190/480/1190
f 2261/478/2261 1191/477/1191 2908/479/2908
f 1192/476/1192 1191/477/1191 2261/478/2261
f 1192/476/1192 1193/474/1193 1191/477/1191
f 1194/473/1194 1193/474/1193 1192/476/1192
f 1194/473/1194 2292/475/2292 1193/474/1193
f 2342/505/2342 1195/506/1195 2285/507/2285
f 2385/508/2385 1195/506/1195 2342/505/2342
f 2385/508/2385 1159/472/1159 1195/506/1195
f 1251/509/1251 1159/472/1159 2385/508/2385
f 1251/509/1251 1158/470/1158 1159/472/1159
f 1252/510/1252 1158/470/1158 1251/509/1251
f 1252/510/1252 1157/468/1157 1158/470/1158
f 1196/511/1196 1157/468/1157 1252/510/1252
f 1196/511/1196 1156/466/1156 1157/468/1157
f 1253/512/1253 1156/466/1156 1196/511/1196
f 1253/512/1253 1197/513/1197 1156/466/1156
f 1255/514/1255 1197/513/1197 1253/512/1253
f 1255/514/1255 2857/515/2857 1197/513/1197
f 2884/516/2884 2857/515/2857 1255/514/1255
f 2884/516/2884 2855/517/2855 2857/515/2857
f 1198/518/1198 2855/517/2855 2884/516/2884
f 1198/518/1198 2854/519/2854 2855/517/2855
f 1199/520/1199 2854/519/2854 1198/518/1198
f 1199/520/1199 1200/521/1200 2854/519/2854
f 1201/522/1201 1200/521/1200 1199/520/1199
f 1201/522/1201 2852/523/2852 1200/521/1200
f 2887/524/2887 2852/523/2852 1201/522/1201
f 2887/524/2887 2851/525/2851 2852/523/2852
f 2888/440/2888 2851/525/2851 2887/524/2887
f 2888/440/2888 2371/439/2371 2851/525/2851
f 1169/440/1169 1202/525/1202 2392/439/2392
f 1203/524/1203 1202/525/1202 1169/440/1169
f 1203/524/1203 2840/523/2840 1202/525/1202
f 2899/522/2899 2840/523/2840 1203/524/1203
f 2899/522/2899 2841/521/2841 2840/523/2840
f 1204/520/1204 2841/521/2841 2899/522/2899
f 1204/520/1204 1205/519/1205 2841/521/2841
f 1206/518/1206 1205/519/1205 1204/520/1204
f 1206/518/1206 1207/517/1207 1205/519/1205
f 1208/516/1208 1207/517/1207 1206/518/1206
f 1208/516/1208 2844/515/2844 1207/517/1207
f 1246/514/1246 2844/515/2844 1208/516/1208
f 1246/514/1246 1209/513/1209 2844/515/2844
f 1244/512/1244 1209/513/1209 1246/514/1246
f 1244/512/1244 2845/466/2845 1209/513/1209
f 1210/511/1210 2845/466/2845 1244/512/1244
f 1210/511/1210 1211/468/1211 2845/466/2845
f 1243/510/1243 1211/468/1211 1210/511/1210
f 1243/510/1243 1212/470/1212 1211/468/1211
f 1213/509/1213 1212/470/1212 1243/510/1243
f 1213/509/1213 2812/472/2812 1212/470/1212
f 2327/508/2327 2812/472/2812 1213/509/1213
f 2327/508/2327 1214/506/1214 2812/472/2812
f 2956/505/2956 1214/506/1214 2327/508/2327
f 2956/505/2956 1215/507/1215 1214/506/1214
f 2766/526/2766 1216/527/1216 2889/528/2889
f 1217/529/1217 1216/527/1216 2766/526/2766
f 1217/529/1217 1218/530/1218 1216/527/1216
f 2767/531/2767 1218/530/1218 1217/529/1217
f 2767/531/2767 2315/532/2315 1218/530/1218
f 2335/533/2335 2315/532/2315 2767/531/2767
f 2335/533/2335 2866/534/2866 2315/532/2315
f 2769/535/2769 2866/534/2866 2335/533/2335
f 2769/535/2769 2311/536/2311 2866/534/2866
f 2962/537/2962 2311/536/2311 2769/535/2769
f 2962/537/2962 2864/538/2864 2311/536/2311
f 1219/539/1219 2864/538/2864 2962/537/2962
f 1219/539/1219 1220/540/1220 2864/538/2864
f 1221/541/1221 1220/540/1220 1219/539/1219
f 1221/541/1221 2862/542/2862 1220/540/1220
f 1222/543/1222 2862/542/2862 1221/541/1221
f 1222/543/1222 1223/544/1223 2862/542/2862
f 1224/545/1224 1223/544/1223 1222/543/1222
f 1224/545/1224 1225/546/1225 1223/544/1223
f 1226/547/1226 1225/546/1225 1224/545/1224
f 1226/547/1226 1227/548/1227 1225/546/1225
f 1228/549/1228 1227/548/1227 1226/547/1226
f 1228/549/1228 1238/550/1238 1227/548/1227
f 1229/551/1229 1238/550/1238 1228/549/1228
f 2890/527/2890 2784/529/2784 2766/526/2766
f 2255/530/2255 2784/529/2784 2890/527/2890
f 2255/530/2255 2337/531/2337 2784/529/2784
f 2256/532/2256 2337/531/2337 2255/530/2255
f 2256/532/2256 2336/533/2336 2337/531/2337
f 2981/534/2981 2336/533/2336 2256/532/2256
f 2981/534/2981 2338/535/2338 2336/533/2336
f 1230/536/1230 2338/535/2338 2981/534/2981
f 1230/536/1230 3000/537/3000 2338/535/2338
f 2236/538/2236 3000/537/3000 1230/536/1230
f 2236/538/2236 1231/539/1231 3000/537/3000
f 2319/540/2319 1231/539/1231 2236/538/2236
f 2319/540/2319 1232/541/1232 1231/539/1231
f 1233/542/1233 1232/541/1232 2319/540/2319
f 1233/542/1233 1234/543/1234 1232/541/1232
f 3010/544/3010 1234/543/1234 1233/542/1233
f 3010/544/3010 1235/545/1235 1234/543/1234
f 3009/546/3009 1235/545/1235 3010/544/3010
f 3009/546/3009 1236/547/1236 1235/545/1235
f 2242/548/2242 1236/547/1236 3009/546/3009
f 2242/548/2242 1237/549/1237 1236/547/1236
f 1238/550/1238 1237/549/1237 2242/548/2242
f 1238/550/1238 1229/551/1229 1237/549/1237
f 613/552/613 2222/553/2222 1239/554/1239
f 2369/555/2369 2222/553/2222 613/552/613
f 2369/555/2369 2352/556/2352 2222/553/2222
f 2394/557/2394 2352/556/2352 2369/555/2369
f 2394/557/2394 2388/558/2388 2352/556/2352
f 2395/559/2395 2388/558/2388 2394/557/2394
f 2395/559/2395 2387/560/2387 2388/558/2388
f 2969/561/2969 2387/560/2387 2395/559/2395
f 2969/561/2969 2916/562/2916 2387/560/2387
f 1150/563/1150 2916/562/2916 2969/561/2969
f 1150/563/1150 2823/564/2823 2916/562/2916
f 2888/565/2888 2823/564/2823 1150/563/1150
f 2888/565/2888 2822/566/2822 2823/564/2823
f 1240/567/1240 2822/566/2822 2888/565/2888
f 1240/567/1240 2821/568/2821 2822/566/2822
f 1241/569/1241 2821/568/2821 1240/567/1240
f 1241/569/1241 2259/570/2259 2821/568/2821
f 2820/571/2820 2259/570/2259 1241/569/1241
f 1213/509/1213 1242/572/1242 2327/508/2327
f 1243/510/1243 1242/572/1242 1213/509/1213
f 1243/510/1243 2333/573/2333 1242/572/1242
f 1210/511/1210 2333/573/2333 1243/510/1243
f 1210/511/1210 1300/574/1300 2333/573/2333
f 1244/512/1244 1300/574/1300 1210/511/1210
f 1244/512/1244 1245/575/1245 1300/574/1300
f 1246/514/1246 1245/575/1245 1244/512/1244
f 1246/514/1246 1302/576/1302 1245/575/1245
f 1247/577/1247 1302/576/1302 1246/514/1246
f 1247/577/1247 1303/578/1303 1302/576/1302
f 3048/579/3048 1303/578/1303 1247/577/1247
f 3048/579/3048 1305/580/1305 1303/578/1303
f 1248/581/1248 1305/580/1305 3048/579/3048
f 1248/581/1248 1249/582/1249 1305/580/1305
f 3050/583/3050 1249/582/1249 1248/581/1248
f 3050/583/3050 1264/584/1264 1249/582/1249
f 1250/585/1250 1264/584/1264 3050/583/3050
f 2372/572/2372 1252/510/1252 1251/509/1251
f 2344/573/2344 1252/510/1252 2372/572/2372
f 2344/573/2344 1196/511/1196 1252/510/1252
f 2815/574/2815 1196/511/1196 2344/573/2344
f 2815/574/2815 1253/512/1253 1196/511/1196
f 1254/575/1254 1253/512/1253 2815/574/2815
f 1254/575/1254 1255/514/1255 1253/512/1253
f 1256/576/1256 1255/514/1255 1254/575/1254
f 1256/576/1256 1257/577/1257 1255/514/1255
f 2816/578/2816 1257/577/1257 1256/576/1256
f 2816/578/2816 3040/579/3040 1257/577/1257
f 2818/580/2818 3040/579/3040 2816/578/2816
f 2818/580/2818 3038/581/3038 3040/579/3040
f 2819/582/2819 3038/581/3038 2818/580/2818
f 2819/582/2819 1258/583/1258 3038/581/3038
f 1241/584/1241 1258/583/1258 2819/582/2819
f 1241/584/1241 1240/585/1240 1258/583/1258
f 3041/553/3041 2373/555/2373 2380/552/2380
f 2219/556/2219 2373/555/2373 3041/553/3041
f 2219/556/2219 2378/557/2378 2373/555/2373
f 1259/558/1259 2378/557/2378 2219/556/2219
f 1259/558/1259 2978/559/2978 2378/557/2378
f 2220/560/2220 2978/559/2978 1259/558/1259
f 2220/560/2220 2759/561/2759 2978/559/2978
f 1260/562/1260 2759/561/2759 2220/560/2220
f 1260/562/1260 1261/563/1261 2759/561/2759
f 1262/564/1262 1261/563/1261 1260/562/1260
f 1262/564/1262 1169/565/1169 1261/563/1261
f 2813/566/2813 1169/565/1169 1262/564/1262
f 2813/566/2813 1250/567/1250 1169/565/1169
f 1263/568/1263 1250/567/1250 2813/566/2813
f 1263/568/1263 1264/569/1264 1250/567/1250
f 2814/570/2814 1264/569/1264 1263/568/1263
f 2814/570/2814 2874/571/2874 1264/569/1264
f 2941/462/2941 1265/586/1265 1163/464/1163
f 2758/587/2758 1265/586/1265 2941/462/2941
f 2758/587/2758 2843/588/2843 1265/586/1265
f 2757/589/2757 2843/588/2843 2758/587/2758
f 2757/589/2757 1266/590/1266 2843/588/2843
f 2756/591/2756 1266/590/1266 2757/589/2757
f 2756/591/2756 2842/592/2842 1266/590/1266
f 2234/593/2234 2842/592/2842 2756/591/2756
f 2234/593/2234 1267/594/1267 2842/592/2842
f 1268/595/1268 1267/594/1267 2234/593/2234
f 1268/595/1268 2391/596/2391 1267/594/1267
f 1269/597/1269 2391/596/2391 1268/595/1268
f 1269/597/1269 1270/598/1270 2391/596/2391
f 1271/599/1271 1270/598/1270 1269/597/1269
f 1271/599/1271 2390/600/2390 1270/598/1270
f 2329/601/2329 2390/600/2390 1271/599/1271
f 2329/601/2329 1272/446/1272 2390/600/2390
f 1273/601/1273 2216/600/2216 1274/446/1274
f 2226/599/2226 2216/600/2216 1273/601/1273
f 2226/599/2226 1275/598/1275 2216/600/2216
f 2358/597/2358 1275/598/1275 2226/599/2226
f 2358/597/2358 1276/596/1276 1275/598/1275
f 2357/595/2357 1276/596/1276 2358/597/2358
f 2357/595/2357 1277/594/1277 1276/596/1276
f 3052/593/3052 1277/594/1277 2357/595/2357
f 3052/593/3052 2853/592/2853 1277/594/1277
f 3051/591/3051 2853/592/2853 3052/593/3052
f 3051/591/3051 1278/590/1278 2853/592/2853
f 1279/589/1279 1278/590/1278 3051/591/3051
f 1279/589/1279 2856/588/2856 1278/590/1278
f 1280/587/1280 2856/588/2856 1279/589/1279
f 1280/587/1280 2858/586/2858 2856/588/2856
f 2977/462/2977 2858/586/2858 1280/587/1280
f 2977/462/2977 2859/464/2859 2858/586/2858
f 2284/602/2284 2279/603/2279 1281/604/1281
f 1282/605/1282 2279/603/2279 2284/602/2284
f 1282/605/1282 1283/606/1283 2279/603/2279
f 1170/473/1170 1283/606/1283 1282/605/1282
f 1170/473/1170 1284/607/1284 1283/606/1283
f 1171/475/1171 1284/607/1284 1170/473/1170
f 1171/475/1171 1285/608/1285 1284/607/1284
f 3027/609/3027 1285/608/1285 1171/475/1171
f 3027/609/3027 1286/610/1286 1285/608/1285
f 3028/611/3028 1286/610/1286 3027/609/3027
f 3028/611/3028 2794/612/2794 1286/610/1286
f 1287/613/1287 2794/612/2794 3028/611/3028
f 1287/613/1287 1288/614/1288 2794/612/2794
f 1289/615/1289 1288/614/1288 1287/613/1287
f 1289/615/1289 2277/616/2277 1288/614/1288
f 2786/617/2786 2277/616/2277 1289/615/1289
f 2786/617/2786 3036/618/3036 2277/616/2277
f 2786/617/2786 3037/616/3037 3036/618/3036
f 1290/615/1290 3037/616/3037 2786/617/2786
f 1290/615/1290 2288/614/2288 3037/616/3037
f 1291/613/1291 2288/614/2288 1290/615/1290
f 1291/613/1291 1292/612/1292 2288/614/2288
f 2785/611/2785 1292/612/1292 1291/613/1291
f 2785/611/2785 3011/610/3011 1292/612/1292
f 1293/609/1293 3011/610/3011 2785/611/2785
f 1293/609/1293 1294/608/1294 3011/610/3011
f 2292/475/2292 1294/608/1294 1293/609/1293
f 2292/475/2292 3013/607/3013 1294/608/1294
f 1194/473/1194 3013/607/3013 2292/475/2292
f 1194/473/1194 1295/606/1295 3013/607/3013
f 1296/605/1296 1295/606/1295 1194/473/1194
f 1296/605/1296 2291/603/2291 1295/606/1295
f 2283/602/2283 2291/603/2291 1296/605/1296
f 2283/602/2283 1297/604/1297 2291/603/2291
f 2332/619/2332 2970/620/2970 1298/621/1298
f 2333/573/2333 2970/620/2970 2332/619/2332
f 2333/573/2333 1299/622/1299 2970/620/2970
f 1300/574/1300 1299/622/1299 2333/573/2333
f 1300/574/1300 2972/623/2972 1299/622/1299
f 1245/575/1245 2972/623/2972 1300/574/1300
f 1245/575/1245 1301/624/1301 2972/623/2972
f 1302/576/1302 1301/624/1301 1245/575/1245
f 1302/576/1302 2346/625/2346 1301/624/1301
f 1303/578/1303 2346/625/2346 1302/576/1302
f 1303/578/1303 1304/626/1304 2346/625/2346
f 1305/580/1305 1304/626/1304 1303/578/1303
f 1305/580/1305 2873/627/2873 1304/626/1304
f 1249/582/1249 2873/627/2873 1305/580/1305
f 1249/582/1249 2874/628/2874 2873/627/2873
f 1264/584/1264 2874/628/2874 1249/582/1249
f 1188/482/1188 1306/629/1306 1190/480/1190
f 1307/630/1307 1306/629/1306 1188/482/1188
f 1307/630/1307 1308/631/1308 1306/629/1306
f 1309/632/1309 1308/631/1308 1307/630/1307
f 1309/632/1309 2915/633/2915 1308/631/1308
f 3055/634/3055 2915/633/2915 1309/632/1309
f 3055/634/3055 2914/635/2914 2915/633/2915
f 3056/636/3056 2914/635/2914 3055/634/3055
f 3056/636/3056 2295/637/2295 2914/635/2914
f 2799/638/2799 2295/637/2295 3056/636/3056
f 2799/638/2799 2294/639/2294 2295/637/2295
f 1310/640/1310 2294/639/2294 2799/638/2799
f 1310/640/1310 1311/641/1311 2294/639/2294
f 2334/498/2334 1311/641/1311 1310/640/1310
f 2334/498/2334 2868/642/2868 1311/641/1311
f 2867/643/2867 2868/642/2868 2334/498/2334
f 1312/644/1312 1313/645/1313 2963/646/2963
f 1314/647/1314 1313/645/1313 1312/644/1312
f 1314/647/1314 1315/648/1315 1313/645/1313
f 2775/649/2775 1315/648/1315 1314/647/1314
f 2775/649/2775 2287/650/2287 1315/648/1315
f 1316/651/1316 2287/650/2287 2775/649/2775
f 1316/651/1316 2273/652/2273 2287/650/2287
f 1317/653/1317 2273/652/2273 1316/651/1316
f 1317/653/1317 2272/654/2272 2273/652/2273
f 2266/655/2266 2272/654/2272 1317/653/1317
f 2266/655/2266 1318/656/1318 2272/654/2272
f 3030/657/3030 1318/656/1318 2266/655/2266
f 3030/657/3030 2262/658/2262 1318/656/1318
f 3031/659/3031 2262/658/2262 3030/657/3030
f 3031/659/3031 2264/660/2264 2262/658/2262
f 1319/661/1319 2264/660/2264 3031/659/3031
f 1398/662/1398 1396/663/1396 1397/664/1397
f 403/665/403 1426/666/1426 412/667/412
f 1611/668/1611 1522/669/1522 824/670/824
f 789/671/789 1522/669/1522 1611/668/1611
f 789/671/789 1549/672/1549 1522/669/1522
f 1523/86/1523 1549/672/1549 789/671/789
f 1523/86/1523 1524/673/1524 1549/672/1549
f 791/85/791 1524/673/1524 1523/86/1523
f 791/85/791 1610/674/1610 1524/673/1524
f 837/675/837 1610/674/1610 791/85/791
f 1571/84/1571 1525/676/1525 1585/677/1585
f 1534/678/1534 1525/676/1525 1571/84/1571
f 1534/678/1534 1526/679/1526 1525/676/1525
f 1536/680/1536 1526/679/1526 1534/678/1534
f 1536/680/1536 821/681/821 1526/679/1526
f 1527/682/1527 821/681/821 1536/680/1536
f 1527/682/1527 812/88/812 821/681/821
f 1651/163/1651 1576/683/1576 816/164/816
f 1528/684/1528 1576/683/1576 1651/163/1651
f 1528/684/1528 830/685/830 1576/683/1576
f 1529/686/1529 830/685/830 1528/684/1528
f 1529/686/1529 951/687/951 830/685/830
f 1649/688/1649 951/687/951 1529/686/1529
f 1649/688/1649 1646/689/1646 951/687/951
f 1530/144/1530 1531/690/1531 1654/294/1654
f 1647/186/1647 1531/690/1531 1530/144/1530
f 1647/186/1647 1532/691/1532 1531/690/1531
f 807/692/807 1532/691/1532 1647/186/1647
f 807/692/807 1579/693/1579 1532/691/1532
f 808/694/808 1579/693/1579 807/692/807
f 808/694/808 1533/695/1533 1579/693/1579
f 947/696/947 1534/678/1534 1571/84/1571
f 1535/697/1535 1534/678/1534 947/696/947
f 1535/697/1535 1536/698/1536 1534/678/1534
f 1660/699/1660 1536/698/1536 1535/697/1535
f 1660/699/1660 1527/700/1527 1536/698/1536
f 811/701/811 1527/700/1527 1660/699/1660
f 811/701/811 812/702/812 1527/700/1527
f 933/278/933 834/703/834 818/675/818
f 1537/217/1537 834/703/834 933/278/933
f 1537/217/1537 1588/704/1588 834/703/834
f 949/705/949 1588/704/1588 1537/217/1537
f 949/705/949 1589/706/1589 1588/704/1588
f 1538/322/1538 1589/706/1589 949/705/949
f 1538/322/1538 1590/707/1590 1589/706/1589
f 1539/212/1539 920/236/920 1540/235/1540
f 993/323/993 920/236/920 1539/212/1539
f 993/323/993 1626/237/1626 920/236/920
f 988/246/988 1626/237/1626 993/323/993
f 988/246/988 940/201/940 1626/237/1626
f 1620/708/1620 940/201/940 988/246/988
f 1620/708/1620 1541/202/1541 940/201/940
f 1614/709/1614 1606/113/1606 799/710/799
f 1616/711/1616 1606/113/1606 1614/709/1614
f 1616/711/1616 1542/114/1542 1606/113/1606
f 1617/225/1617 1542/114/1542 1616/711/1616
f 1617/225/1617 944/111/944 1542/114/1542
f 1543/712/1543 944/111/944 1617/225/1617
f 1543/712/1543 1607/112/1607 944/111/944
f 1544/336/1544 1545/332/1545 1662/337/1662
f 1546/713/1546 1545/332/1545 1544/336/1544
f 1546/713/1546 943/293/943 1545/332/1545
f 1628/714/1628 943/293/943 1546/713/1546
f 1628/714/1628 942/291/942 943/293/943
f 1547/715/1547 942/291/942 1628/714/1628
f 1547/715/1547 1548/329/1548 942/291/942
f 1522/669/1522 941/716/941 824/670/824
f 1549/672/1549 941/716/941 1522/669/1522
f 1549/672/1549 1608/717/1608 941/716/941
f 1524/673/1524 1608/717/1608 1549/672/1549
f 1524/673/1524 1609/718/1609 1608/717/1608
f 1610/674/1610 1609/718/1609 1524/673/1524
f 1677/719/1677 947/260/947 1571/720/1571
f 1550/721/1550 947/260/947 1677/719/1677
f 1550/721/1550 948/211/948 947/260/947
f 1551/722/1551 948/211/948 1550/721/1550
f 1551/722/1551 833/151/833 948/211/948
f 922/335/922 833/151/833 1551/722/1551
f 1552/723/1552 1638/724/1638 1639/725/1639
f 805/726/805 1638/724/1638 1552/723/1552
f 805/726/805 1553/324/1553 1638/724/1638
f 963/727/963 1553/324/1553 805/726/805
f 963/727/963 50/325/50 1553/324/1553
f 1554/323/1554 50/325/50 963/727/963
f 9/320/9 795/101/795 1426/258/1426
f 7/233/7 795/101/795 9/320/9
f 7/233/7 926/99/926 795/101/795
f 1555/162/1555 926/99/926 7/233/7
f 1555/162/1555 1556/257/1556 926/99/926
f 1557/249/1557 1556/257/1556 1555/162/1555
f 1558/5/1558 838/170/838 1559/2/1559
f 1560/7/1560 838/170/838 1558/5/1558
f 1560/7/1560 934/172/934 838/170/838
f 1561/9/1561 934/172/934 1560/7/1560
f 1561/9/1561 248/176/248 934/172/934
f 1646/154/1646 1562/728/1562 951/87/951
f 1595/729/1595 1562/728/1562 1646/154/1646
f 1595/729/1595 1601/730/1601 1562/728/1562
f 1563/731/1563 1601/730/1601 1595/729/1595
f 1563/731/1563 1564/732/1564 1601/730/1601
f 1565/733/1565 1566/734/1566 1567/735/1567
f 1592/245/1592 1566/734/1566 1565/733/1565
f 1592/245/1592 814/736/814 1566/734/1566
f 923/109/923 814/736/814 1592/245/1592
f 923/109/923 1630/190/1630 814/736/814
f 1566/737/1566 1658/738/1658 1567/739/1567
f 814/159/814 1658/738/1658 1566/737/1566
f 814/159/814 1568/740/1568 1658/738/1658
f 1569/158/1569 1568/740/1568 814/159/814
f 1569/158/1569 1623/335/1623 1568/740/1568
f 1594/741/1594 1580/742/1580 1583/743/1583
f 1570/744/1570 1580/742/1580 1594/741/1594
f 1570/744/1570 1581/745/1581 1580/742/1580
f 1676/87/1676 1581/745/1581 1570/744/1570
f 1676/87/1676 1571/273/1571 1581/745/1581
f 817/168/817 1659/264/1659 1572/746/1572
f 1573/167/1573 1659/264/1659 817/168/817
f 1573/167/1573 1574/117/1574 1659/264/1659
f 1575/747/1575 1574/117/1574 1573/167/1573
f 1575/747/1575 812/748/812 1574/117/1574
f 826/200/826 1576/282/1576 836/220/836
f 1596/199/1596 1576/282/1576 826/200/826
f 1596/199/1596 816/749/816 1576/282/1576
f 801/750/801 816/749/816 1596/199/1596
f 801/750/801 802/751/802 816/749/816
f 919/92/919 1668/752/1668 1627/253/1627
f 962/162/962 1668/752/1668 919/92/919
f 962/162/962 1670/753/1670 1668/752/1668
f 1577/322/1577 1670/753/1670 962/162/962
f 1577/322/1577 1641/754/1641 1670/753/1670
f 1531/690/1531 1578/755/1578 1654/294/1654
f 1532/691/1532 1578/755/1578 1531/690/1531
f 1532/691/1532 823/756/823 1578/755/1578
f 1579/757/1579 823/756/823 1532/691/1532
f 1579/757/1579 1533/758/1533 823/756/823
f 1580/759/1580 1582/760/1582 1583/761/1583
f 1581/762/1581 1582/760/1582 1580/759/1580
f 1581/762/1581 1584/763/1584 1582/760/1582
f 1571/87/1571 1584/763/1584 1581/762/1581
f 1571/87/1571 1585/330/1585 1584/763/1584
f 1582/760/1582 1665/764/1665 1583/761/1583
f 1584/763/1584 1665/764/1665 1582/760/1582
f 1584/763/1584 797/765/797 1665/764/1665
f 1585/330/1585 797/765/797 1584/763/1584
f 1585/330/1585 799/766/799 797/765/797
f 834/215/834 1587/767/1587 1586/213/1586
f 1588/768/1588 1587/767/1587 834/215/834
f 1588/768/1588 249/769/249 1587/767/1587
f 1589/770/1589 249/769/249 1588/768/1588
f 1589/770/1589 1590/771/1590 249/769/249
f 1591/201/1591 1565/772/1565 1567/773/1567
f 931/271/931 1565/772/1565 1591/201/1591
f 931/271/931 1592/774/1592 1565/772/1565
f 919/290/919 1592/774/1592 931/271/931
f 919/290/919 1675/177/1675 1592/774/1592
f 1593/775/1593 1594/776/1594 1583/777/1583
f 1666/333/1666 1594/776/1594 1593/775/1593
f 1666/333/1666 1570/778/1570 1594/776/1594
f 1664/303/1664 1570/778/1570 1666/333/1666
f 1664/303/1664 1676/219/1676 1570/778/1570
f 790/779/790 1595/780/1595 1646/154/1646
f 1523/781/1523 1595/780/1595 790/779/790
f 1523/781/1523 1563/782/1563 1595/780/1595
f 820/783/820 1563/782/1563 1523/781/1523
f 820/783/820 1564/784/1564 1563/782/1563
f 1655/785/1655 1596/786/1596 825/787/825
f 1653/788/1653 1596/786/1596 1655/785/1655
f 1653/788/1653 822/789/822 1596/786/1596
f 1652/790/1652 822/789/822 1653/788/1653
f 1652/790/1652 1533/791/1533 822/789/822
f 1597/792/1597 938/194/938 804/193/804
f 1600/793/1600 938/194/938 1597/792/1597
f 1600/793/1600 939/274/939 938/194/938
f 793/247/793 939/274/939 1600/793/1600
f 793/247/793 1598/273/1598 939/274/939
f 985/794/985 1597/795/1597 804/193/804
f 1599/106/1599 1597/795/1597 985/794/985
f 1599/106/1599 1600/793/1600 1597/795/1597
f 991/87/991 1600/793/1600 1599/106/1599
f 991/87/991 793/247/793 1600/793/1600
f 1661/796/1661 1601/797/1601 1564/798/1564
f 1602/107/1602 1601/797/1601 1661/796/1661
f 1602/107/1602 1562/728/1562 1601/797/1601
f 796/106/796 1562/728/1562 1602/107/1602
f 796/106/796 951/87/951 1562/728/1562
f 1603/799/1603 927/222/927 1655/259/1655
f 400/800/400 927/222/927 1603/799/1603
f 400/800/400 837/223/837 927/222/927
f 1604/801/1604 837/223/837 400/800/400
f 1604/801/1604 1605/802/1605 837/223/837
f 1606/113/1606 798/803/798 799/710/799
f 945/110/945 798/803/798 1606/113/1606
f 945/110/945 796/804/796 798/803/798
f 1607/112/1607 796/804/796 945/110/945
f 1607/112/1607 951/805/951 796/804/796
f 1608/98/1608 1540/806/1540 794/96/794
f 1609/108/1609 1540/806/1540 1608/98/1608
f 1609/108/1609 1539/807/1539 1540/806/1540
f 1610/808/1610 1539/807/1539 1609/108/1609
f 1610/808/1610 837/809/837 1539/807/1539
f 789/83/789 1569/810/1569 986/364/986
f 1611/197/1611 1569/810/1569 789/83/789
f 1611/197/1611 1623/103/1623 1569/810/1569
f 1612/196/1612 1623/103/1623 1611/197/1611
f 1612/196/1612 794/104/794 1623/103/1623
f 1613/811/1613 1614/812/1614 799/813/799
f 1615/814/1615 1614/812/1614 1613/811/1613
f 1615/814/1615 1616/815/1616 1614/812/1614
f 1667/816/1667 1616/815/1616 1615/814/1615
f 1667/816/1667 1617/817/1617 1616/815/1616
f 832/92/832 1618/248/1618 1599/247/1599
f 1619/818/1619 1618/248/1618 832/92/832
f 1619/818/1619 1620/277/1620 1618/248/1618
f 1621/819/1621 1620/277/1620 1619/818/1619
f 1621/819/1621 1541/820/1541 1620/277/1620
f 1621/797/1621 1622/821/1622 1541/202/1541
f 1619/822/1619 1622/821/1622 1621/797/1621
f 1619/822/1619 1625/823/1625 1622/821/1622
f 832/162/832 1625/823/1625 1619/822/1619
f 832/162/832 1623/152/1623 1625/823/1625
f 1622/824/1622 1624/203/1624 1541/202/1541
f 1625/825/1625 1624/203/1624 1622/824/1622
f 1625/825/1625 1626/237/1626 1624/203/1624
f 1623/335/1623 1626/237/1626 1625/825/1625
f 1623/335/1623 1540/235/1540 1626/237/1626
f 1679/234/1679 1550/721/1550 1677/719/1677
f 918/227/918 1550/721/1550 1679/234/1679
f 918/227/918 1551/722/1551 1550/721/1550
f 1627/301/1627 1551/722/1551 918/227/918
f 1627/301/1627 922/335/922 1551/722/1551
f 1546/826/1546 1631/827/1631 1628/828/1628
f 1544/332/1544 1631/827/1631 1546/826/1546
f 1544/332/1544 1629/829/1629 1631/827/1631
f 1630/331/1630 1629/829/1629 1544/332/1544
f 1630/331/1630 923/177/923 1629/829/1629
f 1631/827/1631 1547/830/1547 1628/828/1628
f 1629/829/1629 1547/830/1547 1631/827/1631
f 1629/829/1629 1548/831/1548 1547/830/1547
f 923/177/923 1548/831/1548 1629/829/1629
f 923/177/923 1676/92/1676 1548/831/1548
f 965/775/965 1632/832/1632 1634/833/1634
f 967/834/967 1632/832/1632 965/775/965
f 967/834/967 1656/318/1656 1632/832/1632
f 958/153/958 1656/318/1656 967/834/967
f 958/153/958 957/319/957 1656/318/1656
f 1633/835/1633 937/836/937 1634/286/1634
f 1657/837/1657 937/836/937 1633/835/1633
f 1657/837/1657 936/838/936 937/836/937
f 922/200/922 936/838/936 1657/837/1657
f 922/200/922 1598/251/1598 936/838/936
f 1635/801/1635 957/223/957 408/802/408
f 1636/800/1636 957/223/957 1635/801/1635
f 1636/800/1636 946/297/946 957/223/957
f 1637/799/1637 946/297/946 1636/800/1636
f 1637/799/1637 1572/296/1572 946/297/946
f 1638/724/1638 1640/839/1640 1639/725/1639
f 1553/324/1553 1640/839/1640 1638/724/1638
f 1553/324/1553 960/840/960 1640/839/1640
f 1397/158/1397 960/840/960 1553/324/1553
f 1397/158/1397 408/335/408 960/840/960
f 1681/841/1681 1642/842/1642 1641/843/1641
f 1643/844/1643 1642/842/1642 1681/841/1681
f 1643/844/1643 1669/845/1669 1642/842/1642
f 1644/224/1644 1669/845/1669 1643/844/1643
f 1644/224/1644 922/90/922 1669/845/1669
f 1577/846/1577 1645/847/1645 1641/848/1641
f 815/683/815 1645/847/1645 1577/846/1577
f 815/683/815 961/321/961 1645/847/1645
f 989/335/989 961/321/961 815/683/815
f 989/335/989 832/320/832 961/321/961
f 1646/689/1646 1647/849/1647 790/314/790
f 1649/850/1649 1647/849/1647 1646/689/1646
f 1649/850/1649 807/128/807 1647/849/1647
f 1648/851/1648 807/128/807 1649/850/1649
f 1648/851/1648 1650/124/1650 807/128/807
f 1529/686/1529 1648/844/1648 1649/688/1649
f 1528/852/1528 1648/844/1648 1529/686/1529
f 1528/852/1528 1650/853/1650 1648/844/1648
f 1651/854/1651 1650/853/1650 1528/852/1528
f 1651/854/1651 802/855/802 1650/853/1650
f 1652/188/1652 1578/856/1578 823/189/823
f 1653/857/1653 1578/856/1578 1652/188/1652
f 1653/857/1653 1654/858/1654 1578/856/1578
f 1655/859/1655 1654/858/1654 1653/857/1653
f 1655/859/1655 791/860/791 1654/858/1654
f 1632/832/1632 1633/861/1633 1634/833/1634
f 1656/318/1656 1633/861/1633 1632/832/1632
f 1656/318/1656 1657/762/1657 1633/861/1633
f 833/247/833 1657/762/1657 1656/318/1656
f 833/247/833 922/87/922 1657/762/1657
f 996/862/996 1672/863/1672 995/864/995
f 929/152/929 1672/863/1672 996/862/996
f 929/152/929 1674/865/1674 1672/863/1672
f 792/320/792 1674/865/1674 929/152/929
f 1658/267/1658 1591/866/1591 1567/867/1567
f 987/270/987 1591/866/1591 1658/267/1658
f 987/270/987 962/319/962 1591/866/1591
f 989/290/989 962/319/962 987/270/987
f 1572/685/1572 1535/868/1535 947/869/947
f 1659/150/1659 1535/868/1535 1572/685/1572
f 1659/150/1659 1660/870/1660 1535/868/1535
f 811/149/811 1660/870/1660 1659/150/1659
f 1525/676/1525 834/871/834 1585/677/1585
f 1526/181/1526 834/871/834 1525/676/1525
f 1526/181/1526 1573/872/1573 834/871/834
f 1575/180/1575 1573/872/1573 1526/181/1526
f 820/178/820 1661/873/1661 1564/874/1564
f 1662/89/1662 1661/873/1661 820/178/820
f 1662/89/1662 1602/875/1602 1661/873/1661
f 798/87/798 1602/875/1602 1662/89/1662
f 1639/280/1639 932/876/932 1552/877/1552
f 935/87/935 932/876/932 1639/280/1639
f 935/87/935 1663/878/1663 932/876/932
f 793/247/793 1663/878/1663 935/87/935
f 1664/260/1664 968/292/968 1676/319/1676
f 798/331/798 968/292/968 1664/260/1664
f 798/331/798 1545/332/1545 968/292/968
f 1662/337/1662 1545/332/1545 798/331/798
f 1665/879/1665 1593/759/1593 1583/880/1583
f 797/108/797 1593/759/1593 1665/879/1665
f 797/108/797 1666/762/1666 1593/759/1593
f 798/87/798 1666/762/1666 797/108/797
f 1667/881/1667 1543/882/1543 1617/883/1617
f 1615/304/1615 1543/882/1543 1667/881/1667
f 1615/304/1615 1607/884/1607 1543/882/1543
f 951/85/951 1607/884/1607 1615/304/1615
f 1668/752/1668 1669/302/1669 1627/253/1627
f 1670/885/1670 1669/302/1669 1668/752/1668
f 1670/885/1670 1642/886/1642 1669/302/1669
f 1641/887/1641 1642/886/1642 1670/885/1670
f 924/255/924 1671/87/1671 813/325/813
f 925/141/925 1671/87/1671 924/255/924
f 925/141/925 53/115/53 1671/87/1671
f 1557/249/1557 53/115/53 925/141/925
f 1672/863/1672 1673/888/1673 995/202/995
f 1674/315/1674 1673/888/1673 1672/863/1672
f 1674/315/1674 928/889/928 1673/888/1673
f 952/306/952 928/889/928 1674/315/1674
f 1675/890/1675 1677/328/1677 1676/109/1676
f 1678/891/1678 1677/328/1677 1675/890/1675
f 1678/891/1678 1679/892/1679 1677/328/1677
f 1680/893/1680 1679/892/1679 1678/891/1678
f 1645/847/1645 1681/894/1681 1641/848/1641
f 961/321/961 1681/894/1681 1645/847/1645
f 961/321/961 1643/844/1643 1681/894/1681
f 1644/160/1644 1643/844/1643 961/321/961
f 1613/895/1613 830/298/830 951/677/951
f 839/896/839 830/298/830 1613/895/1613
f 839/896/839 1682/897/1682 830/298/830
f 819/898/819 1682/897/1682 839/896/839
f 819/898/819 949/300/949 1682/897/1682
f 1683/782/1683 949/300/949 819/898/819
f 1683/782/1683 1538/899/1538 949/300/949
f 1590/900/1590 1538/899/1538 1683/782/1683
s 7
f 1905/901/1905 1906/901/1906 1909/901/1909
f 1913/901/1913 1909/901/1909 1906/901/1906
f 1907/901/1907 1905/901/1905 1909/901/1909
f 1911/901/1911 1908/901/1908 1909/901/1909
f 1910/901/1910 1911/901/1911 1909/901/1909
f 1912/901/1912 1910/901/1910 1909/901/1909
f 1907/901/1907 1909/901/1909 1908/901/1908
f 1912/901/1912 1909/901/1909 1913/901/1913
s 1
f 2574/902/2574 1944/903/1944 1945/904/1945
f 1947/905/1947 1948/906/1948 2594/907/2594
f 1885/908/1885 1945/904/1945 1884/909/1884
f 1884/909/1884 1945/904/1945 2597/910/2597
f 1861/911/1861 1945/904/1945 1956/912/1956
f 2595/913/2595 1948/906/1948 1946/914/1946
f 1947/905/1947 1949/915/1949 1948/906/1948
f 2595/913/2595 2594/907/2594 1948/906/1948
f 1922/916/1922 2585/917/2585 1948/906/1948
f 2553/918/2553 1946/914/1946 1948/906/1948
f 1953/919/1953 2553/918/2553 1948/906/1948
f 1950/920/1950 1922/916/1922 1948/906/1948
f 1949/915/1949 1950/920/1950 1948/906/1948
f 1951/921/1951 1952/922/1952 1948/906/1948
f 2585/917/2585 2569/923/2569 1948/906/1948
f 2569/923/2569 1951/921/1951 1948/906/1948
f 1952/922/1952 1953/919/1953 1948/906/1948
f 1869/924/1869 1954/925/1954 1945/904/1945
f 2574/902/2574 1945/904/1945 1955/926/1955
f 1869/924/1869 1945/904/1945 1944/903/1944
f 1958/927/1958 1945/904/1945 1885/908/1885
f 1957/928/1957 1945/904/1945 1954/925/1954
f 1956/912/1956 1945/904/1945 1957/928/1957
f 1851/929/1851 1945/904/1945 1958/927/1958
f 1955/926/1955 1945/904/1945 1851/929/1851
f 2597/910/2597 1945/904/1945 1861/911/1861
f 2216/600/2216 1152/444/1152 1274/446/1274
f 1275/598/1275 1152/444/1152 2216/600/2216
f 1275/598/1275 2217/442/2217 1152/444/1152
f 2371/439/2371 2217/442/2217 1275/598/1275
f 2218/930/2218 1259/558/1259 2219/556/2219
f 2902/931/2902 1259/558/1259 2218/930/2218
f 2902/931/2902 2220/560/2220 1259/558/1259
f 1260/562/1260 2220/560/2220 2902/931/2902
f 1239/554/1239 2221/932/2221 611/933/611
f 2222/553/2222 2221/932/2221 1239/554/1239
f 2222/553/2222 2223/934/2223 2221/932/2221
f 2352/556/2352 2223/934/2223 2222/553/2222
f 2809/935/2809 1162/467/1162 1161/469/1161
f 2224/936/2224 1162/467/1162 2809/935/2809
f 2224/936/2224 2225/465/2225 1162/467/1162
f 2806/463/2806 2225/465/2225 2224/936/2224
f 1273/601/1273 2323/937/2323 2226/599/2226
f 3053/938/3053 2323/937/2323 1273/601/1273
f 3053/938/3053 2357/595/2357 2323/937/2323
f 3052/593/3052 2357/595/2357 3053/938/3053
f 2968/939/2968 1151/443/1151 2969/441/2969
f 2227/940/2227 1151/443/1151 2968/939/2968
f 2227/940/2227 1153/445/1153 1151/443/1151
f 2228/447/2228 1153/445/1153 2227/940/2227
f 2229/459/2229 2221/932/2221 2223/934/2223
f 2230/457/2230 2221/932/2221 2229/459/2229
f 2230/457/2230 611/933/611 2221/932/2221
f 610/941/610 611/933/611 2230/457/2230
f 3041/553/3041 2900/934/2900 2219/556/2219
f 2231/932/2231 2900/934/2900 3041/553/3041
f 2231/932/2231 1164/459/1164 2900/934/2900
f 2232/457/2232 1164/459/1164 2231/932/2231
f 2233/938/2233 1268/595/1268 2234/593/2234
f 2330/937/2330 1268/595/1268 2233/938/2233
f 2330/937/2330 1269/597/1269 1268/595/1268
f 1271/599/1271 1269/597/1269 2330/937/2330
f 2235/657/2235 2903/942/2903 2830/655/2830
f 2829/659/2829 2903/942/2903 2235/657/2235
f 2829/659/2829 2930/943/2930 2903/942/2903
f 2252/944/2252 2930/943/2930 2829/659/2829
f 2981/534/2981 2236/538/2236 1230/536/1230
f 2780/945/2780 2236/538/2236 2981/534/2981
f 2780/945/2780 2846/946/2846 2236/538/2236
f 2847/947/2847 2846/946/2846 2780/945/2780
f 2244/948/2244 2237/949/2237 2389/950/2389
f 2238/951/2238 2237/949/2237 2244/948/2244
f 2238/951/2238 2992/952/2992 2237/949/2237
f 2239/953/2239 2992/952/2992 2238/951/2238
f 3003/954/3003 2293/949/2293 3002/955/3002
f 3005/952/3005 2293/949/2293 3003/954/3003
f 3005/952/3005 2305/951/2305 2293/949/2293
f 3007/953/3007 2305/951/2305 3005/952/3005
f 2240/642/2240 2241/641/2241 3016/956/3016
f 2839/643/2839 2801/500/2801 2838/498/2838
f 2299/957/2299 2798/490/2798 2799/638/2799
f 1238/550/1238 2242/548/2242 2282/958/2282
f 2295/637/2295 2912/959/2912 2914/635/2914
f 1297/604/1297 2265/960/2265 2291/603/2291
f 2983/961/2983 2243/962/2243 2284/602/2284
f 2244/948/2244 1304/963/1304 2872/964/2872
f 2245/636/2245 2803/957/2803 2837/634/2837
f 2320/959/2320 2253/639/2253 2246/637/2246
f 2247/965/2247 1292/612/1292 3011/610/3011
f 2248/490/2248 2803/957/2803 2301/638/2301
f 2249/966/2249 2981/534/2981 2256/532/2256
f 2250/967/2250 2257/504/2257 2802/968/2802
f 2310/969/2310 2309/658/2309 2251/656/2251
f 1319/661/1319 2252/944/2252 2829/659/2829
f 2320/959/2320 2241/641/2241 2253/639/2253
f 2792/970/2792 2277/616/2277 21/971/21
f 2432/972/2432 2990/973/2990 22/974/22
f 2254/966/2254 2315/532/2315 2866/534/2866
f 2339/975/2339 2256/532/2256 2255/530/2255
f 2286/500/2286 3035/504/3035 2274/968/2274
f 2801/500/2801 2802/968/2802 2257/504/2257
f 2286/500/2286 2258/502/2258 3035/504/3035
f 2259/976/2259 2820/977/2820 2286/500/2286
f 2912/959/2912 2294/639/2294 1311/641/1311
f 2260/962/2260 1192/476/1192 2261/478/2261
f 2262/658/2262 2264/660/2264 2263/969/2263
f 2268/978/2268 2332/979/2332 2905/980/2905
f 2796/981/2796 2263/969/2263 2264/660/2264
f 3014/982/3014 2265/960/2265 2913/983/2913
f 2936/984/2936 2266/655/2266 1317/653/1317
f 3015/982/3015 2932/983/2932 2278/960/2278
f 2267/651/2267 2831/653/2831 2303/649/2303
f 2268/978/2268 2905/980/2905 2269/984/2269
f 1456/972/1456 2270/974/2270 2869/973/2869
f 2937/978/2937 2342/985/2342 2271/967/2271
f 2304/948/2304 2297/964/2297 2817/963/2817
f 2272/654/2272 1318/656/1318 2273/652/2273
f 2286/500/2286 2274/968/2274 2259/976/2259
f 1316/651/1316 2775/649/2775 1317/653/1317
f 2275/986/2275 2338/535/2338 3000/537/3000
f 2276/987/2276 2993/988/2993 2834/646/2834
f 1288/614/1288 2277/616/2277 2792/970/2792
f 1281/604/1281 2279/603/2279 2278/960/2278
f 2249/966/2249 2256/532/2256 2339/975/2339
f 2798/490/2798 2299/957/2299 2280/488/2280
f 2273/652/2273 1318/656/1318 49/989/49
f 1178/488/1178 2281/486/2281 2803/957/2803
f 2282/958/2282 1187/489/1187 1177/487/1177
f 2283/602/2283 1306/629/1306 1297/604/1297
f 2284/602/2284 1281/604/1281 2934/629/2934
f 2983/961/2983 2284/602/2284 2934/629/2934
f 2285/990/2285 2271/967/2271 2342/985/2342
f 2867/643/2867 2286/500/2286 2820/977/2820
f 2260/962/2260 2261/478/2261 2290/961/2290
f 2287/650/2287 2273/652/2273 2964/991/2964
f 2288/614/2288 1292/612/1292 2289/992/2289
f 2247/965/2247 2289/992/2289 1292/612/1292
f 1190/480/1190 2290/961/2290 2261/478/2261
f 3015/982/3015 2278/960/2278 2279/603/2279
f 3014/982/3014 2291/603/2291 2265/960/2265
f 2292/475/2292 1293/609/1293 2785/611/2785
f 2817/963/2817 2306/950/2306 2304/948/2304
f 2342/985/2342 2937/978/2937 2777/979/2777
f 2306/950/2306 3002/955/3002 2293/949/2293
f 2912/959/2912 2295/637/2295 2294/639/2294
f 2296/993/2296 2817/963/2817 2297/964/2297
f 2298/994/2298 2302/486/2302 2299/957/2299
f 2300/994/2300 2803/957/2803 2281/486/2281
f 2299/957/2299 2799/638/2799 3056/636/3056
f 2245/636/2245 2301/638/2301 2803/957/2803
f 2300/994/2300 2281/486/2281 1175/484/1175
f 2298/994/2298 3057/484/3057 2302/486/2302
f 2280/488/2280 2299/957/2299 2302/486/2302
f 1298/995/1298 2905/980/2905 2332/979/2332
f 2831/653/2831 2906/996/2906 2303/649/2303
f 2833/647/2833 2303/649/2303 2906/996/2906
f 2313/954/2313 2237/949/2237 2992/952/2992
f 2989/650/2989 1455/991/1455 1441/652/1441
f 2293/949/2293 2305/951/2305 2304/948/2304
f 2293/949/2293 2304/948/2304 2306/950/2306
f 2959/997/2959 2768/998/2768 2307/999/2307
f 2282/958/2282 1177/487/1177 2860/489/2860
f 2248/490/2248 1178/488/1178 2803/957/2803
f 2308/1000/2308 2786/617/2786 2919/477/2919
f 2309/658/2309 2310/969/2310 2264/660/2264
f 2865/945/2865 2863/946/2863 2926/947/2926
f 1319/661/1319 2829/659/2829 2264/660/2264
f 2312/986/2312 2962/537/2962 2769/535/2769
f 2311/536/2311 2864/538/2864 2866/534/2866
f 2769/535/2769 2959/997/2959 2312/986/2312
f 2768/998/2768 2959/997/2959 2769/535/2769
f 2313/954/2313 2314/955/2314 2237/949/2237
f 2254/966/2254 2895/975/2895 2315/532/2315
f 2873/993/2873 2872/964/2872 1304/963/1304
f 2389/950/2389 2237/949/2237 2314/955/2314
f 2956/985/2956 2332/979/2332 2268/978/2268
f 1304/963/1304 2244/948/2244 2389/950/2389
f 2863/946/2863 2318/495/2318 2925/1001/2925
f 1183/497/1183 2317/495/2317 2316/1001/2316
f 2788/497/2788 2925/1001/2925 2318/495/2318
f 1282/605/1282 2284/602/2284 2243/962/2243
f 2319/540/2319 2236/538/2236 2846/946/2846
f 2891/1002/2891 2339/975/2339 2890/527/2890
f 2801/500/2801 2257/504/2257 1182/502/1182
f 3034/503/3034 3035/504/3035 2258/502/2258
f 2246/637/2246 2933/635/2933 2320/959/2320
f 2390/600/2390 1272/446/1272 2322/444/2322
f 2226/599/2226 2323/937/2323 2358/597/2358
f 2324/452/2324 3025/1003/3025 2383/450/2383
f 2325/1004/2325 2233/938/2233 2326/1003/2326
f 2327/508/2327 1242/572/1242 2956/505/2956
f 2387/560/2387 2916/562/2916 2364/931/2364
f 1312/644/1312 2355/995/2355 1314/647/1314
f 2329/601/2329 2330/937/2330 2233/938/2233
f 2330/937/2330 2329/601/2329 1271/599/1271
f 2306/1005/2306 2343/625/2343 2331/624/2331
f 2332/619/2332 1242/572/1242 2333/573/2333
f 2867/643/2867 2334/498/2334 2286/500/2286
f 2335/533/2335 2767/531/2767 2769/535/2769
f 2336/533/2336 2338/535/2338 2337/531/2337
f 2889/528/2889 2890/527/2890 2766/526/2766
f 2255/530/2255 2890/527/2890 2339/975/2339
f 2340/463/2340 2341/936/2341 2353/465/2353
f 2385/508/2385 2342/505/2342 2372/572/2372
f 2378/557/2378 2377/1006/2377 2373/555/2373
f 2306/1005/2306 2817/626/2817 2343/625/2343
f 2777/619/2777 2344/573/2344 2372/572/2372
f 2227/940/2227 2967/1007/2967 2345/1008/2345
f 2371/439/2371 1276/596/1276 2851/525/2851
f 2389/1005/2389 2346/625/2346 1304/626/1304
f 2347/445/2347 2354/447/2354 2348/940/2348
f 2383/450/2383 2350/1004/2350 2349/448/2349
f 2324/452/2324 3024/454/3024 3025/1003/3025
f 2351/930/2351 2352/556/2352 2388/558/2388
f 2363/467/2363 2353/465/2353 2341/936/2341
f 2762/1008/2762 2348/940/2348 2354/447/2354
f 2956/505/2956 1242/572/1242 2332/619/2332
f 2355/621/2355 2356/620/2356 2777/619/2777
f 2357/595/2357 2358/597/2358 2323/937/2323
f 2341/936/2341 2826/935/2826 2363/467/2363
f 2363/467/2363 2826/935/2826 2825/469/2825
f 2388/558/2388 2364/931/2364 2351/930/2351
f 2365/442/2365 2392/439/2392 1270/598/1270
f 2345/1008/2345 2228/447/2228 2227/940/2227
f 2366/1009/2366 2368/1010/2368 2367/1011/2367
f 613/552/613 2370/1012/2370 2369/555/2369
f 1276/596/1276 2371/439/2371 1275/598/1275
f 2342/505/2342 2777/619/2777 2372/572/2372
f 2980/1013/2980 2373/555/2373 2377/1006/2377
f 2967/1007/2967 2227/940/2227 2968/939/2968
f 2348/940/2348 2376/443/2376 2347/445/2347
f 2377/1006/2377 2378/557/2378 2978/559/2978
f 2916/562/2916 2823/564/2823 2379/1014/2379
f 2380/552/2380 2373/555/2373 2386/1012/2386
f 2381/1009/2381 2979/1011/2979 2382/1010/2382
f 2350/1004/2350 2383/450/2383 3025/1003/3025
f 2385/508/2385 2372/572/2372 1251/509/1251
f 2980/1013/2980 2386/1012/2386 2373/555/2373
f 2364/931/2364 2388/558/2388 2387/560/2387
f 2971/1015/2971 1298/621/1298 2970/620/2970
f 2389/1005/2389 1301/624/1301 2346/625/2346
f 2325/1004/2325 2329/601/2329 2233/938/2233
f 2390/600/2390 2322/444/2322 1270/598/1270
f 2365/442/2365 1270/598/1270 2322/444/2322
f 2391/596/2391 1270/598/1270 2392/439/2392
f 2394/557/2394 2966/1006/2966 2395/559/2395
f 2369/555/2369 2966/1006/2966 2394/557/2394
f 2369/555/2369 2965/1013/2965 2966/1006/2966
f 2370/1012/2370 2965/1013/2965 2369/555/2369
s 8
f 2618/1016/2618 2617/1016/2617 2620/1016/2620
f 2623/1016/2623 2620/1016/2620 2617/1016/2617
f 2622/1016/2622 2618/1016/2618 2620/1016/2620
f 2619/1016/2619 2610/1016/2610 2620/1016/2620
f 2621/1016/2621 2619/1016/2619 2620/1016/2620
f 2606/1016/2606 2621/1016/2621 2620/1016/2620
f 2622/1016/2622 2620/1016/2620 2610/1016/2610
f 2606/1016/2606 2620/1016/2620 2623/1016/2623
s 1
f 2234/593/2234 2755/1017/2755 2233/938/2233
f 2756/591/2756 2755/1017/2755 2234/593/2234
f 2756/591/2756 2939/1018/2939 2755/1017/2755
f 2757/589/2757 2939/1018/2939 2756/591/2756
f 2757/589/2757 2758/587/2758 2939/1018/2939
f 2376/443/2376 2760/939/2760 2759/441/2759
f 2348/940/2348 2760/939/2760 2376/443/2376
f 2348/940/2348 2761/1007/2761 2760/939/2760
f 2762/1008/2762 2761/1007/2761 2348/940/2348
f 2762/1008/2762 2979/1011/2979 2761/1007/2761
f 2889/528/2889 2764/1002/2764 2892/1019/2892
f 1216/527/1216 2764/1002/2764 2889/528/2889
f 1216/527/1216 2895/975/2895 2764/1002/2764
f 1218/530/1218 2895/975/2895 1216/527/1216
f 1218/530/1218 2315/532/2315 2895/975/2895
f 2765/1020/2765 2307/999/2307 2768/998/2768
f 2782/1021/2782 2307/999/2307 2765/1020/2765
f 2782/1021/2782 2957/1022/2957 2307/999/2307
f 2994/999/2994 2957/1022/2957 2782/1021/2782
f 2994/999/2994 2995/1023/2995 2957/1022/2957
f 2782/1021/2782 1217/529/1217 2766/526/2766
f 2765/1020/2765 1217/529/1217 2782/1021/2782
f 2765/1020/2765 2767/531/2767 1217/529/1217
f 2768/998/2768 2767/531/2767 2765/1020/2765
f 2768/998/2768 2769/535/2769 2767/531/2767
f 2926/947/2926 2897/1024/2897 2865/945/2865
f 2928/1025/2928 2897/1024/2897 2926/947/2926
f 2928/1025/2928 2896/1026/2896 2897/1024/2897
f 2770/1027/2770 2896/1026/2896 2928/1025/2928
f 2770/1027/2770 2894/1028/2894 2896/1026/2896
f 3034/503/3034 2772/1029/2772 2771/1030/2771
f 2773/501/2773 2772/1029/2772 3034/503/3034
f 2773/501/2773 2316/1001/2316 2772/1029/2772
f 2774/499/2774 2316/1001/2316 2773/501/2773
f 2774/499/2774 1183/497/1183 2316/1001/2316
f 2425/1031/2425 2796/981/2796 1439/989/1439
f 49/989/49 2796/981/2796 2425/1031/2425
f 49/989/49 2263/969/2263 2796/981/2796
f 1318/656/1318 2263/969/2263 49/989/49
f 1318/656/1318 2262/658/2262 2263/969/2263
f 1314/647/1314 2776/996/2776 2775/649/2775
f 2355/995/2355 2776/996/2776 1314/647/1314
f 2355/995/2355 2935/980/2935 2776/996/2776
f 2777/979/2777 2935/980/2935 2355/995/2355
f 2777/979/2777 2937/978/2937 2935/980/2935
f 2849/1027/2849 2779/1026/2779 2778/1028/2778
f 2848/1025/2848 2779/1026/2779 2849/1027/2849
f 2848/1025/2848 2982/1024/2982 2779/1026/2779
f 2847/947/2847 2982/1024/2982 2848/1025/2848
f 2847/947/2847 2780/945/2780 2982/1024/2982
f 2781/1020/2781 2994/999/2994 2782/1021/2782
f 2783/998/2783 2994/999/2994 2781/1020/2781
f 2783/998/2783 2997/997/2997 2994/999/2994
f 2338/535/2338 2997/997/2997 2783/998/2783
f 2338/535/2338 2275/986/2275 2997/997/2997
f 2783/998/2783 2337/531/2337 2338/535/2338
f 2781/1020/2781 2337/531/2337 2783/998/2783
f 2781/1020/2781 2784/529/2784 2337/531/2337
f 2782/1021/2782 2784/529/2784 2781/1020/2781
f 2782/1021/2782 2766/526/2766 2784/529/2784
f 2785/611/2785 1193/474/1193 2292/475/2292
f 1291/613/1291 1193/474/1193 2785/611/2785
f 1291/613/1291 1191/477/1191 1193/474/1193
f 1290/615/1290 1191/477/1191 1291/613/1291
f 1290/615/1290 2786/617/2786 1191/477/1191
f 2787/499/2787 2925/1001/2925 2788/497/2788
f 1181/501/1181 2925/1001/2925 2787/499/2787
f 1181/501/1181 2927/1029/2927 2925/1001/2925
f 2955/503/2955 2927/1029/2927 1181/501/1181
f 2955/503/2955 2929/1030/2929 2927/1029/2927
f 2789/496/2789 2790/640/2790 2838/498/2838
f 2791/494/2791 2790/640/2790 2789/496/2789
f 2791/494/2791 2301/638/2301 2790/640/2790
f 1180/492/1180 2301/638/2301 2791/494/2791
f 1180/492/1180 2248/490/2248 2301/638/2301
f 2870/1032/2870 1288/614/1288 2792/970/2792
f 2793/992/2793 1288/614/1288 2870/1032/2870
f 2793/992/2793 2794/612/2794 1288/614/1288
f 2871/965/2871 2794/612/2794 2793/992/2793
f 2871/965/2871 1286/610/1286 2794/612/2794
f 1441/652/1441 2251/656/2251 2795/654/2795
f 1439/989/1439 2251/656/2251 1441/652/1441
f 1439/989/1439 2310/969/2310 2251/656/2251
f 2796/981/2796 2310/969/2310 1439/989/1439
f 2796/981/2796 2264/660/2264 2310/969/2310
f 2797/492/2797 2799/638/2799 2798/490/2798
f 2800/494/2800 2799/638/2799 2797/492/2797
f 2800/494/2800 1310/640/1310 2799/638/2799
f 1184/496/1184 1310/640/1310 2800/494/2800
f 1184/496/1184 2334/498/2334 1310/640/1310
f 2874/977/2874 2801/500/2801 2839/643/2839
f 2814/976/2814 2801/500/2801 2874/977/2874
f 2814/976/2814 2802/968/2802 2801/500/2801
f 1215/990/1215 2802/968/2802 2814/976/2814
f 1215/990/1215 2250/967/2250 2802/968/2802
f 2803/957/2803 2804/632/2804 2837/634/2837
f 2300/1033/2300 2804/632/2804 2803/957/2803
f 2300/1033/2300 2805/630/2805 2804/632/2804
f 1175/484/1175 2805/630/2805 2300/1033/2300
f 1175/484/1175 2985/482/2985 2805/630/2805
f 2806/463/2806 2808/1034/2808 2807/461/2807
f 2224/936/2224 2808/1034/2808 2806/463/2806
f 2224/936/2224 2901/1035/2901 2808/1034/2808
f 2809/935/2809 2901/1035/2901 2224/936/2224
f 2809/935/2809 2810/1036/2810 2901/1035/2901
f 1161/469/1161 2810/1036/2810 2809/935/2809
f 1161/469/1161 2811/1014/2811 2810/1036/2810
f 1160/471/1160 2811/1014/2811 1161/469/1161
f 1160/471/1160 1262/564/1262 2811/1014/2811
f 2812/472/2812 1262/564/1262 1160/471/1160
f 2812/472/2812 2813/566/2813 1262/564/1262
f 1214/506/1214 2813/566/2813 2812/472/2812
f 1214/506/1214 1263/568/1263 2813/566/2813
f 1215/507/1215 1263/568/1263 1214/506/1214
f 1215/507/1215 2814/570/2814 1263/568/1263
f 2356/620/2356 2344/573/2344 2777/619/2777
f 2942/622/2942 2344/573/2344 2356/620/2356
f 2942/622/2942 2815/574/2815 2344/573/2344
f 2943/623/2943 2815/574/2815 2942/622/2942
f 2943/623/2943 1254/575/1254 2815/574/2815
f 2331/624/2331 1254/575/1254 2943/623/2943
f 2331/624/2331 1256/576/1256 1254/575/1254
f 2343/625/2343 1256/576/1256 2331/624/2331
f 2343/625/2343 2816/578/2816 1256/576/1256
f 2817/626/2817 2816/578/2816 2343/625/2343
f 2817/626/2817 2818/580/2818 2816/578/2816
f 2296/627/2296 2818/580/2818 2817/626/2817
f 2296/627/2296 2819/582/2819 2818/580/2818
f 2820/628/2820 2819/582/2819 2296/627/2296
f 2820/628/2820 1241/584/1241 2819/582/2819
f 2285/507/2285 2821/568/2821 2259/570/2259
f 1195/506/1195 2821/568/2821 2285/507/2285
f 1195/506/1195 2822/566/2822 2821/568/2821
f 1159/472/1159 2822/566/2822 1195/506/1195
f 1159/472/1159 2823/564/2823 2822/566/2822
f 2824/471/2824 2823/564/2823 1159/472/1159
f 2824/471/2824 2379/1014/2379 2823/564/2823
f 2825/469/2825 2379/1014/2379 2824/471/2824
f 2825/469/2825 2917/1036/2917 2379/1014/2379
f 2826/935/2826 2917/1036/2917 2825/469/2825
f 2826/935/2826 2827/1035/2827 2917/1036/2917
f 2341/936/2341 2827/1035/2827 2826/935/2826
f 2341/936/2341 2918/1034/2918 2827/1035/2827
f 2340/463/2340 2918/1034/2918 2341/936/2341
f 2340/463/2340 2828/461/2828 2918/1034/2918
f 2829/659/2829 2309/658/2309 2264/660/2264
f 2235/657/2235 2309/658/2309 2829/659/2829
f 2235/657/2235 2251/656/2251 2309/658/2309
f 2830/655/2830 2251/656/2251 2235/657/2235
f 2830/655/2830 2795/654/2795 2251/656/2251
f 2831/653/2831 2795/654/2795 2830/655/2830
f 2831/653/2831 1441/652/1441 2795/654/2795
f 2267/651/2267 1441/652/1441 2831/653/2831
f 2267/651/2267 2989/650/2989 1441/652/1441
f 2303/649/2303 2989/650/2989 2267/651/2267
f 2303/649/2303 2832/648/2832 2989/650/2989
f 2833/647/2833 2832/648/2832 2303/649/2303
f 2833/647/2833 2987/645/2987 2832/648/2832
f 2971/644/2971 2987/645/2987 2833/647/2833
f 2971/644/2971 2834/646/2834 2987/645/2987
f 2934/629/2934 2805/630/2805 2985/482/2985
f 2835/631/2835 2805/630/2805 2934/629/2934
f 2835/631/2835 2804/632/2804 2805/630/2805
f 2836/633/2836 2804/632/2804 2835/631/2835
f 2836/633/2836 2837/634/2837 2804/632/2804
f 2933/635/2933 2837/634/2837 2836/633/2836
f 2933/635/2933 2245/636/2245 2837/634/2837
f 2246/637/2246 2245/636/2245 2933/635/2933
f 2246/637/2246 2301/638/2301 2245/636/2245
f 2253/639/2253 2301/638/2301 2246/637/2246
f 2253/639/2253 2790/640/2790 2301/638/2301
f 2241/641/2241 2790/640/2790 2253/639/2253
f 2241/641/2241 2838/498/2838 2790/640/2790
f 2240/642/2240 2838/498/2838 2241/641/2241
f 2240/642/2240 2839/643/2839 2838/498/2838
f 1202/525/1202 2391/596/2391 2392/439/2392
f 2840/523/2840 2391/596/2391 1202/525/1202
f 2840/523/2840 1267/594/1267 2391/596/2391
f 2841/521/2841 1267/594/1267 2840/523/2840
f 2841/521/2841 2842/592/2842 1267/594/1267
f 1205/519/1205 2842/592/2842 2841/521/2841
f 1205/519/1205 1266/590/1266 2842/592/2842
f 1207/517/1207 1266/590/1266 1205/519/1205
f 1207/517/1207 2843/588/2843 1266/590/1266
f 2844/515/2844 2843/588/2843 1207/517/1207
f 2844/515/2844 1265/586/1265 2843/588/2843
f 1209/513/1209 1265/586/1265 2844/515/2844
f 1209/513/1209 1163/464/1163 1265/586/1265
f 2845/466/2845 1163/464/1163 1209/513/1209
f 2319/540/2319 2317/495/2317 1233/542/1233
f 2846/946/2846 2317/495/2317 2319/540/2319
f 2846/946/2846 2316/1001/2316 2317/495/2317
f 2847/947/2847 2316/1001/2316 2846/946/2846
f 2847/947/2847 2772/1029/2772 2316/1001/2316
f 2848/1025/2848 2772/1029/2772 2847/947/2847
f 2848/1025/2848 2771/1030/2771 2772/1029/2772
f 2849/1027/2849 2771/1030/2771 2848/1025/2848
f 2849/1027/2849 2986/1037/2986 2771/1030/2771
f 2778/1028/2778 2986/1037/2986 2849/1027/2849
f 2778/1028/2778 2850/943/2850 2986/1037/2986
f 2893/1038/2893 2850/943/2850 2778/1028/2778
f 2893/1038/2893 2252/944/2252 2850/943/2850
f 2930/943/2930 2252/944/2252 2893/1038/2893
f 1276/596/1276 2852/523/2852 2851/525/2851
f 1277/594/1277 2852/523/2852 1276/596/1276
f 1277/594/1277 1200/521/1200 2852/523/2852
f 2853/592/2853 1200/521/1200 1277/594/1277
f 2853/592/2853 2854/519/2854 1200/521/1200
f 1278/590/1278 2854/519/2854 2853/592/2853
f 1278/590/1278 2855/517/2855 2854/519/2854
f 2856/588/2856 2855/517/2855 1278/590/1278
f 2856/588/2856 2857/515/2857 2855/517/2855
f 2858/586/2858 2857/515/2857 2856/588/2856
f 2858/586/2858 1197/513/1197 2857/515/2857
f 2859/464/2859 1197/513/1197 2858/586/2858
f 2859/464/2859 1156/466/1156 1197/513/1197
f 2282/958/2282 1227/548/1227 1238/550/1238
f 2860/489/2860 1227/548/1227 2282/958/2282
f 2860/489/2860 1225/546/1225 1227/548/1227
f 1179/491/1179 1225/546/1225 2860/489/2860
f 1179/491/1179 1223/544/1223 1225/546/1225
f 2861/493/2861 1223/544/1223 1179/491/1179
f 2861/493/2861 2862/542/2862 1223/544/1223
f 2318/495/2318 2862/542/2862 2861/493/2861
f 2318/495/2318 1220/540/1220 2862/542/2862
f 2863/946/2863 1220/540/1220 2318/495/2318
f 2863/946/2863 2864/538/2864 1220/540/1220
f 2865/945/2865 2864/538/2864 2863/946/2863
f 2865/945/2865 2866/534/2866 2864/538/2864
f 2296/993/2296 2867/643/2867 2820/977/2820
f 2297/964/2297 2867/643/2867 2296/993/2296
f 2297/964/2297 2868/642/2868 2867/643/2867
f 2304/948/2304 2868/642/2868 2297/964/2297
f 2304/948/2304 3012/956/3012 2868/642/2868
f 2305/951/2305 3012/956/3012 2304/948/2304
f 2305/951/2305 3011/610/3011 3012/956/3012
f 3007/953/3007 3011/610/3011 2305/951/2305
f 3007/953/3007 2247/965/2247 3011/610/3011
f 2869/973/2869 2247/965/2247 3007/953/3007
f 2869/973/2869 2289/992/2289 2247/965/2247
f 2270/974/2270 2289/992/2289 2869/973/2869
f 2270/974/2270 56/1032/56 2289/992/2289
f 22/974/22 2793/992/2793 2870/1032/2870
f 2990/973/2990 2793/992/2793 22/974/22
f 2990/973/2990 2871/965/2871 2793/992/2793
f 2239/953/2239 2871/965/2871 2990/973/2990
f 2239/953/2239 1286/610/1286 2871/965/2871
f 2238/951/2238 1286/610/1286 2239/953/2239
f 2238/951/2238 3016/956/3016 1286/610/1286
f 2244/948/2244 3016/956/3016 2238/951/2238
f 2244/948/2244 2240/642/2240 3016/956/3016
f 2872/964/2872 2240/642/2240 2244/948/2244
f 2872/964/2872 2839/643/2839 2240/642/2240
f 2873/993/2873 2839/643/2839 2872/964/2872
f 2873/993/2873 2874/977/2874 2839/643/2839
f 2367/1011/2367 2345/1008/2345 2967/1007/2967
f 2368/1010/2368 2345/1008/2345 2367/1011/2367
f 2368/1010/2368 2228/447/2228 2345/1008/2345
f 2875/1039/2875 2228/447/2228 2368/1010/2368
f 2875/1039/2875 2876/449/2876 2228/447/2228
f 618/1040/618 2876/449/2876 2875/1039/2875
f 618/1040/618 2877/451/2877 2876/449/2876
f 2878/1041/2878 2877/451/2877 618/1040/618
f 2878/1041/2878 2879/453/2879 2877/451/2877
f 610/941/610 2879/453/2879 2878/1041/2878
f 610/941/610 2880/455/2880 2879/453/2879
f 2230/457/2230 2880/455/2880 610/941/610
f 2762/1008/2762 2382/1010/2382 2979/1011/2979
f 2354/447/2354 2382/1010/2382 2762/1008/2762
f 2354/447/2354 574/1039/574 2382/1010/2382
f 2881/449/2881 574/1039/574 2354/447/2354
f 2881/449/2881 584/1040/584 574/1039/574
f 2882/451/2882 584/1040/584 2881/449/2881
f 2882/451/2882 583/1041/583 584/1040/584
f 2883/453/2883 583/1041/583 2882/451/2882
f 2883/453/2883 581/941/581 583/1041/583
f 1166/455/1166 581/941/581 2883/453/2883
f 1166/455/1166 2232/457/2232 581/941/581
f 1257/577/1257 2884/516/2884 1255/514/1255
f 3040/579/3040 2884/516/2884 1257/577/1257
f 3040/579/3040 1198/518/1198 2884/516/2884
f 3039/1042/3039 1198/518/1198 3040/579/3040
f 3039/1042/3039 1199/520/1199 1198/518/1198
f 2885/1043/2885 1199/520/1199 3039/1042/3039
f 2885/1043/2885 1201/522/1201 1199/520/1199
f 2886/1044/2886 1201/522/1201 2885/1043/2885
f 2886/1044/2886 2887/524/2887 1201/522/1201
f 1240/585/1240 2887/524/2887 2886/1044/2886
f 1240/585/1240 2888/440/2888 2887/524/2887
f 2889/528/2889 2891/1002/2891 2890/527/2890
f 2892/1019/2892 2891/1002/2891 2889/528/2889
f 2892/1019/2892 2893/1038/2893 2891/1002/2891
f 2764/1002/2764 2893/1038/2893 2892/1019/2892
f 2764/1002/2764 2894/1028/2894 2893/1038/2893
f 2895/975/2895 2894/1028/2894 2764/1002/2764
f 2895/975/2895 2896/1026/2896 2894/1028/2894
f 2254/966/2254 2896/1026/2896 2895/975/2895
f 2254/966/2254 2897/1024/2897 2896/1026/2896
f 2866/534/2866 2897/1024/2897 2254/966/2254
f 2866/534/2866 2865/945/2865 2897/1024/2897
f 1250/585/1250 1203/524/1203 1169/440/1169
f 2898/1044/2898 1203/524/1203 1250/585/1250
f 2898/1044/2898 2899/522/2899 1203/524/1203
f 3049/1043/3049 2899/522/2899 2898/1044/2898
f 3049/1043/3049 1204/520/1204 2899/522/2899
f 3047/1042/3047 1204/520/1204 3049/1043/3049
f 3047/1042/3047 1206/518/1206 1204/520/1204
f 3048/579/3048 1206/518/1206 3047/1042/3047
f 3048/579/3048 1208/516/1208 1206/518/1206
f 1247/577/1247 1208/516/1208 3048/579/3048
f 1247/577/1247 1246/514/1246 1208/516/1208
f 2807/461/2807 2900/934/2900 1164/459/1164
f 2808/1034/2808 2900/934/2900 2807/461/2807
f 2808/1034/2808 2219/556/2219 2900/934/2900
f 2901/1035/2901 2219/556/2219 2808/1034/2808
f 2901/1035/2901 2218/930/2218 2219/556/2219
f 2810/1036/2810 2218/930/2218 2901/1035/2901
f 2810/1036/2810 2902/931/2902 2218/930/2218
f 2811/1014/2811 2902/931/2902 2810/1036/2810
f 2811/1014/2811 1260/562/1260 2902/931/2902
f 1262/564/1262 1260/562/1260 2811/1014/2811
f 2954/1037/2954 2903/942/2903 2930/943/2930
f 2904/1045/2904 2903/942/2903 2954/1037/2954
f 2904/1045/2904 2830/655/2830 2903/942/2903
f 2269/984/2269 2830/655/2830 2904/1045/2904
f 2269/984/2269 2831/653/2831 2830/655/2830
f 2905/980/2905 2831/653/2831 2269/984/2269
f 2905/980/2905 2906/996/2906 2831/653/2831
f 1298/995/1298 2906/996/2906 2905/980/2905
f 1298/995/1298 2833/647/2833 2906/996/2906
f 2971/644/2971 2833/647/2833 1298/995/1298
f 2308/1000/2308 1191/477/1191 2786/617/2786
f 2907/1046/2907 1191/477/1191 2308/1000/2308
f 2907/1046/2907 2908/479/2908 1191/477/1191
f 2921/1047/2921 2908/479/2908 2907/1046/2907
f 2921/1047/2921 1189/481/1189 2908/479/2908
f 2923/1048/2923 1189/481/1189 2921/1047/2921
f 2923/1048/2923 2909/483/2909 1189/481/1189
f 2924/1049/2924 2909/483/2909 2923/1048/2923
f 2924/1049/2924 2910/485/2910 2909/483/2909
f 1177/487/1177 2910/485/2910 2924/1049/2924
f 3012/956/3012 1311/641/1311 2868/642/2868
f 2911/1050/2911 1311/641/1311 3012/956/3012
f 2911/1050/2911 2912/959/2912 1311/641/1311
f 2913/983/2913 2912/959/2912 2911/1050/2911
f 2913/983/2913 2914/635/2914 2912/959/2912
f 2265/960/2265 2914/635/2914 2913/983/2913
f 2265/960/2265 2915/633/2915 2914/635/2914
f 1297/604/1297 2915/633/2915 2265/960/2265
f 1297/604/1297 1308/631/1308 2915/633/2915
f 1306/629/1306 1308/631/1308 1297/604/1297
f 2379/1014/2379 2364/931/2364 2916/562/2916
f 2917/1036/2917 2364/931/2364 2379/1014/2379
f 2917/1036/2917 2351/930/2351 2364/931/2364
f 2827/1035/2827 2351/930/2351 2917/1036/2917
f 2827/1035/2827 2352/556/2352 2351/930/2351
f 2918/1034/2918 2352/556/2352 2827/1035/2827
f 2918/1034/2918 2223/934/2223 2352/556/2352
f 2828/461/2828 2223/934/2223 2918/1034/2918
f 2828/461/2828 2229/459/2229 2223/934/2223
f 2919/477/2919 2907/1046/2907 2308/1000/2308
f 2920/479/2920 2907/1046/2907 2919/477/2919
f 2920/479/2920 2921/1047/2921 2907/1046/2907
f 2922/481/2922 2921/1047/2921 2920/479/2920
f 2922/481/2922 2923/1048/2923 2921/1047/2921
f 1174/483/1174 2923/1048/2923 2922/481/2922
f 1174/483/1174 2924/1049/2924 2923/1048/2923
f 1176/485/1176 2924/1049/2924 1174/483/1174
f 1176/485/1176 1177/487/1177 2924/1049/2924
f 2925/1001/2925 2926/947/2926 2863/946/2863
f 2927/1029/2927 2926/947/2926 2925/1001/2925
f 2927/1029/2927 2928/1025/2928 2926/947/2926
f 2929/1030/2929 2928/1025/2928 2927/1029/2927
f 2929/1030/2929 2770/1027/2770 2928/1025/2928
f 2954/1037/2954 2770/1027/2770 2929/1030/2929
f 2954/1037/2954 2894/1028/2894 2770/1027/2770
f 2930/943/2930 2894/1028/2894 2954/1037/2954
f 2930/943/2930 2893/1038/2893 2894/1028/2894
f 2241/641/2241 2931/1050/2931 3016/956/3016
f 2320/959/2320 2931/1050/2931 2241/641/2241
f 2320/959/2320 2932/983/2932 2931/1050/2931
f 2933/635/2933 2932/983/2932 2320/959/2320
f 2933/635/2933 2278/960/2278 2932/983/2932
f 2836/633/2836 2278/960/2278 2933/635/2933
f 2836/633/2836 1281/604/1281 2278/960/2278
f 2835/631/2835 1281/604/1281 2836/633/2836
f 2835/631/2835 2934/629/2934 1281/604/1281
f 2776/996/2776 1317/653/1317 2775/649/2775
f 2935/980/2935 1317/653/1317 2776/996/2776
f 2935/980/2935 2936/984/2936 1317/653/1317
f 2937/978/2937 2936/984/2936 2935/980/2935
f 2937/978/2937 3035/504/3035 2936/984/2936
f 2271/967/2271 3035/504/3035 2937/978/2937
f 2271/967/2271 2274/968/2274 3035/504/3035
f 2285/990/2285 2274/968/2274 2271/967/2271
f 2285/990/2285 2259/976/2259 2274/968/2274
f 2233/938/2233 2938/1051/2938 2326/1003/2326
f 2755/1017/2755 2938/1051/2938 2233/938/2233
f 2755/1017/2755 3019/1052/3019 2938/1051/2938
f 2939/1018/2939 3019/1052/3019 2755/1017/2755
f 2939/1018/2939 3020/1053/3020 3019/1052/3019
f 2758/587/2758 3020/1053/3020 2939/1018/2939
f 2758/587/2758 2940/460/2940 3020/1053/3020
f 2941/462/2941 2940/460/2940 2758/587/2758
f 1312/1015/1312 2356/620/2356 2355/621/2355
f 2963/1054/2963 2356/620/2356 1312/1015/1312
f 2963/1054/2963 2942/622/2942 2356/620/2356
f 3001/1055/3001 2942/622/2942 2963/1054/2963
f 3001/1055/3001 2943/623/2943 2942/622/2942
f 3002/1056/3002 2943/623/2943 3001/1055/3001
f 3002/1056/3002 2331/624/2331 2943/623/2943
f 2306/1005/2306 2331/624/2331 3002/1056/3002
f 2929/1030/2929 2904/1045/2904 2954/1037/2954
f 2955/503/2955 2904/1045/2904 2929/1030/2929
f 2955/503/2955 2269/984/2269 2904/1045/2904
f 2257/504/2257 2269/984/2269 2955/503/2955
f 2257/504/2257 2268/978/2268 2269/984/2269
f 2250/967/2250 2268/978/2268 2257/504/2257
f 2250/967/2250 2956/985/2956 2268/978/2268
f 1215/990/1215 2956/985/2956 2250/967/2250
f 2995/1023/2995 2307/999/2307 2957/1022/2957
f 2958/1057/2958 2307/999/2307 2995/1023/2995
f 2958/1057/2958 2959/997/2959 2307/999/2307
f 2960/1058/2960 2959/997/2959 2958/1057/2958
f 2960/1058/2960 2312/986/2312 2959/997/2959
f 2961/1059/2961 2312/986/2312 2960/1058/2960
f 2961/1059/2961 2962/537/2962 2312/986/2312
f 1219/539/1219 2962/537/2962 2961/1059/2961
f 2963/646/2963 3004/988/3004 3001/987/3001
f 1313/645/1313 3004/988/3004 2963/646/2963
f 1313/645/1313 3006/1060/3006 3004/988/3004
f 1315/648/1315 3006/1060/3006 1313/645/1313
f 1315/648/1315 3008/1061/3008 3006/1060/3006
f 2287/650/2287 3008/1061/3008 1315/648/1315
f 2287/650/2287 2869/1062/2869 3008/1061/3008
f 2964/991/2964 2869/1062/2869 2287/650/2287
f 2366/1063/2366 2965/1013/2965 2370/1012/2370
f 2367/1064/2367 2965/1013/2965 2366/1063/2366
f 2367/1064/2367 2966/1006/2966 2965/1013/2965
f 2967/1065/2967 2966/1006/2966 2367/1064/2367
f 2967/1065/2967 2395/559/2395 2966/1006/2966
f 2968/1066/2968 2395/559/2395 2967/1065/2967
f 2968/1066/2968 2969/561/2969 2395/559/2395
f 2970/620/2970 2834/1054/2834 2971/1015/2971
f 1299/622/1299 2834/1054/2834 2970/620/2970
f 1299/622/1299 2276/1055/2276 2834/1054/2834
f 2972/623/2972 2276/1055/2276 1299/622/1299
f 2972/623/2972 2314/1056/2314 2276/1055/2276
f 1301/624/1301 2314/1056/2314 2972/623/2972
f 1301/624/1301 2389/1005/2389 2314/1056/2314
f 3042/1051/3042 2974/1017/2974 3053/938/3053
f 3043/1052/3043 2974/1017/2974 3042/1051/3042
f 3043/1052/3043 2975/1018/2975 2974/1017/2974
f 2976/1053/2976 2975/1018/2975 3043/1052/3043
f 2976/1053/2976 1280/587/1280 2975/1018/2975
f 1155/460/1155 1280/587/1280 2976/1053/2976
f 1155/460/1155 2977/462/2977 1280/587/1280
f 2760/1066/2760 2978/559/2978 2759/561/2759
f 2761/1065/2761 2978/559/2978 2760/1066/2760
f 2761/1065/2761 2377/1006/2377 2978/559/2978
f 2979/1064/2979 2377/1006/2377 2761/1065/2761
f 2979/1064/2979 2980/1013/2980 2377/1006/2377
f 2381/1063/2381 2980/1013/2980 2979/1064/2979
f 2381/1063/2381 2386/1012/2386 2980/1013/2980
f 2981/534/2981 2982/1024/2982 2780/945/2780
f 2249/966/2249 2982/1024/2982 2981/534/2981
f 2249/966/2249 2779/1026/2779 2982/1024/2982
f 2339/975/2339 2779/1026/2779 2249/966/2249
f 2339/975/2339 2778/1028/2778 2779/1026/2779
f 2891/1002/2891 2778/1028/2778 2339/975/2339
f 2891/1002/2891 2893/1038/2893 2778/1028/2778
f 1282/605/1282 1172/476/1172 1170/473/1170
f 2243/962/2243 1172/476/1172 1282/605/1282
f 2243/962/2243 1173/478/1173 1172/476/1172
f 2983/961/2983 1173/478/1173 2243/962/2243
f 2983/961/2983 2984/480/2984 1173/478/1173
f 2934/629/2934 2984/480/2984 2983/961/2983
f 2934/629/2934 2985/482/2985 2984/480/2984
f 2771/1030/2771 3033/1045/3033 3034/503/3034
f 2986/1037/2986 3033/1045/3033 2771/1030/2771
f 2986/1037/2986 3032/942/3032 3033/1045/3033
f 2850/943/2850 3032/942/3032 2986/1037/2986
f 2850/943/2850 3031/659/3031 3032/942/3032
f 2252/944/2252 3031/659/3031 2850/943/2850
f 2252/944/2252 1319/661/1319 3031/659/3031
f 2993/988/2993 2987/645/2987 2834/646/2834
f 2988/1060/2988 2987/645/2987 2993/988/2993
f 2988/1060/2988 2832/648/2832 2987/645/2987
f 2991/1061/2991 2832/648/2832 2988/1060/2988
f 2991/1061/2991 2989/650/2989 2832/648/2832
f 2990/1062/2990 2989/650/2989 2991/1061/2991
f 2990/1062/2990 1455/991/1455 2989/650/2989
f 2991/1067/2991 2239/953/2239 2990/973/2990
f 2988/1068/2988 2239/953/2239 2991/1067/2991
f 2988/1068/2988 2992/952/2992 2239/953/2239
f 2993/1069/2993 2992/952/2992 2988/1068/2988
f 2993/1069/2993 2313/954/2313 2992/952/2992
f 2276/1070/2276 2313/954/2313 2993/1069/2993
f 2276/1070/2276 2314/955/2314 2313/954/2313
f 2994/999/2994 2996/1057/2996 2995/1023/2995
f 2997/997/2997 2996/1057/2996 2994/999/2994
f 2997/997/2997 2998/1058/2998 2996/1057/2996
f 2275/986/2275 2998/1058/2998 2997/997/2997
f 2275/986/2275 2999/1059/2999 2998/1058/2998
f 3000/537/3000 2999/1059/2999 2275/986/2275
f 3000/537/3000 1231/539/1231 2999/1059/2999
f 3001/1070/3001 3003/954/3003 3002/955/3002
f 3004/1069/3004 3003/954/3003 3001/1070/3001
f 3004/1069/3004 3005/952/3005 3003/954/3003
f 3006/1068/3006 3005/952/3005 3004/1069/3004
f 3006/1068/3006 3007/953/3007 3005/952/3005
f 3008/1067/3008 3007/953/3007 3006/1068/3006
f 3008/1067/3008 2869/973/2869 3007/953/3007
f 2242/548/2242 1187/489/1187 2282/958/2282
f 3009/546/3009 1187/489/1187 2242/548/2242
f 3009/546/3009 1186/491/1186 1187/489/1187
f 3010/544/3010 1186/491/1186 3009/546/3009
f 3010/544/3010 1185/493/1185 1186/491/1186
f 1233/542/1233 1185/493/1185 3010/544/3010
f 1233/542/1233 2317/495/2317 1185/493/1185
f 3011/610/3011 2911/1050/2911 3012/956/3012
f 1294/608/1294 2911/1050/2911 3011/610/3011
f 1294/608/1294 2913/983/2913 2911/1050/2911
f 3013/607/3013 2913/983/2913 1294/608/1294
f 3013/607/3013 3014/982/3014 2913/983/2913
f 1295/606/1295 3014/982/3014 3013/607/3013
f 1295/606/1295 2291/603/2291 3014/982/3014
f 1283/606/1283 3015/982/3015 2279/603/2279
f 1284/607/1284 3015/982/3015 1283/606/1283
f 1284/607/1284 2932/983/2932 3015/982/3015
f 1285/608/1285 2932/983/2932 1284/607/1284
f 1285/608/1285 2931/1050/2931 2932/983/2932
f 1286/610/1286 2931/1050/2931 1285/608/1285
f 1286/610/1286 3016/956/3016 2931/1050/2931
f 2938/1051/2938 3023/454/3023 2326/1003/2326
f 3019/1052/3019 3023/454/3023 2938/1051/2938
f 3019/1052/3019 1165/456/1165 3023/454/3023
f 3020/1053/3020 1165/456/1165 3019/1052/3019
f 3020/1053/3020 3021/458/3021 1165/456/1165
f 2940/460/2940 3021/458/3021 3020/1053/3020
f 2329/601/2329 1168/448/1168 1272/446/1272
f 2325/1004/2325 1168/448/1168 2329/601/2329
f 2325/1004/2325 3022/450/3022 1168/448/1168
f 2326/1003/2326 3022/450/3022 2325/1004/2325
f 2326/1003/2326 1167/452/1167 3022/450/3022
f 3023/454/3023 1167/452/1167 2326/1003/2326
f 3042/1051/3042 3025/1003/3025 3024/454/3024
f 3053/938/3053 3025/1003/3025 3042/1051/3042
f 3053/938/3053 2350/1004/2350 3025/1003/3025
f 1273/601/1273 2350/1004/2350 3053/938/3053
f 1273/601/1273 2349/448/2349 2350/1004/2350
f 1274/446/1274 2349/448/2349 1273/601/1273
f 1192/476/1192 1296/605/1296 1194/473/1194
f 2260/962/2260 1296/605/1296 1192/476/1192
f 2260/962/2260 2283/602/2283 1296/605/1296
f 2290/961/2290 2283/602/2283 2260/962/2260
f 2290/961/2290 1306/629/1306 2283/602/2283
f 1190/480/1190 1306/629/1306 2290/961/2290
f 1171/475/1171 3028/611/3028 3027/609/3027
f 3029/474/3029 3028/611/3028 1171/475/1171
f 3029/474/3029 1287/613/1287 3028/611/3028
f 2919/477/2919 1287/613/1287 3029/474/3029
f 2919/477/2919 1289/615/1289 1287/613/1287
f 2786/617/2786 1289/615/1289 2919/477/2919
f 3030/657/3030 3032/942/3032 3031/659/3031
f 2266/655/2266 3032/942/3032 3030/657/3030
f 2266/655/2266 3033/1045/3033 3032/942/3032
f 2936/984/2936 3033/1045/3033 2266/655/2266
f 2936/984/2936 3034/503/3034 3033/1045/3033
f 3035/504/3035 3034/503/3034 2936/984/2936
f 3036/618/3036 21/971/21 2277/616/2277
f 3037/616/3037 21/971/21 3036/618/3036
f 3037/616/3037 57/970/57 21/971/21
f 2288/614/2288 57/970/57 3037/616/3037
f 2288/614/2288 56/1032/56 57/970/57
f 2289/992/2289 56/1032/56 2288/614/2288
f 2886/1044/2886 1258/583/1258 1240/585/1240
f 2885/1043/2885 1258/583/1258 2886/1044/2886
f 2885/1043/2885 3038/581/3038 1258/583/1258
f 3039/1042/3039 3038/581/3038 2885/1043/2885
f 3039/1042/3039 3040/579/3040 3038/581/3038
f 2232/457/2232 579/933/579 581/941/581
f 2231/932/2231 579/933/579 2232/457/2232
f 2231/932/2231 577/554/577 579/933/579
f 3041/553/3041 577/554/577 2231/932/2231
f 3041/553/3041 2380/552/2380 577/554/577
f 3024/454/3024 3043/1052/3043 3042/1051/3042
f 3044/456/3044 3043/1052/3043 3024/454/3024
f 3044/456/3044 2976/1053/2976 3043/1052/3043
f 1154/458/1154 2976/1053/2976 3044/456/3044
f 1154/458/1154 1155/460/1155 2976/1053/2976
f 3047/1042/3047 1248/581/1248 3048/579/3048
f 3049/1043/3049 1248/581/1248 3047/1042/3047
f 3049/1043/3049 3050/583/3050 1248/581/1248
f 2898/1044/2898 3050/583/3050 3049/1043/3049
f 2898/1044/2898 1250/585/1250 3050/583/3050
f 1279/589/1279 2975/1018/2975 1280/587/1280
f 3051/591/3051 2975/1018/2975 1279/589/1279
f 3051/591/3051 2974/1017/2974 2975/1018/2975
f 3052/593/3052 2974/1017/2974 3051/591/3051
f 3052/593/3052 3053/938/3053 2974/1017/2974
f 3055/634/3055 2299/957/2299 3056/636/3056
f 1309/632/1309 2299/957/2299 3055/634/3055
f 1309/632/1309 2298/1033/2298 2299/957/2299
f 1307/630/1307 2298/1033/2298 1309/632/1309
f 1307/630/1307 3057/484/3057 2298/1033/2298
f 1188/482/1188 3057/484/3057 1307/630/1307
s 9
g Mesh.818_DrawCall_59_pants.png
usemtl pants.png
f 176/1071/176 177/1072/177 192/1073/192
f 178/1074/178 177/1072/177 176/1071/176
f 178/1074/178 179/1073/179 177/1072/177
f 180/1075/180 179/1073/179 178/1074/178
f 180/1075/180 181/1076/181 179/1073/179
f 182/1077/182 181/1076/181 180/1075/180
f 182/1077/182 193/1078/193 181/1076/181
f 196/1079/196 193/1078/193 182/1077/182
f 196/1079/196 195/1080/195 193/1078/193
f 189/1081/189 195/1080/195 196/1079/196
f 189/1081/189 183/1082/183 195/1080/195
f 190/1083/190 185/1084/185 184/1085/184
f 186/1086/186 185/1084/185 190/1083/190
f 186/1086/186 187/1087/187 185/1084/185
f 188/1088/188 187/1087/187 186/1086/186
f 188/1088/188 176/1071/176 187/1087/187
f 197/1089/197 176/1071/176 188/1088/188
f 197/1089/197 178/1074/178 176/1071/176
f 180/1075/180 178/1074/178 197/1089/197
f 198/1090/198 189/1081/189 196/1079/196
f 190/1085/190 189/1081/189 198/1090/198
f 190/1085/190 183/1082/183 189/1081/189
f 184/1083/184 183/1082/183 190/1085/190
f 184/1083/184 194/1091/194 183/1082/183
f 198/1090/198 186/1086/186 190/1085/190
f 191/1092/191 186/1086/186 198/1090/198
f 191/1092/191 188/1088/188 186/1086/186
f 197/1089/197 188/1088/188 191/1092/191
f 199/1093/199 192/1073/192 181/1076/181
f 179/1073/179 192/1094/192 177/1072/177
f 193/1078/193 199/1093/199 181/1076/181
f 179/1094/179 181/1076/181 192/1073/192
f 194/1091/194 195/1080/195 183/1082/183
f 180/1075/180 191/1092/191 182/1077/182
f 182/1077/182 198/1090/198 196/1079/196
f 191/1092/191 180/1075/180 197/1089/197
f 198/1090/198 182/1077/182 191/1092/191
f 199/1093/199 193/1078/193 195/1080/195
s 10
f 712/1095/712 200/1096/200 702/1097/702
s 11
f 697/1097/697 201/1098/201 696/1096/696
s 12
f 1369/1099/1369 2193/1100/2193 443/1101/443
f 444/1102/444 2193/1100/2193 1369/1099/1369
f 444/1102/444 445/1103/445 2193/1100/2193
f 446/1104/446 445/1103/445 444/1102/444
f 446/1104/446 447/1102/447 445/1103/445
f 654/1105/654 447/1102/447 446/1104/446
f 654/1105/654 448/1106/448 447/1102/447
f 649/1107/649 448/1106/448 654/1105/654
f 649/1107/649 727/1108/727 448/1106/448
f 1365/1109/1365 2066/1110/2066 2196/1111/2196
f 1363/1112/1363 2066/1110/2066 1365/1109/1365
f 1363/1112/1363 449/1113/449 2066/1110/2066
f 1362/1114/1362 449/1113/449 1363/1112/1363
f 1362/1114/1362 450/1115/450 449/1113/449
f 1361/1116/1361 450/1115/450 1362/1114/1362
f 1361/1116/1361 2183/1117/2183 450/1115/450
f 550/1118/550 2183/1117/2183 1361/1116/1361
f 451/1101/451 452/1119/452 732/1120/732
f 453/1121/453 452/1119/452 451/1101/451
f 453/1121/453 454/1122/454 452/1119/452
f 2067/1123/2067 454/1122/454 453/1121/453
f 2067/1123/2067 455/1124/455 454/1122/454
f 456/1125/456 455/1124/455 2067/1123/2067
f 456/1125/456 457/1126/457 455/1124/455
f 2065/1127/2065 457/1126/457 456/1125/456
f 548/1110/548 458/1125/458 2191/1127/2191
f 1367/1111/1367 458/1125/458 548/1110/548
f 1367/1111/1367 459/1123/459 458/1125/458
f 460/1128/460 459/1123/459 1367/1111/1367
f 460/1128/460 461/1121/461 459/1123/459
f 1369/1099/1369 461/1121/461 460/1128/460
f 1369/1099/1369 443/1101/443 461/1121/461
f 517/1129/517 1380/1130/1380 521/1131/521
f 523/1132/523 1380/1130/1380 517/1129/517
f 523/1132/523 462/1133/462 1380/1130/1380
f 522/1134/522 462/1133/462 523/1132/523
f 522/1134/522 1384/1135/1384 462/1133/462
f 2063/1136/2063 1384/1135/1384 522/1134/522
f 2063/1136/2063 508/1137/508 1384/1135/1384
f 463/1138/463 529/1139/529 533/1140/533
f 464/1141/464 529/1139/529 463/1138/463
f 464/1141/464 528/1142/528 529/1139/529
f 2050/1143/2050 528/1142/528 464/1141/464
f 2050/1143/2050 465/1144/465 528/1142/528
f 2052/1145/2052 465/1144/465 2050/1143/2050
f 2052/1145/2052 466/1146/466 465/1144/465
f 1328/1147/1328 466/1146/466 2052/1145/2052
f 1328/1147/1328 2046/1148/2046 466/1146/466
f 467/1149/467 2046/1148/2046 1328/1147/1328
f 2060/1150/2060 1348/1151/1348 532/1152/532
f 2061/1153/2061 1348/1151/1348 2060/1150/2060
f 2061/1153/2061 1972/1154/1972 1348/1151/1348
f 1914/1155/1914 1458/1156/1458 1918/1157/1918
f 1914/1155/1914 1916/1158/1916 1458/1156/1458
f 1463/1159/1463 1468/1160/1468 1915/1161/1915
f 1353/1146/1353 746/1145/746 747/1162/747
f 1359/1147/1359 746/1145/746 1353/1146/1353
f 1359/1147/1359 1321/1163/1321 746/1145/746
f 468/1164/468 1321/1163/1321 1359/1147/1359
f 468/1164/468 452/1119/452 1321/1163/1321
f 469/1165/469 452/1119/452 468/1164/468
f 469/1165/469 732/1120/732 452/1119/452
f 1358/1166/1358 732/1120/732 469/1165/469
f 1358/1166/1358 731/1167/731 732/1120/732
f 745/1168/745 471/1169/471 470/1170/470
f 744/1171/744 471/1169/471 745/1168/745
f 744/1171/744 730/1172/730 471/1169/471
f 724/1173/724 730/1172/730 744/1171/744
f 724/1173/724 1373/1174/1373 730/1172/730
f 472/1175/472 1373/1174/1373 724/1173/724
f 472/1175/472 473/1176/473 1373/1174/1373
f 734/1177/734 473/1176/473 472/1175/472
f 734/1177/734 731/1178/731 473/1176/473
s 13
f 497/1179/497 684/1180/684 683/1181/683
f 677/1182/677 684/1180/684 497/1179/497
f 677/1182/677 686/1183/686 684/1180/684
f 694/1184/694 686/1183/686 677/1182/677
f 694/1184/694 474/1185/474 686/1183/686
f 693/1186/693 474/1185/474 694/1184/694
f 693/1186/693 475/1187/475 474/1185/474
f 476/1188/476 475/1187/475 693/1186/693
f 476/1188/476 661/1189/661 475/1187/475
f 477/1190/477 661/1189/661 476/1188/476
s 14
f 663/1191/663 667/1192/667 478/1193/478
f 479/1194/479 667/1192/667 663/1191/663
f 479/1194/479 657/1195/657 667/1192/667
f 482/1196/482 657/1195/657 479/1194/479
f 482/1196/482 664/1197/664 657/1195/657
f 480/1198/480 664/1197/664 482/1196/482
f 480/1198/480 665/1199/665 664/1197/664
f 480/1198/480 481/1200/481 493/1201/493
f 482/1196/482 481/1200/481 480/1198/480
f 482/1196/482 483/1202/483 481/1200/481
f 479/1194/479 483/1202/483 482/1196/482
f 479/1194/479 484/1203/484 483/1202/483
f 662/1204/662 484/1203/484 479/1194/479
f 662/1204/662 485/1205/485 484/1203/484
s 15
f 499/1206/499 487/1207/487 486/1208/486
f 488/1209/488 487/1207/487 499/1206/499
f 488/1209/488 489/1210/489 487/1207/487
f 490/1211/490 489/1210/489 488/1209/488
f 490/1211/490 491/1212/491 489/1210/489
f 492/1213/492 491/1212/491 490/1211/490
f 492/1213/492 493/1214/493 491/1212/491
s 16
f 689/1215/689 695/1216/695 494/1217/494
f 495/1218/495 695/1216/695 689/1215/689
f 495/1218/495 680/1219/680 695/1216/695
f 496/1220/496 680/1219/680 495/1218/495
f 496/1220/496 682/1221/682 680/1219/680
f 497/1222/497 682/1221/682 496/1220/496
s 15
f 498/1223/498 488/1209/488 499/1206/499
f 671/1224/671 488/1209/488 498/1223/498
f 671/1224/671 490/1211/490 488/1209/488
f 673/1225/673 490/1211/490 671/1224/671
f 673/1225/673 492/1213/492 490/1211/490
s 12
f 500/1142/500 2185/1226/2185 1340/1141/1340
f 540/1227/540 542/1228/542 1339/1229/1339
f 501/1230/501 502/1231/502 530/1232/530
f 503/1233/503 529/1139/529 502/1231/502
f 530/1232/530 502/1231/502 529/1139/529
f 466/1146/466 1376/1234/1376 465/1144/465
f 1380/1130/1380 505/1235/505 504/1236/504
f 506/1237/506 507/1238/507 508/1137/508
f 1384/1239/1384 508/1137/508 507/1238/507
f 528/1142/528 465/1144/465 509/1240/509
f 510/1241/510 532/1152/532 1348/1151/1348
f 1463/1159/1463 1904/1242/1904 1464/1243/1464
f 511/1244/511 512/1245/512 739/1246/739
f 513/1247/513 552/1248/552 514/1249/514
f 520/1250/520 538/1251/538 519/1252/519
f 515/1253/515 2059/1254/2059 516/1255/516
f 1346/1256/1346 523/1132/523 517/1129/517
f 1914/1155/1914 518/1257/518 2062/1258/2062
f 1904/1242/1904 1463/1159/1463 1915/1161/1915
f 508/1137/508 520/1250/520 519/1252/519
f 1915/1161/1915 1914/1155/1914 2062/1258/2062
f 521/1259/521 510/1241/510 517/1260/517
f 1346/1256/1346 1917/1261/1917 522/1134/522
f 1346/1262/1346 517/1260/517 510/1241/510
f 1914/1155/1914 1918/1157/1918 518/1257/518
f 522/1134/522 523/1132/523 1346/1256/1346
f 548/1110/548 1366/1109/1366 1367/1111/1367
f 546/1112/546 524/1113/524 2178/1114/2178
f 525/1263/525 1384/1135/1384 507/1238/507
f 529/1139/529 503/1233/503 533/1140/533
f 526/1264/526 531/1265/531 527/1266/527
f 528/1142/528 530/1232/530 529/1139/529
f 531/1265/531 526/1264/526 2172/1267/2172
f 532/1152/532 510/1241/510 521/1259/521
f 533/1140/533 534/1268/534 2173/1269/2173
f 1380/1130/1380 504/1236/504 521/1270/521
f 535/1271/535 538/1251/538 536/1272/536
f 519/1252/519 538/1251/538 537/1273/537
f 539/1139/539 540/1227/540 1339/1229/1339
f 541/1274/541 542/1228/542 737/1275/737
f 543/1276/543 544/1277/544 1370/1278/1370
f 524/1113/524 546/1112/546 548/1110/548
f 2200/1279/2200 2198/1117/2198 547/1280/547
f 444/1102/444 545/1106/545 728/1105/728
f 2055/1281/2055 2178/1114/2178 2180/1282/2180
f 1366/1109/1366 548/1110/548 546/1112/546
f 547/1280/547 2212/1283/2212 2200/1279/2200
f 548/1110/548 2191/1127/2191 524/1113/524
f 2203/1175/2203 2204/1174/2204 2049/1176/2049
f 732/1120/732 549/1165/549 2054/1119/2054
f 560/1282/560 629/1284/629 550/1118/550
f 744/1171/744 551/1285/551 2034/1286/2034
f 2034/1286/2034 551/1285/551 552/1248/552
f 551/1285/551 514/1249/514 552/1248/552
f 655/1287/655 653/1288/653 633/1289/633
f 650/1290/650 653/1288/653 655/1287/655
f 650/1290/650 645/1289/645 653/1288/653
f 553/1291/553 645/1289/645 650/1290/650
f 553/1291/553 554/1292/554 645/1289/645
f 623/1293/623 554/1292/554 553/1291/553
f 623/1293/623 646/1294/646 554/1292/554
f 555/1295/555 646/1294/646 623/1293/623
f 555/1295/555 556/1296/556 646/1294/646
f 557/1297/557 556/1296/556 555/1295/555
f 557/1297/557 648/1298/648 556/1296/556
f 625/1299/625 648/1298/648 557/1297/557
f 625/1299/625 647/1300/647 648/1298/648
f 558/1301/558 647/1300/647 625/1299/625
f 558/1301/558 651/1302/651 647/1300/647
f 627/1303/627 651/1302/651 558/1301/558
f 627/1303/627 652/1304/652 651/1302/651
f 628/1305/628 652/1304/652 627/1303/627
f 628/1305/628 559/1303/559 652/1304/652
f 560/1306/560 559/1303/559 628/1305/628
f 560/1306/560 561/1307/561 559/1303/559
s 1
f 573/1308/573 562/1309/562 572/1310/572
f 587/1311/587 562/1309/562 573/1308/573
f 587/1311/587 2951/1312/2951 562/1309/562
f 594/1313/594 2951/1312/2951 587/1311/587
f 594/1313/594 563/1314/563 2951/1312/2951
f 593/1315/593 563/1314/563 594/1313/594
f 593/1315/593 2952/1312/2952 563/1314/563
f 564/1313/564 2952/1312/2952 593/1315/593
f 564/1313/564 2953/1309/2953 2952/1312/2952
f 591/1311/591 2953/1309/2953 564/1313/564
f 591/1311/591 565/1310/565 2953/1309/2953
f 566/1308/566 565/1310/565 591/1311/591
f 566/1308/566 567/1316/567 565/1310/565
f 590/1317/590 567/1316/567 566/1308/566
f 590/1317/590 568/1318/568 567/1316/567
f 569/1319/569 568/1318/568 590/1317/590
f 569/1319/569 570/1316/570 568/1318/568
f 571/1317/571 570/1316/570 569/1319/569
f 571/1317/571 572/1310/572 570/1316/570
f 573/1308/573 572/1310/572 571/1317/571
f 586/1320/586 2382/1321/2382 574/1322/574
f 575/1323/575 2382/1321/2382 586/1320/586
f 575/1323/575 2381/1324/2381 2382/1321/2382
f 576/1325/576 2381/1324/2381 575/1323/575
f 576/1325/576 2386/1326/2386 2381/1324/2381
f 588/1327/588 2386/1326/2386 576/1325/576
f 588/1327/588 2380/1324/2380 2386/1326/2386
f 589/1325/589 2380/1324/2380 588/1327/588
f 589/1325/589 577/1321/577 2380/1324/2380
f 578/1323/578 577/1321/577 589/1325/589
f 578/1323/578 579/1322/579 577/1321/577
f 580/1320/580 579/1322/579 578/1323/578
f 580/1320/580 581/1328/581 579/1322/579
f 582/1329/582 581/1328/581 580/1320/580
f 582/1329/582 583/1330/583 581/1328/581
f 592/1331/592 583/1330/583 582/1329/582
f 592/1331/592 584/1328/584 583/1330/583
f 585/1329/585 584/1328/584 592/1331/592
f 585/1329/585 574/1322/574 584/1328/584
f 586/1320/586 574/1322/574 585/1329/585
f 587/1311/587 575/1323/575 586/1320/586
f 573/1308/573 575/1323/575 587/1311/587
f 573/1308/573 576/1325/576 575/1323/575
f 571/1317/571 576/1325/576 573/1308/573
f 571/1317/571 588/1327/588 576/1325/576
f 569/1319/569 588/1327/588 571/1317/571
f 569/1319/569 589/1325/589 588/1327/588
f 590/1317/590 589/1325/589 569/1319/569
f 590/1317/590 578/1323/578 589/1325/589
f 566/1308/566 578/1323/578 590/1317/590
f 566/1308/566 580/1320/580 578/1323/578
f 591/1311/591 580/1320/580 566/1308/566
f 591/1311/591 582/1329/582 580/1320/580
f 564/1313/564 582/1329/582 591/1311/591
f 564/1313/564 592/1331/592 582/1329/582
f 593/1315/593 592/1331/592 564/1313/564
f 593/1315/593 585/1329/585 592/1331/592
f 594/1313/594 585/1329/585 593/1315/593
f 594/1313/594 586/1320/586 585/1329/585
f 587/1311/587 586/1320/586 594/1313/594
f 619/1331/619 602/1315/602 600/1313/600
f 617/1329/617 602/1315/602 619/1331/619
f 617/1329/617 609/1313/609 602/1315/602
f 616/1320/616 609/1313/609 617/1329/617
f 616/1320/616 595/1311/595 609/1313/609
f 596/1323/596 595/1311/595 616/1320/616
f 596/1323/596 597/1308/597 595/1311/595
f 615/1325/615 597/1308/597 596/1323/596
f 615/1325/615 608/1317/608 597/1308/597
f 614/1327/614 608/1317/608 615/1325/615
f 614/1327/614 607/1319/607 608/1317/608
f 598/1325/598 607/1319/607 614/1327/614
f 598/1325/598 606/1317/606 607/1319/607
f 612/1323/612 606/1317/606 598/1325/598
f 612/1323/612 604/1308/604 606/1317/606
f 621/1320/621 604/1308/604 612/1323/612
f 621/1320/621 599/1311/599 604/1308/604
f 620/1329/620 599/1311/599 621/1320/621
f 620/1329/620 600/1313/600 599/1311/599
f 619/1331/619 600/1313/600 620/1329/620
f 601/1314/601 602/1315/602 609/1313/609
f 2945/1312/2945 602/1315/602 601/1314/601
f 2945/1312/2945 600/1313/600 602/1315/602
f 2944/1309/2944 600/1313/600 2945/1312/2945
f 2944/1309/2944 599/1311/599 600/1313/600
f 603/1310/603 599/1311/599 2944/1309/2944
f 603/1310/603 604/1308/604 599/1311/599
f 605/1316/605 604/1308/604 603/1310/603
f 605/1316/605 606/1317/606 604/1308/604
f 3045/1318/3045 606/1317/606 605/1316/605
f 3045/1318/3045 607/1319/607 606/1317/606
f 3046/1316/3046 607/1319/607 3045/1318/3045
f 3046/1316/3046 608/1317/608 607/1319/607
f 2374/1310/2374 608/1317/608 3046/1316/3046
f 2374/1310/2374 597/1308/597 608/1317/608
f 2375/1309/2375 597/1308/597 2374/1310/2374
f 2375/1309/2375 595/1311/595 597/1308/597
f 2948/1312/2948 595/1311/595 2375/1309/2375
f 2948/1312/2948 609/1313/609 595/1311/595
f 601/1314/601 609/1313/609 2948/1312/2948
f 621/1320/621 611/1322/611 610/1328/610
f 612/1323/612 611/1322/611 621/1320/621
f 612/1323/612 1239/1321/1239 611/1322/611
f 598/1325/598 1239/1321/1239 612/1323/612
f 598/1325/598 613/1324/613 1239/1321/1239
f 614/1327/614 613/1324/613 598/1325/598
f 614/1327/614 2370/1326/2370 613/1324/613
f 615/1325/615 2370/1326/2370 614/1327/614
f 615/1325/615 2366/1324/2366 2370/1326/2370
f 596/1323/596 2366/1324/2366 615/1325/615
f 596/1323/596 2368/1321/2368 2366/1324/2366
f 616/1320/616 2368/1321/2368 596/1323/596
f 616/1320/616 2875/1322/2875 2368/1321/2368
f 617/1329/617 2875/1322/2875 616/1320/616
f 617/1329/617 618/1328/618 2875/1322/2875
f 619/1331/619 618/1328/618 617/1329/617
f 619/1331/619 2878/1330/2878 618/1328/618
f 620/1329/620 2878/1330/2878 619/1331/619
f 620/1329/620 610/1328/610 2878/1330/2878
f 621/1320/621 610/1328/610 620/1329/620
s 12
f 622/1332/622 623/1293/623 553/1291/553
f 2058/1333/2058 623/1293/623 622/1332/622
f 2058/1333/2058 555/1295/555 623/1293/623
f 2057/1334/2057 555/1295/555 2058/1333/2058
f 2057/1334/2057 557/1297/557 555/1295/555
f 624/1335/624 557/1297/557 2057/1334/2057
f 624/1335/624 625/1299/625 557/1297/557
f 626/1336/626 625/1299/625 624/1335/624
f 626/1336/626 558/1301/558 625/1299/625
f 2055/1307/2055 558/1301/558 626/1336/626
f 2055/1307/2055 627/1303/627 558/1301/558
f 2180/1306/2180 627/1303/627 2055/1307/2055
f 2180/1306/2180 628/1305/628 627/1303/627
f 629/1337/629 628/1305/628 2180/1306/2180
f 629/1337/629 560/1306/560 628/1305/628
f 559/1303/559 644/1302/644 652/1304/652
f 637/1301/637 644/1302/644 559/1303/559
f 637/1301/637 639/1300/639 644/1302/644
f 630/1299/630 639/1300/639 637/1301/637
f 630/1299/630 638/1298/638 639/1300/639
f 631/1297/631 638/1298/638 630/1299/630
f 631/1297/631 641/1296/641 638/1298/638
f 632/1295/632 641/1296/641 631/1297/631
f 632/1295/632 640/1294/640 641/1296/641
f 635/1293/635 640/1294/640 632/1295/632
f 635/1293/635 642/1292/642 640/1294/640
f 634/1291/634 642/1292/642 635/1293/635
f 634/1291/634 633/1289/633 642/1292/642
f 655/1290/655 633/1289/633 634/1291/634
f 634/1291/634 649/1332/649 655/1290/655
f 635/1293/635 649/1332/649 634/1291/634
f 635/1293/635 727/1333/727 649/1332/649
f 632/1295/632 727/1333/727 635/1293/635
f 632/1295/632 636/1334/636 727/1333/727
f 631/1297/631 636/1334/636 632/1295/632
f 631/1297/631 2197/1335/2197 636/1334/636
f 630/1299/630 2197/1335/2197 631/1297/631
f 630/1299/630 1364/1336/1364 2197/1335/2197
f 637/1301/637 1364/1336/1364 630/1299/630
f 637/1301/637 561/1307/561 1364/1336/1364
f 559/1303/559 561/1307/561 637/1301/637
f 639/1338/639 643/1338/643 644/1338/644
f 638/1338/638 643/1338/643 639/1338/639
f 641/1338/641 643/1338/643 638/1338/638
f 640/1338/640 643/1338/643 641/1338/641
f 642/1338/642 643/1338/643 640/1338/640
f 633/1338/633 643/1338/643 642/1338/642
f 652/1338/652 644/1338/644 643/1338/643
f 554/1338/554 643/1338/643 645/1338/645
f 646/1338/646 643/1338/643 554/1338/554
f 556/1338/556 643/1338/643 646/1338/646
f 648/1338/648 643/1338/643 556/1338/556
f 647/1338/647 643/1338/643 648/1338/648
f 654/1339/654 655/1290/655 649/1332/649
f 553/1291/553 650/1290/650 622/1332/622
f 728/1339/728 650/1290/650 446/1340/446
f 728/1339/728 622/1332/622 650/1290/650
f 651/1338/651 643/1338/643 647/1338/647
f 653/1338/653 645/1338/645 643/1338/643
f 652/1338/652 643/1338/643 651/1338/651
f 653/1338/653 643/1338/643 633/1338/633
f 654/1341/654 446/1340/446 655/1287/655
f 655/1287/655 446/1340/446 650/1290/650
s 14
f 656/1342/656 657/1195/657 664/1197/664
f 658/1188/658 657/1195/657 656/1342/656
f 658/1188/658 666/1343/666 657/1195/657
f 659/1344/659 666/1343/666 658/1188/658
s 13
f 660/1345/660 475/1187/475 661/1189/661
s 14
f 662/1204/662 479/1194/479 663/1191/663
f 664/1197/664 665/1199/665 692/1346/692
f 666/1343/666 667/1192/667 657/1195/657
s 15
f 673/1225/673 674/1347/674 668/1348/668
f 669/1349/669 672/1350/672 670/1351/670
f 671/1224/671 670/1351/670 672/1350/672
f 671/1224/671 674/1347/674 673/1225/673
f 498/1223/498 670/1351/670 671/1224/671
f 675/1352/675 668/1348/668 674/1347/674
f 676/1353/676 672/1350/672 669/1349/669
s 13
f 686/1183/686 474/1185/474 685/1354/685
f 677/1182/677 678/1355/678 694/1184/694
s 16
f 690/1197/690 681/1356/681 679/1206/679
f 680/1219/680 682/1221/682 681/1356/681
s 13
f 683/1181/683 684/1180/684 686/1183/686
f 687/1357/687 686/1183/686 685/1354/685
f 686/1183/686 687/1357/687 683/1181/683
f 685/1354/685 486/1358/486 687/1357/687
s 16
f 688/1359/688 495/1218/495 689/1215/689
f 681/1356/681 690/1197/690 680/1219/680
s 14
f 691/1360/691 692/1346/692 665/1199/665
s 13
f 475/1187/475 685/1354/685 474/1185/474
f 693/1186/693 694/1184/694 678/1355/678
s 16
f 695/1216/695 680/1219/680 690/1197/690
s 11
f 696/1096/696 698/1095/698 697/1097/697
f 718/1361/718 698/1095/698 696/1096/696
f 718/1361/718 699/1362/699 698/1095/698
f 720/1363/720 699/1362/699 718/1361/718
f 720/1363/720 700/1364/700 699/1362/699
f 701/1365/701 700/1364/700 720/1363/720
f 701/1365/701 717/1366/717 700/1364/700
f 723/1367/723 717/1366/717 701/1365/701
f 723/1367/723 716/1368/716 717/1366/717
s 10
f 702/1097/702 710/1362/710 712/1095/712
f 703/1098/703 710/1362/710 702/1097/702
f 703/1098/703 708/1364/708 710/1362/710
f 704/1369/704 708/1364/708 703/1098/703
f 704/1369/704 705/1366/705 708/1364/708
f 713/1370/713 705/1366/705 704/1369/704
f 713/1370/713 707/1368/707 705/1366/705
f 715/1371/715 707/1368/707 713/1370/713
f 706/1367/706 705/1366/705 707/1368/707
f 714/1365/714 705/1366/705 706/1367/706
f 714/1365/714 708/1364/708 705/1366/705
f 709/1363/709 708/1364/708 714/1365/714
f 709/1363/709 710/1362/710 708/1364/708
f 711/1361/711 710/1362/710 709/1363/709
f 711/1361/711 712/1095/712 710/1362/710
f 200/1096/200 712/1095/712 711/1361/711
f 200/1096/200 703/1098/703 702/1097/702
f 711/1361/711 703/1098/703 200/1096/200
f 711/1361/711 704/1369/704 703/1098/703
f 709/1363/709 704/1369/704 711/1361/711
f 709/1363/709 713/1370/713 704/1369/704
f 714/1365/714 713/1370/713 709/1363/709
f 714/1365/714 715/1371/715 713/1370/713
f 706/1367/706 715/1371/715 714/1365/714
s 11
f 722/1371/722 717/1366/717 716/1368/716
f 721/1370/721 717/1366/717 722/1371/722
f 721/1370/721 700/1364/700 717/1366/717
f 719/1369/719 700/1364/700 721/1370/721
f 719/1369/719 699/1362/699 700/1364/700
f 201/1098/201 699/1362/699 719/1369/719
f 201/1098/201 698/1095/698 699/1362/699
f 697/1097/697 698/1095/698 201/1098/201
f 201/1098/201 718/1361/718 696/1096/696
f 719/1369/719 718/1361/718 201/1098/201
f 719/1369/719 720/1363/720 718/1361/718
f 721/1370/721 720/1363/720 719/1369/719
f 721/1370/721 701/1365/701 720/1363/720
f 722/1371/722 701/1365/701 721/1370/721
f 722/1371/722 723/1367/723 701/1365/701
s 12
f 733/1372/733 2039/1373/2039 2041/1374/2041
f 472/1175/472 2039/1373/2039 733/1372/733
f 472/1175/472 2037/1375/2037 2039/1373/2039
f 724/1173/724 2037/1375/2037 472/1175/472
f 725/1376/725 636/1377/636 2197/1378/2197
f 726/1379/726 636/1377/636 725/1376/725
f 726/1379/726 727/1108/727 636/1377/636
f 448/1106/448 727/1108/727 726/1379/726
f 728/1105/728 446/1104/446 444/1102/444
f 729/1380/729 730/1172/730 1373/1174/1373
f 549/1165/549 732/1120/732 2048/1166/2048
f 731/1167/731 2048/1166/2048 732/1120/732
f 2042/1381/2042 2040/1382/2040 1355/1383/1355
f 733/1372/733 734/1177/734 472/1175/472
f 1353/1146/1353 735/1384/735 1359/1147/1359
f 470/1170/470 551/1285/551 745/1168/745
f 736/1385/736 541/1274/541 737/1275/737
f 540/1227/540 737/1275/737 542/1228/542
f 738/1386/738 512/1245/512 511/1244/511
f 1353/1146/1353 739/1246/739 512/1245/512
f 740/1387/740 1339/1229/1339 542/1228/542
f 741/1388/741 743/1389/743 742/1140/742
f 744/1171/744 745/1168/745 551/1285/551
f 746/1145/746 1320/1143/1320 2186/1390/2186
f 746/1145/746 2186/1390/2186 747/1162/747
f 748/1391/748 465/1144/465 749/1392/749
f 750/1393/750 465/1144/465 748/1391/748
f 750/1393/750 509/1240/509 465/1144/465
f 751/1394/751 509/1240/509 750/1393/750
f 1320/1143/1320 455/1124/455 457/1126/457
f 746/1145/746 455/1124/455 1320/1143/1320
f 746/1145/746 454/1122/454 455/1124/455
f 1321/1163/1321 454/1122/454 746/1145/746
f 1321/1163/1321 452/1119/452 454/1122/454
f 2070/1395/2070 2182/1396/2182 2181/1397/2181
f 2071/1398/2071 2182/1396/2182 2070/1395/2070
f 2071/1398/2071 1322/1279/1322 2182/1396/2182
f 2072/1399/2072 1322/1279/1322 2071/1398/2071
f 2072/1399/2072 1323/1283/1323 1322/1279/1322
f 2202/1375/2202 1324/1400/1324 2214/1173/2214
f 1325/1401/1325 1324/1400/1324 2202/1375/2202
f 1325/1401/1325 2212/1283/2212 1324/1400/1324
f 2201/1399/2201 2212/1283/2212 1325/1401/1325
f 2201/1399/2201 2200/1279/2200 2212/1283/2212
f 734/1177/734 2203/1175/2203 2049/1176/2049
f 733/1372/733 2203/1175/2203 734/1177/734
f 733/1372/733 1326/1373/1326 2203/1175/2203
f 2041/1374/2041 1326/1373/1326 733/1372/733
f 2041/1374/2041 1354/1382/1354 1326/1373/1326
f 467/1149/467 1327/1164/1327 2047/1402/2047
f 1328/1147/1328 1327/1164/1327 467/1149/467
f 1328/1147/1328 1329/1163/1329 1327/1164/1327
f 2052/1145/2052 1329/1163/1329 1328/1147/1328
f 1376/1234/1376 1331/1403/1331 1330/1404/1330
f 466/1146/466 1331/1403/1331 1376/1234/1376
f 466/1146/466 2044/1405/2044 1331/1403/1331
f 2046/1148/2046 2044/1405/2044 466/1146/466
f 2175/1406/2175 2213/1407/2213 1332/1408/1332
f 2174/1409/2174 2213/1407/2213 2175/1406/2175
f 2174/1409/2174 1333/1171/1333 2213/1407/2213
f 527/1266/527 1333/1171/1333 2174/1409/2174
f 527/1266/527 1334/1170/1334 1333/1171/1333
f 531/1265/531 1334/1170/1334 527/1266/527
f 1335/1410/1335 729/1380/729 544/1277/544
f 1336/1411/1336 729/1380/729 1335/1410/1335
f 1336/1411/1336 730/1172/730 729/1380/729
f 1337/1412/1337 730/1172/730 1336/1411/1336
f 1337/1412/1337 471/1169/471 730/1172/730
f 1338/1413/1338 471/1169/471 1337/1412/1337
f 500/1142/500 539/1139/539 1339/1229/1339
f 1340/1141/1340 539/1139/539 500/1142/500
f 1340/1141/1340 1341/1138/1341 539/1139/539
f 1342/1414/1342 1341/1138/1341 1340/1141/1340
f 1342/1414/1342 1343/1406/1343 1341/1138/1341
f 1344/1408/1344 1343/1406/1343 1342/1414/1342
f 516/1255/516 536/1272/536 515/1253/515
f 2173/1269/2173 536/1272/536 516/1255/516
f 2173/1269/2173 535/1271/535 536/1272/536
f 534/1268/534 535/1271/535 2173/1269/2173
f 534/1268/534 1345/1415/1345 535/1271/535
f 1346/1262/1346 1469/1416/1469 1917/1417/1917
f 510/1241/510 1469/1416/1469 1346/1262/1346
f 510/1241/510 1347/1418/1347 1469/1416/1469
f 1348/1151/1348 1347/1418/1347 510/1241/510
f 1348/1151/1348 1972/1154/1972 1347/1418/1347
f 1349/1419/1349 1351/1420/1351 1350/1421/1350
f 739/1246/739 1351/1420/1351 1349/1419/1349
f 739/1246/739 1352/1144/1352 1351/1420/1351
f 1353/1146/1353 1352/1144/1352 739/1246/739
f 1353/1146/1353 747/1162/747 1352/1144/1352
f 2042/1381/2042 1354/1382/1354 2041/1374/2041
f 1355/1383/1355 1354/1382/1354 2042/1381/2042
f 1355/1383/1355 1356/1398/1356 1354/1382/1354
f 2070/1395/2070 1356/1398/1356 1355/1383/1355
f 2070/1395/2070 2199/1396/2199 1356/1398/1356
f 2181/1397/2181 2199/1396/2199 2070/1395/2070
f 2181/1397/2181 1357/1118/1357 2199/1396/2199
f 469/1165/469 1372/1402/1372 1358/1166/1358
f 468/1164/468 1372/1402/1372 469/1165/469
f 468/1164/468 1371/1149/1371 1372/1402/1372
f 1359/1147/1359 1371/1149/1371 468/1164/468
f 1359/1147/1359 1370/1148/1370 1371/1149/1371
f 735/1384/735 1370/1148/1370 1359/1147/1359
f 735/1384/735 1360/1422/1360 1370/1148/1370
f 1361/1116/1361 560/1282/560 550/1118/550
f 1362/1114/1362 560/1282/560 1361/1116/1361
f 1362/1114/1362 561/1281/561 560/1282/560
f 1363/1112/1363 561/1281/561 1362/1114/1362
f 1363/1112/1363 1364/1423/1364 561/1281/561
f 1365/1109/1365 1364/1423/1364 1363/1112/1363
f 2056/1376/2056 1367/1111/1367 1366/1109/1366
f 1368/1379/1368 1367/1111/1367 2056/1376/2056
f 1368/1379/1368 460/1128/460 1367/1111/1367
f 545/1106/545 460/1128/460 1368/1379/1368
f 545/1106/545 1369/1099/1369 460/1128/460
f 444/1102/444 1369/1099/1369 545/1106/545
f 544/1277/544 1371/1424/1371 1370/1278/1370
f 729/1380/729 1371/1424/1371 544/1277/544
f 729/1380/729 1372/1425/1372 1371/1424/1371
f 1373/1174/1373 1372/1425/1372 729/1380/729
f 1373/1174/1373 1358/1426/1358 1372/1425/1372
f 473/1176/473 1358/1426/1358 1373/1174/1373
f 473/1176/473 731/1178/731 1358/1426/1358
f 1374/1427/1374 1376/1234/1376 1375/1428/1375
f 1377/1429/1377 1376/1234/1376 1374/1427/1374
f 1377/1429/1377 465/1144/465 1376/1234/1376
f 1378/1430/1378 465/1144/465 1377/1429/1377
f 1378/1430/1378 749/1431/749 465/1144/465
f 1379/1432/1379 749/1431/749 1378/1430/1378
f 1379/1432/1379 748/1391/748 749/1431/749
f 1380/1130/1380 1382/1433/1382 1381/1434/1381
f 462/1133/462 1382/1433/1382 1380/1130/1380
f 462/1133/462 1383/1435/1383 1382/1433/1382
f 1384/1239/1384 1383/1435/1383 462/1133/462
f 1384/1239/1384 1385/1436/1385 1383/1435/1383
f 525/1263/525 1385/1436/1385 1384/1239/1384
f 525/1263/525 1386/1437/1386 1385/1436/1385
s 17
f 1684/1438/1684 1685/1439/1685 1725/1440/1725
f 1733/1441/1733 1685/1439/1685 1684/1438/1684
f 1733/1441/1733 1686/1442/1686 1685/1439/1685
f 2632/1443/2632 1686/1442/1686 1733/1441/1733
f 2632/1443/2632 1687/1444/1687 1686/1442/1686
f 1688/1445/1688 1687/1444/1687 2632/1443/2632
f 1688/1445/1688 1689/1446/1689 1687/1444/1687
f 1690/1447/1690 1689/1446/1689 1688/1445/1688
f 1690/1447/1690 1691/1448/1691 1689/1446/1689
f 1718/1449/1718 1693/1450/1693 1692/1451/1692
f 1732/1452/1732 1693/1450/1693 1718/1449/1718
f 1732/1452/1732 1694/1453/1694 1693/1450/1693
f 1733/1441/1733 1694/1453/1694 1732/1452/1732
f 1733/1441/1733 1695/1454/1695 1694/1453/1694
f 1696/1455/1696 1695/1454/1695 1733/1441/1733
f 1696/1455/1696 1697/1456/1697 1695/1454/1695
f 1698/1457/1698 2629/1458/2629 1716/1459/1716
f 1699/1460/1699 2629/1458/2629 1698/1457/1698
f 1699/1460/1699 1700/1461/1700 2629/1458/2629
f 1737/1462/1737 1700/1461/1700 1699/1460/1699
f 1737/1462/1737 2628/1463/2628 1700/1461/1700
f 1701/1464/1701 2628/1463/2628 1737/1462/1737
f 1701/1464/1701 1739/1465/1739 2628/1463/2628
f 1702/1466/1702 2628/1463/2628 1739/1465/1739
f 1703/1467/1703 2628/1463/2628 1702/1466/1702
f 1703/1467/1703 1704/1468/1704 2628/1463/2628
f 1723/1469/1723 1704/1468/1704 1703/1467/1703
f 1723/1469/1723 2626/1470/2626 1704/1468/1704
f 1724/1471/1724 2626/1470/2626 1723/1469/1723
f 1724/1471/1724 1728/1472/1728 2626/1470/2626
f 1705/1473/1705 1727/1474/1727 1706/1475/1706
f 2627/1476/2627 1727/1474/1727 1705/1473/1705
f 2627/1476/2627 1707/1477/1707 1727/1474/1727
f 2625/1478/2625 1707/1477/1707 2627/1476/2627
f 2625/1478/2625 1708/1479/1708 1707/1477/1707
f 1712/1480/1712 1708/1479/1708 2625/1478/2625
f 1712/1480/1712 1709/1481/1709 1708/1479/1708
f 1710/1482/1710 1725/1440/1725 1685/1439/1685
f 1711/1483/1711 1725/1440/1725 1710/1482/1710
f 1711/1483/1711 1721/1484/1721 1725/1440/1725
f 1712/1485/1712 1721/1484/1721 1711/1483/1711
f 1712/1485/1712 1730/1486/1730 1721/1484/1721
f 1740/1487/1740 1730/1486/1730 1712/1485/1712
f 1713/1488/1713 1715/1489/1715 1714/1490/1714
f 1716/1459/1716 1715/1489/1715 1713/1488/1713
f 1716/1459/1716 2630/1491/2630 1715/1489/1715
f 2629/1458/2629 2630/1491/2630 1716/1459/1716
f 1717/1492/1717 1732/1452/1732 1718/1449/1718
f 1719/1493/1719 1743/1494/1743 1742/1495/1742
f 1720/1496/1720 1721/1484/1721 1731/1497/1731
f 1722/1498/1722 1724/1471/1724 1723/1469/1723
f 1720/1496/1720 1725/1440/1725 1721/1484/1721
f 1726/1499/1726 1735/1500/1735 1737/1462/1737
f 1691/1448/1691 1706/1475/1706 1744/1501/1744
f 1709/1502/1709 1711/1483/1711 1710/1482/1710
f 1709/1502/1709 1712/1485/1712 1711/1483/1711
f 1727/1474/1727 1744/1501/1744 1706/1475/1706
f 1719/1493/1719 1742/1495/1742 1729/1503/1729
f 1742/1495/1742 2626/1470/2626 1728/1472/1728
f 1729/1503/1729 1742/1495/1742 1728/1472/1728
f 1730/1486/1730 1731/1497/1731 1721/1484/1721
f 2632/1443/2632 1733/1441/1733 1732/1452/1732
f 1734/1504/1734 1696/1455/1696 1733/1441/1733
f 1701/1464/1701 1737/1462/1737 1735/1500/1735
f 1736/1505/1736 1726/1499/1726 1737/1462/1737
f 1738/1465/1738 1702/1466/1702 1739/1465/1739
f 1736/1505/1736 1737/1462/1737 1699/1460/1699
f 1740/1506/1740 1742/1495/1742 1741/1507/1741
f 1743/1494/1743 1741/1507/1741 1742/1495/1742
f 1744/1501/1744 1689/1446/1689 1691/1448/1691
s 12
f 2061/1153/2061 1918/1157/1918 1972/1154/1972
f 1468/1160/1468 1916/1158/1916 1915/1161/1915
f 1914/1155/1914 1915/1161/1915 1916/1158/1916
f 1458/1156/1458 1972/1154/1972 1918/1157/1918
f 1959/1508/1959 2672/1509/2672 2671/1510/2671
f 1960/1511/1960 2672/1509/2672 1959/1508/1959
f 1960/1511/1960 1967/1512/1967 2672/1509/2672
f 1961/1513/1961 1967/1512/1967 1960/1511/1960
f 1961/1513/1961 1964/1486/1964 1967/1512/1967
f 1464/1243/1464 2689/1498/2689 1463/1159/1463
f 1974/1514/1974 2689/1498/2689 1464/1243/1464
f 1974/1514/1974 2687/1493/2687 2689/1498/2689
f 2685/1515/2685 2687/1493/2687 1974/1514/1974
f 2685/1515/2685 1962/1506/1962 2687/1493/2687
f 1963/1516/1963 2676/1492/2676 1973/1517/1973
f 1973/1517/1973 1972/1154/1972 1963/1516/1963
f 2674/1518/2674 1964/1486/1964 2685/1519/2685
f 1965/1520/1965 2028/1521/2028 1966/1522/1966
f 1964/1486/1964 2674/1518/2674 1967/1512/1967
f 1969/1523/1969 2684/1524/2684 2683/1525/2683
f 1968/1526/1968 1970/1527/1970 1969/1523/1969
f 2686/1528/2686 1970/1527/1970 2624/1529/2624
f 2684/1524/2684 1969/1523/1969 1970/1527/1970
f 1971/1530/1971 2688/1531/2688 1976/1532/1976
f 1463/1159/1463 1462/1467/1462 1468/1160/1468
f 1462/1467/1462 1463/1159/1463 2689/1498/2689
f 1972/1154/1972 1973/1517/1973 1347/1418/1347
f 2685/1515/2685 1974/1514/1974 1917/1261/1917
f 1975/1533/1975 1976/1532/1976 2688/1531/2688
f 2688/1531/2688 1971/1530/1971 2680/1534/2680
f 2677/1490/2677 2675/1535/2675 2690/1460/2690
f 2027/1536/2027 2028/1521/2028 1965/1520/1965
f 1989/1537/1989 2028/1521/2028 2027/1536/2027
f 1989/1537/1989 2029/1538/2029 2028/1521/2028
f 2030/1539/2030 2029/1538/2029 1989/1537/1989
f 2030/1539/2030 1988/1540/1988 2029/1538/2029
f 2031/1541/2031 2033/1542/2033 2032/1543/2032
f 742/1140/742 2033/1542/2033 2031/1541/2031
f 742/1140/742 2034/1286/2034 2033/1542/2033
f 2035/1409/2035 2034/1286/2034 742/1140/742
f 2035/1409/2035 744/1171/744 2034/1286/2034
f 2073/1407/2073 744/1171/744 2035/1409/2035
f 2073/1407/2073 724/1173/724 744/1171/744
f 2036/1400/2036 724/1173/724 2073/1407/2073
f 2036/1400/2036 2037/1375/2037 724/1173/724
f 2038/1401/2038 2037/1375/2037 2036/1400/2036
f 2038/1401/2038 2039/1373/2039 2037/1375/2037
f 2040/1382/2040 2039/1373/2039 2038/1401/2038
f 2040/1382/2040 2041/1374/2041 2039/1373/2039
f 2042/1381/2042 2041/1374/2041 2040/1382/2040
f 2043/1544/2043 2171/1545/2171 532/1152/532
f 2044/1546/2044 2171/1545/2171 2043/1544/2043
f 2044/1546/2044 2045/1547/2045 2171/1545/2171
f 2046/1278/2046 2045/1547/2045 2044/1546/2044
f 2046/1278/2046 2208/1277/2208 2045/1547/2045
f 467/1424/467 2208/1277/2208 2046/1278/2046
f 467/1424/467 2206/1380/2206 2208/1277/2208
f 2047/1425/2047 2206/1380/2206 467/1424/467
f 2047/1425/2047 2204/1174/2204 2206/1380/2206
f 2048/1426/2048 2204/1174/2204 2047/1425/2047
f 2048/1426/2048 2049/1176/2049 2204/1174/2204
f 731/1178/731 2049/1176/2049 2048/1426/2048
f 731/1178/731 734/1177/734 2049/1176/2049
f 2176/1414/2176 464/1141/464 463/1138/463
f 2192/1126/2192 464/1141/464 2176/1414/2176
f 2192/1126/2192 2050/1143/2050 464/1141/464
f 2051/1124/2051 2050/1143/2050 2192/1126/2192
f 2051/1124/2051 2052/1145/2052 2050/1143/2050
f 2053/1122/2053 2052/1145/2052 2051/1124/2051
f 2053/1122/2053 1329/1163/1329 2052/1145/2052
f 2054/1119/2054 1329/1163/1329 2053/1122/2053
f 2054/1119/2054 1327/1164/1327 1329/1163/1329
f 549/1165/549 1327/1164/1327 2054/1119/2054
f 549/1165/549 2047/1402/2047 1327/1164/1327
f 2048/1166/2048 2047/1402/2047 549/1165/549
f 2055/1281/2055 546/1112/546 2178/1114/2178
f 626/1423/626 546/1112/546 2055/1281/2055
f 626/1423/626 1366/1109/1366 546/1112/546
f 624/1378/624 1366/1109/1366 626/1423/626
f 624/1378/624 2056/1376/2056 1366/1109/1366
f 2057/1377/2057 2056/1376/2056 624/1378/624
f 2057/1377/2057 1368/1379/1368 2056/1376/2056
f 2058/1108/2058 1368/1379/1368 2057/1377/2057
f 2058/1108/2058 545/1106/545 1368/1379/1368
f 622/1107/622 545/1106/545 2058/1108/2058
f 622/1107/622 728/1105/728 545/1106/545
f 2059/1254/2059 2061/1153/2061 2060/1150/2060
f 515/1253/515 2061/1153/2061 2059/1254/2059
f 515/1253/515 1918/1157/1918 2061/1153/2061
f 536/1272/536 1918/1157/1918 515/1253/515
f 536/1272/536 518/1257/518 1918/1157/1918
f 538/1251/538 518/1257/518 536/1272/536
f 538/1251/538 2062/1258/2062 518/1257/518
f 520/1250/520 2062/1258/2062 538/1251/538
f 520/1250/520 1915/1161/1915 2062/1258/2062
f 508/1137/508 1915/1161/1915 520/1250/520
f 508/1137/508 1904/1242/1904 1915/1161/1915
f 2063/1548/2063 1904/1242/1904 508/1137/508
f 2063/1548/2063 1464/1243/1464 1904/1242/1904
f 522/1134/522 1464/1243/1464 2063/1548/2063
f 522/1134/522 1465/1514/1465 1464/1243/1464
f 1917/1261/1917 1465/1514/1465 522/1134/522
f 2184/1280/2184 450/1115/450 2183/1117/2183
f 2064/1549/2064 450/1115/450 2184/1280/2184
f 2064/1549/2064 449/1113/449 450/1115/450
f 2065/1127/2065 449/1113/449 2064/1549/2064
f 2065/1127/2065 2066/1110/2066 449/1113/449
f 456/1125/456 2066/1110/2066 2065/1127/2065
f 456/1125/456 2196/1111/2196 2066/1110/2066
f 2067/1123/2067 2196/1111/2196 456/1125/456
f 2067/1123/2067 2068/1128/2068 2196/1111/2196
f 453/1121/453 2068/1128/2068 2067/1123/2067
f 453/1121/453 2195/1099/2195 2068/1128/2068
f 451/1101/451 2195/1099/2195 453/1121/453
f 451/1101/451 2194/1100/2194 2195/1099/2195
f 732/1120/732 2194/1100/2194 451/1101/451
f 732/1120/732 2069/1550/2069 2194/1100/2194
f 1355/1383/1355 2071/1398/2071 2070/1395/2070
f 2040/1382/2040 2071/1398/2071 1355/1383/1355
f 2040/1382/2040 2072/1399/2072 2071/1398/2071
f 2038/1401/2038 2072/1399/2072 2040/1382/2040
f 2038/1401/2038 1323/1283/1323 2072/1399/2072
f 2036/1400/2036 1323/1283/1323 2038/1401/2038
f 2036/1400/2036 1344/1408/1344 1323/1283/1323
f 2073/1407/2073 1344/1408/1344 2036/1400/2036
f 2073/1407/2073 1343/1406/1343 1344/1408/1344
f 2035/1409/2035 1343/1406/1343 2073/1407/2073
f 2035/1409/2035 1341/1138/1341 1343/1406/1343
f 742/1140/742 1341/1138/1341 2035/1409/2035
f 742/1140/742 539/1139/539 1341/1138/1341
f 743/1389/743 539/1139/539 742/1140/742
f 743/1389/743 540/1551/540 539/1139/539
s 18
f 2148/1552/2148 2075/1553/2075 2074/1554/2074
f 2098/1555/2098 2075/1553/2075 2148/1552/2148
f 2098/1555/2098 2076/1556/2076 2075/1553/2075
f 2077/1557/2077 2076/1556/2076 2098/1555/2098
f 2077/1557/2077 2078/1558/2078 2076/1556/2076
f 2079/1559/2079 2078/1558/2078 2077/1557/2077
f 2079/1559/2079 2080/1560/2080 2078/1558/2078
f 2099/1561/2099 2080/1560/2080 2079/1559/2079
f 2099/1561/2099 2081/1562/2081 2080/1560/2080
f 2082/1563/2082 2081/1562/2081 2099/1561/2099
f 2082/1563/2082 2083/1564/2083 2081/1562/2081
f 2100/1565/2100 2083/1564/2083 2082/1563/2082
f 2100/1565/2100 2084/1566/2084 2083/1564/2083
f 2101/1567/2101 2084/1566/2084 2100/1565/2100
f 2101/1567/2101 2085/1564/2085 2084/1566/2084
f 2153/1565/2153 2085/1564/2085 2101/1567/2101
f 2153/1565/2153 2086/1562/2086 2085/1564/2085
f 2146/1563/2146 2086/1562/2086 2153/1565/2153
f 2146/1563/2146 2087/1560/2087 2086/1562/2086
f 2104/1561/2104 2087/1560/2087 2146/1563/2146
f 2104/1561/2104 2088/1558/2088 2087/1560/2087
f 2089/1559/2089 2088/1558/2088 2104/1561/2104
f 2089/1559/2089 2090/1556/2090 2088/1558/2088
f 2105/1557/2105 2090/1556/2090 2089/1559/2089
f 2105/1557/2105 2091/1553/2091 2090/1556/2090
f 2092/1555/2092 2091/1553/2091 2105/1557/2105
f 2092/1555/2092 2093/1554/2093 2091/1553/2091
f 2094/1552/2094 2093/1554/2093 2092/1555/2092
f 2094/1552/2094 2095/1568/2095 2093/1554/2093
f 2107/1569/2107 2095/1568/2095 2094/1552/2094
f 2107/1569/2107 2097/1570/2097 2095/1568/2095
f 2095/1568/2095 2096/1571/2096 2093/1554/2093
f 2097/1570/2097 2096/1571/2096 2095/1568/2095
f 2097/1570/2097 2148/1552/2148 2096/1571/2096
f 2126/1572/2126 2148/1552/2148 2097/1570/2097
f 2126/1572/2126 2098/1573/2098 2148/1552/2148
f 2127/1574/2127 2098/1573/2098 2126/1572/2126
f 2127/1574/2127 2077/1557/2077 2098/1573/2098
f 2151/1575/2151 2077/1557/2077 2127/1574/2127
f 2151/1575/2151 2079/1559/2079 2077/1557/2077
f 2149/1576/2149 2079/1559/2079 2151/1575/2151
f 2149/1576/2149 2099/1561/2099 2079/1559/2079
f 2112/1577/2112 2099/1561/2099 2149/1576/2149
f 2112/1577/2112 2082/1563/2082 2099/1561/2099
f 2133/1578/2133 2082/1563/2082 2112/1577/2112
f 2133/1578/2133 2100/1565/2100 2082/1563/2082
f 2134/1579/2134 2100/1565/2100 2133/1578/2133
f 2134/1579/2134 2101/1567/2101 2100/1565/2100
f 2135/1580/2135 2101/1567/2101 2134/1579/2134
f 2135/1580/2135 2102/1579/2102 2101/1567/2101
f 2103/1581/2103 2102/1579/2102 2135/1580/2135
f 2103/1581/2103 2170/1582/2170 2102/1579/2102
f 2122/1577/2122 2089/1559/2089 2104/1561/2104
f 2120/1576/2120 2089/1559/2089 2122/1577/2122
f 2120/1576/2120 2105/1557/2105 2089/1559/2089
f 2118/1575/2118 2105/1557/2105 2120/1576/2120
f 2118/1575/2118 2092/1555/2092 2105/1557/2105
f 2106/1583/2106 2092/1555/2092 2118/1575/2118
f 2106/1583/2106 2094/1552/2094 2092/1555/2092
f 2154/1572/2154 2094/1552/2094 2106/1583/2106
f 2154/1572/2154 2107/1569/2107 2094/1552/2094
f 2108/1584/2108 2107/1569/2107 2154/1572/2154
f 2108/1584/2108 2109/1585/2109 2107/1569/2107
f 2110/1586/2110 2109/1585/2109 2108/1584/2108
f 2110/1586/2110 2147/1587/2147 2109/1585/2109
f 2111/1588/2111 2149/1576/2149 2150/1589/2150
f 2166/1590/2166 2149/1576/2149 2111/1588/2111
f 2166/1590/2166 2112/1577/2112 2149/1576/2149
f 2113/1591/2113 2112/1577/2112 2166/1590/2166
f 2113/1591/2113 2133/1578/2133 2112/1577/2112
f 2114/1592/2114 2133/1578/2133 2113/1591/2113
f 2114/1592/2114 2168/1593/2168 2133/1578/2133
f 2115/1594/2115 2168/1593/2168 2114/1592/2114
f 2115/1594/2115 2136/1595/2136 2168/1593/2168
f 2158/1589/2158 2117/1596/2117 2116/1597/2116
f 2118/1575/2118 2117/1596/2117 2158/1589/2158
f 2118/1575/2118 2119/1598/2119 2117/1596/2117
f 2120/1576/2120 2119/1598/2119 2118/1575/2118
f 2120/1576/2120 2121/1588/2121 2119/1598/2119
f 2122/1577/2122 2121/1588/2121 2120/1576/2120
f 2122/1577/2122 2123/1591/2123 2121/1588/2121
f 2161/1599/2161 2123/1591/2123 2122/1577/2122
f 2161/1599/2161 2124/1600/2124 2123/1591/2123
f 2125/1601/2125 2126/1572/2126 2097/1570/2097
f 2165/1602/2165 2126/1572/2126 2125/1601/2125
f 2165/1602/2165 2127/1574/2127 2126/1572/2126
f 2128/1603/2128 2127/1574/2127 2165/1602/2165
f 2128/1603/2128 2152/1604/2152 2127/1574/2127
f 2129/1605/2129 2152/1604/2152 2128/1603/2128
f 2130/1595/2130 2170/1582/2170 2144/1606/2144
f 2131/1578/2131 2170/1582/2170 2130/1595/2130
f 2131/1578/2131 2102/1579/2102 2170/1582/2170
f 2146/1563/2146 2102/1579/2102 2131/1578/2131
f 2146/1563/2146 2153/1565/2153 2102/1579/2102
f 2132/1607/2132 2134/1579/2134 2133/1578/2133
f 2137/1582/2137 2134/1579/2134 2132/1607/2132
f 2137/1582/2137 2135/1580/2135 2134/1579/2134
f 2163/1284/2163 2135/1580/2135 2137/1582/2137
f 2163/1284/2163 2103/1581/2103 2135/1580/2135
f 2136/1595/2136 2137/1582/2137 2132/1607/2132
f 2138/1608/2138 2162/1609/2162 2137/1582/2137
f 2154/1572/2154 2106/1574/2106 2156/1602/2156
f 2139/1610/2139 2140/1611/2140 2158/1589/2158
f 2141/1612/2141 2113/1591/2113 2142/1613/2142
f 2143/1614/2143 2144/1606/2144 2169/1615/2169
f 2118/1575/2118 2158/1589/2158 2106/1574/2106
f 2122/1577/2122 2146/1563/2146 2145/1616/2145
f 2109/1585/2109 2147/1587/2147 2107/1568/2107
f 2097/1617/2097 2107/1568/2107 2147/1587/2147
f 2074/1554/2074 2096/1571/2096 2148/1552/2148
f 2151/1575/2151 2150/1589/2150 2149/1576/2149
f 2151/1575/2151 2127/1574/2127 2152/1604/2152
f 2153/1565/2153 2101/1567/2101 2102/1579/2102
f 2156/1602/2156 2108/1584/2108 2154/1572/2154
f 2155/1618/2155 2108/1584/2108 2156/1602/2156
f 2106/1574/2106 2160/1619/2160 2156/1602/2156
f 2157/1605/2157 2158/1589/2158 2140/1611/2140
f 2159/1620/2159 2156/1602/2156 2160/1619/2160
f 2106/1574/2106 2158/1589/2158 2157/1605/2157
f 2145/1616/2145 2161/1599/2161 2122/1577/2122
f 2104/1561/2104 2146/1563/2146 2122/1577/2122
f 2162/1609/2162 2163/1284/2163 2137/1582/2137
f 2136/1595/2136 2132/1607/2132 2168/1593/2168
f 2164/1621/2164 2128/1603/2128 2165/1602/2165
f 2142/1613/2142 2113/1591/2113 2166/1590/2166
f 2167/1598/2167 2111/1588/2111 2150/1589/2150
f 2133/1578/2133 2168/1593/2168 2132/1607/2132
f 2169/1615/2169 2144/1606/2144 2170/1582/2170
s 12
f 2171/1545/2171 2060/1150/2060 532/1152/532
f 2210/1622/2210 2060/1150/2060 2171/1545/2171
f 2210/1622/2210 2059/1254/2059 2060/1150/2060
f 2172/1267/2172 2059/1254/2059 2210/1622/2210
f 2172/1267/2172 516/1255/516 2059/1254/2059
f 526/1264/526 516/1255/516 2172/1267/2172
f 526/1264/526 2173/1269/2173 516/1255/516
f 527/1266/527 2173/1269/2173 526/1264/526
f 527/1266/527 533/1140/533 2173/1269/2173
f 2174/1409/2174 533/1140/533 527/1266/527
f 2174/1409/2174 463/1138/463 533/1140/533
f 2175/1406/2175 463/1138/463 2174/1409/2174
f 2175/1406/2175 2176/1414/2176 463/1138/463
f 1332/1408/1332 2176/1414/2176 2175/1406/2175
f 1332/1408/1332 2191/1127/2191 2176/1414/2176
f 2211/1549/2211 2191/1127/2191 1332/1408/1332
f 2211/1549/2211 524/1113/524 2191/1127/2191
f 2177/1115/2177 524/1113/524 2211/1549/2211
f 2177/1115/2177 2178/1114/2178 524/1113/524
f 2179/1116/2179 2178/1114/2178 2177/1115/2177
f 2179/1116/2179 2180/1282/2180 2178/1114/2178
f 1357/1118/1357 2180/1282/2180 2179/1116/2179
f 1357/1118/1357 629/1284/629 2180/1282/2180
f 2181/1397/2181 629/1284/629 1357/1118/1357
f 2181/1397/2181 550/1118/550 629/1284/629
f 2182/1396/2182 550/1118/550 2181/1397/2181
f 2182/1396/2182 2183/1117/2183 550/1118/550
f 1322/1279/1322 2183/1117/2183 2182/1396/2182
f 1322/1279/1322 2184/1280/2184 2183/1117/2183
f 1323/1283/1323 2184/1280/2184 1322/1279/1322
f 1323/1283/1323 2064/1549/2064 2184/1280/2184
f 1344/1408/1344 2064/1549/2064 1323/1283/1323
f 1344/1408/1344 2065/1127/2065 2064/1549/2064
f 1342/1414/1342 2065/1127/2065 1344/1408/1344
f 1342/1414/1342 457/1126/457 2065/1127/2065
f 1340/1141/1340 457/1126/457 1342/1414/1342
f 1340/1141/1340 1320/1143/1320 457/1126/457
f 2185/1226/2185 1320/1143/1320 1340/1141/1340
f 2185/1226/2185 2186/1390/2186 1320/1143/1320
f 2187/1623/2187 2186/1390/2186 2185/1226/2185
f 2187/1623/2187 2188/1624/2188 2186/1390/2186
f 2189/1625/2189 2188/1624/2188 2187/1623/2187
f 2189/1625/2189 2190/1626/2190 2188/1624/2188
f 2191/1127/2191 2192/1126/2192 2176/1414/2176
f 458/1125/458 2192/1126/2192 2191/1127/2191
f 458/1125/458 2051/1124/2051 2192/1126/2192
f 459/1123/459 2051/1124/2051 458/1125/458
f 459/1123/459 2053/1122/2053 2051/1124/2051
f 461/1121/461 2053/1122/2053 459/1123/459
f 461/1121/461 2054/1119/2054 2053/1122/2053
f 443/1101/443 2054/1119/2054 461/1121/461
f 443/1101/443 732/1120/732 2054/1119/2054
f 2193/1100/2193 732/1120/732 443/1101/443
f 2193/1100/2193 2069/1550/2069 732/1120/732
f 445/1103/445 2069/1550/2069 2193/1100/2193
f 445/1103/445 2194/1100/2194 2069/1550/2069
f 447/1102/447 2194/1100/2194 445/1103/445
f 447/1102/447 2195/1099/2195 2194/1100/2194
f 448/1106/448 2195/1099/2195 447/1102/447
f 448/1106/448 2068/1128/2068 2195/1099/2195
f 726/1379/726 2068/1128/2068 448/1106/448
f 726/1379/726 2196/1111/2196 2068/1128/2068
f 725/1376/725 2196/1111/2196 726/1379/726
f 725/1376/725 1365/1109/1365 2196/1111/2196
f 2197/1378/2197 1365/1109/1365 725/1376/725
f 2197/1378/2197 1364/1423/1364 1365/1109/1365
f 2198/1117/2198 2199/1396/2199 1357/1118/1357
f 2200/1279/2200 2199/1396/2199 2198/1117/2198
f 2200/1279/2200 1356/1398/1356 2199/1396/2199
f 2201/1399/2201 1356/1398/1356 2200/1279/2200
f 2201/1399/2201 1354/1382/1354 1356/1398/1356
f 1325/1401/1325 1354/1382/1354 2201/1399/2201
f 1325/1401/1325 1326/1373/1326 1354/1382/1354
f 2202/1375/2202 1326/1373/1326 1325/1401/1325
f 2202/1375/2202 2203/1175/2203 1326/1373/1326
f 2214/1173/2214 2203/1175/2203 2202/1375/2202
f 2214/1173/2214 2204/1174/2204 2203/1175/2203
f 2205/1172/2205 2204/1174/2204 2214/1173/2214
f 2205/1172/2205 2206/1380/2206 2204/1174/2204
f 2207/1411/2207 2206/1380/2206 2205/1172/2205
f 2207/1411/2207 2208/1277/2208 2206/1380/2206
f 2209/1627/2209 2208/1277/2208 2207/1411/2207
f 2209/1627/2209 2045/1547/2045 2208/1277/2208
f 2210/1622/2210 2045/1547/2045 2209/1627/2209
f 2210/1622/2210 2171/1545/2171 2045/1547/2045
f 2179/1116/2179 2198/1117/2198 1357/1118/1357
f 2177/1115/2177 2198/1117/2198 2179/1116/2179
f 2177/1115/2177 547/1280/547 2198/1117/2198
f 2211/1549/2211 547/1280/547 2177/1115/2177
f 2211/1549/2211 2212/1283/2212 547/1280/547
f 1332/1408/1332 2212/1283/2212 2211/1549/2211
f 1332/1408/1332 1324/1400/1324 2212/1283/2212
f 2213/1407/2213 1324/1400/1324 1332/1408/1332
f 2213/1407/2213 2214/1173/2214 1324/1400/1324
f 1333/1171/1333 2214/1173/2214 2213/1407/2213
f 1333/1171/1333 2205/1172/2205 2214/1173/2214
f 1334/1170/1334 2205/1172/2205 1333/1171/1333
f 1334/1170/1334 2207/1411/2207 2205/1172/2205
f 531/1265/531 2207/1411/2207 1334/1170/1334
f 531/1265/531 2209/1627/2209 2207/1411/2207
f 2172/1267/2172 2209/1627/2209 531/1265/531
f 2172/1267/2172 2210/1622/2210 2209/1627/2209
f 1962/1506/1962 2686/1628/2686 2687/1493/2687
f 1976/1532/1976 1987/1629/1987 1971/1530/1971
f 1968/1526/1968 2624/1529/2624 1970/1527/1970
f 2690/1630/2690 2681/1631/2681 2677/1490/2677
f 2029/1538/2029 1966/1522/1966 2028/1521/2028
s 17
f 1712/1480/1712 1742/1495/1742 1740/1506/1740
f 2625/1478/2625 1742/1495/1742 1712/1480/1712
f 2625/1478/2625 2626/1470/2626 1742/1495/1742
f 2627/1476/2627 2626/1470/2626 2625/1478/2625
f 2627/1476/2627 1704/1468/1704 2626/1470/2626
f 1705/1473/1705 1704/1468/1704 2627/1476/2627
f 1705/1473/1705 2628/1463/2628 1704/1468/1704
f 1706/1632/1706 2628/1463/2628 1705/1473/1705
f 1706/1632/1706 1700/1461/1700 2628/1463/2628
f 1691/1448/1691 1700/1461/1700 1706/1632/1706
f 1691/1448/1691 2629/1633/2629 1700/1461/1700
f 1690/1634/1690 2629/1633/2629 1691/1448/1691
f 1690/1634/1690 2630/1491/2630 2629/1633/2629
f 1688/1445/1688 2630/1491/2630 1690/1634/1690
f 1688/1445/1688 2631/1635/2631 2630/1491/2630
f 2632/1443/2632 2631/1635/2631 1688/1445/1688
s 12
f 2669/1636/2669 2670/1637/2670 2682/1638/2682
f 2671/1510/2671 2670/1637/2670 2669/1636/2669
f 2671/1510/2671 2679/1639/2679 2670/1637/2670
f 2672/1509/2672 2679/1639/2679 2671/1510/2671
f 2672/1509/2672 2678/1456/2678 2679/1639/2679
f 1967/1512/1967 2678/1456/2678 2672/1509/2672
f 1967/1512/1967 2673/1640/2673 2678/1456/2678
f 2674/1518/2674 2673/1640/2673 1967/1512/1967
f 2674/1518/2674 1469/1416/1469 2673/1640/2673
f 2685/1519/2685 1469/1416/1469 2674/1518/2674
f 2685/1519/2685 1917/1417/1917 1469/1416/1469
f 1458/1156/1458 1963/1516/1963 1972/1154/1972
f 2675/1535/2675 1963/1516/1963 1458/1156/1458
f 2675/1535/2675 2676/1492/2676 1963/1516/1963
f 2677/1490/2677 2676/1492/2676 2675/1535/2675
f 2677/1490/2677 2670/1637/2670 2676/1492/2676
f 2681/1631/2681 2670/1637/2670 2677/1490/2677
f 2681/1631/2681 2682/1638/2682 2670/1637/2670
f 1347/1418/1347 2673/1640/2673 1469/1416/1469
f 1973/1517/1973 2673/1640/2673 1347/1418/1347
f 1973/1517/1973 2678/1456/2678 2673/1640/2673
f 2676/1492/2676 2678/1456/2678 1973/1517/1973
f 2676/1492/2676 2679/1639/2679 2678/1456/2678
f 2670/1637/2670 2679/1639/2679 2676/1492/2676
f 1989/1537/1989 1971/1530/1971 1987/1629/1987
f 2027/1536/2027 1971/1530/1971 1989/1537/1989
f 2027/1536/2027 2680/1534/2680 1971/1530/1971
f 1965/1520/1965 2680/1534/2680 2027/1536/2027
f 1965/1520/1965 2690/1630/2690 2680/1534/2680
f 1966/1522/1966 2690/1630/2690 1965/1520/1965
f 1966/1522/1966 2681/1631/2681 2690/1630/2690
f 2029/1538/2029 2681/1631/2681 1966/1522/1966
f 2029/1538/2029 2682/1638/2682 2681/1631/2681
f 1988/1540/1988 2682/1638/2682 2029/1538/2029
f 1988/1540/1988 2669/1636/2669 2682/1638/2682
f 1984/1641/1984 2669/1636/2669 1988/1540/1988
f 1984/1641/1984 2671/1510/2671 2669/1636/2669
f 2683/1525/2683 2671/1510/2671 1984/1641/1984
f 2683/1525/2683 1959/1508/1959 2671/1510/2671
f 2684/1524/2684 1959/1508/1959 2683/1525/2683
f 2684/1524/2684 1960/1511/1960 1959/1508/1959
f 1970/1527/1970 1960/1511/1960 2684/1524/2684
f 1970/1527/1970 1961/1513/1961 1960/1511/1960
f 2686/1528/2686 1961/1513/1961 1970/1527/1970
f 2686/1528/2686 1964/1486/1964 1961/1513/1961
f 1962/1487/1962 1964/1486/1964 2686/1528/2686
f 1962/1487/1962 2685/1642/2685 1964/1486/1964
f 1987/1629/1987 2624/1643/2624 1968/1644/1968
f 1976/1532/1976 2624/1643/2624 1987/1629/1987
f 1976/1532/1976 2686/1628/2686 2624/1643/2624
f 1975/1533/1975 2686/1628/2686 1976/1532/1976
f 1975/1533/1975 2687/1493/2687 2686/1628/2686
f 2688/1531/2688 2687/1493/2687 1975/1533/1975
f 2688/1531/2688 2689/1498/2689 2687/1493/2687
f 2680/1534/2680 2689/1498/2689 2688/1531/2688
f 2680/1534/2680 1462/1467/1462 2689/1498/2689
f 2690/1630/2690 1462/1467/1462 2680/1534/2680
f 2690/1630/2690 1468/1160/1468 1462/1467/1462
f 2675/1535/2675 1468/1160/1468 2690/1630/2690
f 2675/1535/2675 1916/1158/1916 1468/1160/1468
f 1458/1645/1458 1916/1158/1916 2675/1535/2675
s 1
g Mesh.818_DrawCall_59_eyes.png
usemtl eyes.png
f 383/1646/383 363/1647/363 362/1648/362
f 364/1649/364 363/1647/363 383/1646/383
f 364/1649/364 394/1650/394 363/1647/363
f 381/1651/381 394/1650/394 364/1649/364
f 381/1651/381 393/1652/393 394/1650/394
f 380/1653/380 393/1652/393 381/1651/381
f 380/1653/380 365/1654/365 393/1652/393
f 366/1655/366 365/1654/365 380/1653/380
f 366/1655/366 395/1656/395 365/1654/365
f 367/1657/367 395/1656/395 366/1655/366
f 367/1657/367 414/1658/414 395/1656/395
f 2695/1659/2695 414/1658/414 367/1657/367
f 2695/1659/2695 396/1660/396 414/1658/414
f 418/1661/418 396/1660/396 2695/1659/2695
f 418/1661/418 362/1648/362 396/1660/396
f 419/1662/419 362/1648/362 418/1661/418
f 419/1662/419 383/1646/383 362/1648/362
f 389/1663/389 383/1646/383 419/1662/419
f 389/1663/389 368/1664/368 383/1646/383
f 369/1665/369 368/1664/368 389/1663/389
f 369/1665/369 402/1666/402 368/1664/368
f 409/1665/409 370/1664/370 398/1666/398
f 410/1663/410 370/1664/370 409/1665/409
f 410/1663/410 379/1646/379 370/1664/370
f 404/1662/404 379/1646/379 410/1663/410
f 404/1662/404 371/1648/371 379/1646/379
f 387/1661/387 371/1648/371 404/1662/404
f 387/1661/387 372/1660/372 371/1648/371
f 373/1659/373 372/1660/372 387/1661/387
f 373/1659/373 374/1658/374 372/1660/372
f 2557/1657/2557 374/1658/374 373/1659/373
f 2557/1657/2557 415/1656/415 374/1658/374
f 384/1655/384 415/1656/415 2557/1657/2557
f 384/1655/384 391/1654/391 415/1656/415
f 375/1653/375 391/1654/391 384/1655/384
f 375/1653/375 392/1652/392 391/1654/391
f 376/1651/376 392/1652/392 375/1653/375
f 376/1651/376 377/1650/377 392/1652/392
f 386/1649/386 377/1650/377 376/1651/376
f 386/1649/386 378/1647/378 377/1650/377
f 379/1646/379 378/1647/378 386/1649/386
f 379/1646/379 371/1648/371 378/1647/378
f 366/1655/366 400/1667/400 367/1657/367
f 380/1653/380 400/1667/400 366/1655/366
f 380/1653/380 399/1668/399 400/1667/400
f 381/1651/381 399/1668/399 380/1653/380
f 381/1651/381 382/1669/382 399/1668/399
f 364/1649/364 382/1669/382 381/1651/381
f 364/1649/364 368/1664/368 382/1669/382
f 383/1646/383 368/1664/368 364/1649/364
f 1636/1667/1636 375/1653/375 384/1655/384
f 385/1668/385 375/1653/375 1636/1667/1636
f 385/1668/385 376/1651/376 375/1653/375
f 416/1669/416 376/1651/376 385/1668/385
f 416/1669/416 386/1649/386 376/1651/376
f 370/1664/370 386/1649/386 416/1669/416
f 370/1664/370 379/1646/379 386/1649/386
f 1396/1670/1396 404/1662/404 405/1671/405
f 417/1672/417 404/1662/404 1396/1670/1396
f 417/1672/417 387/1661/387 404/1662/404
f 1393/1673/1393 387/1661/387 417/1672/417
f 1393/1673/1393 373/1659/373 387/1661/387
f 412/1670/412 419/1662/419 388/1672/388
f 411/1671/411 419/1662/419 412/1670/412
f 411/1671/411 389/1663/389 419/1662/419
f 390/1674/390 389/1663/389 411/1671/411
f 390/1674/390 369/1665/369 389/1663/389
f 372/1660/372 378/1647/378 371/1648/371
f 415/1656/415 378/1647/378 372/1660/372
f 415/1656/415 377/1650/377 378/1647/378
f 391/1654/391 377/1650/377 415/1656/415
f 391/1654/391 392/1652/392 377/1650/377
f 365/1654/365 394/1650/394 393/1652/393
f 395/1656/395 394/1650/394 365/1654/365
f 395/1656/395 363/1647/363 394/1650/394
f 396/1660/396 363/1647/363 395/1656/395
f 396/1660/396 362/1648/362 363/1647/363
f 402/1675/402 406/1676/406 401/1677/401
f 369/1678/369 406/1676/406 402/1675/402
f 369/1678/369 397/1679/397 406/1676/406
f 390/1680/390 397/1679/397 369/1678/369
f 390/1680/390 411/1681/411 397/1679/397
f 420/1680/420 413/1679/413 405/1681/405
f 409/1678/409 413/1679/413 420/1680/420
f 409/1678/409 408/1676/408 413/1679/413
f 398/1675/398 408/1676/408 409/1678/409
f 398/1675/398 407/1677/407 408/1676/408
f 399/1668/399 401/1682/401 400/1667/400
f 382/1669/382 401/1682/401 399/1668/399
f 382/1669/382 402/1666/402 401/1682/401
f 368/1664/368 402/1666/402 382/1669/382
f 1887/1683/1887 403/1684/403 388/1685/388
f 1392/1683/1392 417/1685/417 1398/1684/1398
f 403/1686/403 397/1687/397 412/1688/412
f 398/1666/398 416/1669/416 407/1682/407
f 404/1662/404 410/1663/410 405/1671/405
f 401/1677/401 406/1676/406 1604/1689/1604
f 1604/1690/1604 400/1667/400 401/1682/401
f 407/1677/407 1635/1689/1635 408/1676/408
f 1635/1690/1635 407/1682/407 1636/1667/1636
f 405/1681/405 413/1679/413 1396/1691/1396
f 420/1674/420 410/1663/410 409/1665/409
f 411/1681/411 412/1691/412 397/1679/397
f 1398/1686/1398 1396/1688/1396 413/1687/413
f 1394/1673/1394 418/1661/418 2695/1659/2695
f 395/1656/395 414/1658/414 396/1660/396
f 2557/1657/2557 1636/1667/1636 384/1655/384
f 412/1692/412 388/1685/388 403/1684/403
f 1396/1692/1396 1398/1684/1398 417/1685/417
f 385/1668/385 1636/1667/1636 407/1682/407
f 415/1656/415 372/1660/372 374/1658/374
f 416/1669/416 398/1666/398 370/1664/370
f 385/1668/385 407/1682/407 416/1669/416
f 1392/1683/1392 1393/1693/1393 417/1685/417
f 1887/1683/1887 388/1685/388 1394/1693/1394
f 388/1672/388 419/1662/419 418/1661/418
f 420/1674/420 405/1671/405 410/1663/410
f 418/1661/418 1394/1673/1394 388/1672/388
f 17/1694/17 2453/1695/2453 1442/1696/1442
f 2433/1697/2433 2453/1695/2453 17/1694/17
f 2433/1697/2433 2455/1698/2455 2453/1695/2453
f 2445/660/2445 2455/1698/2455 2433/1697/2433
f 2445/660/2445 2438/1698/2438 2455/1698/2455
f 2443/1697/2443 2438/1698/2438 2445/660/2445
f 2443/1697/2443 2434/1695/2434 2438/1698/2438
f 63/1694/63 2434/1695/2434 2443/1697/2443
f 63/1694/63 2437/1696/2437 2434/1695/2434
f 2439/1699/2439 37/1700/37 2435/1701/2435
f 2451/1702/2451 37/1700/37 2439/1699/2439
f 2451/1702/2451 2436/1703/2436 37/1700/37
f 2434/1695/2434 2436/1703/2436 2451/1702/2451
f 2434/1695/2434 2437/1696/2437 2436/1703/2436
f 2453/1695/2453 67/1703/67 1442/1696/1442
f 2449/1702/2449 67/1703/67 2453/1695/2453
f 2449/1702/2449 65/1700/65 67/1703/67
f 2448/1699/2448 65/1700/65 2449/1702/2449
f 2448/1699/2448 2456/1701/2456 65/1700/65
f 2454/1704/2454 2450/1705/2450 2455/1706/2455
f 2438/1706/2438 2450/1705/2450 2454/1704/2454
f 2438/1706/2438 2435/1707/2435 2450/1705/2450
f 2451/1708/2451 2435/1707/2435 2438/1706/2438
f 2451/1708/2451 2439/1709/2439 2435/1707/2435
f 40/1710/40 2435/1701/2435 2452/1711/2452
f 2440/1712/2440 2435/1701/2435 40/1710/40
f 2440/1712/2440 2456/1701/2456 2435/1701/2435
f 2441/1710/2441 2456/1701/2456 2440/1712/2440
f 2441/1710/2441 2442/1711/2442 2456/1701/2456
f 2443/1697/2443 2444/1713/2444 63/1694/63
f 2445/660/2445 2444/1713/2444 2443/1697/2443
f 2445/660/2445 2446/1714/2446 2444/1713/2444
f 2447/1713/2447 2446/1714/2446 2445/660/2445
f 2433/1697/2433 2447/1713/2447 2445/660/2445
f 2448/1709/2448 2449/1708/2449 2456/1707/2456
f 2447/1713/2447 2433/1697/2433 17/1694/17
f 2450/1715/2450 2435/1701/2435 2456/1701/2456
f 2438/1698/2438 2434/1695/2434 2451/1702/2451
f 2452/1711/2452 2435/1701/2435 38/1716/38
f 2455/1698/2455 2449/1702/2449 2453/1695/2453
f 2455/1706/2455 2456/1707/2456 2449/1708/2449
f 2456/1707/2456 2455/1706/2455 2450/1705/2450
f 2454/1717/2454 2455/1698/2455 2438/1698/2438
f 2442/1711/2442 2457/1716/2457 2456/1701/2456
f 65/1700/65 2456/1701/2456 2457/1716/2457
f 38/1716/38 2435/1701/2435 37/1700/37
g Mesh.818_DrawCall_59_face.png
usemtl face.png
f 1/1718/1 1450/1719/1450 2417/1720/2417
f 61/1721/61 1450/1719/1450 1/1718/1
f 61/1721/61 1448/1722/1448 1450/1719/1450
f 2/1723/2 1448/1722/1448 61/1721/61
f 2/1723/2 3/1724/3 1448/1722/1448
f 63/1725/63 3/1724/3 2/1723/2
f 63/1725/63 2444/1726/2444 3/1724/3
f 1432/1727/1432 785/1728/785 786/1729/786
f 1431/1730/1431 785/1728/785 1432/1727/1432
f 1431/1730/1431 11/1727/11 785/1728/785
f 4/1731/4 11/1727/11 1431/1730/1431
f 4/1731/4 2424/1732/2424 11/1727/11
f 1432/1727/1432 2424/1732/2424 4/1731/4
f 2517/1733/2517 768/1734/768 767/1735/767
f 2518/1736/2518 768/1734/768 2517/1733/2517
f 2518/1736/2518 769/1737/769 768/1734/768
f 2519/1738/2519 769/1737/769 2518/1736/2518
f 1557/1739/1557 5/1740/5 45/1741/45
f 1555/1742/1555 5/1740/5 1557/1739/1557
f 1555/1742/1555 6/1743/6 5/1740/5
f 7/1744/7 6/1743/6 1555/1742/1555
f 7/1744/7 8/1745/8 6/1743/6
f 9/1746/9 8/1745/8 7/1744/7
f 9/1746/9 10/1747/10 8/1745/8
f 1426/1748/1426 10/1747/10 9/1746/9
f 1426/1748/1426 1447/1749/1447 10/1747/10
f 2422/1729/2422 785/1728/785 11/1727/11
f 2421/1750/2421 785/1728/785 2422/1729/2422
f 2421/1750/2421 12/1751/12 785/1728/785
f 2419/1752/2419 12/1751/12 2421/1750/2421
f 2419/1752/2419 788/1753/788 12/1751/12
f 1404/1754/1404 788/1753/788 2419/1752/2419
f 1404/1754/1404 787/1752/787 788/1753/788
f 13/1755/13 787/1752/787 1404/1754/1404
f 781/1756/781 14/1757/14 18/1758/18
f 782/1759/782 14/1757/14 781/1756/781
f 782/1759/782 1419/1760/1419 14/1757/14
f 15/1761/15 1419/1760/1419 782/1759/782
f 15/1761/15 16/1762/16 1419/1760/1419
f 784/1763/784 16/1762/16 15/1761/15
f 784/1763/784 1402/1764/1402 16/1762/16
f 781/1765/781 17/1766/17 1442/1767/1442
f 18/1768/18 17/1766/17 781/1765/781
f 18/1768/18 2447/1769/2447 17/1766/17
f 19/1770/19 2447/1769/2447 18/1768/18
f 19/1770/19 2446/1771/2446 2447/1769/2447
f 1451/1772/1451 2446/1771/2446 19/1770/19
f 1451/1772/1451 1449/1770/1449 2446/1771/2446
f 20/1773/20 2792/1774/2792 21/1775/21
f 771/1776/771 2792/1774/2792 20/1773/20
f 771/1776/771 2870/1777/2870 2792/1774/2792
f 772/1778/772 2870/1777/2870 771/1776/771
f 772/1778/772 22/1779/22 2870/1777/2870
f 23/1780/23 22/1779/22 772/1778/772
f 23/1780/23 2432/1781/2432 22/1779/22
f 24/1782/24 1405/1783/1405 1390/1784/1390
f 39/1785/39 1405/1783/1405 24/1782/24
f 39/1785/39 25/1786/25 1405/1783/1405
f 26/1787/26 25/1786/25 39/1785/39
f 26/1787/26 761/1788/761 25/1786/25
f 1422/1789/1422 761/1788/761 26/1787/26
f 1422/1789/1422 763/1790/763 761/1788/761
f 27/1791/27 763/1790/763 1422/1789/1422
f 27/1791/27 28/1792/28 763/1790/763
f 1435/1793/1435 28/1792/28 27/1791/27
f 1435/1793/1435 1903/1794/1903 28/1792/28
f 29/1795/29 773/1796/773 30/1797/30
f 31/1798/31 773/1796/773 29/1795/29
f 31/1798/31 1423/1799/1423 773/1796/773
f 32/1800/32 1423/1799/1423 31/1798/31
f 32/1800/32 2429/1801/2429 1423/1799/1423
f 403/1802/403 2429/1801/2429 32/1800/32
f 403/1802/403 33/1803/33 2429/1801/2429
f 1887/1804/1887 33/1803/33 403/1802/403
f 1887/1804/1887 758/1805/758 33/1803/33
f 34/1806/34 758/1805/758 1887/1804/1887
f 2406/1807/2406 36/1808/36 35/1809/35
f 2408/1810/2408 36/1808/36 2406/1807/2406
f 2408/1810/2408 1428/1796/1428 36/1808/36
f 2409/1811/2409 1428/1796/1428 2408/1810/2408
f 2409/1811/2409 1429/1812/1429 1428/1796/1428
f 1411/1801/1411 1429/1812/1429 2409/1811/2409
f 1411/1801/1411 2404/1800/2404 1429/1812/1429
f 1398/1802/1398 2404/1800/2404 1411/1801/1411
f 1398/1802/1398 2403/1813/2403 2404/1800/2404
f 1397/1814/1397 2403/1813/2403 1398/1802/1398
f 62/1815/62 37/1816/37 2436/1817/2436
f 1421/1818/1421 37/1816/37 62/1815/62
f 1421/1818/1421 38/1819/38 37/1816/37
f 26/1820/26 38/1819/38 1421/1818/1421
f 26/1820/26 2452/1821/2452 38/1819/38
f 39/1822/39 2452/1821/2452 26/1820/26
f 39/1822/39 40/1823/40 2452/1821/2452
f 24/1824/24 40/1823/40 39/1822/39
f 24/1824/24 2440/1825/2440 40/1823/40
f 41/1826/41 55/1778/55 54/1780/54
f 1410/1827/1410 55/1778/55 41/1826/41
f 1410/1827/1410 42/1776/42 55/1778/55
f 43/1828/43 42/1776/42 1410/1827/1410
f 43/1828/43 58/1773/58 42/1776/42
f 52/1829/52 58/1773/58 43/1828/43
f 52/1829/52 44/1830/44 58/1773/58
f 45/1831/45 44/1830/44 52/1829/52
f 45/1831/45 5/1829/5 44/1830/44
f 1412/1832/1412 787/1752/787 13/1755/13
f 1413/1833/1413 787/1752/787 1412/1832/1412
f 1413/1833/1413 46/1750/46 787/1752/787
f 47/1834/47 46/1750/46 1413/1833/1413
f 47/1834/47 786/1729/786 46/1750/46
f 2410/1835/2410 786/1729/786 47/1834/47
f 2410/1835/2410 1432/1727/1432 786/1729/786
f 48/1836/48 1432/1727/1432 2410/1835/2410
f 48/1836/48 2424/1732/2424 1432/1727/1432
f 2407/1837/2407 2424/1732/2424 48/1836/48
f 2407/1837/2407 2425/1838/2425 2424/1732/2424
f 49/1839/49 2425/1838/2425 2407/1837/2407
f 1397/1748/1397 2402/1747/2402 2403/1749/2403
f 50/1746/50 2402/1747/2402 1397/1748/1397
f 50/1746/50 51/1745/51 2402/1747/2402
f 1554/1744/1554 51/1745/51 50/1746/50
f 1554/1744/1554 43/1743/43 51/1745/51
f 813/1742/813 43/1743/43 1554/1744/1554
f 813/1742/813 52/1740/52 43/1743/43
f 1671/1739/1671 52/1740/52 813/1742/813
f 1671/1739/1671 45/1741/45 52/1740/52
f 53/1840/53 45/1741/45 1671/1739/1671
f 53/1840/53 1557/1739/1557 45/1741/45
f 54/1780/54 2270/1779/2270 1456/1781/1456
f 55/1778/55 2270/1779/2270 54/1780/54
f 55/1778/55 56/1777/56 2270/1779/2270
f 42/1776/42 56/1777/56 55/1778/55
f 42/1776/42 57/1774/57 56/1777/56
f 58/1773/58 57/1774/57 42/1776/42
f 58/1773/58 21/1775/21 57/1774/57
f 44/1830/44 21/1775/21 58/1773/58
f 44/1830/44 20/1773/20 21/1775/21
f 5/1829/5 20/1773/20 44/1830/44
f 5/1829/5 6/1828/6 20/1773/20
f 2427/1841/2427 2420/1833/2420 2428/1834/2428
f 759/1842/759 2420/1833/2420 2427/1841/2427
f 759/1842/759 2418/1832/2418 2420/1833/2420
f 760/1843/760 2418/1832/2418 759/1842/759
f 760/1843/760 2417/1720/2417 2418/1832/2418
f 59/1844/59 2417/1720/2417 760/1843/760
f 2417/1720/2417 59/1844/59 1/1718/1
f 59/1844/59 60/1845/60 1/1718/1
f 60/1845/60 61/1721/61 1/1718/1
f 62/1846/62 61/1721/61 60/1845/60
f 62/1846/62 2/1723/2 61/1721/61
f 2437/1847/2437 2/1723/2 62/1846/62
f 2437/1847/2437 63/1725/63 2/1723/2
f 64/1848/64 2440/1825/2440 24/1824/24
f 2401/1824/2401 2440/1825/2440 64/1848/64
f 2401/1824/2401 2441/1823/2441 2440/1825/2440
f 2399/1822/2399 2441/1823/2441 2401/1824/2401
f 2399/1822/2399 2442/1821/2442 2441/1823/2441
f 2413/1820/2413 2442/1821/2442 2399/1822/2399
f 2413/1820/2413 2457/1819/2457 2442/1821/2442
f 2412/1818/2412 2457/1819/2457 2413/1820/2413
f 2412/1818/2412 65/1816/65 2457/1819/2457
f 66/1815/66 65/1816/65 2412/1818/2412
f 66/1815/66 67/1817/67 65/1816/65
f 1442/1767/1442 67/1817/67 66/1815/66
f 202/1849/202 69/1850/69 68/1851/68
f 70/1852/70 69/1850/69 202/1849/202
f 70/1852/70 71/1853/71 69/1850/69
f 72/1854/72 71/1853/71 70/1852/70
f 72/1854/72 73/1855/73 71/1853/71
f 2711/1856/2711 73/1855/73 72/1854/72
f 2499/1857/2499 74/1858/74 79/1859/79
f 75/1860/75 74/1858/74 2499/1857/2499
f 75/1860/75 76/1861/76 74/1858/74
f 77/1862/77 76/1861/76 75/1860/75
f 77/1862/77 78/1863/78 76/1861/76
f 2730/1864/2730 78/1863/78 77/1862/77
f 2730/1864/2730 81/1865/81 78/1863/78
f 74/1858/74 215/1866/215 79/1867/79
f 76/1861/76 215/1866/215 74/1858/74
f 76/1861/76 216/1868/216 215/1866/215
f 78/1863/78 216/1868/216 76/1861/76
f 78/1863/78 80/1869/80 216/1868/216
f 81/1865/81 80/1869/80 78/1863/78
f 81/1865/81 2731/1870/2731 80/1869/80
f 82/1871/82 83/1872/83 2726/1873/2726
f 2710/1874/2710 90/1875/90 86/1876/86
f 87/1877/87 90/1875/90 2710/1874/2710
f 87/1877/87 88/1878/88 90/1875/90
f 168/1879/168 88/1878/88 87/1877/87
f 168/1879/168 89/1880/89 88/1878/88
f 137/1881/137 89/1880/89 168/1879/168
f 137/1881/137 138/1882/138 89/1880/89
f 90/1857/90 91/1858/91 2497/1859/2497
f 88/1860/88 91/1858/91 90/1857/90
f 88/1860/88 92/1861/92 91/1858/91
f 89/1862/89 92/1861/92 88/1860/88
f 89/1862/89 93/1863/93 92/1861/92
f 138/1864/138 93/1863/93 89/1862/89
f 138/1864/138 96/1865/96 93/1863/93
f 91/1858/91 94/1866/94 98/1859/98
f 92/1861/92 94/1866/94 91/1858/91
f 92/1861/92 95/1868/95 94/1866/94
f 93/1863/93 95/1868/95 92/1861/92
f 93/1863/93 143/1869/143 95/1868/95
f 96/1865/96 143/1869/143 93/1863/93
f 96/1865/96 142/1870/142 143/1869/143
f 97/1883/97 99/1884/99 98/1885/98
f 100/1877/100 99/1884/99 97/1883/97
f 100/1877/100 116/1878/116 99/1884/99
f 101/1879/101 116/1878/116 100/1877/100
f 101/1879/101 102/1880/102 116/1878/116
f 103/1881/103 102/1880/102 101/1879/101
f 103/1881/103 2725/1882/2725 102/1880/102
f 104/1886/104 2514/1887/2514 220/1888/220
f 109/1889/109 2514/1887/2514 104/1886/104
f 109/1889/109 2482/1890/2482 2514/1887/2514
f 2495/1891/2495 2482/1890/2482 109/1889/109
f 2495/1891/2495 2494/1892/2494 2482/1890/2482
f 105/1893/105 2494/1892/2494 2495/1891/2495
f 105/1893/105 156/1894/156 2494/1892/2494
f 3017/1895/3017 2362/1896/2362 2361/1897/2361
f 3017/1895/3017 1474/535/1474 2362/1896/2362
f 2393/1898/2393 2949/1871/2949 1474/535/1474
f 2950/1873/2950 2949/1871/2949 2393/1898/2393
f 106/1899/106 1460/1900/1460 107/1901/107
f 2359/1902/2359 108/1903/108 1460/1900/1460
f 2321/1904/2321 108/1903/108 2359/1902/2359
f 2321/1904/2321 2702/1905/2702 108/1903/108
f 1459/1906/1459 2702/1905/2702 2321/1904/2321
f 1459/1906/1459 2714/1907/2714 2702/1905/2702
f 109/1874/109 2499/1875/2499 110/1876/110
f 104/1877/104 2499/1875/2499 109/1874/109
f 104/1877/104 75/1878/75 2499/1875/2499
f 2703/1879/2703 75/1878/75 104/1877/104
f 2703/1879/2703 77/1880/77 75/1878/75
f 111/1881/111 77/1880/77 2703/1879/2703
f 111/1881/111 2730/1882/2730 77/1880/77
f 2469/1908/2469 160/1909/160 159/1910/159
f 2470/1911/2470 160/1909/160 2469/1908/2469
f 2470/1911/2470 161/1912/161 160/1909/160
f 2529/1913/2529 161/1912/161 2470/1911/2470
f 2529/1913/2529 112/1914/112 161/1912/161
f 113/1915/113 112/1914/112 2529/1913/2529
f 113/1915/113 2527/1916/2527 112/1914/112
f 114/1917/114 102/1880/102 2725/1882/2725
f 115/1918/115 102/1880/102 114/1917/114
f 115/1918/115 116/1878/116 102/1880/102
f 117/1919/117 116/1878/116 115/1918/115
f 117/1919/117 99/1884/99 116/1878/116
f 2497/1920/2497 99/1884/99 117/1919/117
f 2497/1920/2497 98/1885/98 99/1884/99
f 118/1921/118 114/1922/114 2461/1923/2461
f 228/1924/228 114/1922/114 118/1921/118
f 228/1924/228 115/1918/115 114/1922/114
f 119/1925/119 115/1918/115 228/1924/228
f 119/1925/119 117/1919/117 115/1918/115
f 230/1926/230 117/1919/117 119/1925/119
f 230/1926/230 2723/1927/2723 117/1919/117
f 2719/1928/2719 2477/1929/2477 120/1930/120
f 2721/1931/2721 2477/1929/2477 2719/1928/2719
f 2721/1931/2721 121/1932/121 2477/1929/2477
f 2712/1933/2712 121/1932/121 2721/1931/2721
f 2712/1933/2712 2475/1934/2475 121/1932/121
f 214/1933/214 2475/1934/2475 2712/1933/2712
f 214/1933/214 122/1935/122 2475/1934/2475
f 2731/1936/2731 123/1937/123 217/1938/217
f 124/1939/124 123/1937/123 2731/1936/2731
f 124/1939/124 125/1940/125 123/1937/123
f 2698/1941/2698 125/1940/125 124/1939/124
f 2698/1941/2698 2479/1942/2479 125/1940/125
f 2732/1943/2732 2479/1942/2479 2698/1941/2698
f 2732/1943/2732 126/1942/126 2479/1942/2479
f 2716/1944/2716 128/1945/128 127/1946/127
f 129/1947/129 128/1945/128 2716/1944/2716
f 129/1947/129 171/1948/171 128/1945/128
f 162/1949/162 171/1948/171 129/1947/129
f 162/1949/162 173/1950/173 171/1948/171
f 163/1951/163 173/1950/173 162/1949/162
f 163/1951/163 2526/1952/2526 173/1950/173
f 210/1953/210 133/1954/133 132/1955/132
f 130/1956/130 133/1954/133 210/1953/210
f 130/1956/130 134/1957/134 133/1954/133
f 131/1953/131 134/1957/134 130/1956/130
f 131/1953/131 2524/1958/2524 134/1957/134
f 2523/1959/2523 2524/1958/2524 131/1953/131
f 132/1955/132 2486/1960/2486 2708/1961/2708
f 133/1954/133 2486/1960/2486 132/1955/132
f 133/1954/133 2512/1962/2512 2486/1960/2486
f 134/1957/134 2512/1962/2512 133/1954/133
f 134/1957/134 2525/1963/2525 2512/1962/2512
f 2524/1958/2524 2525/1963/2525 134/1957/134
f 107/1964/107 207/1965/207 148/1966/148
f 2483/1967/2483 207/1965/207 107/1964/107
f 2483/1967/2483 2472/1968/2472 207/1965/207
f 135/1969/135 2472/1968/2472 2483/1967/2483
f 135/1969/135 2711/1856/2711 2472/1968/2472
f 169/1970/169 2711/1856/2711 135/1969/135
f 169/1970/169 73/1855/73 2711/1856/2711
f 1471/1971/1471 73/1855/73 169/1970/169
f 1471/1971/1471 71/1853/71 73/1855/73
f 136/1972/136 71/1853/71 1471/1971/1471
f 136/1972/136 69/1850/69 71/1853/71
f 1477/1973/1477 69/1850/69 136/1972/136
f 1477/1973/1477 68/1851/68 69/1850/69
f 137/1974/137 2699/1975/2699 138/1976/138
f 2473/1977/2473 2699/1975/2699 137/1974/137
f 2473/1977/2473 2504/1978/2504 2699/1975/2699
f 139/1979/139 2504/1978/2504 2473/1977/2473
f 139/1979/139 140/1980/140 2504/1978/2504
f 2474/1981/2474 140/1980/140 139/1979/139
f 2474/1981/2474 2462/1982/2462 140/1980/140
f 141/1983/141 2462/1982/2462 2474/1981/2474
f 141/1983/141 142/1984/142 2462/1982/2462
f 2535/1985/2535 142/1984/142 141/1983/141
f 2535/1985/2535 143/1986/143 142/1984/142
f 2534/1987/2534 143/1986/143 2535/1985/2535
f 2534/1987/2534 95/1988/95 143/1986/143
f 2489/1989/2489 95/1988/95 2534/1987/2534
f 2489/1989/2489 94/1990/94 95/1988/95
f 98/1991/98 94/1990/94 2489/1989/2489
f 2713/1992/2713 145/1993/145 144/1994/144
f 2949/1995/2949 145/1993/145 2713/1992/2713
f 2949/1995/2949 155/1996/155 145/1993/145
f 2360/1997/2360 155/1996/155 2949/1995/2949
f 2360/1997/2360 1473/1998/1473 155/1996/155
f 1472/1999/1472 1473/1998/1473 2360/1997/2360
f 1472/1999/1472 154/2000/154 1473/1998/1473
f 146/2001/146 154/2000/154 1472/1999/1472
f 146/2001/146 1461/2002/1461 154/2000/154
f 82/2003/82 1461/2002/1461 146/2001/146
f 82/2003/82 147/2004/147 1461/2002/1461
f 106/2005/106 147/2004/147 82/2003/82
f 106/2005/106 152/2006/152 147/2004/147
f 148/2007/148 152/2006/152 106/2005/106
f 148/2007/148 149/2008/149 152/2006/152
f 110/2009/110 150/2010/150 2496/2011/2496
f 79/2012/79 150/2010/150 110/2009/110
f 79/2012/79 151/2013/151 150/2010/150
f 86/2014/86 151/2013/151 79/2012/79
f 86/2014/86 206/2015/206 151/2013/151
f 2497/2016/2497 206/2015/206 86/2014/86
f 2497/2016/2497 2723/2017/2723 206/2015/206
f 152/2006/152 1461/2002/1461 147/2004/147
f 153/2018/153 1461/2002/1461 152/2006/152
f 153/2018/153 154/2000/154 1461/2002/1461
f 2492/2019/2492 154/2000/154 153/2018/153
f 2492/2019/2492 1473/1998/1473 154/2000/154
f 2493/2020/2493 1473/1998/1473 2492/2019/2492
f 2493/2020/2493 155/1996/155 1473/1998/1473
f 156/2021/156 155/1996/155 2493/2020/2493
f 156/2021/156 145/1993/145 155/1996/155
f 105/1893/105 145/1993/145 156/2021/156
f 105/1893/105 144/1994/144 145/1993/145
f 203/2022/203 144/1994/144 105/1893/105
f 2525/1874/2525 79/1876/79 2502/2023/2502
f 157/1875/157 79/1876/79 2525/1874/2525
f 157/1875/157 86/2024/86 79/1876/79
f 2467/2025/2467 86/2024/86 157/1875/157
f 2467/2025/2467 2498/2026/2498 86/2024/86
f 158/1918/158 2498/2026/2498 2467/2025/2467
f 158/1918/158 208/2027/208 2498/2026/2498
f 2705/1917/2705 208/2027/208 158/1918/158
f 2705/1917/2705 209/2028/209 208/2027/208
f 2704/1923/2704 209/2028/209 2705/1917/2705
f 2704/1923/2704 2719/2029/2719 209/2028/209
f 159/2030/159 107/2031/107 1460/2032/1460
f 160/1909/160 107/2031/107 159/2030/159
f 160/1909/160 2716/2033/2716 107/2031/107
f 161/2034/161 2716/2033/2716 160/1909/160
f 161/2034/161 129/2035/129 2716/2033/2716
f 112/1914/112 129/2035/129 161/2034/161
f 112/1914/112 162/2036/162 129/2035/129
f 2527/2037/2527 162/2036/162 112/1914/112
f 2527/2037/2527 163/2038/163 162/2036/162
f 103/2039/103 2506/2040/2506 164/2041/164
f 101/2042/101 2506/2040/2506 103/2039/103
f 101/2042/101 2510/2043/2510 2506/2040/2506
f 100/2044/100 2510/2043/2510 101/2042/101
f 100/2044/100 165/2045/165 2510/2043/2510
f 97/2046/97 165/2045/165 100/2044/100
f 97/2046/97 166/2047/166 165/2045/165
f 98/2048/98 166/2047/166 97/2046/97
f 98/2048/98 167/2049/167 166/2047/166
f 137/1984/137 2538/2050/2538 2473/1981/2473
f 168/2051/168 2538/2050/2538 137/1984/137
f 168/2051/168 2537/2052/2537 2538/2050/2538
f 87/2053/87 2537/2052/2537 168/2051/168
f 87/2053/87 2531/2054/2531 2537/2052/2537
f 2710/2055/2710 2531/2054/2531 87/2053/87
f 2710/2055/2710 2718/2056/2718 2531/2054/2531
f 2709/2057/2709 2718/2056/2718 2710/2055/2710
f 2709/2057/2709 2707/2058/2707 2718/2056/2718
f 127/1946/127 2715/2059/2715 169/2060/169
f 128/1945/128 2715/2059/2715 127/1946/127
f 128/1945/128 170/2061/170 2715/2059/2715
f 171/1948/171 170/2061/170 128/1945/128
f 171/1948/171 172/2062/172 170/2061/170
f 173/1950/173 172/2062/172 171/1948/171
f 173/1950/173 174/2063/174 172/2062/172
f 2526/1952/2526 174/2063/174 173/1950/173
f 2526/1952/2526 175/2064/175 174/2063/174
f 1475/2065/1475 1477/1973/1477 1470/2066/1470
f 1476/2067/1476 1477/1973/1477 1475/2065/1475
f 1476/2067/1476 68/1851/68 1477/1973/1477
f 144/2068/144 68/1851/68 1476/2067/1476
f 144/2068/144 202/1849/202 68/1851/68
f 203/2069/203 202/1849/202 144/2068/144
f 203/2069/203 2471/2070/2471 202/1849/202
f 2496/2011/2496 2471/2070/2471 203/2069/203
f 2496/2011/2496 204/2071/204 2471/2070/2471
f 150/2010/150 204/2071/204 2496/2011/2496
f 150/2010/150 205/2072/205 204/2071/204
f 151/2013/151 205/2072/205 150/2010/150
f 151/2013/151 2472/1968/2472 205/2072/205
f 206/2015/206 2472/1968/2472 151/2013/151
f 206/2015/206 207/1965/207 2472/1968/2472
f 2723/2017/2723 207/1965/207 206/2015/206
f 2723/2017/2723 148/1966/148 207/1965/207
f 2498/2073/2498 2708/1961/2708 2709/2074/2709
f 208/2075/208 2708/1961/2708 2498/2073/2498
f 208/2075/208 132/1955/132 2708/1961/2708
f 209/2076/209 132/1955/132 208/2075/208
f 209/2076/209 210/1953/210 132/1955/132
f 120/1930/120 210/1953/210 209/2076/209
f 120/1930/120 130/1956/130 210/1953/210
f 211/2077/211 130/1956/130 120/1930/120
f 211/2077/211 131/1953/131 130/1956/130
f 2511/1930/2511 131/1953/131 211/2077/211
f 2511/1930/2511 2523/1959/2523 131/1953/131
f 212/2078/212 2523/1959/2523 2511/1930/2511
f 212/2078/212 213/2079/213 2523/1959/2523
f 122/1935/122 213/2079/213 212/2078/212
f 122/1935/122 2706/2080/2706 213/2079/213
f 214/1933/214 2706/2080/2706 122/1935/122
f 214/1933/214 2720/2081/2720 2706/2080/2706
f 2722/2082/2722 2720/2081/2720 214/1933/214
f 2722/2082/2722 2704/2083/2704 2720/2081/2720
f 2719/1928/2719 2704/2083/2704 2722/2082/2722
f 215/2084/215 2501/2085/2501 2502/2086/2502
f 216/2087/216 2501/2085/2501 215/2084/215
f 216/2087/216 2516/2088/2516 2501/2085/2501
f 80/2089/80 2516/2088/2516 216/2087/216
f 80/2089/80 2513/2090/2513 2516/2088/2516
f 217/1938/217 2513/2090/2513 80/2089/80
f 217/1938/217 218/2091/218 2513/2090/2513
f 219/2092/219 218/2091/218 217/1938/217
f 219/2092/219 220/1888/220 218/2091/218
f 221/2093/221 220/1888/220 219/2092/219
f 221/2093/221 2703/2094/2703 220/1888/220
f 2478/2095/2478 2703/2094/2703 221/2093/221
f 2478/2095/2478 111/2096/111 2703/2094/2703
f 126/1942/126 111/2096/111 2478/2095/2478
f 126/1942/126 2729/2097/2729 111/2096/111
f 2732/1943/2732 2729/2097/2729 126/1942/126
f 2732/1943/2732 222/2098/222 2729/2097/2729
f 2733/2099/2733 222/2098/222 2732/1943/2732
f 2733/2099/2733 81/2100/81 222/2098/222
f 2731/1936/2731 81/2100/81 2733/2099/2733
f 103/2101/103 223/2102/223 2725/2103/2725
f 164/2104/164 223/2102/223 103/2101/103
f 164/2104/164 2697/2105/2697 223/2102/223
f 224/2106/224 2697/2105/2697 164/2104/164
f 224/2106/224 225/2107/225 2697/2105/2697
f 2507/2108/2507 225/2107/225 224/2106/224
f 2507/2108/2507 2700/2109/2700 225/2107/225
f 2508/2110/2508 2700/2109/2700 2507/2108/2507
f 2508/2110/2508 2724/2111/2724 2700/2109/2700
f 226/2112/226 2724/2111/2724 2508/2110/2508
f 226/2112/226 118/2113/118 2724/2111/2724
f 227/2114/227 118/2113/118 226/2112/226
f 227/2114/227 228/2115/228 118/2113/118
f 229/2116/229 228/2115/228 227/2114/227
f 229/2116/229 119/2117/119 228/2115/228
f 149/2118/149 119/2117/119 229/2116/229
f 149/2118/149 230/2119/230 119/2117/119
f 148/2120/148 230/2119/230 149/2118/149
s 8
f 231/2121/231 279/2122/279 232/2123/232
f 233/2124/233 235/2125/235 234/2126/234
f 1491/2127/1491 244/2128/244 236/2129/236
f 244/2130/244 251/2131/251 250/2132/250
f 1757/2133/1757 238/2134/238 237/2135/237
f 239/2136/239 232/2123/232 252/2137/252
f 282/2138/282 283/2139/283 1486/2140/1486
f 253/2141/253 240/2142/240 1753/2143/1753
f 241/2144/241 1760/2145/1760 1753/2143/1753
f 242/2146/242 283/2139/283 282/2138/282
f 239/2147/239 252/2148/252 253/2149/253
f 242/2150/242 281/2151/281 283/2152/283
f 281/2153/281 255/2154/255 254/2155/254
f 1757/2133/1757 251/2131/251 238/2134/238
f 251/2156/251 244/2128/244 243/2157/243
f 241/2158/241 1486/2140/1486 1761/2159/1761
f 280/2160/280 232/2123/232 279/2122/279
s 12
f 1500/2161/1500 260/2162/260 273/2163/273
f 1501/2127/1501 260/2162/260 1500/2161/1500
f 1501/2127/1501 245/2164/245 260/2162/260
f 246/2128/246 245/2164/245 1501/2127/1501
f 246/2128/246 269/2165/269 245/2164/245
f 1508/2156/1508 269/2165/269 246/2128/246
s 8
f 244/2128/244 1755/2164/1755 243/2166/243
f 1491/2127/1491 1755/2164/1755 244/2128/244
f 1491/2127/1491 234/2162/234 1755/2164/1755
f 247/2161/247 234/2162/234 1491/2127/1491
f 247/2161/247 278/2167/278 234/2162/234
f 1755/2168/1755 234/2126/234 235/2125/235
f 250/2169/250 236/2129/236 244/2128/244
f 243/2170/243 238/2134/238 251/2131/251
f 280/2160/280 252/2171/252 232/2123/232
f 240/2172/240 253/2149/253 252/2148/252
f 254/794/254 283/2152/283 281/2151/281
f 275/2173/275 254/2174/254 255/2154/255
s 12
f 256/2175/256 1503/2176/1503 1492/2177/1492
f 257/2178/257 258/2179/258 2021/2180/2021
f 257/2122/257 270/2123/270 258/2160/258
f 2018/2124/2018 260/2126/260 259/2125/259
f 261/2133/261 263/2135/263 262/2134/262
f 1501/2127/1501 264/2129/264 246/2128/246
f 267/2181/267 265/2171/265 270/2123/270
f 1509/2182/1509 266/2143/266 1750/2183/1750
f 1751/2184/1751 1748/2138/1748 1747/2185/1747
f 267/2147/267 1509/2149/1509 265/2148/265
f 1751/2150/1751 1747/2152/1747 1749/2151/1749
f 1510/2121/1510 270/2123/270 257/2122/257
f 1749/2186/1749 271/2187/271 272/2154/272
f 261/2133/261 262/2134/262 1508/2131/1508
f 245/2168/245 259/2125/259 260/2126/260
f 268/2169/268 246/2128/246 264/2129/264
f 269/2170/269 1508/2131/1508 262/2134/262
f 258/2160/258 270/2123/270 265/2171/265
f 1750/2172/1750 265/2148/265 1509/2149/1509
f 271/794/271 1749/2151/1749 1747/2152/1747
f 1746/2188/1746 272/2154/272 271/2187/271
f 2018/2189/2018 273/2190/273 260/2191/260
f 2020/2192/2020 273/2190/273 2018/2189/2018
f 2020/2192/2020 1745/2193/1745 273/2190/273
f 274/2194/274 1745/2193/1745 2020/2192/2020
f 274/2194/274 1746/2195/1746 1745/2193/1745
f 2021/2196/2021 1746/2195/1746 274/2194/274
f 2021/2196/2021 272/2154/272 1746/2195/1746
s 8
f 2659/2196/2659 275/2195/275 255/2154/255
f 276/2194/276 275/2195/275 2659/2196/2659
f 276/2194/276 277/2193/277 275/2195/275
f 2662/2192/2662 277/2193/277 276/2194/276
f 2662/2192/2662 278/2190/278 277/2193/277
f 233/2189/233 278/2190/278 2662/2192/2662
f 233/2189/233 234/2191/234 278/2190/278
f 2659/2180/2659 280/2179/280 279/2178/279
f 255/2197/255 280/2179/280 2659/2180/2659
f 255/2197/255 252/2148/252 280/2179/280
f 281/2151/281 252/2148/252 255/2197/255
f 281/2151/281 240/2172/240 252/2148/252
f 242/2150/242 240/2172/240 281/2151/281
f 242/2150/242 1753/2198/1753 240/2172/240
f 282/2199/282 1753/2198/1753 242/2150/242
f 282/2199/282 241/2158/241 1753/2198/1753
f 1486/2200/1486 241/2158/241 282/2199/282
f 283/2201/283 284/2202/284 1486/2140/1486
f 254/2187/254 284/2202/284 283/2201/283
f 254/2187/254 1487/2203/1487 284/2202/284
f 275/2188/275 1487/2203/1487 254/2187/254
f 275/2188/275 285/2204/285 1487/2203/1487
f 277/2193/277 285/2204/285 275/2188/275
f 277/2193/277 286/2205/286 285/2204/285
f 278/2190/278 286/2205/286 277/2193/277
f 278/2190/278 247/2206/247 286/2205/286
s 1
f 752/2207/752 1400/2208/1400 2414/2209/2414
f 1452/2210/1452 1400/2208/1400 752/2207/752
f 1452/2210/1452 753/2211/753 1400/2208/1400
f 1419/2212/1419 753/2211/753 1452/2210/1452
f 1419/2212/1419 780/2213/780 753/2211/753
f 1886/2214/1886 754/2215/754 34/2216/34
f 1845/2217/1845 754/2215/754 1886/2214/1886
f 1845/2217/1845 755/2218/755 754/2215/754
f 1395/2219/1395 755/2218/755 1845/2217/1845
f 1395/2219/1395 1435/2220/1435 755/2218/755
f 1903/2221/1903 1435/2220/1435 1395/2219/1395
f 1434/2222/1434 755/2218/755 1435/2220/1435
f 756/2223/756 755/2218/755 1434/2222/1434
f 756/2223/756 754/2215/754 755/2218/755
f 757/2224/757 754/2215/754 756/2223/756
f 757/2224/757 34/2216/34 754/2215/754
f 758/2225/758 34/2216/34 757/2224/757
f 770/2226/770 760/2227/760 759/2228/759
f 1406/2229/1406 760/2227/760 770/2226/770
f 1406/2229/1406 59/2230/59 760/2227/760
f 1407/2231/1407 59/2230/59 1406/2229/1406
f 1407/2231/1407 60/2232/60 59/2230/59
f 1422/2233/1422 60/2232/60 1407/2231/1407
f 761/1788/761 762/2234/762 25/1786/25
f 763/1790/763 762/2234/762 761/1788/761
f 763/1790/763 764/2235/764 762/2234/762
f 28/1792/28 764/2235/764 763/1790/763
f 28/1792/28 765/2236/765 764/2235/764
f 1903/1794/1903 765/2236/765 28/1792/28
f 1443/2237/1443 2396/1793/2396 766/1794/766
f 767/2238/767 2396/1793/2396 1443/2237/1443
f 767/2238/767 1418/2239/1418 2396/1793/2396
f 768/2240/768 1418/2239/1418 767/2238/767
f 768/2240/768 1417/2241/1417 1418/2239/1418
f 769/2242/769 1417/2241/1417 768/2240/768
f 1406/2243/1406 756/2223/756 1434/2222/1434
f 770/2244/770 756/2223/756 1406/2243/1406
f 770/2244/770 757/2224/757 756/2223/756
f 2426/2245/2426 757/2224/757 770/2244/770
f 2426/2245/2426 758/2225/758 757/2224/757
f 6/1828/6 771/1776/771 20/1773/20
f 1427/1827/1427 771/1776/771 6/1828/6
f 1427/1827/1427 772/1778/772 771/1776/771
f 1457/1826/1457 772/1778/772 1427/1827/1427
f 1457/1826/1457 23/1780/23 772/1778/772
f 1424/1811/1424 773/1796/773 1423/1799/1423
f 774/1810/774 773/1796/773 1424/1811/1424
f 774/1810/774 1401/1808/1401 773/1796/773
f 2431/1807/2431 1401/1808/1401 774/1810/774
f 2431/1807/2431 775/1809/775 1401/1808/1401
f 776/2246/776 1446/1803/1446 1411/1801/1411
f 777/1805/777 1446/1803/1446 776/2246/776
f 777/1805/777 1392/1804/1392 1446/1803/1446
f 778/1806/778 1392/1804/1392 777/1805/777
f 778/1806/778 779/2247/779 1392/1804/1392
f 13/1755/13 753/2248/753 780/2249/780
f 1404/1754/1404 753/2248/753 13/1755/13
f 1404/1754/1404 1399/2250/1399 753/2248/753
f 1409/2248/1409 1399/2250/1399 1404/1754/1404
f 1409/2248/1409 1400/2251/1400 1399/2250/1399
f 66/2252/66 782/1759/782 781/1756/781
f 783/2253/783 782/1759/782 66/2252/66
f 783/2253/783 15/1761/15 782/1759/782
f 784/1763/784 15/1761/15 783/2253/783
f 785/1728/785 46/1750/46 786/1729/786
f 12/1751/12 46/1750/46 785/1728/785
f 12/1751/12 787/1752/787 46/1750/46
f 788/1753/788 787/1752/787 12/1751/12
f 1482/2254/1482 840/2255/840 2215/2256/2215
f 844/2257/844 840/2258/840 1485/2259/1485
f 2946/2260/2946 2947/2261/2947 841/2262/841
f 2738/2263/2738 842/2264/842 2737/2265/2737
f 2738/2263/2738 1771/2266/1771 842/2264/842
f 864/2267/864 2747/2268/2747 2746/2269/2746
f 843/2270/843 2328/2271/2328 845/2272/845
f 2328/2273/2328 2215/2256/2215 840/2255/840
f 840/2274/840 845/2272/845 2328/2271/2328
f 847/2260/847 2946/2261/2946 1481/2275/1481
f 1482/2254/1482 2215/2256/2215 1481/2275/1481
f 1818/2276/1818 1794/2277/1794 1819/2278/1819
f 886/2279/886 849/2280/849 848/2281/848
f 1798/2282/1798 1763/2283/1763 897/2284/897
f 1820/2285/1820 853/2286/853 850/2287/850
f 1766/2288/1766 1804/2289/1804 851/2290/851
f 907/2291/907 852/2292/852 871/2293/871
f 1843/2294/1843 1805/2295/1805 907/2291/907
f 853/2286/853 1820/2285/1820 854/2296/854
f 1809/2297/1809 1808/2298/1808 2742/2299/2742
f 911/2300/911 903/2301/903 904/2302/904
f 855/2303/855 1770/2304/1770 1836/2305/1836
f 1836/2305/1836 857/2306/857 856/2307/856
f 858/2308/858 2751/2309/2751 915/2310/915
f 915/2310/915 1831/2311/1831 858/2308/858
f 883/2312/883 860/2313/860 859/2314/859
f 861/2315/861 862/2316/862 863/2317/863
f 861/2315/861 863/2317/863 866/2315/866
f 859/2314/859 2749/2318/2749 2747/2319/2747
f 2747/2319/2747 864/2320/864 859/2314/859
f 1793/2321/1793 1478/2322/1478 848/2323/848
f 1776/2324/1776 1788/2325/1788 906/2326/906
f 865/2327/865 1788/2325/1788 1776/2324/1776
f 865/2327/865 2742/2328/2742 1788/2325/1788
f 1809/2329/1809 2742/2328/2742 865/2327/865
f 866/2315/866 868/2317/868 867/2330/867
f 863/2317/863 868/2317/868 866/2315/866
f 863/2317/863 869/2331/869 868/2317/868
f 870/2332/870 869/2331/869 863/2317/863
f 1786/2333/1786 907/2291/907 871/2293/871
f 872/2334/872 907/2291/907 1786/2333/1786
f 872/2334/872 1843/2294/1843 907/2291/907
f 1841/2335/1841 1843/2294/1843 872/2334/872
f 1792/2336/1792 858/2308/858 873/2337/873
f 874/2338/874 858/2308/858 1792/2336/1792
f 874/2338/874 914/2339/914 858/2308/858
f 885/2340/885 914/2339/914 874/2338/874
f 2973/2256/2973 1796/2275/1796 2947/2260/2947
f 2973/2256/2973 1795/2254/1795 1796/2275/1796
f 1793/2341/1793 1479/2342/1479 1478/2322/1478
f 1793/2341/1793 2763/2343/2763 1479/2342/1479
f 916/2344/916 876/2345/876 1833/2346/1833
f 917/2347/917 876/2345/876 916/2344/916
f 917/2347/917 1837/2348/1837 876/2345/876
f 877/2349/877 1837/2348/1837 917/2347/917
f 1812/2292/1812 1827/2350/1827 1779/2351/1779
f 878/2295/878 1827/2350/1827 1812/2292/1812
f 878/2295/878 1828/2352/1828 1827/2350/1827
f 1815/2353/1815 1828/2352/1828 878/2295/878
f 1807/2290/1807 896/2354/896 899/2355/899
f 879/2356/879 896/2354/896 1807/2290/1807
f 879/2356/879 880/2357/880 896/2354/896
f 881/2358/881 880/2357/880 879/2356/879
f 882/2359/882 1484/2360/1484 895/2361/895
f 896/2359/896 1484/2360/1484 882/2359/882
f 896/2359/896 1480/2362/1480 1484/2360/1484
f 880/2363/880 1480/2362/1480 896/2359/896
f 883/2364/883 859/2365/859 864/2267/864
f 1824/2366/1824 1794/2367/1794 884/2368/884
f 1818/2276/1818 884/2369/884 1794/2277/1794
f 885/2370/885 874/2371/874 2741/2372/2741
f 886/2373/886 848/2374/848 1823/2375/1823
f 887/2376/887 843/2377/843 875/2378/875
f 1839/2379/1839 877/2380/877 917/2381/917
f 1801/2382/1801 886/2383/886 1823/2375/1823
f 1801/2382/1801 1823/2375/1823 888/2384/888
f 2739/2385/2739 890/2386/890 889/2387/889
f 1484/2388/1484 891/2389/891 895/2390/895
f 892/2391/892 893/2392/893 898/2393/898
f 2739/2385/2739 889/2387/889 1772/2394/1772
f 857/2395/857 1836/2396/1836 1770/2397/1770
f 1765/2398/1765 892/2391/892 894/2399/894
f 851/2290/851 895/2350/895 1766/2288/1766
f 882/2400/882 900/2401/900 896/2354/896
f 1817/2402/1817 897/2284/897 1763/2283/1763
f 873/2337/873 858/2308/858 1831/2311/1831
f 2746/2403/2746 898/2404/898 864/2320/864
f 841/2262/841 1481/2275/1481 2946/2261/2946
f 1830/2405/1830 1770/2304/1770 855/2303/855
f 1772/2406/1772 1774/2407/1774 2739/2408/2739
f 880/2352/880 1764/2401/1764 894/2409/894
f 899/2355/899 896/2354/896 900/2401/900
f 1842/2410/1842 901/2327/901 1806/2411/1806
f 870/2332/870 863/2317/863 862/2316/862
f 902/2412/902 1787/2413/1787 904/2302/904
f 902/2412/902 904/2302/904 903/2301/903
f 905/2414/905 906/2326/906 1788/2325/1788
f 852/2292/852 907/2291/907 1805/2295/1805
f 908/2415/908 854/2296/854 1820/2285/1820
f 1783/2416/1783 908/2415/908 913/2417/913
f 2743/2418/2743 910/2293/910 2744/2419/2744
f 893/2420/893 892/2421/892 1765/2422/1765
f 1818/2423/1818 909/2414/909 884/2424/884
f 910/2293/910 2743/2418/2743 1808/2298/1808
f 2743/2418/2743 2742/2299/2742 1808/2298/1808
f 1809/2329/1809 865/2327/865 881/2353/881
f 903/2425/903 911/2426/911 1810/2427/1810
f 1763/2283/1763 912/2428/912 1817/2429/1817
f 1801/2430/1801 849/2431/849 886/2279/886
f 1798/2432/1798 848/2433/848 849/2431/849
f 1783/2434/1783 913/2417/913 2753/2435/2753
f 2751/2436/2751 858/2437/858 914/2438/914
f 1778/2439/1778 1779/2351/1779 1827/2350/1827
f 1831/2440/1831 2737/2441/2737 842/2442/842
f 1830/2443/1830 915/2444/915 2751/2436/2751
f 1839/2445/1839 917/2347/917 2735/2446/2735
f 916/2447/916 2735/2446/2735 917/2347/917
f 36/1808/36 1387/1797/1387 35/1809/35
f 1428/1796/1428 1387/1797/1387 36/1808/36
f 1428/1796/1428 1388/1795/1388 1387/1797/1387
f 1389/1798/1389 1388/1795/1388 1428/1796/1428
f 1390/2448/1390 1391/2449/1391 2400/2450/2400
f 1405/2450/1405 1391/2449/1391 1390/2448/1390
f 1405/2450/1405 1859/2451/1859 1391/2449/1391
f 762/2452/762 1859/2451/1859 1405/2450/1405
f 762/2234/762 1865/2453/1865 1859/2454/1859
f 764/2235/764 1865/2453/1865 762/2234/762
f 764/2235/764 1875/2455/1875 1865/2453/1865
f 765/2236/765 1875/2455/1875 764/2235/764
f 49/1839/49 2407/1837/2407 2273/2456/2273
f 1393/2457/1393 1392/1804/1392 1445/2458/1445
f 1399/2459/1399 1400/2208/1400 753/2211/753
f 1407/2460/1407 27/2461/27 1422/2462/1422
f 33/1803/33 1425/2246/1425 2429/1801/2429
f 1401/1808/1401 30/1797/30 773/1796/773
f 1425/2246/1425 758/1805/758 2426/2463/2426
f 1420/1842/1420 1412/1832/1412 1402/1843/1402
f 1403/2464/1403 1418/2239/1418 1430/2465/1430
f 776/2246/776 2519/2463/2519 777/1805/777
f 1453/1755/1453 1404/1754/1404 2419/1752/2419
f 1405/1783/1405 25/1786/25 762/2234/762
f 1406/2466/1406 1434/2467/1434 1407/2460/1407
f 1408/2468/1408 1448/1722/1448 1449/2469/1449
f 1449/2470/1449 3/1724/3 2444/1726/2444
f 1409/2248/1409 1453/1755/1453 2416/2249/2416
f 2404/1800/2404 1389/1798/1389 1429/1799/1429
f 51/2471/51 1410/1827/1410 2402/2472/2402
f 1410/1827/1410 51/2471/51 43/1828/43
f 1416/2451/1416 2400/2450/2400 1391/2449/1391
f 1411/1801/1411 1446/1803/1446 1398/1802/1398
f 1412/1832/1412 1420/1842/1420 1413/1833/1413
f 2400/1783/2400 1415/2234/1415 1414/1786/1414
f 2400/2450/2400 1416/2451/1416 1415/2452/1415
f 1415/2234/1415 1416/2454/1416 1437/2453/1437
f 1412/2473/1412 13/2474/13 16/2475/16
f 1417/2241/1417 1430/2465/1430 1418/2239/1418
f 780/2476/780 1419/2477/1419 16/2475/16
f 1433/1841/1433 1413/1833/1413 1420/1842/1420
f 1422/1789/1422 1421/2478/1421 60/1845/60
f 1421/2478/1421 1422/1789/1422 26/1787/26
f 1454/2479/1454 1440/1837/1440 1441/2456/1441
f 1401/1808/1401 775/1809/775 30/1797/30
f 1423/1799/1423 2429/1801/2429 1424/1811/1424
f 1425/2246/1425 33/1803/33 758/1805/758
f 8/2471/8 10/2472/10 1427/1827/1427
f 2407/1837/2407 2405/2479/2405 2273/2456/2273
f 403/1802/403 1447/1813/1447 1426/1814/1426
f 1427/1827/1427 6/1828/6 8/2471/8
f 1428/1796/1428 1429/1799/1429 1389/1798/1389
f 1430/2465/1430 2411/1789/2411 1403/2464/1403
f 27/2461/27 1407/2460/1407 1434/2467/1434
f 1431/1730/1431 1432/1727/1432 4/1731/4
f 1413/1833/1413 1433/1841/1433 47/1834/47
f 1434/2480/1434 1435/2481/1435 27/2482/27
f 1418/2483/1418 1403/2484/1403 2396/1793/2396
f 1437/2453/1437 1436/2235/1436 1415/2234/1415
f 34/2485/34 1887/1804/1887 1886/2247/1886
f 1436/2235/1436 1437/2453/1437 1438/2455/1438
f 16/2486/16 1402/1764/1402 1412/2487/1412
f 1886/2247/1886 1887/1804/1887 1444/2458/1444
f 1439/1839/1439 1441/2456/1441 1440/1837/1440
f 781/1765/781 1442/1767/1442 66/1815/66
f 1438/2455/1438 2521/2236/2521 1436/2235/1436
f 2521/2236/2521 766/1794/766 2520/1792/2520
f 1394/2457/1394 1444/2458/1444 1887/1804/1887
f 779/2247/779 1445/2458/1445 1392/1804/1392
f 1392/1804/1392 1398/1802/1398 1446/1803/1446
f 1447/1813/1447 403/1802/403 32/1800/32
f 2444/1769/2444 2446/1771/2446 1449/1770/1449
f 3/2488/3 1449/2489/1449 1448/1722/1448
f 1450/1719/1450 1448/1722/1448 2415/2490/2415
f 1449/2469/1449 1451/2491/1451 1408/2468/1408
f 1419/2212/1419 1452/2210/1452 14/2492/14
f 2436/2493/2436 2437/1847/2437 62/1846/62
f 66/1846/66 2412/2478/2412 783/1845/783
f 1408/2468/1408 2415/2490/2415 1448/1722/1448
f 752/2207/752 14/2492/14 1452/2210/1452
f 1453/1755/1453 1409/2248/1409 1404/1754/1404
f 62/1846/62 60/1845/60 1421/2478/1421
f 1454/2479/1454 1441/2456/1441 1455/2494/1455
f 2990/2495/2990 2432/2496/2432 1455/2494/1455
f 2405/2479/2405 2964/2494/2964 2273/2456/2273
f 2869/2495/2869 2964/2494/2964 1456/2496/1456
f 780/2476/780 16/2475/16 13/2474/13
f 41/1826/41 2402/2472/2402 1410/1827/1410
f 1457/1826/1457 1427/1827/1427 10/2472/10
f 2714/2497/2714 1459/2498/1459 1471/2499/1471
f 1460/2497/1460 106/2499/106 2359/2498/2359
f 845/2500/845 1467/2501/1467 1466/2502/1466
f 1795/2503/1795 1483/2500/1483 1826/2504/1826
f 1479/2500/1479 875/2503/875 1478/2504/1478
f 2746/2501/2746 1482/2500/1482 898/2502/898
f 1470/2505/1470 1471/2499/1471 1459/2498/1459
f 1822/2501/1822 1478/2504/1478 875/2500/875
f 2763/2503/2763 1793/2504/1793 1768/2500/1768
f 1768/2503/1768 846/2504/846 1483/2500/1483
f 1826/2501/1826 891/2504/891 1795/2500/1795
f 891/2501/891 1484/2504/1484 1796/2500/1796
f 1481/2500/1481 841/2503/841 1480/2502/1480
f 892/2504/892 898/2502/898 1481/2503/1481
f 845/2500/845 840/2503/840 844/2504/844
f 846/2501/846 1768/2500/1768 1793/2504/1793
f 1825/2501/1825 1483/2500/1483 846/2504/846
f 841/2500/841 1796/2503/1796 1484/2504/1484
f 1796/2503/1796 1795/2500/1795 891/2504/891
f 840/2503/840 1482/2500/1482 1485/2504/1485
s 8
f 1486/2140/1486 1517/2506/1517 1761/2159/1761
f 284/2202/284 1517/2506/1517 1486/2140/1486
f 284/2202/284 1515/2507/1515 1517/2506/1517
f 1487/2203/1487 1515/2507/1515 284/2202/284
f 1487/2203/1487 1488/2508/1488 1515/2507/1515
f 285/2204/285 1488/2508/1488 1487/2203/1487
f 285/2204/285 1489/2509/1489 1488/2508/1488
f 286/2205/286 1489/2509/1489 285/2204/285
f 286/2205/286 1490/2510/1490 1489/2509/1489
f 247/2206/247 1490/2510/1490 286/2205/286
f 247/2206/247 1512/2511/1512 1490/2510/1490
f 1491/2512/1491 1512/2511/1512 247/2206/247
f 1491/2512/1491 236/2513/236 1512/2511/1512
s 12
f 1492/2514/1492 1493/2202/1493 1752/2140/1752
f 1494/2507/1494 1493/2202/1493 1492/2514/1492
f 1494/2507/1494 1495/2203/1495 1493/2202/1493
f 1519/2508/1519 1495/2203/1495 1494/2507/1494
f 1519/2508/1519 1496/2204/1496 1495/2203/1495
f 1497/2509/1497 1496/2204/1496 1519/2508/1519
f 1497/2509/1497 1498/2205/1498 1496/2204/1496
f 1499/2510/1499 1498/2205/1498 1497/2509/1497
f 1499/2510/1499 1500/2206/1500 1498/2205/1498
f 1521/2511/1521 1500/2206/1500 1499/2510/1499
f 1521/2511/1521 1501/2512/1501 1500/2206/1500
f 264/2513/264 1501/2512/1501 1521/2511/1521
f 1502/2144/1502 1503/2515/1503 256/2516/256
f 1504/2145/1504 1503/2515/1503 1502/2144/1502
f 1504/2145/1504 1518/2517/1518 1503/2515/1503
f 1505/2518/1505 1518/2517/1518 1504/2145/1504
f 1505/2518/1505 1506/2519/1506 1518/2517/1518
f 263/2135/263 1506/2519/1506 1505/2518/1505
f 263/2135/263 1520/2520/1520 1506/2519/1506
f 261/2133/261 1520/2520/1520 263/2135/263
f 261/2133/261 1507/2521/1507 1520/2520/1520
f 1508/2131/1508 1507/2521/1507 261/2133/261
f 1508/2131/1508 268/2132/268 1507/2521/1507
f 246/2130/246 268/2132/268 1508/2131/1508
f 266/2143/266 1504/2145/1504 1502/2144/1502
f 1509/2522/1509 1504/2145/1504 266/2143/266
f 1509/2522/1509 1505/2518/1505 1504/2145/1504
f 267/2523/267 1505/2518/1505 1509/2522/1509
f 267/2523/267 263/2135/263 1505/2518/1505
f 270/2123/270 263/2135/263 267/2523/267
f 270/2123/270 262/2134/262 263/2135/263
f 1510/2121/1510 262/2134/262 270/2123/270
f 1510/2121/1510 269/2170/269 262/2134/262
f 1511/2524/1511 269/2170/269 1510/2121/1510
f 1511/2524/1511 245/2525/245 269/2170/269
f 259/2526/259 245/2525/245 1511/2524/1511
s 8
f 250/2527/250 1512/2528/1512 236/2529/236
f 1756/2530/1756 1512/2528/1512 250/2527/250
f 1756/2530/1756 1490/2531/1490 1512/2528/1512
f 1513/2532/1513 1490/2531/1490 1756/2530/1756
f 1513/2532/1513 1489/2533/1489 1490/2531/1490
f 1758/2534/1758 1489/2533/1489 1513/2532/1513
f 1758/2534/1758 1488/2535/1488 1489/2533/1489
f 1514/2536/1514 1488/2535/1488 1758/2534/1758
f 1514/2536/1514 1515/2537/1515 1488/2535/1488
f 1516/2176/1516 1515/2537/1515 1514/2536/1514
f 1516/2176/1516 1517/2177/1517 1515/2537/1515
f 1761/2175/1761 1517/2177/1517 1516/2176/1516
s 12
f 1503/2176/1503 1494/2537/1494 1492/2177/1492
f 1518/2536/1518 1494/2537/1494 1503/2176/1503
f 1518/2536/1518 1519/2535/1519 1494/2537/1494
f 1506/2534/1506 1519/2535/1519 1518/2536/1518
f 1506/2534/1506 1497/2533/1497 1519/2535/1519
f 1520/2532/1520 1497/2533/1497 1506/2534/1506
f 1520/2532/1520 1499/2531/1499 1497/2533/1497
f 1507/2530/1507 1499/2531/1499 1520/2532/1520
f 1507/2530/1507 1521/2528/1521 1499/2531/1499
f 268/2527/268 1521/2528/1521 1507/2530/1507
f 268/2527/268 264/2529/264 1521/2528/1521
f 273/2190/273 1498/2205/1498 1500/2206/1500
f 1745/2193/1745 1498/2205/1498 273/2190/273
f 1745/2193/1745 1496/2204/1496 1498/2205/1498
f 1746/2195/1746 1496/2204/1496 1745/2193/1745
f 1746/2195/1746 1495/2203/1495 1496/2204/1496
f 271/2155/271 1495/2203/1495 1746/2195/1746
f 271/2155/271 1493/2202/1493 1495/2203/1495
f 1747/2139/1747 1493/2202/1493 271/2155/271
f 1747/2139/1747 1752/2140/1752 1493/2202/1493
f 1748/2138/1748 1752/2140/1752 1747/2139/1747
f 258/2179/258 272/2197/272 2021/2180/2021
f 265/2148/265 272/2197/272 258/2179/258
f 265/2148/265 1749/2151/1749 272/2197/272
f 1750/2172/1750 1749/2151/1749 265/2148/265
f 1750/2172/1750 1751/2150/1751 1749/2151/1749
f 266/2198/266 1751/2150/1751 1750/2172/1750
f 266/2198/266 1748/2199/1748 1751/2150/1751
f 1502/2158/1502 1748/2199/1748 266/2198/266
f 1502/2158/1502 1752/2200/1752 1748/2199/1748
f 256/2159/256 1752/2200/1752 1502/2158/1502
f 256/2159/256 1492/2538/1492 1752/2200/1752
s 8
f 1760/2145/1760 253/2522/253 1753/2143/1753
f 1759/2518/1759 253/2522/253 1760/2145/1760
f 1759/2518/1759 239/2523/239 253/2522/253
f 237/2135/237 239/2523/239 1759/2518/1759
f 237/2135/237 232/2123/232 239/2523/239
f 238/2134/238 232/2123/232 237/2135/237
f 238/2134/238 231/2121/231 232/2123/232
f 243/2170/243 231/2121/231 238/2134/238
f 243/2170/243 1754/2524/1754 231/2121/231
f 1755/2525/1755 1754/2524/1754 243/2170/243
f 1755/2525/1755 235/2526/235 1754/2524/1754
f 251/2131/251 1756/2521/1756 250/2132/250
f 1757/2133/1757 1756/2521/1756 251/2131/251
f 1757/2133/1757 1513/2520/1513 1756/2521/1756
f 237/2135/237 1513/2520/1513 1757/2133/1757
f 237/2135/237 1758/2519/1758 1513/2520/1513
f 1759/2518/1759 1758/2519/1758 237/2135/237
f 1759/2518/1759 1514/2517/1514 1758/2519/1758
f 1760/2145/1760 1514/2517/1514 1759/2518/1759
f 1760/2145/1760 1516/2515/1516 1514/2517/1514
f 241/2144/241 1516/2515/1516 1760/2145/1760
f 241/2144/241 1761/2516/1761 1516/2515/1516
s 1
f 1802/2539/1802 1799/2540/1799 1800/2541/1800
f 1762/2542/1762 1799/2540/1799 1802/2539/1802
f 1762/2542/1762 1763/2543/1763 1799/2540/1799
f 912/2544/912 1763/2543/1763 1762/2542/1762
f 1775/2355/1775 894/2409/894 1764/2401/1764
f 1777/2545/1777 894/2409/894 1775/2355/1775
f 1777/2545/1777 1765/2546/1765 894/2409/894
f 2739/2547/2739 1765/2546/1765 1777/2545/1777
f 2739/2547/2739 893/1674/893 1765/2546/1765
f 1828/2548/1828 1766/2288/1766 895/2350/895
f 1815/2549/1815 1766/2288/1766 1828/2548/1828
f 1815/2549/1815 1804/2289/1804 1766/2288/1766
f 1816/2424/1816 1804/2289/1804 1815/2549/1815
f 1816/2424/1816 1803/2423/1803 1804/2289/1804
f 1769/2270/1769 1768/2274/1768 1767/2271/1767
f 887/2376/887 2763/2272/2763 1769/2270/1769
f 887/2376/887 1479/2550/1479 2763/2272/2763
f 856/2307/856 860/2313/860 1834/2551/1834
f 857/2306/857 860/2313/860 856/2307/856
f 857/2306/857 859/2314/859 860/2313/860
f 1770/2304/1770 859/2314/859 857/2306/857
f 1770/2304/1770 2749/2318/2749 859/2314/859
f 1830/2405/1830 2749/2318/2749 1770/2304/1770
f 1830/2405/1830 2751/2309/2751 2749/2318/2749
f 1831/2552/1831 890/2553/890 1787/2554/1787
f 842/2555/842 890/2553/890 1831/2552/1831
f 842/2555/842 889/2556/889 890/2553/890
f 1771/2557/1771 889/2556/889 842/2555/842
f 1771/2557/1771 1772/2406/1772 889/2556/889
f 1773/2558/1773 1772/2406/1772 1771/2557/1771
f 1773/2558/1773 1774/2407/1774 1772/2406/1772
f 881/2353/881 1764/2401/1764 880/2352/880
f 865/2327/865 1764/2401/1764 881/2353/881
f 865/2327/865 1775/2355/1775 1764/2401/1764
f 1776/2324/1776 1775/2355/1775 865/2327/865
f 1776/2324/1776 1777/2545/1777 1775/2355/1775
f 906/2326/906 1777/2545/1777 1776/2324/1776
f 906/2326/906 2739/2547/2739 1777/2545/1777
f 905/2414/905 2739/2547/2739 906/2326/906
f 905/2414/905 890/2559/890 2739/2547/2739
f 1824/2548/1824 1779/2351/1779 1778/2439/1778
f 884/2424/884 1779/2351/1779 1824/2548/1824
f 884/2424/884 1811/2560/1811 1779/2351/1779
f 909/2414/909 1811/2560/1811 884/2424/884
f 909/2414/909 1813/2324/1813 1811/2560/1811
f 1780/2334/1780 1813/2324/1813 909/2414/909
f 1780/2334/1780 1814/2294/1814 1813/2324/1813
f 1803/2328/1803 1814/2294/1814 1780/2334/1780
f 1803/2328/1803 1816/2329/1816 1814/2294/1814
f 853/2286/853 1785/2561/1785 1781/2561/1781
f 854/2296/854 1785/2561/1785 853/2286/853
f 854/2296/854 1784/2562/1784 1785/2561/1785
f 908/2415/908 1784/2562/1784 854/2296/854
f 908/2415/908 1782/2563/1782 1784/2562/1784
f 1783/2416/1783 1782/2563/1782 908/2415/908
f 1783/2416/1783 1784/2562/1784 1782/2563/1782
f 1841/2564/1841 1784/2562/1784 1783/2416/1783
f 1841/2564/1841 1785/2561/1785 1784/2562/1784
f 872/2565/872 1785/2561/1785 1841/2564/1841
f 872/2565/872 1781/2561/1781 1785/2561/1785
f 1786/2566/1786 1781/2561/1781 872/2565/872
f 1786/2566/1786 1821/2567/1821 1781/2561/1781
f 1803/2568/1803 1821/2567/1821 1786/2566/1786
f 1803/2568/1803 1801/2569/1801 1821/2567/1821
f 890/2570/890 904/2302/904 1787/2413/1787
f 905/2571/905 904/2302/904 890/2570/890
f 905/2571/905 911/2300/911 904/2302/904
f 1788/2572/1788 911/2300/911 905/2571/905
f 1788/2572/1788 1810/2573/1810 911/2300/911
f 2742/2574/2742 1810/2573/1810 1788/2572/1788
f 2742/2574/2742 1789/2575/1789 1810/2573/1810
f 2741/2576/2741 1789/2575/1789 2742/2574/2742
f 2741/2576/2741 1790/2577/1790 1789/2575/1789
f 874/2338/874 1790/2577/1790 2741/2576/2741
f 874/2338/874 1791/2578/1791 1790/2577/1790
f 1792/2336/1792 1791/2578/1791 874/2338/874
f 1792/2336/1792 1831/2311/1831 1791/2578/1791
f 873/2337/873 1831/2311/1831 1792/2336/1792
f 1819/2579/1819 1793/2341/1793 848/2580/848
f 1794/2581/1794 1793/2341/1793 1819/2579/1819
f 1794/2581/1794 846/2582/846 1793/2341/1793
f 1825/2583/1825 846/2582/846 1794/2581/1794
f 1826/2584/1826 1483/2585/1483 1825/2583/1825
f 1480/2586/1480 841/2587/841 1484/2360/1484
f 2748/2588/2748 844/2589/844 1485/2590/1485
f 2750/2591/2750 844/2589/844 2748/2588/2748
f 2750/2591/2750 1467/2592/1467 844/2589/844
f 2752/2593/2752 1467/2592/1467 2750/2591/2750
f 2752/2593/2752 1466/2594/1466 1467/2592/1467
f 1797/2595/1797 1466/2594/1466 2752/2593/2752
f 1797/2595/1797 1822/2596/1822 1466/2594/1466
f 2753/2435/2753 1822/2596/1822 1797/2595/1797
f 2753/2435/2753 1823/2597/1823 1822/2596/1822
f 913/2417/913 1823/2597/1823 2753/2435/2753
f 913/2417/913 888/2598/888 1823/2597/1823
f 1798/2599/1798 1799/2540/1799 1763/2543/1763
f 849/2280/849 1799/2540/1799 1798/2599/1798
f 849/2280/849 1800/2541/1800 1799/2540/1799
f 1801/2569/1801 1800/2541/1800 849/2280/849
f 1801/2569/1801 1802/2539/1802 1800/2541/1800
f 1803/2568/1803 1802/2539/1802 1801/2569/1801
f 1803/2568/1803 1762/2542/1762 1802/2539/1802
f 1780/2600/1780 1762/2542/1762 1803/2568/1803
f 1780/2600/1780 912/2544/912 1762/2542/1762
f 909/2601/909 912/2544/912 1780/2600/1780
f 1786/2333/1786 1804/2289/1804 1803/2423/1803
f 871/2293/871 1804/2289/1804 1786/2333/1786
f 871/2293/871 851/2290/851 1804/2289/1804
f 852/2292/852 851/2290/851 871/2293/871
f 852/2292/852 895/2350/895 851/2290/851
f 1805/2295/1805 895/2350/895 852/2292/852
f 1805/2295/1805 882/2400/882 895/2350/895
f 1806/2411/1806 882/2400/882 1805/2295/1805
f 1806/2411/1806 900/2401/900 882/2400/882
f 901/2327/901 900/2401/900 1806/2411/1806
f 901/2327/901 899/2355/899 900/2401/900
f 1840/2324/1840 899/2355/899 901/2327/901
f 1840/2324/1840 1807/2290/1807 899/2355/899
f 910/2293/910 1807/2290/1807 1840/2324/1840
f 910/2293/910 879/2356/879 1807/2290/1807
f 1808/2298/1808 879/2356/879 910/2293/910
f 1808/2298/1808 881/2358/881 879/2356/879
f 1809/2297/1809 881/2358/881 1808/2298/1808
f 1789/2575/1789 903/2301/903 1810/2573/1810
f 1790/2577/1790 903/2301/903 1789/2575/1789
f 1790/2577/1790 902/2412/902 903/2301/903
f 1791/2578/1791 902/2412/902 1790/2577/1790
f 1791/2578/1791 1787/2413/1787 902/2412/902
f 1831/2311/1831 1787/2413/1787 1791/2578/1791
f 1811/2560/1811 1812/2292/1812 1779/2351/1779
f 1813/2324/1813 1812/2292/1812 1811/2560/1811
f 1813/2324/1813 878/2295/878 1812/2292/1812
f 1814/2294/1814 878/2295/878 1813/2324/1813
f 1814/2294/1814 1815/2353/1815 878/2295/878
f 1816/2329/1816 1815/2353/1815 1814/2294/1814
f 909/2602/909 1817/2603/1817 912/2604/912
f 1818/2276/1818 1817/2603/1817 909/2602/909
f 1818/2276/1818 897/2605/897 1817/2603/1817
f 1819/2278/1819 897/2605/897 1818/2276/1818
f 1819/2278/1819 1798/2282/1798 897/2605/897
f 848/2606/848 1798/2282/1798 1819/2278/1819
f 908/2415/908 888/2607/888 913/2417/913
f 1820/2285/1820 888/2607/888 908/2415/908
f 1820/2285/1820 1801/2569/1801 888/2607/888
f 850/2287/850 1801/2569/1801 1820/2285/1820
f 850/2287/850 1821/2567/1821 1801/2569/1801
f 853/2286/853 1821/2567/1821 850/2287/850
f 853/2286/853 1781/2561/1781 1821/2567/1821
f 1467/2592/1467 845/2608/845 844/2589/844
f 1466/2594/1466 875/2609/875 845/2608/845
f 1822/2596/1822 875/2609/875 1466/2594/1466
f 1823/2597/1823 1478/2322/1478 1822/2596/1822
f 1823/2597/1823 848/2580/848 1478/2322/1478
f 1824/2610/1824 1825/2611/1825 1794/2612/1794
f 1778/2613/1778 1825/2611/1825 1824/2610/1824
f 1778/2613/1778 1826/2584/1826 1825/2611/1825
f 1827/2614/1827 1826/2584/1826 1778/2613/1778
f 1827/2614/1827 891/2615/891 1826/2584/1826
f 1828/2616/1828 891/2615/891 1827/2614/1827
f 1828/2616/1828 895/2361/895 891/2615/891
f 1829/2617/1829 1830/2405/1830 855/2303/855
f 2734/2618/2734 1830/2405/1830 1829/2617/1829
f 2734/2618/2734 915/2310/915 1830/2405/1830
f 2736/2619/2736 915/2310/915 2734/2618/2734
f 2736/2619/2736 1831/2311/1831 915/2310/915
f 1832/2620/1832 1831/2311/1831 2736/2619/2736
f 1833/2621/1833 856/2622/856 1834/2623/1834
f 1835/2624/1835 856/2622/856 1833/2621/1833
f 1835/2624/1835 1836/2625/1836 856/2622/856
f 1838/2626/1838 1836/2625/1836 1835/2624/1835
f 1838/2626/1838 855/2627/855 1836/2625/1836
f 1829/2628/1829 855/2627/855 1838/2626/1838
f 876/2629/876 1835/2624/1835 1833/2621/1833
f 1837/2630/1837 1835/2624/1835 876/2629/876
f 1837/2630/1837 1838/2626/1838 1835/2624/1835
f 877/2631/877 1838/2626/1838 1837/2630/1837
f 877/2631/877 1829/2628/1829 1838/2626/1838
f 1839/2632/1839 1829/2628/1829 877/2631/877
f 1840/2324/1840 2744/2419/2744 910/2293/910
f 901/2327/901 2744/2419/2744 1840/2324/1840
f 901/2327/901 1841/2335/1841 2744/2419/2744
f 1842/2410/1842 1841/2335/1841 901/2327/901
f 1842/2410/1842 1843/2294/1843 1841/2335/1841
f 1806/2411/1806 1843/2294/1843 1842/2410/1842
f 1806/2411/1806 1805/2295/1805 1843/2294/1843
f 1898/2633/1898 1859/2634/1859 1876/2635/1876
f 2517/2636/2517 767/2637/767 1899/2638/1899
f 1922/2639/1922 1950/2640/1950 1846/2641/1846
f 1894/2642/1894 1893/2643/1893 2561/2644/2561
f 2547/2645/2547 2543/2646/2543 1847/2647/1847
f 1873/2648/1873 1848/2649/1848 1882/2650/1882
f 2545/2651/2545 2561/2644/2561 1867/2652/1867
f 2584/2653/2584 1849/2654/1849 1894/2642/1894
f 1850/2655/1850 1851/2656/1851 2576/2657/2576
f 1852/2658/1852 2562/2659/2562 1853/2660/1853
f 2551/2661/2551 1879/2662/1879 1878/2663/1878
f 1873/2651/1873 2547/2645/2547 1847/2647/1847
f 1854/2664/1854 1855/2665/1855 1857/2666/1857
f 2567/2667/2567 2692/2668/2692 1856/2669/1856
f 2547/2670/2547 1873/2671/1873 1874/2672/1874
f 1855/2665/1855 2565/2673/2565 1857/2666/1857
f 2565/2674/2565 1855/2675/1855 2564/2676/2564
f 1874/2672/1874 2584/2677/2584 2547/2670/2547
f 1896/2678/1896 1882/2650/1882 1848/2649/1848
f 1870/2679/1870 1858/2680/1858 1869/2681/1869
f 1860/2682/1860 1898/2633/1898 1876/2635/1876
f 1956/2683/1956 2691/2684/2691 1861/2685/1861
f 1862/2686/1862 2578/2687/2578 1863/510/1863
f 2604/2667/2604 1864/2669/1864 2596/2668/2596
f 2579/2665/2579 1866/2666/1866 1888/2673/1888
f 1867/2652/1867 2541/2688/2541 2545/2651/2545
f 1868/2689/1868 1870/2679/1870 1869/2681/1869
f 1871/2690/1871 2595/2691/2595 1872/2692/1872
f 2595/2691/2595 2550/2693/2550 1872/2692/1872
f 1882/2694/1882 1874/2672/1874 1873/2671/1873
f 778/2636/778 2517/2637/2517 1897/2638/1897
f 1876/2635/1876 1865/2695/1865 1875/2696/1875
f 1879/2662/1879 1877/2697/1877 1437/2698/1437
f 1878/2663/1878 1879/2662/1879 1416/2699/1416
f 1865/2695/1865 1876/2635/1876 1859/2634/1859
f 1889/2700/1889 1880/2701/1880 2598/2702/2598
f 1881/2700/1881 2693/2703/2693 2570/2701/2570
f 1882/2650/1882 1883/2704/1883 1874/2705/1874
f 1895/2706/1895 1883/2704/1883 1882/2650/1882
f 1895/2706/1895 2583/2707/2583 1883/2704/1883
f 2592/2708/2592 2583/2707/2583 1895/2706/1895
f 2592/2708/2592 2582/690/2582 2583/2707/2583
f 2599/2709/2599 1885/2710/1885 1884/2711/1884
f 2576/2712/2576 1885/2710/1885 2599/2709/2599
f 2576/2712/2576 1958/2713/1958 1885/2710/1885
f 1851/2714/1851 1958/2713/1958 2576/2712/2576
f 2600/2715/2600 1888/2673/1888 1866/2666/1866
f 1889/2716/1889 1888/2673/1888 2600/2715/2600
f 1889/2716/1889 1890/2717/1890 1888/2673/1888
f 2598/2702/2598 1890/2717/1890 1889/2716/1889
f 2577/2718/2577 2576/2657/2576 2599/2719/2599
f 1863/2720/1863 1891/2721/1891 1862/2686/1862
f 1863/2720/1863 1892/2722/1892 1891/2721/1891
f 1849/2654/1849 2563/2723/2563 1893/2643/1893
f 1893/2643/1893 1894/2642/1894 1849/2654/1849
f 1882/2650/1882 1896/2678/1896 1895/2706/1895
f 400/2724/400 2602/2725/2602 2603/2726/2603
f 1859/2634/1859 1898/2633/1898 1391/2727/1391
f 1437/2698/1437 1416/2699/1416 1879/2662/1879
f 1899/2728/1899 1897/2638/1897 2517/2637/2517
f 1900/2728/1900 1899/2638/1899 767/2637/767
s 12
f 2023/2729/2023 1986/2730/1986 2017/2731/2017
s 19
f 1919/2732/1919 1920/2733/1920 2585/2734/2585
f 1921/2735/1921 1919/2732/1919 2585/2734/2585
f 1921/2735/1921 2585/2734/2585 1922/2736/1922
f 1923/2737/1923 1921/2735/1921 1922/2736/1922
f 1923/2737/1923 1922/2736/1922 1950/2738/1950
f 1942/2739/1942 1923/2737/1923 1950/2738/1950
f 1942/2739/1942 1950/2738/1950 1924/2740/1924
f 1940/2741/1940 1942/2739/1942 1924/2740/1924
s 20
f 1925/2742/1925 1926/2740/1926 1851/2738/1851
f 1927/2743/1927 1925/2742/1925 1851/2738/1851
f 1927/2743/1927 1851/2738/1851 1958/2736/1958
f 1943/2744/1943 1927/2743/1927 1958/2736/1958
f 1943/2744/1943 1958/2736/1958 1885/2734/1885
f 1928/2745/1928 1943/2744/1943 1885/2734/1885
f 1928/2745/1928 1885/2734/1885 1929/2733/1929
f 1930/2746/1930 1931/2747/1931 1925/2748/1925
f 1932/2749/1932 1930/2746/1930 1925/2748/1925
f 1932/2749/1932 1925/2748/1925 1927/2750/1927
f 1933/2751/1933 1932/2749/1932 1927/2750/1927
f 1933/2751/1933 1927/2750/1927 1934/2752/1934
s 19
f 1935/2753/1935 1919/2754/1919 1921/2755/1921
f 1936/2756/1936 1935/2753/1935 1921/2755/1921
f 1936/2756/1936 1921/2755/1921 1923/2757/1923
f 1937/2758/1937 1936/2756/1936 1923/2757/1923
f 1937/2758/1937 1923/2757/1923 1938/2759/1938
f 1942/2760/1942 1938/2759/1938 1923/2757/1923
s 20
f 1934/2752/1934 1943/2761/1943 1939/2762/1939
s 19
f 1940/2741/1940 1941/2763/1941 1942/2760/1942
f 1941/2763/1941 1938/2759/1938 1942/2760/1942
s 20
f 1928/2764/1928 1939/2762/1939 1943/2761/1943
f 1931/2747/1931 1926/2765/1926 1925/2748/1925
f 1943/2761/1943 1934/2752/1934 1927/2750/1927
s 12
f 2017/2766/2017 1981/2767/1981 1977/2768/1977
f 1977/2769/1977 1990/2770/1990 1978/2771/1978
f 1978/2768/1978 1991/2772/1991 2019/2766/2019
f 2019/2768/2019 1982/2772/1982 1979/2766/1979
f 1993/2766/1993 1985/2767/1985 2023/2768/2023
f 1980/2771/1980 1992/2773/1992 1993/2774/1993
f 1979/2768/1979 1983/2772/1983 1980/2766/1980
f 1981/2767/1981 1968/2775/1968 1990/2772/1990
f 1990/2770/1990 1969/2776/1969 1991/2777/1991
f 1991/2772/1991 2683/2778/2683 1982/2767/1982
f 1982/2772/1982 1984/2778/1984 1983/2767/1983
f 1992/2773/1992 2030/2779/2030 1985/2780/1985
f 1983/2772/1983 1988/2778/1988 1992/2767/1992
f 1985/2767/1985 1989/2775/1989 1986/2772/1986
f 1968/2778/1968 1981/2772/1981 1987/2775/1987
f 1984/2775/1984 1982/2767/1982 2683/2778/2683
f 2683/2781/2683 1991/2777/1991 1969/2776/1969
f 1988/2775/1988 1983/2767/1983 1984/2778/1984
f 2030/2775/2030 1992/2767/1992 1988/2778/1988
f 1989/2782/1989 1985/2780/1985 2030/2779/2030
f 1981/2772/1981 2017/2768/2017 1986/2767/1986
f 1990/2772/1990 1977/2768/1977 1981/2767/1981
f 1991/2777/1991 1978/2771/1978 1990/2770/1990
f 1982/2767/1982 2019/2766/2019 1991/2772/1991
f 1983/2767/1983 1979/2766/1979 1982/2772/1982
f 1992/2767/1992 1980/2766/1980 1983/2772/1983
f 1985/2780/1985 1993/2774/1993 1992/2773/1992
f 1986/2772/1986 2023/2768/2023 1985/2767/1985
f 1969/2778/1969 1990/2772/1990 1968/2775/1968
f 1986/2767/1986 1987/2775/1987 1981/2772/1981
f 1987/2778/1987 1986/2772/1986 1989/2775/1989
s 21
f 1994/2783/1994 1995/2784/1995 2007/2785/2007
f 2024/2786/2024 1995/2784/1995 1994/2783/1994
f 2024/2786/2024 2015/2787/2015 1995/2784/1995
f 1996/2788/1996 2015/2787/2015 2024/2786/2024
f 1996/2788/1996 2026/2789/2026 2015/2787/2015
f 2013/2790/2013 2014/2791/2014 2012/2792/2012
f 2003/2793/2003 2014/2791/2014 2013/2790/2013
f 2003/2793/2003 2005/2794/2005 2014/2791/2014
f 1997/2795/1997 2005/2794/2005 2003/2793/2003
f 1997/2795/1997 2025/2793/2025 2005/2794/2005
f 1998/2796/1998 1999/2797/1999 2010/2798/2010
f 2000/2799/2000 1999/2797/1999 1998/2796/1998
f 2000/2799/2000 2011/2800/2011 1999/2797/1999
f 2001/2801/2001 2011/2800/2011 2000/2799/2000
f 2001/2801/2001 2024/2802/2024 2011/2800/2011
f 2010/2798/2010 2000/2799/2000 1998/2796/1998
f 2022/2803/2022 2000/2799/2000 2010/2798/2010
f 2022/2803/2022 2001/2801/2001 2000/2799/2000
f 2002/2804/2002 2001/2801/2001 2022/2803/2022
f 2003/2793/2003 2008/2805/2008 1997/2795/1997
f 2004/2806/2004 2008/2805/2008 2003/2793/2003
f 2004/2806/2004 2025/2807/2025 2008/2805/2008
f 2005/2794/2005 2025/2807/2025 2004/2806/2004
f 2006/2808/2006 1995/2784/1995 2009/2809/2009
f 2006/2808/2006 2007/2785/2007 1995/2784/1995
f 2006/2784/2006 2008/2786/2008 2007/2783/2007
f 2009/2787/2009 2008/2786/2008 2006/2784/2006
f 2015/2787/2015 2009/2809/2009 1995/2784/1995
f 2002/2810/2002 2024/2786/2024 1994/2783/1994
f 2011/2800/2011 2024/2802/2024 2022/2803/2022
f 1999/2797/1999 2011/2800/2011 2010/2798/2010
f 2012/2792/2012 2004/2806/2004 2013/2790/2013
f 2014/2791/2014 2005/2794/2005 2012/2792/2012
f 1997/2811/1997 2008/2786/2008 2026/2788/2026
f 2001/2811/2001 1996/2788/1996 2024/2786/2024
f 2009/2809/2009 2015/2787/2015 2026/2789/2026
s 12
f 2023/2812/2023 1510/2813/1510 1993/2814/1993
f 2017/2812/2017 2016/2813/2016 2023/2814/2023
f 1977/2812/1977 259/2813/259 2017/2814/2017
f 1978/2812/1978 2018/2813/2018 1977/2814/1977
f 2019/2812/2019 2020/2813/2020 1978/2814/1978
f 1979/2812/1979 274/2813/274 2019/2814/2019
f 1980/2812/1980 2021/2813/2021 1979/2814/1979
f 2021/2815/2021 1980/2814/1980 257/2813/257
s 21
f 2004/2806/2004 2012/2792/2012 2005/2794/2005
f 2003/2793/2003 2013/2790/2013 2004/2806/2004
f 2022/2803/2022 2010/2798/2010 2011/2800/2011
s 12
f 274/2815/274 1979/2814/1979 2021/2813/2021
f 2016/2815/2016 2017/2814/2017 259/2813/259
f 2020/2815/2020 2019/2814/2019 274/2813/274
f 257/2815/257 1993/2814/1993 1510/2813/1510
f 1510/2815/1510 2023/2814/2023 2016/2813/2016
s 21
f 2002/2804/2002 2022/2803/2022 2024/2802/2024
f 2025/2810/2025 2007/2783/2007 2008/2786/2008
s 12
f 1993/2812/1993 257/2813/257 1980/2814/1980
f 2018/2815/2018 1978/2814/1978 2020/2813/2020
f 259/2815/259 1977/2814/1977 2018/2813/2018
s 21
f 2009/2787/2009 2026/2788/2026 2008/2786/2008
s 1
f 2321/2816/2321 3054/2817/3054 1459/2818/1459
f 2328/2819/2328 843/2820/843 605/2821/605
f 1769/2822/1769 1767/2823/1767 2374/2824/2374
f 2359/2825/2359 82/2826/82 3026/2827/3026
f 85/2828/85 2360/2829/2360 2949/2830/2949
f 2374/2824/2374 1767/2823/1767 2375/2831/2375
f 2328/2822/2328 605/2824/605 2215/2832/2215
f 2375/2831/2375 2384/2833/2384 2948/2834/2948
f 2384/2833/2384 2375/2831/2375 1767/2823/1767
f 3054/2817/3054 3026/2827/3026 567/2835/567
f 2950/2836/2950 562/2837/562 2951/2838/2951
f 2393/2839/2393 562/2837/562 2950/2836/2950
f 2393/2839/2393 572/2840/572 562/2837/562
f 3017/2841/3017 572/2840/572 2393/2839/2393
f 2396/1793/2396 2520/1792/2520 766/1794/766
f 1403/2484/1403 2520/1792/2520 2396/1793/2396
f 1403/2484/1403 2397/1790/2397 2520/1792/2520
f 2411/1789/2411 2397/1790/2397 1403/2484/1403
f 2411/1789/2411 2398/1788/2398 2397/1790/2397
f 2413/1787/2413 2398/1788/2398 2411/1789/2411
f 2413/1787/2413 1414/1786/1414 2398/1788/2398
f 2399/1785/2399 1414/1786/1414 2413/1787/2413
f 2399/1785/2399 2400/1783/2400 1414/1786/1414
f 2401/1782/2401 2400/1783/2400 2399/1785/2399
f 2401/1782/2401 1390/1784/1390 2400/1783/2400
f 64/2842/64 1390/1784/1390 2401/1782/2401
f 64/2842/64 24/1782/24 1390/1784/1390
f 2402/2843/2402 2404/1800/2404 2403/1813/2403
f 41/2844/41 2404/1800/2404 2402/2843/2402
f 41/2844/41 1389/1798/1389 2404/1800/2404
f 54/2845/54 1389/1798/1389 41/2844/41
f 54/2845/54 1388/1795/1388 1389/1798/1389
f 1456/2496/1456 1388/1795/1388 54/2845/54
f 1456/2496/1456 1387/1797/1387 1388/1795/1388
f 2964/2494/2964 1387/1797/1387 1456/2496/1456
f 2964/2494/2964 35/1809/35 1387/1797/1387
f 2405/2479/2405 35/1809/35 2964/2494/2964
f 2405/2479/2405 2406/1807/2406 35/1809/35
f 2407/1837/2407 2406/1807/2406 2405/2479/2405
f 2407/1837/2407 2408/1810/2408 2406/1807/2406
f 48/1836/48 2408/1810/2408 2407/1837/2407
f 48/1836/48 2409/1811/2409 2408/1810/2408
f 2410/1835/2410 2409/1811/2409 48/1836/48
f 2410/1835/2410 1411/1801/1411 2409/1811/2409
f 47/1834/47 1411/1801/1411 2410/1835/2410
f 47/1834/47 776/2246/776 1411/1801/1411
f 1433/1841/1433 776/2246/776 47/1834/47
f 1433/1841/1433 2519/2463/2519 776/2246/776
f 1420/1842/1420 2519/2463/2519 1433/1841/1433
f 1420/1842/1420 769/2242/769 2519/2463/2519
f 1402/1843/1402 769/2242/769 1420/1842/1420
f 1402/1843/1402 1417/2241/1417 769/2242/769
f 784/1844/784 1417/2241/1417 1402/1843/1402
f 784/1844/784 1430/2465/1430 1417/2241/1417
f 783/1845/783 1430/2465/1430 784/1844/784
f 783/1845/783 2411/1789/2411 1430/2465/1430
f 2412/2478/2412 2411/1789/2411 783/1845/783
f 2412/2478/2412 2413/1787/2413 2411/1789/2411
f 14/1722/14 19/2469/19 18/2846/18
f 752/2468/752 19/2469/19 14/1722/14
f 752/2468/752 1451/2491/1451 19/2469/19
f 2414/2847/2414 1451/2491/1451 752/2468/752
f 2414/2847/2414 1408/2468/1408 1451/2491/1451
f 1400/2251/1400 1408/2468/1408 2414/2847/2414
f 1400/2251/1400 2415/2490/2415 1408/2468/1408
f 1409/2248/1409 2415/2490/2415 1400/2251/1400
f 1409/2248/1409 1450/1719/1450 2415/2490/2415
f 2416/2249/2416 1450/1719/1450 1409/2248/1409
f 2416/2249/2416 2417/1720/2417 1450/1719/1450
f 1453/1755/1453 2417/1720/2417 2416/2249/2416
f 1453/1755/1453 2418/1832/2418 2417/1720/2417
f 2419/1752/2419 2418/1832/2418 1453/1755/1453
f 2419/1752/2419 2420/1833/2420 2418/1832/2418
f 2421/1750/2421 2420/1833/2420 2419/1752/2419
f 2421/1750/2421 2428/1834/2428 2420/1833/2420
f 2422/1729/2422 2428/1834/2428 2421/1750/2421
f 2422/1729/2422 2430/1835/2430 2428/1834/2428
f 11/1727/11 2430/1835/2430 2422/1729/2422
f 11/1727/11 2423/1836/2423 2430/1835/2430
f 2424/1732/2424 2423/1836/2423 11/1727/11
f 2424/1732/2424 1440/1837/1440 2423/1836/2423
f 2425/1838/2425 1440/1837/1440 2424/1732/2424
f 2425/1838/2425 1439/1839/1439 1440/1837/1440
f 759/1842/759 2426/2463/2426 770/2242/770
f 2427/1841/2427 2426/2463/2426 759/1842/759
f 2427/1841/2427 1425/2246/1425 2426/2463/2426
f 2428/1834/2428 1425/2246/1425 2427/1841/2427
f 2428/1834/2428 2429/1801/2429 1425/2246/1425
f 2430/1835/2430 2429/1801/2429 2428/1834/2428
f 2430/1835/2430 1424/1811/1424 2429/1801/2429
f 2423/1836/2423 1424/1811/1424 2430/1835/2430
f 2423/1836/2423 774/1810/774 1424/1811/1424
f 1440/1837/1440 774/1810/774 2423/1836/2423
f 1440/1837/1440 2431/1807/2431 774/1810/774
f 1454/2479/1454 2431/1807/2431 1440/1837/1440
f 1454/2479/1454 775/1809/775 2431/1807/2431
f 1455/2494/1455 775/1809/775 1454/2479/1454
f 1455/2494/1455 30/1797/30 775/1809/775
f 2432/2496/2432 30/1797/30 1455/2494/1455
f 2432/2496/2432 29/1795/29 30/1797/30
f 23/2845/23 29/1795/29 2432/2496/2432
f 23/2845/23 31/1798/31 29/1795/29
f 1457/2844/1457 31/1798/31 23/2845/23
f 1457/2844/1457 32/1800/32 31/1798/31
f 10/2843/10 32/1800/32 1457/2844/1457
f 10/2843/10 1447/1813/1447 32/1800/32
f 2458/2848/2458 2459/2849/2459 166/2850/166
f 2490/2851/2490 2459/2849/2459 2458/2848/2458
f 2490/2851/2490 229/2328/229 2459/2849/2459
f 149/2852/149 229/2328/229 2490/2851/2490
f 2724/2853/2724 2460/2854/2460 2700/2855/2700
f 2461/2856/2461 2460/2854/2460 2724/2853/2724
f 2461/2856/2461 2696/2854/2696 2460/2854/2460
f 2725/2857/2725 2696/2854/2696 2461/2856/2461
f 2725/2857/2725 223/2102/223 2696/2854/2696
f 142/1984/142 2463/2858/2463 2462/1982/2462
f 96/2859/96 2463/2858/2463 142/1984/142
f 96/2859/96 2464/2858/2464 2463/2858/2463
f 138/1976/138 2464/2858/2464 96/2859/96
f 138/1976/138 2699/1975/2699 2464/2858/2464
f 2705/1917/2705 2522/1880/2522 2465/1882/2465
f 158/1918/158 2522/1880/2522 2705/1917/2705
f 158/1918/158 2466/1878/2466 2522/1880/2522
f 2467/2025/2467 2466/1878/2466 158/1918/158
f 2467/2025/2467 157/1875/157 2466/1878/2466
f 2715/2860/2715 2701/2861/2701 108/2862/108
f 170/2863/170 2701/2861/2701 2715/2860/2715
f 170/2863/170 2468/2864/2468 2701/2861/2701
f 172/2865/172 2468/2864/2468 170/2863/170
f 172/2865/172 2528/2866/2528 2468/2864/2468
f 2701/2861/2701 159/2867/159 1460/2868/1460
f 2468/2864/2468 159/2867/159 2701/2861/2701
f 2468/2864/2468 2469/2869/2469 159/2867/159
f 2528/2866/2528 2469/2869/2469 2468/2864/2468
f 2528/2866/2528 2470/2870/2470 2469/2869/2469
f 3026/1898/3026 2321/1896/2321 2359/535/2359
f 3054/1895/3054 2321/1896/2321 3026/1898/3026
f 3018/1897/3018 1459/536/1459 3054/1895/3054
f 3018/1897/3018 1470/2871/1470 1459/536/1459
f 2471/2070/2471 70/1852/70 202/1849/202
f 204/2071/204 70/1852/70 2471/2070/2471
f 204/2071/204 72/1854/72 70/1852/70
f 205/2072/205 72/1854/72 204/2071/204
f 205/2072/205 2472/1968/2472 72/1854/72
f 2538/2872/2538 139/2873/139 2473/2874/2473
f 2536/2875/2536 139/2873/139 2538/2872/2538
f 2536/2875/2536 2474/2876/2474 139/2873/139
f 141/2877/141 2474/2876/2474 2536/2875/2536
f 212/2872/212 2475/2873/2475 122/2874/122
f 2476/2875/2476 2475/2873/2475 212/2872/212
f 2476/2875/2476 121/2876/121 2475/2873/2475
f 2477/2877/2477 121/2876/121 2476/2875/2476
f 2478/2872/2478 2479/2873/2479 126/2874/126
f 2480/2875/2480 2479/2873/2479 2478/2872/2478
f 2480/2875/2480 125/2876/125 2479/2873/2479
f 123/2877/123 125/2876/125 2480/2875/2480
f 2484/2878/2484 2481/2879/2481 2493/2400/2493
f 2485/2880/2485 2481/2879/2481 2484/2878/2484
f 2485/2880/2485 2494/2881/2494 2481/2879/2481
f 2482/2882/2482 2494/2881/2494 2485/2880/2485
f 2362/2883/2362 1474/2884/1474 1476/2067/1476
f 2362/2883/2362 1476/2067/1476 1475/2065/1475
f 2483/1967/2483 2716/2885/2716 135/1969/135
f 2501/2886/2501 2485/2880/2485 2484/2878/2484
f 2491/2887/2491 2512/2888/2512 2484/2889/2484
f 2491/2887/2491 2486/2849/2486 2512/2888/2512
f 2486/2849/2486 2491/2887/2491 2708/2328/2708
f 2487/2890/2487 2708/2328/2708 2491/2887/2491
f 2487/2891/2487 2488/2887/2488 2718/2299/2718
f 2717/2849/2717 2488/2887/2488 2489/2328/2489
f 2458/2892/2458 167/2893/167 2489/2894/2489
f 153/2357/153 152/2895/152 2490/2851/2490
f 2458/2848/2458 153/2357/153 2490/2851/2490
f 2492/1674/2492 153/2896/153 2488/2887/2488
f 2487/2891/2487 2492/1674/2492 2488/2887/2488
f 2493/2897/2493 2492/2898/2492 2491/2887/2491
f 2484/2889/2484 2493/2897/2493 2491/2887/2491
f 156/2899/156 2493/2400/2493 2481/2879/2481
f 2494/2881/2494 156/2899/156 2481/2879/2481
f 2707/2900/2707 2708/2901/2708 2487/2902/2487
f 2707/2900/2707 2487/2902/2487 2718/2903/2718
f 2458/2892/2458 166/2904/166 167/2893/167
f 2495/2905/2495 109/2906/109 2496/2907/2496
f 2497/2908/2497 91/2909/91 98/2910/98
f 86/2911/86 90/2912/90 2497/2910/2497
f 2709/2910/2709 86/2908/86 2498/2913/2498
f 110/2911/110 2499/2912/2499 79/2910/79
f 2502/2910/2502 79/2908/79 215/2913/215
f 2500/2914/2500 2502/2915/2502 2501/2916/2501
f 2526/2917/2526 2728/2918/2728 175/2919/175
f 175/2919/175 2727/2920/2727 2503/2921/2503
f 2458/2890/2458 2488/2887/2488 153/2896/153
f 2487/2890/2487 2491/2887/2491 2492/2898/2492
f 2464/2922/2464 2504/2923/2504 2463/2924/2463
f 226/2112/226 2539/2925/2539 227/2114/227
f 2505/2926/2505 2539/2925/2539 226/2112/226
f 2505/2926/2505 165/2927/165 2539/2925/2539
f 2510/2043/2510 165/2927/165 2505/2926/2505
f 2506/2928/2506 224/2929/224 164/2930/164
f 2509/2931/2509 224/2929/224 2506/2928/2506
f 2509/2931/2509 2507/2932/2507 224/2929/224
f 2508/2933/2508 2507/2932/2507 2509/2931/2509
f 2508/2933/2508 2505/2934/2505 226/2935/226
f 2509/2931/2509 2505/2934/2505 2508/2933/2508
f 2509/2931/2509 2510/2936/2510 2505/2934/2505
f 2506/2928/2506 2510/2936/2510 2509/2931/2509
f 2477/2877/2477 211/2937/211 120/2938/120
f 2476/2875/2476 211/2937/211 2477/2877/2477
f 2476/2875/2476 2511/2939/2511 211/2937/211
f 212/2872/212 2511/2939/2511 2476/2875/2476
f 2502/2086/2502 2512/1962/2512 2525/1963/2525
f 2500/2940/2500 2512/1962/2512 2502/2086/2502
f 2500/2940/2500 2484/2941/2484 2512/1962/2512
f 2501/2085/2501 2484/2941/2484 2500/2940/2500
f 123/2877/123 219/2937/219 217/2938/217
f 2480/2875/2480 219/2937/219 123/2877/123
f 2480/2875/2480 221/2939/221 219/2937/219
f 2478/2872/2478 221/2939/221 2480/2875/2480
f 2513/2090/2513 2515/2942/2515 2516/2088/2516
f 218/2091/218 2515/2942/2515 2513/2090/2513
f 218/2091/218 2514/1887/2514 2515/2942/2515
f 220/1888/220 2514/1887/2514 218/2091/218
f 2482/1890/2482 2515/2942/2515 2514/1887/2514
f 2485/2943/2485 2515/2942/2515 2482/1890/2482
f 2485/2943/2485 2516/2088/2516 2515/2942/2515
f 2501/2085/2501 2516/2088/2516 2485/2943/2485
f 1470/2066/1470 136/1972/136 1471/1971/1471
f 1477/1973/1477 136/1972/136 1470/2066/1470
f 778/2944/778 2518/2945/2518 2517/1733/2517
f 777/2946/777 2518/2945/2518 778/2944/778
f 777/2946/777 2519/2947/2519 2518/2945/2518
f 2520/1792/2520 1436/2235/1436 2521/2236/2521
f 2397/1790/2397 1436/2235/1436 2520/1792/2520
f 2397/1790/2397 1415/2234/1415 1436/2235/1436
f 2398/1788/2398 1415/2234/1415 2397/1790/2397
f 2398/1788/2398 1414/1786/1414 1415/2234/1415
f 2522/1880/2522 2523/1879/2523 213/1881/213
f 2466/1878/2466 2523/1879/2523 2522/1880/2522
f 2466/1878/2466 2524/1877/2524 2523/1879/2523
f 157/1875/157 2524/1877/2524 2466/1878/2466
f 157/1875/157 2525/1874/2525 2524/1877/2524
f 163/2948/163 2728/2949/2728 2526/2950/2526
f 2527/2951/2527 2728/2949/2728 163/2948/163
f 2527/2951/2527 2727/2952/2727 2728/2949/2728
f 113/2953/113 2727/2952/2727 2527/2951/2527
f 113/2953/113 2503/2954/2503 2727/2952/2727
f 174/2955/174 2528/2956/2528 172/2957/172
f 2530/2958/2530 2528/2956/2528 174/2955/174
f 2530/2958/2530 2470/2627/2470 2528/2956/2528
f 2529/2959/2529 2470/2627/2470 2530/2958/2530
f 2529/2959/2529 2503/2960/2503 113/2961/113
f 2530/2958/2530 2503/2960/2503 2529/2959/2529
f 2530/2958/2530 175/2962/175 2503/2960/2503
f 174/2955/174 175/2962/175 2530/2958/2530
f 2534/1987/2534 2717/2963/2717 2489/1989/2489
f 2533/2964/2533 2717/2963/2717 2534/1987/2534
f 2533/2964/2533 2718/2056/2718 2717/2963/2717
f 2531/2054/2531 2718/2056/2718 2533/2964/2533
f 2531/2054/2531 2532/2965/2532 2537/1985/2537
f 2533/2964/2533 2532/2965/2532 2531/2054/2531
f 2533/2964/2533 2535/1985/2535 2532/2965/2532
f 2534/1987/2534 2535/1985/2535 2533/2964/2533
f 141/2877/141 2532/2937/2532 2535/2938/2535
f 2536/2875/2536 2532/2937/2532 141/2877/141
f 2536/2875/2536 2537/2939/2537 2532/2937/2532
f 2538/2872/2538 2537/2939/2537 2536/2875/2536
f 227/2114/227 2459/2966/2459 229/2116/229
f 2539/2925/2539 2459/2966/2459 227/2114/227
f 2539/2925/2539 166/2967/166 2459/2966/2459
f 165/2927/165 166/2967/166 2539/2925/2539
f 2540/2968/2540 2545/2651/2545 2541/2688/2541
f 2542/2647/2542 2545/2651/2545 2540/2968/2540
f 2542/2647/2542 2546/2645/2546 2545/2651/2545
f 2543/2646/2543 2546/2645/2546 2542/2647/2542
f 2543/2646/2543 2544/2969/2544 2546/2645/2546
f 2547/2645/2547 2544/2969/2544 2543/2646/2543
f 2545/2970/2545 1894/2971/1894 2561/2972/2561
f 2546/2973/2546 1894/2971/1894 2545/2970/2545
f 2546/2973/2546 2584/2677/2584 1894/2971/1894
f 2544/2974/2544 2584/2677/2584 2546/2973/2546
f 2544/2974/2544 2547/2670/2547 2584/2677/2584
f 1898/2633/1898 2580/2975/2580 1391/2727/1391
f 1860/2682/1860 2580/2975/2580 1898/2633/1898
f 1860/2682/1860 2548/2976/2548 2580/2975/2580
f 2549/2977/2549 2548/2976/2548 1860/2682/1860
f 2549/2977/2549 2581/2978/2581 2548/2976/2548
f 1877/2697/1877 1872/2692/1872 2550/2693/2550
f 1879/2662/1879 1872/2692/1872 1877/2697/1877
f 1879/2662/1879 1871/2690/1871 1872/2692/1872
f 2551/2661/2551 1871/2690/1871 1879/2662/1879
f 2551/2661/2551 2593/2979/2593 1871/2690/1871
f 2552/2980/2552 2593/2979/2593 2551/2661/2551
f 2552/2980/2552 2582/690/2582 2593/2979/2593
f 1946/2981/1946 2550/2693/2550 2595/2691/2595
f 2553/2982/2553 2550/2693/2550 1946/2981/1946
f 2553/2982/2553 2554/2983/2554 2550/2693/2550
f 1953/2984/1953 2554/2983/2554 2553/2982/2553
f 1953/2984/1953 2568/2985/2568 2554/2983/2554
f 1952/2986/1952 2568/2985/2568 1953/2984/1953
f 1952/2986/1952 2692/2987/2692 2568/2985/2568
f 1854/2664/1854 2588/2687/2588 2589/2688/2589
f 1857/2666/1857 2588/2687/2588 1854/2664/1854
f 1857/2666/1857 2572/2715/2572 2588/2687/2588
f 2565/2673/2565 2572/2715/2572 1857/2666/1857
f 2565/2673/2565 1881/2716/1881 2572/2715/2572
f 2566/2717/2566 1881/2716/1881 2565/2673/2565
f 2566/2717/2566 2693/2703/2693 1881/2716/1881
f 2555/2988/2555 373/2989/373 1393/2990/1393
f 2556/2991/2556 373/2989/373 2555/2988/2555
f 2556/2991/2556 2557/2992/2557 373/2989/373
f 2558/2726/2558 2557/2992/2557 2556/2991/2556
f 2558/2726/2558 1636/2724/1636 2557/2992/2557
f 2559/2725/2559 1636/2724/1636 2558/2726/2558
f 2541/2688/2541 2578/2687/2578 2560/2664/2560
f 1867/2652/1867 2578/2687/2578 2541/2688/2541
f 1867/2652/1867 1863/2720/1863 2578/2687/2578
f 2561/2644/2561 1863/2720/1863 1867/2652/1867
f 2561/2644/2561 1892/2722/1892 1863/2720/1863
f 1893/2643/1893 1892/2722/1892 2561/2644/2561
f 1893/2643/1893 2562/2659/2562 1892/2722/1892
f 2563/2723/2563 2562/2659/2562 1893/2643/1893
f 2563/2723/2563 1853/2660/1853 2562/2659/2562
f 2564/2676/2564 2566/2993/2566 2565/2674/2565
f 2559/2725/2559 2566/2993/2566 2564/2676/2564
f 2559/2725/2559 2693/2994/2693 2566/2993/2566
f 2558/2726/2558 2693/2994/2693 2559/2725/2559
f 2558/2726/2558 1856/2995/1856 2693/2994/2693
f 2556/2991/2556 1856/2995/1856 2558/2726/2558
f 2556/2991/2556 2567/2996/2567 1856/2995/1856
f 2555/2988/2555 2567/2996/2567 2556/2991/2556
f 2555/2988/2555 1897/2997/1897 2567/2996/2567
f 2550/2680/2550 1901/2998/1901 1877/2696/1877
f 2554/2999/2554 1901/2998/1901 2550/2680/2550
f 2554/2999/2554 766/3000/766 1901/2998/1901
f 2568/2684/2568 766/3000/766 2554/2999/2554
f 2568/2684/2568 1900/3001/1900 766/3000/766
f 2692/2668/2692 1900/3001/1900 2568/2684/2568
f 2692/2668/2692 1899/3002/1899 1900/3001/1900
f 2567/2667/2567 1899/3002/1899 2692/2668/2692
f 2567/2667/2567 1897/3003/1897 1899/3002/1899
f 2585/3004/2585 2570/2701/2570 2569/3005/2569
f 2586/2719/2586 2570/2701/2570 2585/3004/2585
f 2586/2719/2586 1881/2716/1881 2570/2701/2570
f 2571/2718/2571 1881/2716/1881 2586/2719/2586
f 2571/2718/2571 2572/2715/2572 1881/2716/1881
f 2587/2686/2587 2572/2715/2572 2571/2718/2571
f 2587/2686/2587 2588/2687/2588 2572/2715/2572
f 2604/2667/2604 1845/3002/1845 1886/3003/1886
f 2596/2668/2596 1845/3002/1845 2604/2667/2604
f 2596/2668/2596 1844/3001/1844 1845/3002/1845
f 2691/2684/2691 1844/3001/1844 2596/2668/2596
f 2691/2684/2691 1903/3000/1903 1844/3001/1844
f 2573/2999/2573 1903/3000/1903 2691/2684/2691
f 2573/2999/2573 1902/2998/1902 1903/3000/1903
f 1858/2680/1858 1902/2998/1902 2573/2999/2573
f 1858/2680/1858 1875/2696/1875 1902/2998/1902
f 1870/2679/1870 1875/2696/1875 1858/2680/1858
f 1870/2679/1870 1876/2635/1876 1875/2696/1875
f 1868/2689/1868 1876/2635/1876 1870/2679/1870
f 1868/2689/1868 1860/2682/1860 1876/2635/1876
f 2575/3006/2575 1860/2682/1860 1868/2689/1868
f 2575/3006/2575 2549/2977/2549 1860/2682/1860
f 1852/2658/1852 2549/2977/2549 2575/3006/2575
f 1852/2658/1852 2581/2978/2581 2549/2977/2549
f 1853/2660/1853 2581/2978/2581 1852/2658/1852
f 1944/3007/1944 1868/2689/1868 1869/2681/1869
f 2574/3008/2574 1868/2689/1868 1944/3007/1944
f 2574/3008/2574 2575/3006/2575 1868/2689/1868
f 1955/3009/1955 2575/3006/2575 2574/3008/2574
f 1955/3009/1955 1852/2658/1852 2575/3006/2575
f 1851/2656/1851 1852/2658/1852 1955/3009/1955
f 1851/2656/1851 2562/2659/2562 1852/2658/1852
f 1850/2655/1850 2562/2659/2562 1851/2656/1851
f 1850/2655/1850 1892/2722/1892 2562/2659/2562
f 2576/2657/2576 1892/2722/1892 1850/2655/1850
f 2576/2657/2576 1891/2721/1891 1892/2722/1892
f 2577/2718/2577 1891/2721/1891 2576/2657/2576
f 2577/2718/2577 1862/2686/1862 1891/2721/1891
f 2600/2715/2600 1862/2686/1862 2577/2718/2577
f 2600/2715/2600 2578/2687/2578 1862/2686/1862
f 1866/2666/1866 2578/2687/2578 2600/2715/2600
f 1866/2666/1866 2560/2664/2560 2578/2687/2578
f 2579/2665/2579 2560/2664/2560 1866/2666/1866
f 1391/128/1391 1878/2663/1878 1416/2699/1416
f 2580/108/2580 1878/2663/1878 1391/128/1391
f 2580/108/2580 2551/2661/2551 1878/2663/1878
f 2548/3010/2548 2551/2661/2551 2580/108/2580
f 2548/3010/2548 2552/2980/2552 2551/2661/2551
f 2581/304/2581 2552/2980/2552 2548/3010/2548
f 2581/304/2581 2582/690/2582 2552/2980/2552
f 1853/3011/1853 2582/690/2582 2581/304/2581
f 1853/3011/1853 2583/2707/2583 2582/690/2582
f 2563/3012/2563 2583/2707/2583 1853/3011/1853
f 2563/3012/2563 1883/2704/1883 2583/2707/2583
f 1849/3013/1849 1883/2704/1883 2563/3012/2563
f 1849/3013/1849 1874/2705/1874 1883/2704/1883
f 2584/3014/2584 1874/2705/1874 1849/3013/1849
f 1922/3015/1922 2586/2719/2586 2585/3004/2585
f 1846/2657/1846 2586/2719/2586 1922/3015/1922
f 1846/2657/1846 2571/2718/2571 2586/2719/2586
f 2591/2721/2591 2571/2718/2571 1846/2657/1846
f 2591/2721/2591 2587/2686/2587 2571/2718/2571
f 1896/510/1896 2587/2686/2587 2591/2721/2591
f 1896/510/1896 2588/2687/2588 2587/2686/2587
f 1848/2652/1848 2588/2687/2588 1896/510/1896
f 1848/2652/1848 2589/2688/2589 2588/2687/2588
f 1873/2651/1873 2589/2688/2589 1848/2652/1848
f 1873/2651/1873 2590/2968/2590 2589/2688/2589
f 1847/2647/1847 2590/2968/2590 1873/2651/1873
f 2591/3016/2591 1895/2706/1895 1896/2678/1896
f 1846/2641/1846 1895/2706/1895 2591/3016/2591
f 1846/2641/1846 2592/2708/2592 1895/2706/1895
f 1950/2640/1950 2592/2708/2592 1846/2641/1846
f 1950/2640/1950 2582/690/2582 2592/2708/2592
f 1949/3017/1949 2582/690/2582 1950/2640/1950
f 1949/3017/1949 2593/2979/2593 2582/690/2582
f 1947/3018/1947 2593/2979/2593 1949/3017/1949
f 1947/3018/1947 1871/2690/1871 2593/2979/2593
f 2594/3019/2594 1871/2690/1871 1947/3018/1947
f 2594/3019/2594 2595/2691/2595 1871/2690/1871
f 2596/2668/2596 1861/3020/1861 2691/2684/2691
f 1864/2669/1864 1861/3020/1861 2596/2668/2596
f 1864/2669/1864 2597/3021/2597 1861/3020/1861
f 2598/2702/2598 2597/3021/2597 1864/2669/1864
f 2598/2702/2598 1884/3022/1884 2597/3021/2597
f 1880/2701/1880 1884/3022/1884 2598/2702/2598
f 1880/2701/1880 2599/2719/2599 1884/3022/1884
f 1889/2716/1889 2599/2719/2599 1880/2701/1880
f 1889/2716/1889 2577/2718/2577 2599/2719/2599
f 2600/2715/2600 2577/2718/2577 1889/2716/1889
f 1888/2674/1888 2601/2676/2601 2579/2675/2579
f 1890/2993/1890 2601/2676/2601 1888/2674/1888
f 1890/2993/1890 2602/2725/2602 2601/2676/2601
f 2598/2994/2598 2602/2725/2602 1890/2993/1890
f 2598/2994/2598 2603/2726/2603 2602/2725/2602
f 1864/2995/1864 2603/2726/2603 2598/2994/2598
f 1864/2995/1864 2694/2991/2694 2603/2726/2603
f 2604/2996/2604 2694/2991/2694 1864/2995/1864
f 2604/2996/2604 2605/2988/2605 2694/2991/2694
f 1886/2997/1886 2605/2988/2605 2604/2996/2604
s 8
f 2623/2775/2623 2607/2772/2607 2606/2778/2606
f 2608/2767/2608 2607/2772/2607 2623/2775/2623
f 2608/2767/2608 2652/2768/2652 2607/2772/2607
f 2650/2766/2650 2652/2768/2652 2608/2767/2608
f 2618/2775/2618 2616/2772/2616 2617/2778/2617
f 2609/2767/2609 2616/2772/2616 2618/2775/2618
f 2609/2767/2609 2649/2768/2649 2616/2772/2616
f 2664/2766/2664 2649/2768/2649 2609/2767/2609
f 2622/3023/2622 2609/2780/2609 2618/3024/2618
f 2611/2773/2611 2609/2780/2609 2622/3023/2622
f 2611/2773/2611 2664/3025/2664 2609/2780/2609
f 2653/3026/2653 2664/3025/2664 2611/2773/2611
f 2610/2778/2610 2611/2767/2611 2622/2775/2622
f 2612/2772/2612 2611/2767/2611 2610/2778/2610
f 2612/2772/2612 2653/2766/2653 2611/2767/2611
f 2658/2768/2658 2653/2766/2653 2612/2772/2612
f 2619/2778/2619 2612/2767/2612 2610/2775/2610
f 2613/2772/2613 2612/2767/2612 2619/2778/2619
f 2613/2772/2613 2658/2766/2658 2612/2767/2612
f 2663/2768/2663 2658/2766/2658 2613/2772/2613
f 2606/2776/2606 2615/2777/2615 2621/2781/2621
f 2607/2770/2607 2615/2777/2615 2606/2776/2606
f 2607/2770/2607 2614/2771/2614 2615/2777/2615
f 2652/2769/2652 2614/2771/2614 2607/2770/2607
f 2621/2778/2621 2613/2767/2613 2619/2775/2619
f 2615/2772/2615 2613/2767/2613 2621/2778/2621
f 2615/2772/2615 2663/2766/2663 2613/2767/2613
f 2614/2768/2614 2663/2766/2663 2615/2772/2615
f 2617/2775/2617 2608/2772/2608 2623/2778/2623
f 2616/2767/2616 2608/2772/2608 2617/2775/2617
f 2616/2767/2616 2650/2768/2650 2608/2772/2608
f 2649/2766/2649 2650/2768/2650 2616/2767/2616
s 22
f 2633/2795/2633 2634/2794/2634 2666/2805/2666
f 2642/2793/2642 2634/2794/2634 2633/2795/2633
f 2642/2793/2642 2646/2791/2646 2634/2794/2634
f 2644/2790/2644 2646/2791/2646 2642/2793/2642
f 2644/2790/2644 2645/2792/2645 2646/2791/2646
f 2635/2801/2635 2637/2800/2637 2636/2802/2636
f 2668/2799/2668 2637/2800/2637 2635/2801/2635
f 2668/2799/2668 2638/2797/2638 2637/2800/2637
f 2667/2796/2667 2638/2797/2638 2668/2799/2668
f 2667/2796/2667 2640/2798/2640 2638/2797/2638
f 2647/2809/2647 2639/2784/2639 2656/2808/2656
f 2661/2787/2661 2639/2784/2639 2647/2809/2647
f 2661/2787/2661 2636/2786/2636 2639/2784/2639
f 2660/2788/2660 2636/2786/2636 2661/2787/2661
f 2660/2788/2660 2635/2811/2635 2636/2786/2636
f 2636/2802/2636 2665/2803/2665 2654/2804/2654
f 2637/2800/2637 2665/2803/2665 2636/2802/2636
f 2637/2800/2637 2640/2798/2640 2665/2803/2665
f 2638/2797/2638 2640/2798/2640 2637/2800/2637
f 2641/2805/2641 2642/2793/2642 2633/2795/2633
f 2643/2806/2643 2642/2793/2642 2641/2805/2641
f 2643/2806/2643 2644/2790/2644 2642/2793/2642
f 2645/2792/2645 2644/2790/2644 2643/2806/2643
f 2666/2807/2666 2643/2806/2643 2641/2805/2641
f 2634/2794/2634 2643/2806/2643 2666/2807/2666
f 2634/2794/2634 2645/2792/2645 2643/2806/2643
f 2646/2791/2646 2645/2792/2645 2634/2794/2634
f 2647/2787/2647 2641/2786/2641 2648/2788/2648
f 2665/2803/2665 2635/2801/2635 2654/2804/2654
f 2647/2809/2647 2648/2789/2648 2661/2787/2661
s 8
f 2649/2812/2649 2664/2814/2664 231/2813/231
f 2650/2812/2650 2649/2814/2649 1754/2813/1754
f 2652/2812/2652 2650/2814/2650 235/2813/235
f 2614/2812/2614 2652/2814/2652 2651/2813/2651
f 2663/2812/2663 2614/2814/2614 2662/2813/2662
f 2658/2812/2658 2663/2814/2663 276/2813/276
f 2653/2812/2653 2658/2814/2658 2659/2813/2659
f 2659/2815/2659 279/2813/279 2653/2814/2653
s 22
f 2668/2799/2668 2635/2801/2635 2665/2803/2665
f 2654/2810/2654 2655/2783/2655 2636/2786/2636
f 2647/2787/2647 2656/2784/2656 2641/2786/2641
f 2639/2784/2639 2636/2786/2636 2655/2783/2655
f 2656/2784/2656 2657/2783/2657 2641/2786/2641
f 2656/2808/2656 2639/2784/2639 2657/2785/2657
s 8
f 276/2815/276 2659/2813/2659 2658/2814/2658
f 1754/2815/1754 235/2813/235 2650/2814/2650
s 22
f 2660/2788/2660 2661/2787/2661 2648/2789/2648
s 8
f 2662/2815/2662 276/2813/276 2663/2814/2663
f 279/2815/279 231/2813/231 2664/2814/2664
f 231/2815/231 1754/2813/1754 2649/2814/2649
f 235/2815/235 2651/2813/2651 2652/2814/2652
f 2651/2815/2651 2662/2813/2662 2614/2814/2614
s 22
f 2665/2803/2665 2640/2798/2640 2668/2799/2668
f 2655/2783/2655 2657/2785/2657 2639/2784/2639
s 8
f 2664/2812/2664 2653/2814/2653 279/2813/279
s 22
f 2666/2810/2666 2641/2786/2641 2657/2783/2657
f 2667/2796/2667 2668/2799/2668 2640/2798/2640
f 2633/2811/2633 2648/2788/2648 2641/2786/2641
s 1
f 1956/2683/1956 2573/2999/2573 2691/2684/2691
f 1957/3027/1957 2573/2999/2573 1956/2683/1956
f 1957/3027/1957 1858/2680/1858 2573/2999/2573
f 1954/3028/1954 1858/2680/1858 1957/3027/1957
f 1954/3028/1954 1869/2681/1869 1858/2680/1858
f 1952/3029/1952 1856/2669/1856 2692/2668/2692
f 1951/3030/1951 1856/2669/1856 1952/3029/1952
f 1951/3030/1951 2693/2703/2693 1856/2669/1856
f 2569/2711/2569 2693/2703/2693 1951/3030/1951
f 2569/2711/2569 2570/2701/2570 2693/2703/2693
f 2603/2726/2603 367/2992/367 400/2724/400
f 2694/2991/2694 367/2992/367 2603/2726/2603
f 2694/2991/2694 2695/2989/2695 367/2992/367
f 2605/2988/2605 2695/2989/2695 2694/2991/2694
f 2605/2988/2605 1394/2990/1394 2695/2989/2695
f 2463/2858/2463 140/1980/140 2462/1982/2462
f 2696/3031/2696 2697/2105/2697 2460/3032/2460
f 2696/3031/2696 223/2102/223 2697/2105/2697
f 149/2852/149 2490/2851/2490 152/2895/152
f 2733/2099/2733 2698/1941/2698 124/1939/124
f 2464/2858/2464 2699/1975/2699 2504/1978/2504
f 2460/3032/2460 225/2107/225 2700/2109/2700
f 203/2069/203 2495/3033/2495 2496/3034/2496
f 117/1919/117 2723/1927/2723 2497/1920/2497
f 108/1903/108 2701/3035/2701 1460/1900/1460
f 2702/1905/2702 2715/2860/2715 108/1903/108
f 2495/1891/2495 203/2022/203 105/1893/105
f 2703/2094/2703 104/1886/104 220/1888/220
f 2730/3036/2730 222/2098/222 81/2100/81
f 111/2096/111 2729/2097/2729 2730/3036/2730
f 2704/1923/2704 2705/1917/2705 2465/1882/2465
f 213/2079/213 2706/2080/2706 2465/2083/2465
f 2707/3037/2707 2709/2074/2709 2708/1961/2708
f 2709/2023/2709 2710/1874/2710 86/1876/86
f 1474/1902/1474 2949/3038/2949 2713/1992/2713
f 2472/1968/2472 2711/1856/2711 72/1854/72
f 127/3039/127 169/1970/169 135/1969/135
f 2722/2082/2722 2712/1933/2712 2721/1931/2721
f 1471/1971/1471 169/1970/169 2714/3040/2714
f 2713/3041/2713 144/2068/144 1476/2067/1476
f 1475/536/1475 1470/2871/1470 2361/1897/2361
f 2361/1897/2361 1470/2871/1470 3018/3042/3018
f 148/2120/148 106/1899/106 107/1901/107
f 2702/1905/2702 2714/1907/2714 2715/2860/2715
f 169/3043/169 2715/2059/2715 2714/3044/2714
f 127/3039/127 135/1969/135 2716/2885/2716
f 2483/3045/2483 107/3046/107 2716/1944/2716
f 2713/3041/2713 1476/2067/1476 1474/3047/1474
f 2717/2849/2717 2718/2299/2718 2488/2887/2488
f 2458/2890/2458 2489/2328/2489 2488/2887/2488
f 110/3048/110 2496/3049/2496 109/3050/109
f 209/2076/209 2719/3051/2719 120/3052/120
f 2465/3053/2465 2522/3054/2522 213/1881/213
f 2720/2081/2720 2465/3055/2465 2706/2080/2706
f 2721/3056/2721 2719/3051/2719 2722/3057/2722
f 2465/3055/2465 2720/2081/2720 2704/3055/2704
f 2712/3058/2712 2722/3057/2722 214/3058/214
f 230/3059/230 148/3060/148 2723/3061/2723
f 2724/3062/2724 118/3063/118 2461/3064/2461
f 2461/3064/2461 114/3065/114 2725/3053/2725
f 225/3066/225 2460/2854/2460 2697/3067/2697
f 140/3068/140 2463/3069/2463 2504/1978/2504
f 167/2049/167 98/2048/98 2489/3070/2489
f 82/3071/82 2359/3072/2359 106/1899/106
f 2727/2952/2727 175/3073/175 2728/2949/2728
f 222/2098/222 2730/3036/2730 2729/2097/2729
f 80/2089/80 2731/1936/2731 217/1938/217
f 124/1939/124 2731/1936/2731 2733/2099/2733
f 2698/1941/2698 2733/2099/2733 2732/1943/2732
f 1839/3074/1839 2734/2618/2734 1829/2617/1829
f 2735/3075/2735 2734/2618/2734 1839/3074/1839
f 2735/3075/2735 2736/2619/2736 2734/2618/2734
f 916/2344/916 2736/2619/2736 2735/3075/2735
f 916/2344/916 1832/2620/1832 2736/2619/2736
f 1833/2346/1833 1832/2620/1832 916/2344/916
f 1833/2346/1833 1831/2311/1831 1832/2620/1832
f 1834/2551/1834 1831/2311/1831 1833/2346/1833
f 1834/2551/1834 2737/3076/2737 1831/2311/1831
f 860/2313/860 2737/3076/2737 1834/2551/1834
f 860/2313/860 2738/3077/2738 2737/3076/2737
f 883/2312/883 2738/3077/2738 860/2313/860
f 883/2312/883 1771/3078/1771 2738/3077/2738
f 864/2320/864 1771/3078/1771 883/2312/883
f 864/2320/864 1773/3079/1773 1771/3078/1771
f 898/2404/898 1773/3079/1773 864/2320/864
f 898/2404/898 1774/3080/1774 1773/3079/1773
f 893/3081/893 1774/3080/1774 898/2404/898
f 893/3081/893 2739/3082/2739 1774/3080/1774
f 2740/3083/2740 868/2317/868 869/2331/869
f 2745/3084/2745 868/2317/868 2740/3083/2740
f 2745/3084/2745 867/2330/867 868/2317/868
f 1783/2416/1783 867/2330/867 2745/3084/2745
f 1783/2416/1783 866/2315/866 867/2330/867
f 2754/3085/2754 866/2315/866 1783/2416/1783
f 2754/3085/2754 861/2315/861 866/2315/866
f 885/2340/885 861/2315/861 2754/3085/2754
f 885/2340/885 862/2316/862 861/2315/861
f 2741/2576/2741 862/2316/862 885/2340/885
f 2741/2576/2741 870/2332/870 862/2316/862
f 2742/2574/2742 870/2332/870 2741/2576/2741
f 2742/2574/2742 869/2331/869 870/2332/870
f 2743/3086/2743 869/2331/869 2742/2574/2742
f 2743/3086/2743 2740/3083/2740 869/2331/869
f 2744/3086/2744 2740/3083/2740 2743/3086/2743
f 2744/3086/2744 2745/3084/2745 2740/3083/2740
f 1841/2564/1841 2745/3084/2745 2744/3086/2744
f 1841/2564/1841 1783/2416/1783 2745/3084/2745
f 894/3087/894 1480/2362/1480 880/2363/880
f 892/2421/892 1480/2362/1480 894/3087/894
f 892/2421/892 1481/3088/1481 1480/2362/1480
f 898/2404/898 1482/3089/1482 1481/3088/1481
f 2746/2403/2746 1485/2590/1485 1482/3089/1482
f 2747/2319/2747 1485/2590/1485 2746/2403/2746
f 2747/2319/2747 2748/3090/2748 1485/2590/1485
f 2749/2318/2749 2748/3090/2748 2747/2319/2747
f 2749/2318/2749 2750/2593/2750 2748/3090/2748
f 2751/2309/2751 2750/2593/2750 2749/2318/2749
f 2751/2309/2751 2752/2593/2752 2750/2593/2750
f 914/2339/914 2752/2593/2752 2751/2309/2751
f 914/2339/914 1797/3091/1797 2752/2593/2752
f 885/2340/885 1797/3091/1797 914/2339/914
f 885/2340/885 2753/3092/2753 1797/3091/1797
f 2754/3085/2754 2753/3092/2753 885/2340/885
f 2754/3085/2754 1783/2416/1783 2753/3092/2753
f 875/3093/875 843/2820/843 845/3094/845
f 1479/3095/1479 887/3096/887 875/3093/875
f 603/3097/603 2215/3098/2215 605/3099/605
f 2944/3100/2944 2215/3098/2215 603/3097/603
f 2944/3100/2944 847/3101/847 2215/3098/2215
f 2945/3100/2945 847/3101/847 2944/3100/2944
f 2945/3100/2945 2946/3102/2946 847/3101/847
f 601/3100/601 2946/3102/2946 2945/3100/2945
f 601/3100/601 2947/3103/2947 2946/3102/2946
f 2948/3100/2948 2947/3103/2947 601/3100/601
f 2948/3100/2948 2973/3104/2973 2947/3103/2947
f 2384/3105/2384 2973/3104/2973 2948/3100/2948
f 2384/3105/2384 1483/3106/1483 2973/3104/2973
f 1767/3107/1767 1483/3106/1483 2384/3105/2384
f 1767/3107/1767 1768/3108/1768 1483/3106/1483
f 1769/3109/1769 2763/3110/2763 1768/3108/1768
f 2393/2839/2393 1474/3111/1474 3017/2841/3017
f 2950/2836/2950 85/3112/85 2949/3113/2949
f 2951/2838/2951 85/3112/85 2950/2836/2950
f 2951/2838/2951 84/3114/84 85/3112/85
f 563/2838/563 84/3114/84 2951/2838/2951
f 563/2838/563 83/3115/83 84/3114/84
f 2952/2838/2952 83/3115/83 563/2838/563
f 2952/2838/2952 2726/3116/2726 83/3115/83
f 2953/2838/2953 2726/3116/2726 2952/2838/2952
f 2953/2838/2953 3026/3117/3026 2726/3116/2726
f 565/3118/565 3026/3117/3026 2953/2838/2953
f 565/3118/565 567/2840/567 3026/3117/3026
f 1795/3119/1795 2973/3104/2973 1483/3106/1483
f 841/3120/841 2947/3103/2947 1796/3121/1796
f 2215/3098/2215 847/3101/847 1481/3122/1481
f 3017/3123/3017 570/3124/570 572/3125/572
f 2361/3126/2361 570/3124/570 3017/3123/3017
f 2361/3126/2361 568/3127/568 570/3124/570
f 3018/3128/3018 568/3127/568 2361/3126/2361
f 3018/3128/3018 567/3129/567 568/3127/568
f 3054/3130/3054 567/3129/567 3018/3128/3018
f 85/3112/85 1472/3131/1472 2360/3132/2360
f 84/3114/84 1472/3131/1472 85/3112/85
f 84/3114/84 146/3133/146 1472/3131/1472
f 83/3115/83 146/3133/146 84/3114/84
f 83/3115/83 82/3134/82 146/3133/146
f 2726/3116/2726 3026/3117/3026 82/3134/82
f 843/2820/843 3045/3135/3045 605/2821/605
f 887/3096/887 3045/3135/3045 843/2820/843
f 887/3096/887 3046/3136/3046 3045/3135/3045
f 1769/3137/1769 3046/3136/3046 887/3096/887
f 1769/3137/1769 2374/3138/2374 3046/3136/3046
f 1475/3139/1475 2361/3126/2361 2362/3140/2362
