# Blender 4.5.3 LTS
# www.blender.org
mtllib llanta3Santana.mtl
g rin3_Malla
v 40.556801 20.319437 53.253860
v 40.556286 20.821074 53.337799
v 43.778629 20.109644 53.321003
v 42.529579 14.457751 57.772373
v 42.783215 14.073271 58.124420
v 42.827869 13.505004 57.092331
v 42.694153 14.122610 58.662922
v 41.705902 14.515007 58.929245
v 42.002884 14.182968 59.631378
v 42.221401 13.443653 61.344952
v 42.767471 13.657689 58.802967
v 42.216549 12.661014 61.324722
v 42.817928 13.589021 58.431614
v 42.817116 12.239718 56.572849
v 42.783543 12.697347 56.232010
v 42.767426 11.923700 56.418198
v 42.693985 12.202242 56.019436
v 42.221195 9.441913 55.836597
v 42.216896 9.218386 56.587151
v 42.002892 11.299956 55.662865
v 41.849018 12.218342 55.685959
v 42.315319 14.171247 56.608219
v 42.164417 14.739768 57.582787
v 42.529491 13.152400 55.975574
v 42.164284 13.420191 55.766487
v 40.585117 14.164001 55.462803
v 40.629021 13.011497 55.461357
v 41.918739 8.317124 55.838562
v 41.665527 12.020485 55.496201
v 41.971767 8.696505 57.030830
v 40.585121 15.258473 56.969002
v 40.563137 15.114758 56.456074
v 40.556358 14.581033 55.715363
v 40.556305 13.164018 55.321419
v 40.617809 12.579653 54.741024
v 40.556091 12.837467 54.710552
v 40.602436 12.534096 54.153870
v 40.556160 12.791329 54.153904
v 41.650127 11.802259 54.153915
v 41.998482 11.120163 54.153835
v 41.247566 7.603535 55.435318
v 41.247566 8.004276 57.252689
v 41.763283 8.503347 57.521542
v 41.607563 8.526428 57.970463
v 41.247566 8.277752 57.994469
v 41.247795 8.607641 58.710011
v 41.599182 8.833589 58.608543
v 42.221157 9.263489 54.153969
v 41.918739 8.142491 54.153915
v 41.247566 7.514141 54.153904
v 41.247795 8.992673 59.397507
v 41.599365 9.223104 59.261593
v 41.599148 9.656590 59.888165
v 41.247795 9.430264 60.052753
v 41.247795 9.918162 60.671562
v 41.599365 10.118607 60.494286
v 41.599182 10.619131 61.066460
v 41.247795 10.453143 61.250072
v 41.607563 11.131388 61.555984
v 41.247795 11.031658 61.785042
v 41.247795 11.650476 62.272934
v 41.763504 11.550751 61.716560
v 41.971909 12.077662 61.684471
v 41.918659 12.634523 62.174198
v 41.247566 12.745197 62.955814
v 40.629089 14.903532 58.065701
v 41.247566 13.709190 63.424831
v 41.247570 14.448543 63.697609
v 41.918659 14.642469 63.100002
v 42.221359 14.988742 62.034763
v 41.998402 15.562654 60.268089
v 40.556179 15.083337 57.963802
v 40.617931 15.455105 58.699337
v 40.556244 15.563628 58.463863
v 41.650017 15.773429 59.619495
v 40.602425 15.999549 58.923664
v 40.556065 16.079206 58.678776
v 40.556129 19.638597 56.684387
v 40.556507 19.261168 56.509800
v 40.556046 19.709793 56.152592
v 40.556465 19.336796 57.013550
v 40.556225 20.410923 57.675880
v 40.585125 19.518560 57.202583
v 40.563164 18.987442 57.180763
v 41.094322 19.984953 55.923294
v 41.094452 19.913900 56.596859
v 40.582314 17.747089 57.772099
v 40.556465 17.784269 57.517921
v 40.556622 18.117254 57.460022
v 40.556969 17.549421 57.066814
v 40.556046 17.346539 57.429043
v 40.556206 17.304686 58.684978
v 40.556042 16.976480 57.040596
v 40.556091 14.626684 53.806648
v 40.556171 14.626569 54.501194
v 41.094566 14.538781 54.154022
v 41.094322 16.619307 57.016937
v 41.094849 17.072485 57.520969
v 42.002926 21.718882 59.048241
v 42.694321 20.778934 58.806416
v 41.848934 20.961575 58.526787
v 42.221245 23.119921 60.279640
v 41.918659 24.028431 60.942688
v 41.665806 21.233517 58.490349
v 40.628914 20.452070 57.878731
v 42.164551 19.941935 57.885735
v 42.529697 20.035879 58.212486
v 42.783165 20.253202 58.686779
v 42.828190 19.094360 58.908382
v 42.315022 18.839636 58.124878
v 42.529682 17.923313 58.899002
v 40.617733 21.224821 57.549828
v 40.556091 21.034338 57.373852
v 41.247566 24.430813 61.448101
v 41.247566 23.448145 62.272453
v 41.998402 22.750648 57.932713
v 41.650017 22.198788 57.531975
v 40.602367 21.606810 57.101707
v 40.556065 21.398752 56.950497
v 41.247566 25.180292 60.671249
v 41.247566 25.668144 60.052502
v 41.918659 25.159595 59.682907
v 42.221565 24.253633 59.024586
v 41.094975 20.465338 56.991028
v 41.094654 21.080582 56.719429
v 41.094975 16.856493 58.162720
v 40.555977 16.622774 58.807018
v 41.094654 16.200720 58.304893
v 42.221245 16.643553 62.383976
v 41.918659 16.296797 63.454094
v 41.247570 15.695942 64.009056
v 41.665806 17.117884 59.827396
v 40.617615 16.572134 59.061428
v 42.002884 17.053139 60.564159
v 41.247570 17.547007 64.188904
v 41.971855 17.549671 63.462158
v 41.763226 17.956875 63.797623
v 41.607521 18.390724 63.914135
v 41.247570 18.336838 64.158043
v 41.247570 19.119400 64.065506
v 41.599407 19.093000 63.820202
v 42.216755 17.289215 62.828842
v 42.694153 17.671364 59.816078
v 41.849136 17.359236 59.697117
v 42.164528 17.807205 58.579296
v 40.628918 17.390562 58.873333
v 42.783161 18.026356 59.410393
v 41.247570 19.891966 63.911701
v 41.599327 19.833881 63.650421
v 41.599373 20.564432 63.432648
v 41.247570 20.650343 63.697933
v 41.247566 21.389694 63.425152
v 41.599327 21.283049 63.179531
v 41.599403 21.982368 62.881134
v 41.247566 22.105188 63.095306
v 41.607517 22.605799 62.544750
v 41.247566 22.792952 62.710323
v 41.763222 22.888184 62.195393
v 41.971901 23.020441 61.684483
v 42.216751 22.858889 61.019253
v 42.767521 20.768513 59.291912
v 42.817272 20.423658 59.232029
v 42.818111 18.239927 59.942356
v 42.767422 17.964884 60.203247
v 40.555965 16.316097 56.826004
v 40.555958 20.601219 52.949085
v 40.556255 20.118294 52.716782
v 40.556408 21.783617 52.520626
v 40.585056 21.057528 53.222851
v 40.563221 20.872322 53.722446
v 41.094658 19.985144 52.384193
v 41.094746 20.603857 52.659920
v 40.585251 21.057684 55.084728
v 40.556465 20.821325 54.970169
v 40.556530 20.869003 54.635456
v 40.556046 20.601587 55.358910
v 40.556885 20.319668 55.053986
v 40.556046 20.117928 55.590878
v 40.556190 21.783079 55.786858
v 41.094849 20.604275 55.647915
v 42.002968 23.492485 51.701344
v 42.693981 22.972008 52.520245
v 41.705727 22.811108 52.074036
v 42.221397 25.097570 50.749691
v 41.918736 26.240698 50.554008
v 40.629089 21.989258 52.544510
v 42.164398 21.837971 53.031265
v 42.529575 22.177479 53.043839
v 42.783207 22.695566 52.984879
v 42.828030 22.548498 54.153862
v 42.314922 21.724676 54.153961
v 42.529625 22.177773 55.264820
v 40.617805 21.915249 51.707775
v 40.556126 21.689133 51.834427
v 41.247795 26.612551 49.860924
v 41.247791 27.093941 51.052757
v 41.998234 22.750416 50.375439
v 41.649864 22.198359 50.776279
v 40.602440 21.607056 51.205868
v 40.556267 21.399019 51.357082
v 41.247795 26.106215 48.910294
v 41.247562 25.668295 48.255379
v 41.918736 25.160044 48.624691
v 42.221355 24.253052 49.283348
v 41.094749 21.148478 52.257786
v 41.094845 21.080776 51.588188
v 41.094975 21.147852 56.051617
v 40.556091 21.688534 56.473183
v 42.221245 25.096630 57.558674
v 41.247566 26.348648 58.963291
v 40.617733 21.914942 56.599846
v 42.002918 23.492674 56.606770
v 41.918659 26.240139 57.753784
v 41.247566 27.092476 57.257359
v 41.972050 26.401712 57.030090
v 41.763504 26.847815 56.746529
v 41.607563 27.092937 56.369911
v 41.247566 27.307102 56.496387
v 41.247566 27.460903 55.723835
v 41.599403 27.219444 55.673080
v 42.216751 25.719316 57.081917
v 41.705750 22.811502 56.233952
v 42.694153 22.972246 55.787663
v 42.164402 21.837868 55.276192
v 40.628929 21.988880 55.763340
v 42.783356 22.695650 55.323208
v 41.247566 27.553444 54.941284
v 41.599327 27.287016 54.915905
v 41.599373 27.305494 54.153912
v 41.247566 27.584402 54.153904
v 41.247562 27.553444 53.366516
v 41.599102 27.287016 53.392227
v 41.599178 27.219126 52.634735
v 41.247791 27.461878 52.584141
v 41.607559 27.092617 51.937908
v 41.247791 27.308062 51.811199
v 41.763500 26.847498 51.561291
v 41.971745 26.402990 51.277889
v 42.216564 25.718908 51.226051
v 42.767292 23.430632 52.680019
v 42.817112 23.267162 52.989899
v 42.818081 23.267929 55.287296
v 42.767441 23.430996 55.627953
v 40.556118 17.346607 50.878838
v 40.556938 17.549421 51.241013
v 40.556011 16.976549 51.267132
v 40.556526 17.784201 50.789825
v 40.556187 17.304564 49.623127
v 40.585205 17.748568 50.530205
v 40.563232 18.165236 50.860008
v 41.094379 16.618954 51.290943
v 41.094448 17.072342 50.787712
v 40.585171 19.518711 51.105209
v 40.556526 19.336874 51.294201
v 40.556683 19.033388 51.145378
v 40.556206 19.638767 51.623310
v 40.556644 19.261187 51.797848
v 40.556255 19.709932 52.155029
v 40.556301 20.411016 50.631958
v 41.094551 19.914015 51.710567
v 42.002987 17.053251 47.743614
v 42.694317 17.671379 48.491554
v 41.705746 17.197115 48.506695
v 42.221554 16.644241 45.922897
v 41.918736 16.296560 44.853779
v 40.628902 17.390553 49.434563
v 42.164642 17.807238 49.728481
v 42.529797 17.923546 49.408920
v 42.783207 18.026552 48.897373
v 42.828251 19.094345 49.399143
v 42.315311 18.839758 50.182697
v 42.529484 20.035618 50.095612
v 40.618008 16.571938 49.245499
v 40.556244 16.622572 49.499939
v 41.247570 16.266573 44.208672
v 41.247570 17.549442 44.119114
v 41.998310 15.562626 48.039726
v 41.650124 15.773585 48.688366
v 40.602383 15.999594 49.384193
v 40.556042 16.079237 49.629112
v 41.247570 15.206688 44.396435
v 41.247570 14.448559 44.610233
v 41.918736 14.642491 45.207878
v 42.221512 14.988752 46.272896
v 40.556011 16.316103 51.481777
v 41.918736 24.030550 47.366825
v 41.247566 24.843204 47.271942
v 41.665520 21.233524 49.818401
v 40.617805 21.224998 50.757778
v 42.002811 21.718245 49.260029
v 42.221191 23.119314 48.027294
v 41.247570 23.450012 46.036720
v 41.971981 23.020679 46.623199
v 41.763279 22.888071 46.112587
v 41.607330 22.605658 45.763195
v 41.247570 22.792824 45.597618
v 41.247570 22.105312 45.212593
v 41.599445 21.982487 45.426456
v 42.216877 22.859158 47.288513
v 42.694317 20.779125 49.501350
v 41.849213 20.961624 49.781013
v 42.164639 19.942129 50.421940
v 40.629013 20.452173 50.428993
v 42.783405 20.252773 49.620758
v 40.556183 21.034393 50.933792
v 41.247570 21.389750 44.882710
v 41.599365 21.283100 45.128361
v 41.599411 20.564413 44.875214
v 41.247570 20.650322 44.609905
v 41.247570 19.892193 44.396107
v 41.599365 19.834108 44.657417
v 41.599445 19.092836 44.487938
v 41.247570 19.119228 44.242615
v 41.607597 18.390892 44.392712
v 41.247570 18.336916 44.150066
v 41.763557 17.956955 44.509563
v 41.971722 17.549665 44.846008
v 42.216671 17.289185 45.479046
v 42.767601 17.965040 48.104771
v 42.817425 18.209108 48.356071
v 42.818256 20.393745 49.065086
v 42.767441 20.768650 49.015919
v 41.094975 16.858067 50.144779
v 41.094727 16.200621 50.002911
v 41.094749 20.465961 51.318378
v 44.542309 7.939283 63.763885
v 44.278736 7.938989 63.764191
v 44.278732 7.214545 62.980339
v 44.542309 8.722878 64.488312
v 44.278736 8.722853 64.488625
v 44.542309 9.560833 65.148750
v 44.278736 9.560907 65.149353
v 44.542309 10.448332 65.741844
v 44.278736 10.447927 65.742126
v 44.542309 11.379124 66.263268
v 44.278736 11.379152 66.263573
v 44.542309 12.348394 66.710144
v 44.278736 12.348403 66.710411
v 44.542648 13.349420 67.079552
v 44.278736 13.349509 67.079750
v 44.542648 14.376414 67.369141
v 44.278736 14.376757 67.369713
v 44.542648 15.423135 67.577423
v 44.542648 16.482841 67.702965
v 44.279068 16.483061 67.703407
v 44.542648 17.549286 67.744812
v 44.279068 17.549288 67.745232
v 44.542648 18.615725 67.702965
v 44.279068 18.615992 67.703407
v 44.542648 19.675432 67.577423
v 44.279068 19.675560 67.577911
v 44.542648 20.722151 67.369133
v 44.279068 20.722301 67.369713
v 44.542648 21.749147 67.079552
v 44.542648 22.750648 66.710144
v 44.279068 22.750647 66.710411
v 44.542648 23.719446 66.263748
v 44.279068 23.719900 66.264046
v 44.542648 24.650715 65.742325
v 44.279068 24.651131 65.742592
v 44.542648 25.605608 65.096077
v 44.279068 26.097633 64.708244
v 44.542648 27.159763 63.764366
v 44.279068 27.160061 63.764191
v 44.542645 27.884193 62.980301
v 44.279064 27.884510 62.980816
v 44.542645 28.544643 62.142365
v 44.279064 28.545256 62.142780
v 44.542645 29.137758 61.254883
v 44.279064 29.138025 61.255295
v 44.542645 29.695520 60.245316
v 44.279064 29.957260 59.678200
v 44.542645 30.475498 58.353851
v 44.278732 30.475679 58.353771
v 44.542645 30.765078 57.326389
v 44.278732 30.765167 57.326542
v 44.542305 30.972883 56.280178
v 44.542305 31.098431 55.220001
v 44.278732 31.098875 55.220280
v 44.542305 31.140282 54.154060
v 44.278732 31.140703 54.154068
v 44.542301 31.098431 53.087639
v 44.278728 31.098875 53.087387
v 44.542301 30.972883 52.027954
v 44.278728 30.973377 52.027836
v 44.542301 30.764593 50.981251
v 44.278728 30.765167 50.981125
v 44.542301 30.475019 49.954281
v 44.542301 30.105589 48.953270
v 44.278728 30.105850 48.952808
v 44.542671 29.659508 47.983616
v 44.278728 29.659019 47.984043
v 44.542671 29.138035 47.052296
v 44.278728 28.740707 46.458694
v 44.542671 28.545372 46.165234
v 44.542671 27.159918 44.543613
v 44.278728 27.159588 44.543945
v 44.542667 26.376270 43.819145
v 44.278725 26.375723 43.819519
v 44.542667 25.538260 43.158661
v 44.278725 25.537668 43.158791
v 44.542667 24.650703 42.565525
v 44.278725 24.650650 42.566025
v 44.542667 23.719851 42.044067
v 44.278725 23.719421 42.044567
v 44.542667 22.750511 41.597649
v 44.278725 22.750172 41.598217
v 44.542667 21.749424 41.228210
v 44.542667 20.722357 40.938602
v 44.279079 20.722507 40.938030
v 44.542667 19.675571 40.730316
v 44.279079 19.675703 40.729809
v 44.542667 18.615795 40.604759
v 44.278748 18.615585 40.604786
v 44.542667 17.549282 40.562908
v 44.278748 17.549288 40.562950
v 44.542332 16.483252 40.605240
v 44.278748 16.482992 40.604786
v 44.542332 15.423474 40.730316
v 44.278748 15.423347 40.730289
v 44.542332 14.376688 40.938602
v 44.278748 14.376541 40.938503
v 44.542332 13.349623 41.228210
v 44.278748 13.349225 41.228008
v 44.542332 12.348533 41.597649
v 44.278748 12.348058 41.597382
v 44.542332 11.379196 42.044548
v 44.278748 11.379214 42.044243
v 44.542332 10.448343 42.566013
v 44.278748 10.447926 42.565731
v 44.542332 9.560787 43.158661
v 44.278748 9.560853 43.158527
v 44.542332 8.722779 43.819626
v 44.278748 8.722743 43.819305
v 44.542336 7.939132 44.543613
v 44.278751 7.938824 44.543304
v 44.542336 7.161075 45.395222
v 44.278751 6.773261 45.886631
v 44.542336 5.961009 47.052776
v 44.278751 5.960729 47.052368
v 44.542671 5.439541 47.983616
v 44.542671 4.992631 48.952934
v 44.279079 4.992366 48.952942
v 44.542671 4.599576 50.039272
v 44.279079 4.429353 50.640858
v 44.542671 4.125760 52.027817
v 44.278728 4.126151 52.027836
v 44.542671 4.000203 53.087574
v 44.278728 4.000654 53.087868
v 44.542675 3.958352 54.154068
v 44.278732 3.958824 54.154068
v 44.542675 4.000203 55.220074
v 44.278732 4.000654 55.220280
v 44.542675 4.125280 56.279835
v 44.278732 4.126151 56.279831
v 44.542675 4.333582 57.326595
v 44.278732 4.333881 57.326542
v 44.542675 4.623177 58.353653
v 44.278732 4.623848 58.353771
v 44.542675 4.992631 59.355198
v 44.278732 4.993202 59.354858
v 44.542675 5.439061 60.324036
v 44.278732 5.439562 60.324097
v 44.542645 6.007377 61.325321
v 44.278732 6.355577 61.845688
v 44.542305 7.214854 62.980301
v 32.649902 28.544592 62.142128
v 32.913197 27.884403 62.980614
v 32.913197 28.545340 62.142460
v 32.649899 27.884285 62.980389
v 32.913200 27.160305 63.764427
v 32.649902 27.159521 63.764126
v 32.913200 26.376484 64.488998
v 32.649902 26.376263 64.488373
v 32.913200 25.538313 65.149437
v 32.649902 25.537981 65.149178
v 32.913200 24.651182 65.742310
v 32.649555 24.650623 65.742065
v 32.913200 23.719997 66.263710
v 32.649902 23.719639 66.263557
v 32.913200 22.750616 66.710693
v 32.649555 22.750481 66.710205
v 32.913200 21.749420 67.079826
v 32.649902 21.749105 67.079521
v 32.913200 20.722271 67.369659
v 32.649902 20.721951 67.369026
v 32.913200 19.675543 67.577721
v 32.649902 19.675461 67.577225
v 32.913200 18.615589 67.703056
v 32.649902 18.615589 67.702637
v 32.913200 17.549274 67.745163
v 32.649902 17.549269 67.744774
v 32.913200 16.482960 67.703056
v 32.649902 16.482950 67.702637
v 32.913200 15.423499 67.577721
v 32.649902 15.423572 67.577225
v 32.913200 14.376768 67.369659
v 32.649902 14.376586 67.369026
v 32.913200 13.349620 67.079826
v 32.649902 13.349430 67.079521
v 32.913200 12.348419 66.710197
v 32.649902 12.348551 66.710205
v 32.913200 11.379042 66.263710
v 32.649902 11.379395 66.263062
v 32.913544 10.447853 65.742310
v 32.649902 10.448411 65.741554
v 32.913544 9.560727 65.149437
v 32.649902 9.561050 65.148682
v 32.913544 8.722557 64.488510
v 32.649902 8.722767 64.488373
v 32.913544 7.939221 63.763939
v 32.649902 7.939513 63.763634
v 32.913540 7.214636 62.980614
v 32.649498 7.214587 62.980957
v 32.913540 6.554189 62.142460
v 32.649498 6.553733 62.142639
v 32.913540 5.961299 61.254864
v 32.649498 5.960803 61.255238
v 32.913540 5.439893 60.324184
v 32.649498 5.439257 60.324211
v 32.913540 4.992903 59.354816
v 32.649498 4.992578 59.355011
v 32.913540 4.623754 58.353638
v 32.649498 4.623233 58.353584
v 32.913540 4.333923 57.326515
v 32.649498 4.333705 57.326881
v 32.913540 4.125846 56.279797
v 32.649502 4.125486 56.279850
v 32.913540 4.000515 55.220352
v 32.649502 4.000060 55.220421
v 32.913540 3.958898 54.154060
v 32.649502 3.958415 54.154060
v 32.913536 4.000515 53.087761
v 32.649498 4.000060 53.087688
v 32.913536 4.125846 52.027836
v 32.649849 4.125486 52.027771
v 32.913147 4.333553 50.980919
v 32.649849 4.333705 50.981232
v 32.913147 4.622918 49.954216
v 32.649849 4.623730 49.954029
v 32.913147 4.992578 48.952969
v 32.649849 4.993070 48.953102
v 32.913147 5.439109 47.983551
v 32.649849 5.439754 47.983898
v 32.913147 5.961040 47.052315
v 32.649849 5.961299 47.052876
v 32.913147 6.553964 46.165146
v 32.649849 6.554230 46.165474
v 32.913147 7.214457 45.327431
v 32.649849 7.214587 45.327652
v 32.913147 7.939086 44.543568
v 32.649849 7.939394 44.543869
v 32.913143 8.722475 43.818947
v 32.649845 8.722701 43.819569
v 32.913143 9.560698 43.158470
v 32.649845 9.561033 43.158737
v 32.913143 10.447880 42.565556
v 32.649845 10.447953 42.565815
v 32.913143 11.379130 42.044128
v 32.649845 11.379492 42.044769
v 32.913143 12.348082 41.597603
v 32.649845 12.348213 41.597603
v 32.913143 13.349344 41.227951
v 32.649845 13.349656 41.228264
v 32.913143 14.376563 40.938107
v 32.649845 14.376880 40.938744
v 32.913143 15.423361 40.730022
v 32.649845 15.423434 40.730522
v 32.913143 16.482889 40.604683
v 32.649845 16.482878 40.605103
v 32.913143 17.549273 40.562569
v 32.649845 17.549267 40.563457
v 32.913143 18.615658 40.604683
v 32.649845 18.615656 40.605103
v 32.913143 19.675676 40.730022
v 32.649845 19.675596 40.730522
v 32.913143 20.722475 40.938107
v 32.649845 20.722151 40.938744
v 32.913143 21.749203 41.227951
v 32.649845 21.749374 41.228264
v 32.913532 22.750130 41.597931
v 32.649845 22.750320 41.597595
v 32.913532 23.719505 42.044910
v 32.649845 23.719540 42.044277
v 32.913532 24.650696 42.566307
v 32.649494 24.650581 42.565815
v 32.913532 25.537823 43.159176
v 32.649494 25.537996 43.158737
v 32.913532 26.375994 43.819614
v 32.649494 26.376329 43.819073
v 32.913536 27.159817 44.543701
v 32.649498 27.160133 44.543869
v 32.913536 27.883915 45.327507
v 32.649498 27.884445 45.327160
v 32.913536 28.544855 46.165661
v 32.649498 28.544802 46.165474
v 32.913536 29.137739 47.052769
v 32.649498 29.137739 47.052376
v 32.913536 29.659149 47.983944
v 32.649498 29.659277 47.983898
v 32.913536 30.106133 48.952816
v 32.649498 30.106453 48.952610
v 32.913536 30.475283 49.954002
v 32.649498 30.475796 49.954021
v 32.913536 30.765118 50.981133
v 32.649498 30.765327 50.981232
v 32.913536 30.973190 52.027836
v 32.649899 30.972691 52.027897
v 32.913536 31.098524 53.087761
v 32.649899 31.098110 53.087753
v 32.913540 31.140625 54.154060
v 32.649902 31.140242 54.154053
v 32.913197 31.099010 55.220352
v 32.649902 31.098110 55.220352
v 32.913197 30.973190 56.279797
v 32.649902 30.972691 56.279713
v 32.913197 30.765118 57.326515
v 32.649902 30.764975 57.326675
v 32.913197 30.475775 58.353638
v 32.649902 30.474976 58.353821
v 32.913197 30.106133 59.354816
v 32.649902 30.105656 59.354679
v 32.913197 29.659634 60.324184
v 32.649902 29.659000 60.323814
v 32.913197 29.138229 61.255352
v 32.649902 29.137486 61.255272
v 39.862568 12.392791 54.155846
v 42.299007 11.943954 57.202766
v 42.305199 12.419692 57.880913
v 42.277885 11.726270 57.077324
v 39.862503 15.957922 59.058426
v 42.299179 12.917646 58.542915
v 42.278057 12.969478 58.788708
v 41.377449 15.675857 59.920063
v 42.243088 12.941764 59.031590
v 41.813065 12.247364 60.813503
v 42.277802 18.530161 60.594875
v 41.377449 22.454548 57.717613
v 42.243263 20.764799 60.043491
v 41.813267 22.244930 61.254574
v 42.277802 20.541952 59.941212
v 39.862614 21.722273 57.183231
v 42.277622 23.978138 55.211552
v 39.862499 21.719347 51.121964
v 42.299442 20.292599 48.392151
v 42.305023 19.508781 48.124126
v 42.277882 20.541843 48.366398
v 39.862564 15.954197 49.250694
v 42.299274 18.716837 47.880398
v 42.277706 18.530285 47.712898
v 41.377361 15.675792 48.387756
v 42.243156 18.409836 47.499199
v 41.813175 17.924240 45.649342
v 42.299274 12.917290 49.764877
v 42.304852 12.420180 50.427208
v 42.277706 12.969973 49.519650
v 42.277706 11.726761 51.230789
v 42.299274 11.943466 51.104961
v 41.626202 9.176011 50.911831
v 39.506409 6.610999 51.979679
v 39.506409 6.405523 53.716976
v 41.546120 9.070363 50.692837
v 39.506409 7.085782 50.295612
v 41.494911 9.070651 50.419399
v 39.506409 7.817921 48.706772
v 41.463875 9.463174 49.614864
v 39.506355 8.790484 47.252380
v 41.441830 10.094469 48.737667
v 41.463875 10.733738 47.866249
v 39.506592 9.977841 45.967430
v 39.506592 11.351204 44.884190
v 41.494701 11.377691 47.244495
v 39.506535 12.878240 44.029522
v 41.546127 11.637574 47.159592
v 39.506535 14.519364 43.423454
v 41.626202 11.878327 47.192451
v 41.626202 18.045509 45.188629
v 39.506481 16.235348 43.082546
v 41.546127 18.220991 45.020390
v 39.506428 17.983425 43.014317
v 41.494911 18.480911 44.936287
v 39.506428 19.721146 43.219372
v 41.463875 19.367674 45.060905
v 39.506374 21.404598 43.694592
v 41.441830 20.397060 45.390129
v 41.463875 21.423416 45.728828
v 39.506615 22.993752 44.426727
v 39.506561 24.448179 45.399158
v 41.494644 22.213516 46.149742
v 39.506561 25.733234 46.586277
v 41.546127 22.374825 46.370064
v 39.506504 26.815813 47.960579
v 41.626202 22.418106 46.609066
v 41.626125 26.229040 51.855267
v 44.048172 28.058325 60.991333
v 44.048084 26.444681 62.972198
v 44.047810 24.643513 64.490143
v 44.047810 22.935970 65.474220
v 44.047810 21.103239 66.175858
v 44.048176 18.593719 66.635361
v 44.047863 16.228939 66.621300
v 44.047863 14.292700 66.260574
v 44.047863 12.440319 65.602768
v 44.047863 10.712090 64.662552
v 44.047863 9.152771 63.463749
v 44.047859 7.453269 61.565666
v 44.047859 5.999419 58.998192
v 44.047859 5.283988 56.747593
v 44.047859 5.029186 54.798557
v 44.047634 5.170125 52.250652
v 44.047909 5.732688 49.964012
v 44.047909 6.840795 47.656860
v 44.047909 8.652703 45.337559
v 44.047905 10.957466 43.503807
v 44.047905 13.070003 42.444386
v 44.047905 14.955468 41.888149
v 44.047905 16.904785 41.633308
v 44.047905 18.869829 41.686440
v 44.047783 20.797459 42.045063
v 44.047539 22.665224 42.708927
v 44.047852 24.388405 43.647091
v 44.047855 25.945845 44.844444
v 44.047855 27.299799 46.273674
v 44.047855 28.411289 47.893372
v 44.047855 29.258915 49.674591
v 44.047855 29.815088 51.560139
v 44.047859 30.074650 54.102139
v 44.047859 29.740913 57.026558
v 44.047859 28.997929 59.264523
v 33.144905 8.009651 62.301590
v 33.144905 8.678678 63.024563
v 33.144909 9.401664 63.693569
v 33.144909 10.175407 64.303139
v 33.144909 10.994425 64.850502
v 33.144909 11.853685 65.332031
v 33.144909 12.748609 65.744507
v 33.144909 13.672808 66.085175
v 33.144909 14.620783 66.352699
v 33.144909 15.587049 66.544754
v 33.144909 16.565207 66.660912
v 33.144909 17.549309 66.699318
v 33.144909 18.533867 66.660904
v 33.144909 19.512022 66.545212
v 33.144909 20.478289 66.352692
v 33.144909 21.426264 66.085648
v 33.144909 22.350458 65.744499
v 33.144909 23.244928 65.332031
v 33.144909 24.104647 64.850960
v 33.144909 24.923666 64.303589
v 33.144909 25.697409 63.693569
v 33.144905 26.420856 63.025021
v 33.144905 27.089418 62.301590
v 33.144905 27.698992 61.527855
v 33.144905 28.246374 60.708855
v 33.144905 28.727911 59.849609
v 33.144905 29.139933 58.954697
v 33.144905 29.481079 58.030521
v 33.144905 29.748596 57.082565
v 33.144905 29.940664 56.116314
v 33.144905 30.056355 55.138180
v 33.144905 30.094770 54.154087
v 33.144901 30.056355 53.169556
v 33.144901 29.940664 52.191414
v 33.144901 29.748135 51.225170
v 33.144901 29.480623 50.277206
v 33.144901 29.139933 49.353027
v 33.144821 28.728228 48.458183
v 33.144821 28.246660 47.598885
v 33.144821 27.699244 46.779819
v 33.144821 27.089622 46.006039
v 33.144821 26.421009 45.282558
v 33.144821 25.697514 44.613956
v 33.144817 24.923717 44.004349
v 33.144817 24.104641 43.456940
v 33.144817 23.245325 42.975845
v 33.144817 22.350334 42.563339
v 33.144817 21.426073 42.222179
v 33.144817 20.478031 41.955105
v 33.144817 19.512156 41.763035
v 33.144817 18.533934 41.646870
v 33.144817 17.549305 41.608456
v 33.144817 16.565136 41.647331
v 33.144817 15.586913 41.763035
v 33.144817 14.620578 41.955105
v 33.144817 13.672539 42.222641
v 33.144817 12.748279 42.563339
v 33.144817 11.853746 42.975845
v 33.144817 10.994425 43.457397
v 33.144817 10.175354 44.004349
v 33.144821 9.401553 44.614418
v 33.144821 8.678062 45.283012
v 33.144821 8.009450 46.006500
v 33.144821 7.399830 46.779819
v 33.144821 6.852412 47.598885
v 33.144821 6.371301 48.458183
v 33.144821 5.958790 49.353157
v 33.144821 5.617622 50.276947
v 33.144821 5.350087 51.225422
v 33.144821 5.158008 52.191273
v 33.144821 5.042305 53.169483
v 33.144825 5.003433 54.154095
v 33.144825 5.042305 55.138245
v 33.144825 5.158008 56.116447
v 33.144825 5.350087 57.082764
v 33.144825 5.617622 58.030785
v 33.144825 5.958333 58.955025
v 33.144825 6.370841 59.849545
v 33.144508 6.851952 60.709309
v 33.144905 7.400075 61.527855
v 41.853466 20.562698 56.767010
v 42.194508 20.405508 56.710091
v 42.194588 20.801357 56.629784
v 41.853439 20.161989 56.570156
v 42.194286 20.132290 56.405609
v 41.853168 20.154665 56.064754
v 42.194431 20.264297 56.012527
v 41.853394 20.503613 55.875202
v 42.194721 20.660347 55.932178
v 41.853611 20.804911 55.949093
v 42.194664 20.933380 56.237221
v 41.853241 20.978481 56.291031
v 41.853683 20.905458 56.593082
v 41.853443 13.576248 53.810242
v 42.194683 13.735333 53.764797
v 42.194817 13.463078 54.062496
v 41.853420 13.862805 53.693344
v 42.194500 14.135994 53.850349
v 41.853302 14.204948 53.867954
v 42.194469 14.260480 54.246353
v 41.853436 14.314529 54.184849
v 42.194572 13.987701 54.543720
v 41.853493 13.938028 54.594524
v 42.194683 13.588243 54.458652
v 41.853516 13.519080 54.440796
v 41.853436 13.401126 54.153111
v 41.853416 20.916815 51.744640
v 42.194839 20.945808 51.992188
v 41.853413 20.852791 52.297939
v 42.194431 20.698532 52.360432
v 41.853413 20.423271 52.419285
v 42.194668 20.232101 52.268463
v 41.853516 20.159222 52.256031
v 42.194340 20.111486 52.029705
v 41.853306 20.099419 51.875847
v 42.194618 20.201675 51.745213
v 41.853367 20.262499 51.612946
v 42.194733 20.574871 51.578979
v 41.853512 20.641516 51.552799
v 42.194881 20.875788 51.738132
v 41.853329 16.273569 50.216049
v 42.194630 16.741093 50.406887
v 42.194584 16.498644 50.233318
v 41.853348 16.804771 50.438469
v 42.194450 16.783274 50.814114
v 41.853184 16.787853 50.885025
v 42.194538 16.539427 51.049717
v 41.853291 16.550951 51.085625
v 42.194626 16.276308 51.037868
v 41.853489 16.171333 51.024910
v 42.194534 16.002443 50.689262
v 41.853546 15.963078 50.630283
v 42.194782 16.233856 50.273815
v 41.853420 15.995181 57.826832
v 42.194450 16.072514 57.898670
v 42.194565 16.055964 57.455917
v 41.853367 16.058926 57.384888
v 42.194294 16.487286 57.255672
v 41.853161 16.537197 57.222115
v 42.194592 16.725292 57.378540
v 41.853355 16.825163 57.495255
v 42.194649 16.819441 57.661728
v 41.853420 16.761522 57.937057
v 42.194611 16.614063 58.015873
v 41.853687 16.283146 58.100182
v 42.194603 16.278564 58.063171
v 42.810352 5.891441 53.236454
v 43.814583 5.587120 53.212517
v 42.810356 5.877673 54.719711
v 43.778473 14.988752 54.986736
v 40.556614 14.422163 55.416996
v 43.778728 15.414423 55.770069
v 43.778793 15.967638 56.332642
v 40.556377 15.382223 56.737297
v 43.778633 17.550215 56.846600
v 43.778263 18.425694 56.683987
v 43.778793 19.132795 56.331516
v 43.778469 19.131437 51.975101
v 43.778629 18.327501 51.591862
v 43.778469 17.548407 51.461823
v 43.778309 15.966055 51.976002
v 40.556503 15.146789 51.813042
v 40.556438 15.382050 51.570396
v 43.778564 15.353005 52.622223
v 40.563145 14.606881 52.550369
v 43.778469 14.988752 53.323044
v 40.556522 14.422540 52.890980
v 43.778633 20.110546 54.985374
v 43.778790 20.226723 54.101871
v 41.966633 26.770521 51.988861
v 41.971439 26.603733 52.191525
v 42.023026 26.443775 51.970013
v 42.103317 26.229956 51.854992
v 42.307308 25.841938 51.547363
v 42.194244 25.983501 51.826553
v 42.289993 25.753639 51.882629
v 42.872757 23.623127 53.103516
v 42.720276 24.144878 52.915970
v 42.754364 23.978006 53.096539
v 42.776241 23.876902 53.325661
v 42.784027 23.883551 53.792835
v 42.781822 23.889866 54.154030
v 42.784031 23.883551 54.514980
v 42.873528 23.617327 55.232571
v 42.776245 23.876902 54.982155
v 42.337204 25.765898 56.759380
v 42.113346 26.348122 56.682781
v 41.949947 26.826786 56.210491
v 41.912518 27.000639 54.558475
v 41.934193 26.752182 54.871532
v 41.918602 26.764042 54.153931
v 41.947067 26.693142 55.589027
v 41.971661 26.603733 56.116322
v 42.023029 26.443775 56.337845
v 42.102997 26.229362 56.452641
v 42.193905 25.982920 56.481087
v 42.289997 25.753941 56.425282
v 42.719822 24.144083 55.391926
v 42.754547 23.978266 55.211521
v 41.922844 26.958813 53.061218
v 41.934189 26.752182 53.436314
v 41.947063 26.692835 52.718819
v 44.643169 27.400061 44.802757
v 44.643169 28.545330 46.165127
v 44.642826 13.349586 41.228531
v 44.642826 15.772178 40.689079
v 44.642799 6.358582 61.848927
v 44.643173 5.293688 60.008377
v 44.643173 4.527262 58.013969
v 44.643063 4.083937 55.930222
v 44.642803 12.020846 66.559082
v 44.642803 10.151175 65.543785
v 44.642803 8.463497 64.248360
v 44.497547 6.290812 61.283829
v 44.472912 5.471918 59.747196
v 44.472919 4.745233 57.787498
v 44.480858 4.389175 56.238312
v 44.472778 4.250852 54.695404
v 44.453312 13.436302 66.812515
v 44.466461 11.397542 65.948921
v 44.497364 9.879292 65.051407
v 44.451920 8.695672 64.079948
v 44.466534 7.351587 62.696075
v 44.472820 30.849667 54.659939
v 44.494446 30.640623 56.620644
v 44.420998 30.373632 57.618595
v 44.497314 29.936199 59.069691
v 44.472839 29.170572 60.642532
v 44.480724 28.328707 61.985432
v 44.481136 28.328974 46.322170
v 44.472954 29.152842 47.633816
v 44.494415 30.000223 49.417263
v 44.420994 30.294310 50.408237
v 44.553894 30.678377 51.722382
v 44.450790 30.756525 52.596775
v 44.466465 21.539309 66.843941
v 44.553898 19.980877 67.282951
v 44.450462 19.109591 67.359993
v 44.472786 17.046152 67.454170
v 44.472809 14.974788 67.212257
v 44.472481 27.335508 63.174526
v 44.472797 25.806822 64.592140
v 44.494358 24.175951 65.710037
v 44.420959 23.244541 66.154419
v 44.450485 22.154810 41.679031
v 44.472775 24.034956 42.531494
v 44.472729 25.773607 43.689438
v 44.473003 27.308708 45.103783
v 44.475426 13.432965 41.484535
v 44.472858 14.931148 41.104233
v 44.472816 17.008160 40.855320
v 44.494392 18.980812 40.909660
v 44.420658 19.996357 41.097931
v 44.553928 21.344597 41.352211
v 44.642799 31.057364 55.567585
v 44.642799 30.351831 58.688236
v 44.642799 29.485437 60.633957
v 44.642796 30.834116 51.330273
v 44.642796 31.112154 53.436321
v 44.642803 25.245399 65.344841
v 40.556034 15.788508 51.385063
v 41.094845 15.956038 51.149612
v 41.094551 14.200387 53.567356
v 40.556118 14.371822 53.334816
v 40.556561 14.779749 53.253975
v 40.556187 13.164322 52.986664
v 40.585163 14.164494 52.844887
v 42.221554 13.443490 46.963081
v 42.003021 14.182938 48.676311
v 42.694317 14.122630 49.644859
v 42.817257 13.607876 49.851231
v 42.828251 13.504895 51.215450
v 42.818253 12.257298 51.708561
v 42.783226 14.073661 50.181969
v 42.767643 13.657716 49.504978
v 42.216671 12.661086 46.982975
v 41.918510 12.634346 46.133461
v 41.971817 12.078150 46.623928
v 41.247570 11.653153 46.034161
v 41.763557 11.550796 46.591152
v 41.607597 11.131071 46.751743
v 41.247570 11.032301 46.523411
v 41.247570 10.453465 47.058380
v 41.247570 13.257081 45.091434
v 42.529789 13.152194 52.331810
v 42.315189 14.171395 51.699631
v 42.783195 12.697402 52.076069
v 42.164646 13.420052 52.541058
v 42.529709 14.457873 50.534599
v 42.164501 14.739505 50.725281
v 40.628902 13.011757 52.846573
v 41.705944 12.069647 52.743698
v 40.582253 15.262824 51.342751
v 41.849014 14.445001 49.557674
v 40.556252 15.083323 50.343994
v 40.628918 14.903962 50.242550
v 40.556244 15.563612 49.844048
v 40.618004 15.455051 49.608410
v 41.665775 14.563796 49.310318
v 42.003071 11.299318 52.645031
v 42.221191 9.442201 52.471344
v 42.694317 12.201766 52.288219
v 42.216671 9.218650 51.720741
v 42.767670 11.924978 51.889301
v 41.247562 7.639241 52.576138
v 41.918736 8.402490 51.957981
v 41.247562 8.005267 51.053085
v 40.617687 12.579821 53.566883
v 41.247562 7.545096 53.366444
v 40.556068 12.837325 53.597260
v 44.450844 9.320295 43.707111
v 44.175694 10.517613 43.927074
v 44.175694 9.007088 45.150291
v 44.472878 11.031630 42.549351
v 44.175690 12.206008 42.951950
v 44.175690 13.711350 42.342358
v 43.814587 9.125819 45.636589
v 44.175694 7.476385 46.923431
v 43.814583 11.018760 44.098015
v 43.814583 12.671688 43.200348
v 43.814583 13.841670 42.742706
v 44.472553 4.491959 51.576473
v 44.175438 5.561509 50.941326
v 44.451611 4.990449 49.774467
v 44.175694 6.209384 49.109474
v 44.497337 5.586420 48.281971
v 44.451946 6.359913 46.962315
v 44.466576 7.516939 45.417618
v 44.480728 4.266464 53.108505
v 44.175312 5.168671 53.179554
v 43.814583 6.053669 50.744270
v 43.814583 6.726631 48.992550
v 43.814583 7.669681 47.359150
v 42.810352 8.899039 46.298424
v 42.810352 10.679269 44.716560
v 42.810349 12.562054 43.586788
v 42.810349 13.935746 43.032852
v 42.810352 6.069047 51.975555
v 42.810352 6.549337 50.211590
v 42.810352 7.590188 48.064293
v 42.185833 10.018741 47.070694
v 42.185833 11.485037 45.793606
v 42.185833 13.305308 44.726963
v 42.185833 14.352301 44.314571
v 42.185535 7.235777 53.342121
v 42.185753 7.509128 51.732700
v 41.247562 8.278076 50.313671
v 42.185833 8.201053 49.738667
v 41.247562 8.607963 49.598118
v 41.247562 8.992991 48.910622
v 42.185833 9.003607 48.335720
v 41.247562 9.430911 48.255699
v 41.247562 9.918809 47.636887
v 44.175632 29.892645 55.451309
v 44.175629 29.538311 57.364460
v 44.175629 28.889612 59.197765
v 44.175629 27.597462 61.453941
v 43.814522 29.485739 55.164772
v 43.814518 28.921030 57.920910
v 43.814518 27.933826 60.149143
v 43.814518 27.256861 61.206554
v 44.175312 27.597021 46.854256
v 43.814888 27.257166 47.101181
v 43.814888 28.253675 48.774601
v 44.175629 29.135237 49.704174
v 43.814888 29.133772 51.056377
v 44.175629 29.688261 51.569214
v 43.814880 29.475424 52.903976
v 44.175629 29.943300 53.498501
v 42.810322 29.229147 54.505630
v 42.810322 28.902733 56.867767
v 42.810322 27.955908 59.442875
v 42.810322 27.009947 61.027054
v 42.810040 27.009552 47.280865
v 42.810040 27.693705 48.355206
v 42.810146 28.474751 50.010239
v 42.810318 29.077068 52.315849
v 42.185783 27.749298 55.778145
v 42.185783 27.215725 57.821106
v 42.185783 26.524450 59.285839
v 42.185783 25.919842 60.235279
v 42.185780 25.919147 48.073120
v 42.185780 26.975735 49.908604
v 42.185780 27.523771 51.434963
v 42.185780 27.846458 53.356285
v 44.175308 23.472132 43.247990
v 44.175308 21.688055 42.453922
v 44.175312 25.547297 44.679569
v 43.814583 23.050882 43.512680
v 43.814789 25.096291 44.835804
v 43.814888 26.461622 46.131821
v 44.175690 15.928447 41.849277
v 43.814583 16.299221 42.228741
v 44.175690 17.871704 41.747051
v 43.814583 18.179928 42.179970
v 44.175690 19.812817 41.951027
v 43.814583 20.413549 42.522110
v 42.810349 21.494947 43.155315
v 42.810352 23.639353 44.194813
v 42.810131 25.789558 45.886154
v 42.810349 15.167148 42.714630
v 42.810349 17.537201 42.480862
v 42.810349 19.727240 42.673531
v 42.185535 21.961929 44.805141
v 42.185535 23.369543 45.610111
v 42.185535 24.634966 46.626156
v 42.185829 16.425262 43.876793
v 42.185829 18.047232 43.827496
v 42.185833 19.970091 44.113579
v 42.022808 22.374561 46.370499
v 41.971439 22.213467 46.149837
v 41.947155 21.740049 45.901215
v 41.934280 21.075830 45.623081
v 41.918690 20.397087 45.389977
v 41.934280 19.710619 45.179619
v 41.947155 19.009964 45.014462
v 41.971531 18.480976 44.936253
v 42.023121 18.221054 45.020008
v 42.102886 18.045275 45.188576
v 42.193817 17.942255 45.414360
v 41.717072 17.942139 45.414207
v 42.289783 17.924400 45.650108
v 42.719906 18.409927 47.499378
v 42.754650 18.530172 47.712936
v 42.775883 18.716902 47.880650
v 42.784328 19.163490 48.018002
v 42.781456 19.508434 48.124374
v 42.783852 19.850119 48.241978
v 42.775883 20.292336 48.392612
v 42.754650 20.542049 48.366531
v 42.243328 20.764956 48.264355
v 42.720093 20.764929 48.264397
v 41.813175 22.245155 47.053173
v 42.289783 22.244802 47.053555
v 41.717281 22.368845 46.852306
v 42.194035 22.368826 46.852158
v 42.103100 22.418045 46.609116
v 42.023121 11.637189 47.159164
v 41.971531 11.377789 47.244415
v 41.947155 10.995687 47.618351
v 41.934280 10.525896 48.164021
v 41.918690 10.094365 48.737614
v 41.934280 9.682114 49.325165
v 41.947155 9.308422 49.940666
v 41.971531 9.070831 50.419472
v 42.023121 9.069904 50.692688
v 42.103100 9.176085 50.911850
v 42.194035 9.358539 51.079685
v 41.717072 9.358822 51.079525
v 42.289783 9.577466 51.169437
v 41.813175 9.576969 51.169170
v 42.719906 11.486309 51.279243
v 42.243156 11.486194 51.279182
v 42.754650 11.726655 51.230743
v 42.775883 11.944003 51.105106
v 42.784149 12.212411 50.722855
v 42.781933 12.419893 50.427155
v 42.784149 12.637156 50.138611
v 42.775883 12.917646 49.765022
v 42.754467 12.969854 49.519524
v 42.243156 12.941681 49.276146
v 42.719906 12.941727 49.276180
v 41.813175 12.247359 47.494282
v 42.289936 12.247052 47.493942
v 41.717072 12.094608 47.314472
v 42.193817 12.094490 47.314194
v 42.102886 11.878536 47.192368
v 42.023029 9.070462 57.614815
v 41.494644 9.071229 57.888096
v 41.971443 9.071070 57.888000
v 41.463879 9.462870 58.693016
v 41.947067 9.308948 58.367069
v 41.934193 9.682605 58.982506
v 41.442043 10.093865 59.570526
v 41.918911 10.094058 59.570553
v 41.934193 10.525990 60.143536
v 41.463825 10.733842 60.441288
v 41.947067 10.995729 60.689156
v 41.971443 11.377791 61.063351
v 41.494644 11.377729 61.063263
v 42.023026 11.637486 61.148602
v 41.546066 11.637591 61.148167
v 42.102989 11.878512 61.115406
v 41.626125 11.878636 61.115307
v 42.194244 12.093888 60.993996
v 41.717281 12.094023 60.994041
v 42.289997 12.247020 60.813850
v 42.720280 12.941463 59.032127
v 42.754368 12.970155 58.787968
v 42.776062 12.917388 58.543049
v 42.784031 12.637251 58.168957
v 42.781639 12.420020 57.880459
v 42.784031 12.212812 57.584797
v 42.776062 11.943745 57.202965
v 42.754833 11.726397 57.077316
v 42.243332 11.485944 57.028915
v 42.720093 11.486042 57.028797
v 41.813065 9.577557 57.138443
v 42.289787 9.577168 57.138477
v 41.717285 9.358236 57.228401
v 42.194035 9.358236 57.228504
v 41.626415 9.175715 57.396076
v 42.103104 9.175778 57.396023
v 41.546337 9.069761 57.615055
v 42.023026 18.220987 63.287846
v 41.494862 18.481117 63.371548
v 41.971661 18.481194 63.371601
v 41.463825 19.367485 63.246933
v 41.947289 19.010128 63.293400
v 41.934193 19.710711 63.128254
v 41.441990 20.397064 62.917744
v 41.918602 20.397104 62.917912
v 41.934193 21.076092 62.684830
v 41.463825 21.423321 62.579086
v 41.947289 21.739935 62.406429
v 41.971661 22.213781 62.158642
v 41.494862 22.213825 62.158745
v 42.022926 22.374691 61.937496
v 41.546280 22.374924 61.937916
v 42.102989 22.417854 61.698593
v 41.626339 22.417885 61.698624
v 42.193901 22.368925 61.455559
v 41.717186 22.368914 61.455414
v 42.289848 22.244600 61.254189
v 42.720005 20.764805 60.043472
v 42.754547 20.541939 59.941334
v 42.775772 20.292255 59.915268
v 42.299351 20.292484 59.915470
v 42.784214 19.850374 60.066608
v 42.304924 19.508770 60.183697
v 42.781998 19.508694 60.183952
v 42.784214 19.163292 60.289825
v 42.299351 18.716930 60.427395
v 42.775772 18.716761 60.426903
v 42.754547 18.530313 60.594856
v 42.243263 18.409979 60.808559
v 42.720005 18.409822 60.808395
v 41.813267 17.924486 62.658531
v 42.289639 17.924364 62.657787
v 41.717186 17.942390 62.893654
v 42.193901 17.942215 62.893822
v 41.626339 18.045460 63.119217
v 42.102989 18.045223 63.119293
v 41.546280 18.220922 63.287449
v 41.494862 26.604006 56.116310
v 41.463825 26.759249 55.234528
v 41.441776 26.764191 54.153942
v 41.463821 26.758942 53.073349
v 41.494644 26.603703 52.191563
v 41.546062 26.443220 51.970306
v 41.717281 25.983521 51.826725
v 41.813061 25.753325 51.882591
v 42.243084 24.144070 52.916077
v 42.278053 23.978722 53.096180
v 42.299175 23.876589 53.325607
v 42.304756 23.889338 54.153816
v 42.299179 23.876589 54.982273
v 42.243088 24.144320 55.392017
v 41.813065 25.753613 56.425350
v 41.717190 25.982906 56.480946
v 41.626125 26.229345 56.452641
v 41.546066 26.443520 56.337879
v 44.175632 18.593254 66.509506
v 44.175632 21.080887 66.052246
v 44.175632 16.257751 66.497780
v 44.175632 13.711626 65.965446
v 43.814522 20.653994 65.735611
v 43.814522 18.800198 66.079002
v 43.814522 16.918219 66.127792
v 43.814522 15.052498 65.881561
v 43.814522 13.841526 65.565117
v 43.814518 26.245831 62.409206
v 44.175545 24.894468 64.143799
v 43.814522 24.535570 63.885082
v 44.175381 22.892933 65.355270
v 43.814522 22.428043 65.107048
v 42.810326 20.824755 65.370705
v 42.810326 19.028498 65.744972
v 42.810326 17.198776 65.833755
v 42.810326 15.371882 65.634293
v 42.810326 13.936038 65.274963
v 42.810322 26.200489 62.008919
v 42.810322 24.866024 63.264816
v 42.810326 22.862040 64.548180
v 42.185703 19.156185 64.356316
v 42.185787 17.052000 64.480324
v 42.185787 15.443675 64.275589
v 42.185787 14.352247 63.993622
v 42.185783 25.077887 61.239799
v 42.185482 23.870813 62.333691
v 42.185482 22.515877 63.220490
v 42.185486 21.039013 63.884697
v 44.175629 6.802845 60.362339
v 44.175316 5.777521 58.047974
v 44.175316 5.245147 55.774815
v 43.814884 7.008771 59.870590
v 43.814884 6.135921 57.793644
v 43.814686 5.623487 55.402191
v 44.175632 11.630313 65.062645
v 43.814636 11.226031 64.328194
v 44.175629 9.552650 63.629681
v 43.814884 9.292737 62.849594
v 44.175629 7.906138 61.966644
v 43.814884 8.032206 61.448784
v 42.810123 8.110502 61.022202
v 42.810043 6.771285 58.635506
v 42.810165 6.109118 56.532028
v 42.810326 11.933062 64.400566
v 42.810322 9.979174 63.039005
v 42.185783 8.343397 58.834759
v 42.185635 7.574763 56.870586
v 42.185539 7.272734 55.277699
v 42.185783 12.420177 63.130188
v 42.185783 10.836051 62.002537
v 42.185783 9.372909 60.480419
v 44.553928 8.614372 44.231838
v 44.642830 5.613153 47.674183
v 44.642830 4.747340 49.618286
v 44.642830 4.000072 53.087486
v 44.642826 10.758893 42.391644
v 44.642826 9.001862 43.599247
v 44.642830 6.774246 45.886497
v 40.555962 15.788599 56.922592
v 40.556805 15.837317 56.510345
v 41.094849 15.956398 57.158108
v 40.556210 14.371577 54.973164
v 40.556641 14.779520 55.053864
v 41.094555 14.200247 54.740765
v 44.767227 17.358501 52.430691
v 44.928673 17.261852 52.105244
v 44.767227 16.839319 52.561504
v 44.928295 16.344868 52.496914
v 44.767227 16.524225 52.743519
v 44.928738 18.122160 52.165977
v 44.928295 18.753046 52.496265
v 44.767227 18.574007 52.743263
v 44.767227 18.075132 52.501930
v 44.658783 16.126612 52.196770
v 44.658783 16.836145 51.855637
v 44.658783 17.548466 51.734768
v 44.658268 18.372301 51.892056
v 44.658783 18.971100 52.195988
v 44.767414 18.717876 55.434906
v 44.928867 19.265442 55.310066
v 44.928967 18.355829 56.043041
v 44.767414 19.059978 55.024715
v 44.928486 19.498047 54.786491
v 44.767414 19.207813 54.692284
v 44.928486 17.550032 56.202499
v 44.767414 17.549763 55.897484
v 44.767414 18.095240 55.799454
v 44.658272 19.850498 54.900776
v 44.658272 19.478037 55.592606
v 44.658455 18.971966 56.110256
v 44.658455 18.214266 56.467110
v 44.658272 17.550024 56.573257
v 44.767410 19.128773 53.438358
v 44.928745 19.308228 53.096745
v 44.928604 19.587688 54.022381
v 44.767227 18.844566 52.986370
v 44.767414 19.283155 54.142296
v 44.658497 19.512135 52.761814
v 44.658268 19.849720 53.405716
v 44.658394 19.955030 54.237663
v 44.767231 15.851002 53.804798
v 44.928677 15.512008 53.794510
v 44.767231 15.815337 54.337334
v 44.928299 15.601322 54.787521
v 44.767231 15.891196 54.693066
v 44.928669 15.835011 52.996506
v 44.767227 16.139315 53.145367
v 44.658787 15.248489 54.902168
v 44.658787 15.143167 54.123482
v 44.658783 15.248489 53.407185
v 44.658554 15.653938 52.670105
v 44.767414 16.692972 55.661591
v 44.928867 16.978224 56.142773
v 44.928818 16.002211 55.504574
v 44.767414 17.187811 55.859688
v 44.767414 16.153168 55.181786
v 44.658272 16.776447 56.432594
v 44.658272 16.128342 56.111298
v 44.658272 15.554860 55.501202
v 43.034992 6.623359 54.372009
v 43.260780 7.034703 54.221607
v 42.958710 6.785158 54.213028
v 43.346542 6.853132 54.355766
v 42.877151 6.492231 53.811844
v 43.034992 6.623359 53.935570
v 43.038208 6.292980 54.086628
v 43.410107 6.718323 54.087128
v 42.964813 6.306396 54.402161
v 42.698730 6.046115 54.373013
v 42.723312 5.994070 54.037853
v 42.605202 6.244464 53.813652
v 42.877155 6.492231 54.495731
v 41.922871 9.296499 49.504044
v 41.966217 8.816707 50.483147
v 41.763279 8.503668 50.786278
v 41.607330 8.526748 50.337669
v 41.599213 8.833368 49.699154
v 41.599365 9.223423 49.046555
v 41.912632 10.142293 48.269287
v 41.950020 11.253103 47.037025
v 42.113674 11.918545 46.936382
v 41.599213 10.619085 47.241314
v 41.599136 10.119246 47.813854
v 41.599411 9.656445 48.419411
v 42.337135 12.433651 47.216862
v 42.873486 13.254307 49.736229
v 42.873791 12.007586 51.459335
v 42.307495 9.308072 51.388878
v 41.971893 8.697023 51.277496
v 41.923054 10.589928 60.580387
v 41.966557 11.361396 61.325184
v 41.912289 9.673609 59.394119
v 41.950153 8.832877 57.939690
v 42.012054 8.805819 57.554825
v 42.307198 9.308085 56.919121
v 42.873589 12.020350 56.873745
v 42.873299 13.273966 58.592873
v 42.307178 12.372422 61.137169
v 41.922989 21.498669 62.764202
v 41.966354 22.457020 62.256012
v 41.912407 20.091654 63.265846
v 41.949921 18.460876 63.612381
v 42.011971 18.082079 63.519844
v 42.307636 17.632404 62.845787
v 42.873314 18.427769 60.252560
v 42.873676 20.448708 59.591221
v 42.306763 22.591328 61.235508
v 41.922958 19.415022 44.866718
v 41.966274 18.341873 44.714687
v 41.912514 20.850601 45.288628
v 41.950012 22.372187 45.966145
v 42.011833 22.624027 46.263672
v 42.306923 22.591311 47.072769
v 42.873573 20.423672 48.704102
v 42.873764 18.399424 48.050575
v 42.307049 17.633087 45.460667
v 32.649895 20.838343 65.814590
v 39.506382 22.213501 64.279488
v 39.506382 20.572153 64.884697
v 32.649895 22.621853 65.156792
v 39.506561 23.739647 63.424355
v 32.649895 24.280592 64.227432
v 39.506561 25.114075 62.341621
v 32.649452 25.774300 63.051453
v 39.506508 26.301090 61.056629
v 32.649456 27.064775 61.655029
v 32.649780 6.546098 59.226437
v 39.506413 8.275295 60.348789
v 39.506413 7.420621 58.822418
v 32.649780 7.475073 60.885258
v 39.500942 9.370202 61.704773
v 32.649780 8.652236 62.378475
v 39.500889 10.654788 62.892159
v 32.649452 10.048222 63.668926
v 39.506546 12.098120 63.881672
v 32.649456 11.629091 64.725410
v 39.506546 13.686688 64.614693
v 32.649456 13.355836 65.521332
v 39.506489 15.370673 65.089035
v 32.649456 15.185807 66.037422
v 39.506489 17.108215 65.295479
v 32.649456 17.073578 66.260834
v 39.506435 18.856209 65.226204
v 32.649456 18.973736 66.186058
v 32.649662 10.818007 44.079815
v 32.649666 9.324660 45.256577
v 32.649342 8.034097 46.652637
v 32.649342 6.977973 48.233578
v 32.649776 6.182306 49.960705
v 32.649776 5.666211 51.790188
v 32.649776 5.442796 53.678375
v 39.506413 6.474126 55.464863
v 32.649780 5.517572 55.578033
v 39.506413 6.815110 57.180668
v 32.649780 5.888246 57.442841
v 32.649776 26.446373 45.929710
v 32.649776 25.050386 44.639263
v 32.649773 23.469522 43.583233
v 32.649773 21.742771 42.787308
v 32.649773 19.913261 42.271221
v 32.649338 18.025064 42.046970
v 32.649338 16.125235 42.121758
v 32.649662 14.260733 42.492451
v 32.649662 12.476515 43.150799
v 39.506508 27.273233 59.602200
v 32.649456 28.121286 60.074196
v 39.506508 28.005924 58.013367
v 32.649456 28.917223 58.347485
v 39.506508 28.481079 56.329716
v 32.649456 29.432863 56.517548
v 39.506508 28.686764 54.592178
v 32.649456 29.656275 54.629814
v 39.506504 28.618200 52.844059
v 32.649776 29.581961 52.729687
v 39.506504 28.276760 51.128345
v 32.649776 29.210827 50.865349
v 39.506504 27.670959 49.486988
v 32.649776 28.552513 49.081291
v 32.649776 27.623533 47.422470
v 42.590164 6.276299 54.494373
v 42.472046 6.526131 54.270378
v 42.747627 6.766576 54.221546
v 42.496662 6.473970 53.934727
v 42.786892 6.683068 53.912426
v 43.324131 6.900614 53.951866
v 43.867752 16.997349 56.761108
v 43.867752 16.466946 56.588661
v 43.867596 14.899359 54.434532
v 43.867592 14.899359 53.877083
v 43.867592 19.528278 52.369373
v 43.867748 19.856199 52.820427
v 43.867752 19.858263 55.484543
v 43.867916 19.530573 55.935825
v 43.867428 16.463737 51.720432
v 43.867592 16.993908 51.547993
v 41.094639 13.523272 54.733692
v 41.094849 13.184553 54.153889
v 41.094860 15.752278 57.803551
v 41.925472 17.072620 57.520489
v 41.925545 16.619743 57.017399
v 41.925621 16.856609 58.162239
v 41.925617 16.200657 58.304829
v 41.925369 15.747961 57.801277
v 43.330032 6.782646 53.875462
v 43.558479 6.972662 53.875370
v 43.411728 6.609751 54.079185
v 43.639816 6.800235 54.079163
v 41.925701 19.914505 56.596355
v 41.925369 20.461655 56.994408
v 41.925659 19.985603 55.922886
v 43.188976 7.081762 54.228382
v 43.417324 7.271680 54.228401
v 43.218822 7.018091 53.950195
v 43.446938 7.209022 53.950142
v 41.925686 19.914291 51.710281
v 41.925320 19.984489 52.383812
v 41.925747 21.080626 56.719311
v 41.925621 21.147430 56.051510
v 41.925472 20.603996 55.647747
v 41.925892 20.466307 51.318146
v 41.925468 20.602997 52.659512
v 43.381683 6.673178 54.357777
v 43.610054 6.863672 54.357853
v 43.270538 6.908762 54.432495
v 43.498482 7.099555 54.432182
v 41.925770 21.151123 52.261753
v 41.925568 15.956311 51.149925
v 41.925640 15.753764 50.503769
v 41.094975 15.753629 50.503563
v 41.925735 16.200611 50.002819
v 41.925514 16.862789 50.144180
v 41.925999 21.080853 51.588230
v 41.925591 15.957281 57.157925
v 41.925690 14.199946 54.740875
v 41.925323 14.539080 54.154709
v 41.925232 14.200750 53.568157
v 41.094528 13.523427 53.572594
v 41.925514 13.523476 53.567650
v 41.925869 13.184402 54.153992
v 41.925800 16.618284 51.290642
v 41.925232 17.071785 50.788277
v 41.925774 13.522757 54.733707
v 40.556938 15.837293 51.797421
v 41.377514 11.486048 54.153912
v 41.377663 22.454847 50.589886
v 42.271385 16.410154 57.661137
v 42.271519 20.532923 56.321270
v 42.271576 16.409592 50.646797
v 42.271255 20.532370 51.986362
v 42.271130 13.862113 54.154175
v 36.578560 19.850912 55.906040
v 36.578552 16.516901 56.990555
v 36.578842 19.849298 52.400360
v 36.578396 16.514746 51.317894
v 36.578426 14.454951 54.155106
vn 0.6305 0.4863 -0.6049
vn 0.9215 0.2660 -0.2831
vn 0.2153 0.9280 -0.3040
vn 0.7187 0.6950 -0.0208
vn 0.9354 0.3535 0.0078
vn 0.9592 0.2286 -0.1661
vn 0.7749 0.5917 0.2221
vn 0.6295 0.7687 -0.1134
vn 0.8129 0.5807 0.0442
vn 0.9854 0.0223 0.1687
vn 0.9668 0.1700 0.1910
vn 0.9445 -0.0173 0.3279
vn 0.9912 0.1285 0.0330
vn 0.9904 -0.0037 -0.1383
vn 0.9350 0.1020 -0.3397
vn 0.9671 -0.1334 -0.2166
vn 0.7629 -0.0243 -0.6461
vn 0.9865 -0.1437 -0.0791
vn 0.9478 -0.3107 -0.0719
vn 0.8104 0.1525 -0.5657
vn 0.4022 0.1292 -0.9064
vn 0.6456 0.6173 -0.4497
vn 0.4669 0.8833 -0.0431
vn 0.7120 0.2265 -0.6646
vn 0.4641 0.2979 -0.8342
vn 0.8671 0.2387 -0.4372
vn 0.6702 0.2717 -0.6907
vn 0.8455 -0.5281 0.0796
vn 0.7111 0.4754 -0.5180
vn 0.8208 -0.5668 0.0704
vn 0.8552 0.5153 -0.0548
vn 0.9624 -0.0345 0.2695
vn 0.8380 -0.4706 0.2763
vn 0.9995 -0.0025 -0.0314
vn 0.7990 0.5794 -0.1611
vn 0.9764 -0.2021 0.0758
vn 0.8272 0.5619 -0.0093
vn 0.9377 -0.3475 -0.0000
vn 0.7672 0.6414 -0.0004
vn 0.9612 0.2758 -0.0038
vn 0.9649 0.2576 -0.0506
vn 0.9661 0.2199 -0.1350
vn 0.6895 -0.7098 0.1440
vn 0.6044 -0.7351 0.3071
vn 0.9824 0.1780 -0.0558
vn 0.9848 0.1578 -0.0731
vn 0.6343 -0.6772 0.3728
vn 0.9963 -0.0856 -0.0001
vn 0.8522 -0.5233 0.0040
vn 0.9665 0.2568 0.0043
vn 0.9789 0.1789 -0.0985
vn 0.6545 -0.6375 0.4065
vn 0.6599 -0.6057 0.4446
vn 0.9789 0.1697 -0.1134
vn 0.9786 0.1310 -0.1584
vn 0.6525 -0.5902 0.4752
vn 0.6341 -0.5587 0.5345
vn 0.9807 0.1473 -0.1288
vn 0.6139 -0.5180 0.5957
vn 0.9865 0.1092 -0.1222
vn 0.9691 0.1732 -0.1754
vn 0.6984 -0.3545 0.6218
vn 0.8299 -0.2599 0.4937
vn 0.8363 -0.2616 0.4818
vn 0.9665 0.1225 -0.2254
vn 0.6610 0.7485 -0.0531
vn 0.9581 0.1195 -0.2602
vn 0.9695 0.0811 -0.2313
vn 0.8519 -0.1591 0.4990
vn 0.9964 -0.0260 0.0812
vn 0.9613 0.0821 -0.2629
vn 0.9995 0.0299 0.0121
vn 0.8031 0.3440 -0.4866
vn 0.9765 -0.1341 0.1687
vn 0.7671 0.1979 -0.6103
vn 0.8272 0.1647 -0.5373
vn 0.9376 -0.1070 0.3308
vn 0.9147 -0.3922 0.0975
vn 0.6309 0.7255 0.2751
vn 0.8267 -0.1515 0.5418
vn 0.9216 0.3512 0.1655
vn 0.9995 0.0203 -0.0234
vn 0.8553 0.1070 -0.5070
vn 0.9621 0.2473 0.1151
vn 0.2034 -0.7920 -0.5756
vn 0.3125 -0.8866 0.3411
vn 0.8738 -0.3367 -0.3507
vn 0.9298 -0.1152 0.3495
vn 0.8353 0.1180 0.5370
vn 0.6345 -0.4290 0.6429
vn 0.9202 0.3617 -0.1500
vn 0.9995 -0.0298 -0.0075
vn 0.8270 0.4403 0.3497
vn 0.8267 -0.1958 -0.5274
vn 0.8267 -0.1959 0.5274
vn 0.2030 0.9792 0.0001
vn 0.2035 0.3026 -0.9311
vn 0.3124 0.9182 -0.2436
vn 0.8102 0.2098 -0.5474
vn 0.7634 0.3989 -0.5081
vn 0.4018 0.4285 -0.8093
vn 0.9865 0.1624 0.0200
vn 0.8489 0.3771 0.3703
vn 0.7111 -0.0794 -0.6986
vn 0.6703 0.1862 -0.7184
vn 0.4643 0.2493 -0.8499
vn 0.7121 0.2074 -0.6707
vn 0.9349 0.1171 -0.3350
vn 0.9592 -0.0873 -0.2688
vn 0.6457 -0.2365 -0.7260
vn 0.7121 -0.5621 -0.4206
vn 0.7991 -0.3739 -0.4707
vn 0.9764 0.1193 0.1802
vn 0.9679 -0.1709 -0.1845
vn 0.9698 -0.1000 -0.2223
vn 0.9615 -0.2201 -0.1646
vn 0.7671 -0.5187 -0.3774
vn 0.8272 -0.4492 -0.3377
vn 0.9377 0.2811 0.2041
vn 0.9621 -0.1976 -0.1881
vn 0.9685 -0.2105 -0.1329
vn 0.8511 0.4232 0.3107
vn 0.9964 0.0688 0.0498
vn 0.4987 -0.0878 0.8623
vn 0.4420 0.7261 0.5267
vn 0.4998 0.5760 0.6468
vn 0.9764 0.0095 0.2159
vn 0.4421 -0.2764 0.8533
vn 0.9865 -0.1198 0.1116
vn 0.8455 -0.0874 0.5267
vn 0.9649 0.0315 -0.2606
vn 0.7110 -0.3466 -0.6118
vn 0.7992 0.0257 -0.6005
vn 0.8102 -0.4914 -0.3194
vn 0.9663 -0.0604 -0.2503
vn 0.8208 -0.1082 0.5609
vn 0.6896 -0.0819 0.7195
vn 0.6045 0.0646 0.7940
vn 0.9825 0.0020 -0.1861
vn 0.9850 -0.0210 -0.1713
vn 0.6346 0.1454 0.7591
vn 0.9477 -0.1649 0.2732
vn 0.7633 -0.6215 -0.1765
vn 0.4018 -0.8224 -0.4028
vn 0.4649 -0.7013 -0.5404
vn 0.6701 -0.5733 -0.4715
vn 0.9352 -0.2913 -0.2014
vn 0.9791 -0.0385 -0.1999
vn 0.6542 0.1896 0.7322
vn 0.6600 0.2360 0.7132
vn 0.9792 -0.0551 -0.1953
vn 0.9807 -0.0933 -0.1717
vn 0.6519 0.2696 0.7087
vn 0.6335 0.3359 0.6970
vn 0.9852 -0.0759 -0.1535
vn 0.6133 0.4072 0.6768
vn 0.9863 -0.0904 -0.1382
vn 0.6980 0.4823 0.5293
vn 0.8249 0.4030 0.3963
vn 0.9479 0.2934 0.1245
vn 0.9659 0.2380 -0.1022
vn 0.9900 0.0829 -0.1143
vn 0.9914 -0.1228 -0.0445
vn 0.9680 -0.2441 0.0577
vn 0.8269 -0.5618 0.0239
vn 0.9149 -0.0282 0.4028
vn 0.8268 0.4681 0.3118
vn 0.9995 -0.0160 -0.0264
vn 0.8553 -0.4491 -0.2584
vn 0.9623 0.1862 -0.1983
vn 0.2031 -0.7922 0.5755
vn 0.3125 0.0508 0.9486
vn 0.8669 -0.4505 0.2136
vn 0.9210 0.2722 0.2788
vn 0.8382 0.5428 0.0537
vn 0.9148 -0.0283 -0.4029
vn 0.6306 0.4858 0.6052
vn 0.8269 0.4685 -0.3110
vn 0.9995 -0.0161 0.0267
vn 0.3125 0.0519 -0.9485
vn 0.8129 -0.4439 -0.3771
vn 0.7749 -0.3482 -0.5276
vn 0.6295 -0.6886 -0.3599
vn 0.9854 0.0810 -0.1495
vn 0.8364 0.4949 -0.2357
vn 0.6614 -0.6363 -0.3971
vn 0.4669 -0.7399 -0.4844
vn 0.7187 -0.5746 -0.3916
vn 0.9351 -0.2822 -0.2143
vn 0.9592 -0.2827 -0.0001
vn 0.6454 -0.7639 0.0009
vn 0.7184 -0.5747 0.3921
vn 0.8031 -0.5643 0.1913
vn 0.9765 0.2078 -0.0576
vn 0.9664 -0.2322 0.1105
vn 0.9717 -0.2323 0.0429
vn 0.9612 -0.2210 0.1652
vn 0.7670 -0.5189 0.3774
vn 0.8271 -0.4492 0.3378
vn 0.9376 0.2812 -0.2044
vn 0.9578 -0.2506 0.1407
vn 0.9692 -0.2014 0.1420
vn 0.8519 0.4219 -0.3102
vn 0.9963 0.0693 -0.0503
vn 0.4988 0.7927 0.3503
vn 0.4421 0.7251 -0.5279
vn 0.4998 0.7931 -0.3482
vn 0.9764 0.2083 0.0576
vn 0.9855 0.0801 0.1498
vn 0.9662 -0.2312 -0.1142
vn 0.8033 -0.5640 -0.1912
vn 0.8127 -0.4438 0.3777
vn 0.8332 0.4996 0.2372
vn 0.9680 -0.2497 -0.0247
vn 0.8268 0.5011 0.2557
vn 0.7054 0.6455 0.2927
vn 0.6041 0.7755 0.1835
vn 0.9828 -0.1750 -0.0590
vn 0.9851 -0.1690 -0.0335
vn 0.6344 0.7670 0.0959
vn 0.9398 0.2162 0.2647
vn 0.6296 -0.6885 0.3600
vn 0.7749 -0.3480 0.5276
vn 0.4667 -0.7402 0.4841
vn 0.6615 -0.6363 0.3969
vn 0.9354 -0.2814 0.2142
vn 0.9766 -0.2147 -0.0104
vn 0.6540 0.7551 0.0459
vn 0.6601 0.7511 -0.0041
vn 0.9741 -0.2255 -0.0189
vn 0.9812 -0.1912 0.0270
vn 0.6519 0.7574 -0.0375
vn 0.6345 0.7659 -0.1035
vn 0.9827 -0.1813 0.0392
vn 0.6141 0.7690 -0.1775
vn 0.9866 -0.1611 0.0257
vn 0.6983 0.6523 -0.2947
vn 0.8299 0.5006 -0.2463
vn 0.9446 0.2066 -0.2551
vn 0.9672 -0.0193 -0.2532
vn 0.9904 -0.0777 -0.1144
vn 0.9911 -0.0847 0.1025
vn 0.9665 -0.0283 0.2551
vn 0.9149 0.3743 0.1513
vn 0.6306 -0.4257 -0.6489
vn 0.8271 0.4402 -0.3495
vn 0.9216 -0.1867 -0.3404
vn 0.9995 -0.0297 0.0068
vn 0.8552 -0.3846 0.3474
vn 0.9623 -0.1309 -0.2385
vn 0.2035 0.3024 0.9312
vn 0.3125 0.9177 0.2451
vn 0.8670 0.0638 0.4941
vn 0.9210 0.3494 -0.1726
vn 0.8380 0.2189 -0.4999
vn 0.9147 -0.3922 -0.0976
vn 0.6309 0.7254 -0.2753
vn 0.8267 -0.1516 -0.5419
vn 0.9995 0.0204 0.0236
vn 0.3127 -0.8862 -0.3419
vn 0.8129 -0.4958 0.3056
vn 0.7749 -0.6093 0.1680
vn 0.6296 -0.5550 0.5436
vn 0.9865 -0.1192 -0.1125
vn 0.8488 -0.0874 -0.5214
vn 0.6616 -0.5741 0.4824
vn 0.4669 -0.6891 0.5542
vn 0.7186 -0.5501 0.4253
vn 0.9349 -0.2916 0.2022
vn 0.9592 -0.0874 0.2688
vn 0.6455 -0.2351 0.7267
vn 0.7121 0.2073 0.6708
vn 0.8030 0.0076 0.5959
vn 0.9765 0.0093 -0.2151
vn 0.9669 0.0517 0.2500
vn 0.9702 -0.0404 0.2390
vn 0.9612 0.0889 0.2612
vn 0.7671 0.1986 0.6100
vn 0.8272 0.1825 0.5314
vn 0.9375 -0.1076 -0.3310
vn 0.9541 0.0302 0.2980
vn 0.9686 0.0921 0.2311
vn 0.8510 -0.1597 -0.5003
vn 0.9963 -0.0266 -0.0816
vn 0.8270 -0.5618 -0.0240
vn 0.8455 0.3804 -0.3748
vn 0.9637 -0.1896 0.1881
vn 0.7112 -0.0803 0.6984
vn 0.7990 -0.3739 0.4709
vn 0.8104 0.2092 0.5473
vn 0.9865 0.1626 -0.0204
vn 0.9702 -0.1123 0.2149
vn 0.8209 0.4168 -0.3903
vn 0.6895 0.4891 -0.5342
vn 0.6043 0.4145 -0.6804
vn 0.9862 -0.0752 0.1475
vn 0.9851 -0.0908 0.1457
vn 0.6344 0.3287 -0.6997
vn 0.9479 0.2933 -0.1245
vn 0.7634 0.3990 0.5080
vn 0.4023 0.4281 0.8092
vn 0.4643 0.2493 0.8499
vn 0.6702 0.1862 0.7184
vn 0.9352 0.1171 0.3341
vn 0.9764 0.1189 -0.1802
vn 0.9793 -0.0676 0.1907
vn 0.6541 0.2770 -0.7038
vn 0.6600 0.2284 -0.7157
vn 0.9740 -0.0877 0.2087
vn 0.9811 -0.0329 0.1904
vn 0.6519 0.1984 -0.7319
vn 0.6336 0.1382 -0.7613
vn 0.9831 -0.0186 0.1821
vn 0.6130 0.0688 -0.7871
vn 0.9869 -0.0252 0.1590
vn 0.6984 -0.0796 -0.7112
vn 0.8248 -0.0936 -0.5576
vn 0.9478 -0.1644 -0.2733
vn 0.9658 -0.2528 -0.0571
vn 0.9900 -0.1343 0.0438
vn 0.9914 0.0735 0.1085
vn 0.9680 0.2317 0.0968
vn 0.4987 0.5781 -0.6458
vn 0.4421 -0.2778 -0.8529
vn 0.4999 -0.0867 -0.8617
vn 0.2405 -0.6976 0.6750
vn -0.6206 -0.5557 0.5532
vn -0.6201 -0.6004 0.5049
vn 0.1234 -0.6324 0.7647
vn -0.6200 -0.5083 0.5977
vn 0.2021 -0.5845 0.7858
vn -0.6206 -0.4623 0.6334
vn 0.1223 -0.5052 0.8543
vn -0.6197 -0.4088 0.6700
vn 0.2025 -0.4543 0.8675
vn -0.6208 -0.3574 0.6977
vn 0.1252 -0.3652 0.9225
vn -0.6200 -0.2988 0.7255
vn 0.7883 -0.1686 0.5917
vn -0.6210 -0.2438 0.7449
vn 0.6990 -0.1671 0.6953
vn -0.6197 -0.1788 0.7642
vn 0.7293 -0.1107 0.6752
vn 0.7727 -0.0465 0.6330
vn -0.6210 -0.0627 0.7813
vn 0.6990 -0.0000 0.7151
vn -0.6240 -0.0023 0.7814
vn 0.7858 0.0514 0.6164
vn -0.6196 0.0614 0.7825
vn 0.6833 0.1138 0.7212
vn -0.6220 0.1236 0.7732
vn 0.6992 0.1669 0.6952
vn -0.6207 0.1849 0.7619
vn 0.7347 0.2163 0.6430
vn 0.6988 0.2737 0.6609
vn -0.6203 0.2963 0.7263
vn 0.7549 0.2931 0.5867
vn -0.6196 0.3577 0.6987
vn 0.2413 0.4948 0.8349
vn -0.6201 0.4123 0.6674
vn 0.1568 0.6081 0.7782
vn -0.5923 0.5166 0.6183
vn 0.7707 0.4491 0.4520
vn -0.6182 0.5502 0.5613
vn 0.7744 0.4786 0.4138
vn -0.6218 0.5962 0.5078
vn 0.7740 0.5100 0.3752
vn -0.6201 0.6336 0.4625
vn 0.2400 0.8201 0.5194
vn -0.6190 0.6725 0.4057
vn 0.1070 0.8962 0.4305
vn -0.5911 0.7422 0.3159
vn 0.1227 0.9465 0.2985
vn -0.6235 0.7403 0.2515
vn 0.6985 0.7036 0.1310
vn -0.6210 0.7632 0.1787
vn 0.1746 0.9699 0.1699
vn 0.1216 0.9906 0.0623
vn -0.6236 0.7789 0.0662
vn 0.2040 0.9789 0.0107
vn -0.6197 0.7849 0.0002
vn 0.1215 0.9882 -0.0935
vn -0.6221 0.7805 -0.0626
vn 0.2029 0.9688 -0.1426
vn -0.6205 0.7748 -0.1211
vn 0.1237 0.9611 -0.2468
vn -0.6196 0.7622 -0.1877
vn 0.6491 0.7084 -0.2771
vn 0.6974 0.6622 -0.2739
vn -0.6204 0.7255 -0.2978
vn 0.7662 0.5712 -0.2943
vn -0.6225 0.6968 -0.3564
vn 0.2787 0.8281 -0.4864
vn -0.6292 0.6391 -0.4422
vn -0.0532 0.7907 -0.6099
vn 0.1132 0.6997 -0.7054
vn -0.6169 0.5676 -0.5452
vn 0.4426 0.5731 -0.6897
vn -0.6213 0.5076 -0.5969
vn 0.7716 0.3722 -0.5158
vn -0.6219 0.4617 -0.6325
vn 0.7716 0.3295 -0.5441
vn -0.6210 0.4083 -0.6691
vn 0.6975 0.3252 -0.6386
vn -0.6220 0.3568 -0.6970
vn 0.7845 0.2345 -0.5740
vn -0.6214 0.2955 -0.7257
vn 0.6322 0.2403 -0.7366
vn 0.6992 0.1669 -0.6952
vn -0.6200 0.1856 -0.7624
vn 0.7351 0.0909 -0.6718
vn -0.6204 0.1244 -0.7744
vn 0.6984 0.0560 -0.7135
vn -0.6205 0.0598 -0.7819
vn 0.7670 -0.0023 -0.6417
vn -0.6212 0.0016 -0.7836
vn 0.2384 -0.0604 -0.9693
vn -0.6197 -0.0631 -0.7823
vn 0.1217 -0.1707 -0.9778
vn -0.6211 -0.1210 -0.7743
vn 0.2533 -0.2192 -0.9422
vn -0.6202 -0.1847 -0.7624
vn 0.0020 -0.3090 -0.9511
vn -0.6207 -0.2406 -0.7462
vn 0.3301 -0.3749 -0.8663
vn -0.6205 -0.3027 -0.7234
vn 0.2636 -0.4204 -0.8682
vn -0.6242 -0.3527 -0.6971
vn 0.1218 -0.5317 -0.8381
vn -0.6196 -0.4099 -0.6694
vn 0.2031 -0.5668 -0.7985
vn -0.6240 -0.4614 -0.6307
vn 0.1218 -0.6563 -0.7446
vn -0.6242 -0.5055 -0.5956
vn 0.7289 -0.5057 -0.4614
vn -0.6197 -0.5583 -0.5516
vn 0.1575 -0.7431 -0.6504
vn -0.5945 -0.6446 -0.4808
vn 0.2017 -0.8261 -0.5261
vn -0.6188 -0.6680 -0.4134
vn 0.0586 -0.8965 -0.4391
vn 0.2035 -0.9010 -0.3831
vn -0.6212 -0.7236 -0.3007
vn 0.1603 -0.9488 -0.2720
vn -0.5915 -0.7820 -0.1967
vn 0.7704 -0.6277 -0.1117
vn -0.6191 -0.7744 -0.1304
vn -0.0016 -0.9969 -0.0785
vn -0.6234 -0.7796 -0.0602
vn 0.3282 -0.9445 0.0149
vn -0.6219 -0.7831 -0.0017
vn 0.2633 -0.9631 0.0560
vn -0.6210 -0.7813 0.0630
vn 0.1205 -0.9779 0.1708
vn -0.6225 -0.7733 0.1208
vn 0.2020 -0.9548 0.2180
vn -0.6216 -0.7611 0.1854
vn 0.1204 -0.9392 0.3216
vn -0.6255 -0.7427 0.2390
vn 0.2026 -0.9088 0.3648
vn -0.6213 -0.7240 0.2996
vn 0.1281 -0.8747 0.4675
vn -0.6241 -0.6934 0.3601
vn 0.1398 -0.8487 0.5100
vn -0.5924 -0.6585 0.4641
vn 0.7645 -0.5028 0.4033
vn -0.6994 0.5782 0.4202
vn 0.6181 0.5979 0.5104
vn 0.6173 0.6364 0.4625
vn -0.6986 0.5442 0.4645
vn 0.6173 0.5563 0.5563
vn -0.6993 0.5054 0.5055
vn 0.6175 0.5108 0.5982
vn -0.6991 0.4644 0.5437
vn 0.6178 0.4622 0.6361
vn -0.6989 0.4204 0.5786
vn 0.6177 0.4109 0.6705
vn -0.6992 0.3735 0.6096
vn 0.6180 0.3570 0.7005
vn -0.6988 0.3248 0.6374
vn 0.6177 0.3009 0.7266
vn -0.6992 0.2735 0.6605
vn 0.6179 0.2430 0.7478
vn -0.6989 0.2209 0.6802
vn 0.6174 0.1836 0.7649
vn -0.6993 0.1668 0.6951
vn 0.6177 0.1230 0.7768
vn -0.6990 0.1119 0.7063
vn 0.6178 0.0617 0.7839
vn -0.6989 0.0562 0.7130
vn 0.6178 -0.0000 0.7863
vn -0.6988 -0.0000 0.7154
vn 0.6178 -0.0618 0.7839
vn -0.6989 -0.0562 0.7130
vn 0.6177 -0.1230 0.7767
vn -0.6990 -0.1118 0.7063
vn 0.6176 -0.1836 0.7648
vn -0.6990 -0.1670 0.6953
vn 0.6181 -0.2430 0.7476
vn -0.6985 -0.2212 0.6805
vn 0.6184 -0.3007 0.7261
vn -0.6984 -0.2738 0.6613
vn 0.6174 -0.3571 0.7009
vn -0.6993 -0.3246 0.6369
vn 0.6172 -0.4111 0.6709
vn -0.6995 -0.3734 0.6093
vn 0.6174 -0.4624 0.6364
vn -0.6993 -0.4202 0.5783
vn 0.6181 -0.5106 0.5977
vn -0.6985 -0.4647 0.5442
vn 0.6180 -0.5559 0.5559
vn -0.6990 -0.5057 0.5057
vn 0.6188 -0.5972 0.5103
vn -0.6980 -0.5443 0.4654
vn 0.6193 -0.6353 0.4614
vn -0.6978 -0.5795 0.4210
vn 0.6195 -0.6693 0.4102
vn -0.6976 -0.6109 0.3744
vn 0.6194 -0.6995 0.3565
vn -0.6977 -0.6383 0.3253
vn 0.6191 -0.7256 0.3004
vn -0.6979 -0.6617 0.2740
vn 0.6193 -0.7467 0.2427
vn -0.6978 -0.6812 0.2213
vn 0.6190 -0.7637 0.1833
vn -0.6980 -0.6963 0.1671
vn 0.6191 -0.7757 0.1228
vn -0.6980 -0.7073 0.1120
vn 0.6192 -0.7828 0.0615
vn -0.6978 -0.7141 0.0561
vn 0.6193 -0.7852 -0.0000
vn -0.6978 -0.7162 -0.0000
vn 0.6192 -0.7828 -0.0615
vn -0.6979 -0.7140 -0.0562
vn 0.6192 -0.7756 -0.1227
vn -0.6979 -0.7074 -0.1119
vn 0.6181 -0.7644 -0.1835
vn -0.6987 -0.6957 -0.1670
vn 0.6174 -0.7481 -0.2432
vn -0.6993 -0.6797 -0.2211
vn 0.6178 -0.7265 -0.3009
vn -0.6991 -0.6606 -0.2736
vn 0.6174 -0.7009 -0.3572
vn -0.6992 -0.6370 -0.3246
vn 0.6177 -0.6705 -0.4110
vn -0.6990 -0.6097 -0.3737
vn 0.6178 -0.6361 -0.4622
vn -0.6988 -0.5787 -0.4205
vn 0.6181 -0.5978 -0.5105
vn -0.6986 -0.5441 -0.4647
vn 0.6179 -0.5560 -0.5560
vn -0.6990 -0.5057 -0.5057
vn 0.6175 -0.5108 -0.5981
vn -0.6991 -0.4643 -0.5437
vn 0.6179 -0.4622 -0.6361
vn -0.6989 -0.4204 -0.5786
vn 0.6181 -0.4108 -0.6703
vn -0.6987 -0.3739 -0.6100
vn 0.6174 -0.3570 -0.7010
vn -0.6994 -0.3243 -0.6369
vn 0.6183 -0.3009 -0.7260
vn -0.6984 -0.2741 -0.6612
vn 0.6179 -0.2430 -0.7477
vn -0.6989 -0.2210 -0.6802
vn 0.6175 -0.1836 -0.7649
vn -0.6993 -0.1668 -0.6951
vn 0.6177 -0.1230 -0.7767
vn -0.6990 -0.1119 -0.7063
vn 0.6179 -0.0618 -0.7839
vn -0.6988 -0.0562 -0.7131
vn 0.6172 0.0001 -0.7868
vn -0.6995 0.0001 -0.7147
vn 0.6178 0.0616 -0.7839
vn -0.6988 0.0560 -0.7131
vn 0.6177 0.1229 -0.7767
vn -0.6990 0.1119 -0.7063
vn 0.6174 0.1837 -0.7649
vn -0.6993 0.1669 -0.6951
vn 0.6180 0.2431 -0.7477
vn -0.6986 0.2212 -0.6804
vn 0.6191 0.3005 -0.7255
vn -0.6978 0.2741 -0.6617
vn 0.6194 0.3564 -0.6995
vn -0.6975 0.3252 -0.6385
vn 0.6191 0.4104 -0.6696
vn -0.6980 0.3741 -0.6106
vn 0.6192 0.4615 -0.6353
vn -0.6979 0.4209 -0.5795
vn 0.6194 0.5096 -0.5971
vn -0.6976 0.4651 -0.5450
vn 0.6187 0.5556 -0.5555
vn -0.6983 0.5063 -0.5060
vn 0.6194 0.5969 -0.5099
vn -0.6976 0.5448 -0.4654
vn 0.6187 0.6356 -0.4617
vn -0.6984 0.5791 -0.4206
vn 0.6188 0.6698 -0.4105
vn -0.6981 0.6104 -0.3742
vn 0.6188 0.6999 -0.3567
vn -0.6983 0.6377 -0.3250
vn 0.6191 0.7255 -0.3006
vn -0.6979 0.6617 -0.2742
vn 0.6193 0.7467 -0.2426
vn -0.6978 0.6812 -0.2213
vn 0.6189 0.7638 -0.1833
vn -0.6983 0.6961 -0.1668
vn 0.6179 0.7766 -0.1227
vn -0.6991 0.7063 -0.1115
vn 0.6180 0.7838 -0.0617
vn -0.6989 0.7130 -0.0562
vn 0.6180 0.7862 -0.0001
vn -0.6988 0.7153 -0.0002
vn 0.6171 0.7845 0.0620
vn -0.6995 0.7124 0.0563
vn 0.6177 0.7767 0.1230
vn -0.6990 0.7063 0.1118
vn 0.6183 0.7643 0.1832
vn -0.6984 0.6960 0.1668
vn 0.6174 0.7481 0.2432
vn -0.6992 0.6798 0.2211
vn 0.6178 0.7265 0.3009
vn -0.6990 0.6607 0.2736
vn 0.6174 0.7010 0.3571
vn -0.6993 0.6370 0.3245
vn 0.6174 0.6707 0.4110
vn -0.6992 0.6096 0.3736
vn -0.6035 -0.7973 0.0003
vn -0.3985 -0.6287 0.6678
vn -0.3501 -0.7577 0.5507
vn -0.5078 -0.3271 0.7970
vn -0.6086 -0.2425 0.7555
vn -0.3988 -0.8294 0.3913
vn -0.5072 -0.8594 0.0648
vn -0.8437 -0.1659 0.5105
vn -0.6070 -0.7348 -0.3027
vn -0.6491 -0.5453 -0.5303
vn -0.5081 0.6565 0.5576
vn -0.8437 0.4342 0.3156
vn -0.6066 -0.5150 0.6057
vn -0.6483 -0.6737 0.3546
vn -0.5084 -0.2035 0.8368
vn -0.6165 0.6380 0.4613
vn -0.5083 0.7331 -0.4518
vn -0.6166 0.6376 -0.4618
vn -0.3974 0.1165 -0.9102
vn -0.3506 0.2895 -0.8907
vn -0.5078 -0.2030 -0.8372
vn -0.6086 -0.2431 -0.7553
vn -0.3982 0.4405 -0.8046
vn -0.5081 0.6564 -0.5576
vn -0.8438 -0.1658 -0.5105
vn -0.6067 0.7725 -0.1875
vn -0.6483 0.7534 0.1097
vn -0.3976 -0.8294 -0.3925
vn -0.3510 -0.7575 -0.5504
vn -0.5081 -0.8588 -0.0654
vn -0.5082 -0.3276 -0.7965
vn -0.3978 -0.6295 -0.6674
vn -0.5009 0.8096 -0.3060
vn -0.4596 0.8729 0.1635
vn -0.4866 0.8731 0.0293
vn -0.4475 0.8928 -0.0519
vn -0.4329 0.8473 0.3077
vn -0.4150 0.8730 0.2562
vn -0.4289 0.7872 0.4431
vn -0.4032 0.7806 0.4777
vn -0.4317 0.7092 0.5574
vn -0.3895 0.7447 0.5419
vn -0.3965 0.6918 0.6034
vn -0.4355 0.6078 0.6640
vn -0.4442 0.4944 0.7471
vn -0.4004 0.5318 0.7462
vn -0.4749 0.3587 0.8036
vn -0.4570 0.2321 0.8587
vn -0.4866 0.2420 0.8394
vn -0.5099 -0.0447 0.8591
vn -0.5004 0.5416 0.6754
vn -0.4596 0.1140 0.8808
vn -0.4472 0.3254 0.8332
vn -0.4327 -0.0309 0.9010
vn -0.4143 0.0262 0.9097
vn -0.4286 -0.1781 0.8858
vn -0.4027 -0.2130 0.8902
vn -0.4315 -0.3109 0.8469
vn -0.3890 -0.2852 0.8760
vn -0.3960 -0.3605 0.8446
vn -0.4353 -0.4439 0.7832
vn -0.4440 -0.5578 0.7012
vn -0.4000 -0.5454 0.7366
vn -0.4748 -0.6535 0.5894
vn -0.4569 -0.7440 0.4876
vn -0.4866 -0.7236 0.4895
vn -0.5098 -0.8308 0.2235
vn -0.4998 -0.4753 0.7241
vn -0.6459 0.6349 0.4239
vn -0.6464 0.5436 0.5354
vn -0.6436 0.4386 0.6272
vn -0.6426 0.3296 0.6917
vn -0.6444 0.2083 0.7358
vn -0.6466 0.0661 0.7599
vn -0.6434 -0.0741 0.7620
vn -0.6426 -0.1989 0.7399
vn -0.6426 -0.3121 0.6998
vn -0.6426 -0.4178 0.6423
vn -0.6459 -0.5180 0.5608
vn -0.6489 -0.6174 0.4446
vn -0.6486 -0.6984 0.3027
vn -0.6445 -0.7465 0.1654
vn -0.6459 -0.7629 0.0303
vn -0.6462 -0.7547 -0.1134
vn -0.6469 -0.7178 -0.2573
vn -0.6488 -0.6478 -0.3994
vn -0.6512 -0.5394 -0.5338
vn -0.6486 -0.4082 -0.6425
vn -0.6446 -0.2801 -0.7114
vn -0.6426 -0.1587 -0.7496
vn -0.6426 -0.0396 -0.7652
vn -0.6425 0.0806 -0.7620
vn -0.6414 0.1998 -0.7407
vn -0.6424 0.3124 -0.6998
vn -0.6426 0.4179 -0.6422
vn -0.6426 0.5129 -0.5692
vn -0.6397 0.5975 -0.4834
vn -0.6416 0.6645 -0.3832
vn -0.6415 0.7167 -0.2735
vn -0.6459 0.7487 -0.1491
vn -0.6498 0.7601 0.0031
vn -0.6477 0.7437 0.1656
vn -0.6425 0.7031 0.3047
vn 0.6359 -0.5859 0.5023
vn 0.6353 -0.5472 0.5449
vn 0.6344 -0.5017 0.5881
vn 0.6343 -0.4547 0.6252
vn 0.6343 -0.4036 0.6594
vn 0.6342 -0.3515 0.6886
vn 0.6342 -0.2953 0.7146
vn 0.6342 -0.2394 0.7352
vn 0.6342 -0.1800 0.7519
vn 0.6342 -0.1215 0.7636
vn 0.6342 -0.0602 0.7708
vn 0.6346 -0.0000 0.7728
vn 0.6344 0.0604 0.7706
vn 0.6357 0.1221 0.7622
vn 0.6353 0.1787 0.7513
vn 0.6343 0.2393 0.7352
vn 0.6342 0.2955 0.7144
vn 0.6342 0.3514 0.6887
vn 0.6343 0.4034 0.6595
vn 0.6342 0.4549 0.6252
vn 0.6347 0.5018 0.5877
vn 0.6345 0.5465 0.5466
vn 0.6357 0.5879 0.5002
vn 0.6353 0.6238 0.4552
vn 0.6342 0.6594 0.4037
vn 0.6343 0.6886 0.3513
vn 0.6341 0.7146 0.2953
vn 0.6347 0.7349 0.2390
vn 0.6344 0.7516 0.1805
vn 0.6357 0.7626 0.1194
vn 0.6359 0.7693 0.0617
vn 0.6345 0.7729 0.0001
vn 0.6358 0.7693 -0.0618
vn 0.6355 0.7629 -0.1192
vn 0.6343 0.7516 -0.1811
vn 0.6343 0.7354 -0.2384
vn 0.6342 0.7142 -0.2960
vn 0.6344 0.6890 -0.3503
vn 0.6343 0.6588 -0.4045
vn 0.6343 0.6258 -0.4540
vn 0.6343 0.5876 -0.5023
vn 0.6344 0.5470 -0.5463
vn 0.6343 0.5016 -0.5883
vn 0.6343 0.4547 -0.6252
vn 0.6343 0.4035 -0.6594
vn 0.6343 0.3513 -0.6886
vn 0.6343 0.2954 -0.7145
vn 0.6343 0.2394 -0.7351
vn 0.6342 0.1799 -0.7520
vn 0.6342 0.1215 -0.7636
vn 0.6343 0.0602 -0.7708
vn 0.6342 0.0003 -0.7731
vn 0.6342 -0.0612 -0.7708
vn 0.6342 -0.1204 -0.7637
vn 0.6342 -0.1810 -0.7517
vn 0.6342 -0.2384 -0.7355
vn 0.6342 -0.2963 -0.7141
vn 0.6347 -0.3509 -0.6885
vn 0.6344 -0.4038 -0.6591
vn 0.6358 -0.4547 -0.6237
vn 0.6358 -0.5003 -0.5877
vn 0.6345 -0.5465 -0.5466
vn 0.6357 -0.5879 -0.5003
vn 0.6358 -0.6237 -0.4547
vn 0.6345 -0.6590 -0.4039
vn 0.6358 -0.6884 -0.3492
vn 0.6353 -0.7128 -0.2972
vn 0.6342 -0.7354 -0.2386
vn 0.6347 -0.7514 -0.1805
vn 0.6346 -0.7633 -0.1209
vn 0.6358 -0.7696 -0.0593
vn 0.6354 -0.7722 -0.0017
vn 0.6343 -0.7707 0.0612
vn 0.6343 -0.7636 0.1204
vn 0.6343 -0.7516 0.1810
vn 0.6348 -0.7349 0.2387
vn 0.6346 -0.7141 0.2956
vn 0.6358 -0.6871 0.3516
vn 0.6362 -0.6583 0.4023
vn 0.6344 -0.6254 0.4544
vn 0.0831 0.0389 0.9958
vn 0.6105 -0.2555 0.7497
vn 0.6278 0.5187 0.5804
vn 0.0448 -0.8355 0.5477
vn 0.6005 -0.7855 0.1495
vn 0.0769 -0.8540 -0.5145
vn 0.6272 -0.5098 -0.5889
vn 0.1141 -0.1239 -0.9857
vn 0.6415 0.2345 -0.7304
vn 0.1336 0.6215 -0.7720
vn 0.6218 0.7698 -0.1442
vn 0.1492 0.9873 -0.0546
vn 0.1870 0.8090 0.5573
vn 0.1200 -0.6730 -0.7298
vn 0.6417 -0.2407 -0.7282
vn 0.6279 -0.7609 -0.1637
vn 0.1335 0.0487 -0.9898
vn 0.6221 0.5369 -0.5699
vn 0.1343 0.7772 -0.6147
vn 0.5913 0.7764 0.2182
vn 0.1300 0.9816 0.1401
vn 0.5884 0.2861 0.7562
vn 0.0649 0.2176 0.9739
vn 0.6069 -0.5271 0.5949
vn 0.1408 -0.7338 0.6646
vn 0.1845 -0.9826 0.0233
vn -0.0027 0.8859 -0.4638
vn 0.5746 0.8120 0.1025
vn 0.0333 0.7496 0.6610
vn 0.6132 0.3046 0.7289
vn 0.1391 -0.1690 0.9758
vn 0.6428 -0.4866 0.5916
vn 0.0699 -0.8143 0.5762
vn 0.6143 -0.7863 0.0658
vn 0.0531 -0.9732 -0.2236
vn 0.6407 -0.5899 -0.4914
vn 0.1327 -0.5432 -0.8290
vn 0.6267 0.0447 -0.7780
vn 0.0832 0.2301 -0.9696
vn 0.6162 0.6186 -0.4875
vn -0.0146 -0.2890 -0.9572
vn 0.5770 0.6540 -0.4892
vn 0.4969 0.2964 -0.8156
vn 0.0622 0.8521 -0.5197
vn 0.6109 0.7450 0.2681
vn 0.0877 0.8835 0.4602
vn 0.6204 0.2673 0.7373
vn 0.0825 0.2907 0.9532
vn 0.6166 -0.3317 0.7139
vn 0.0897 -0.5921 0.8008
vn 0.6057 -0.7929 0.0673
vn 0.0830 -0.9926 -0.0887
vn 0.6061 -0.4545 -0.6527
vn 0.0867 -0.9467 0.3103
vn 0.6125 -0.6883 0.3887
vn 0.6060 -0.6808 -0.4115
vn 0.0920 -0.7541 -0.6503
vn 0.6136 0.0168 -0.7895
vn 0.0469 0.1924 -0.9802
vn 0.6102 0.5972 -0.5206
vn 0.0083 0.9441 -0.3294
vn 0.6103 0.7893 0.0671
vn 0.0455 0.7789 0.6255
vn 0.5972 0.4142 0.6869
vn 0.0271 -0.2308 0.9726
vn 0.6108 -0.2170 0.7615
vn 0.6492 0.7584 0.0583
vn 0.5480 0.8338 0.0666
vn 0.6447 0.7635 -0.0368
vn 0.2133 -0.9279 0.3058
vn 0.9212 -0.3838 -0.0645
vn 0.2517 -0.7756 0.5788
vn 0.2154 -0.5721 0.7914
vn 0.9215 -0.0490 0.3852
vn 0.2135 0.0042 0.9769
vn 0.2517 0.3106 0.9166
vn 0.2154 0.5756 0.7889
vn 0.2133 0.5711 -0.7927
vn 0.2516 0.2873 -0.9242
vn 0.2151 -0.0022 -0.9766
vn 0.2132 -0.5773 -0.7882
vn 0.8353 -0.4111 -0.3651
vn 0.9298 -0.1123 -0.3505
vn 0.2515 -0.7903 -0.5588
vn 0.9621 -0.2675 0.0521
vn 0.2151 -0.9295 -0.2996
vn 0.9216 -0.3814 0.0725
vn 0.2135 0.9303 0.2982
vn 0.2517 0.9677 -0.0124
vn 0.8730 0.4820 -0.0744
vn 0.7677 -0.5530 0.3239
vn 0.6466 -0.2942 0.7038
vn 0.5754 -0.0561 0.8160
vn 0.9520 0.2735 -0.1375
vn 0.6131 0.2976 0.7318
vn 0.6244 0.4852 0.6121
vn 0.9947 0.0722 -0.0728
vn 0.6282 0.5913 0.5057
vn 0.6184 0.6928 0.3709
vn 0.6185 0.7780 0.1103
vn 0.5826 0.8127 -0.0110
vn 0.5768 0.8169 -0.0001
vn 0.5835 0.8120 0.0113
vn 0.9949 0.0621 0.0801
vn 0.6200 0.7769 -0.1094
vn 0.9534 0.2554 0.1605
vn 0.9170 0.3877 0.0940
vn 0.8666 0.4940 0.0702
vn 0.9042 0.4271 0.0039
vn 0.7282 -0.6847 -0.0319
vn 0.7155 -0.6986 0.0019
vn 0.7240 -0.6797 -0.1176
vn 0.7645 -0.5350 -0.3597
vn 0.6582 -0.3835 -0.6478
vn 0.6632 0.0415 -0.7473
vn 0.6124 0.2971 -0.7326
vn 0.6224 0.4887 -0.6114
vn 0.6348 0.5900 -0.4990
vn 0.6244 0.6907 -0.3648
vn 0.8983 0.4387 -0.0253
vn 0.7347 -0.6774 0.0361
vn 0.7168 -0.6854 0.1285
vn 0.8294 0.4425 -0.3409
vn 0.8578 0.4086 -0.3117
vn 0.8616 -0.1492 -0.4851
vn 0.8592 -0.0566 -0.5085
vn 0.7895 -0.4852 0.3758
vn 0.8671 -0.4565 0.1994
vn 0.8667 -0.4827 0.1258
vn 0.8674 -0.4939 0.0602
vn 0.8642 -0.2094 0.4575
vn 0.8569 -0.2881 0.4273
vn 0.8768 -0.3293 0.3504
vn 0.8998 0.3720 -0.2278
vn 0.9038 0.3905 -0.1752
vn 0.9030 0.4149 -0.1121
vn 0.8951 0.4384 -0.0818
vn 0.8788 0.4770 -0.0159
vn 0.9510 0.1077 -0.2898
vn 0.8928 0.2137 -0.3965
vn 0.9036 0.2499 -0.3479
vn 0.8988 0.2884 -0.3303
vn 0.9524 0.2425 -0.1849
vn 0.8919 -0.4520 -0.0168
vn 0.9434 -0.3298 -0.0340
vn 0.5106 -0.8307 -0.2220
vn 0.8957 -0.4085 -0.1759
vn 0.9112 -0.3666 -0.1878
vn 0.9626 -0.2196 -0.1588
vn 0.9048 -0.3443 0.2506
vn 0.9465 -0.2711 0.1751
vn 0.9624 -0.2499 0.1068
vn 0.6009 -0.7655 0.2299
vn 0.8134 -0.5722 0.1053
vn 0.8527 -0.5156 0.0845
vn 0.9545 -0.0685 -0.2901
vn 0.9403 -0.0738 -0.3323
vn 0.9292 -0.0832 -0.3601
vn 0.9592 0.0070 -0.2827
vn 0.9596 0.0562 -0.2757
vn 0.9649 -0.1906 -0.1807
vn 0.9144 -0.2427 -0.3241
vn 0.9444 -0.1912 -0.2676
vn 0.3700 -0.3874 -0.8444
vn 0.9262 -0.0991 0.3638
vn 0.9586 -0.1395 0.2482
vn 0.9466 -0.2147 0.2405
vn 0.9064 -0.3099 0.2870
vn 0.9023 0.1400 0.4077
vn 0.8882 0.0944 0.4497
vn 0.9418 0.0374 0.3340
vn 0.9650 -0.0214 0.2615
vn 0.6076 -0.1334 0.7830
vn 0.9252 -0.1009 0.3659
vn 0.8562 0.5131 0.0602
vn 0.8120 0.5294 0.2458
vn 0.8586 0.4340 0.2727
vn 0.8211 0.5592 -0.1149
vn 0.8650 0.5013 -0.0223
vn 0.8456 0.3042 0.4387
vn 0.9201 -0.2044 0.3341
vn 0.3125 -0.5995 0.7368
vn 0.3124 0.5166 -0.7972
vn 0.9147 0.2599 -0.3094
vn 0.6308 -0.7487 0.2039
vn 0.9995 -0.0027 0.0308
vn 0.8553 0.2115 0.4730
vn 0.9854 0.0223 -0.1688
vn 0.8104 0.5851 -0.0298
vn 0.7633 0.6065 -0.2224
vn 0.9903 0.1307 -0.0465
vn 0.9592 0.2287 0.1661
vn 0.9911 0.0087 0.1326
vn 0.9350 0.3545 -0.0077
vn 0.9671 0.1670 -0.1920
vn 0.9398 -0.0196 -0.3412
vn 0.8331 -0.2649 -0.4856
vn 0.8266 -0.2550 -0.5017
vn 0.9704 0.1603 0.1808
vn 0.7054 -0.3501 -0.6163
vn 0.6042 -0.5195 -0.6042
vn 0.9849 0.1179 0.1267
vn 0.9852 0.1098 0.1318
vn 0.9647 0.1313 0.2284
vn 0.7185 0.2346 0.6547
vn 0.6458 0.6181 0.4483
vn 0.9351 0.1016 0.3394
vn 0.4669 0.3141 0.8267
vn 0.7120 0.7021 0.0098
vn 0.4648 0.8851 0.0251
vn 0.6615 0.2815 0.6951
vn 0.6295 0.3454 0.6960
vn 0.8739 0.4785 0.0858
vn 0.4019 0.9021 -0.1574
vn 0.9995 0.0295 -0.0113
vn 0.6698 0.7412 0.0445
vn 0.9765 -0.1340 -0.1686
vn 0.7987 0.3323 0.5017
vn 0.7111 0.6399 0.2915
vn 0.8130 0.1374 0.5659
vn 0.9854 -0.1534 0.0736
vn 0.7748 -0.0286 0.6315
vn 0.9444 -0.3175 0.0852
vn 0.9667 -0.1292 0.2208
vn 0.9645 0.2574 0.0595
vn 0.8360 -0.5391 -0.1022
vn 0.9653 0.2254 0.1322
vn 0.8033 0.5687 0.1768
vn 0.9681 0.2506 0.0089
vn 0.9764 -0.2021 -0.0759
vn 0.8963 0.2764 0.3469
vn 0.8805 0.2726 0.3877
vn 0.8814 0.3243 0.3434
vn 0.9003 0.2027 0.3852
vn 0.8732 0.2134 0.4381
vn 0.8749 0.1447 0.4622
vn 0.5560 0.5837 0.5917
vn 0.8778 0.3870 0.2822
vn 0.5573 0.4527 0.6960
vn 0.5499 0.3448 0.7608
vn 0.5497 0.2462 0.7983
vn 0.9453 0.3153 0.0838
vn 0.8800 0.4614 0.1130
vn 0.8976 0.4167 0.1438
vn 0.8751 0.4394 0.2027
vn 0.9002 0.3922 0.1892
vn 0.8928 0.3832 0.2366
vn 0.9278 0.2933 0.2306
vn 0.9106 0.4131 0.0115
vn 0.8759 0.4811 0.0371
vn 0.5499 0.8014 0.2353
vn 0.5543 0.7460 0.3690
vn 0.5473 0.6900 0.4736
vn 0.6427 0.5677 0.5144
vn 0.6460 0.4559 0.6123
vn 0.6498 0.3372 0.6812
vn 0.6490 0.2364 0.7231
vn 0.6409 0.7534 0.1475
vn 0.6483 0.7145 0.2631
vn 0.6500 0.6490 0.3954
vn 0.6645 0.5413 0.5152
vn 0.6666 0.4314 0.6079
vn 0.6734 0.3195 0.6666
vn 0.6733 0.2202 0.7059
vn 0.6700 0.7401 0.0580
vn 0.6700 0.7201 0.1804
vn 0.9848 0.1674 0.0471
vn 0.6667 0.6766 0.3127
vn 0.9852 0.1516 0.0795
vn 0.9808 0.1759 0.0839
vn 0.6629 0.6160 0.4256
vn 0.9793 0.1588 0.1254
vn 0.9811 0.1450 0.1284
vn 0.8777 -0.4756 -0.0585
vn 0.8943 -0.4361 -0.1002
vn 0.8834 -0.4271 -0.1930
vn 0.8734 -0.3915 -0.2897
vn 0.5600 -0.8249 -0.0772
vn 0.5660 -0.7817 -0.2619
vn 0.5326 -0.7391 -0.4124
vn 0.5510 -0.6729 -0.4935
vn 0.8742 -0.3948 0.2826
vn 0.5499 -0.6813 0.4832
vn 0.5128 -0.7663 0.3870
vn 0.8854 -0.4294 0.1776
vn 0.5569 -0.8006 0.2209
vn 0.8842 -0.4581 0.0909
vn 0.5531 -0.8289 0.0841
vn 0.8826 -0.4698 0.0155
vn 0.6431 -0.7654 -0.0234
vn 0.6339 -0.7526 -0.1782
vn 0.6435 -0.6896 -0.3324
vn 0.6501 -0.6182 -0.4419
vn 0.6500 -0.6111 0.4517
vn 0.6456 -0.6659 0.3739
vn 0.6365 -0.7226 0.2697
vn 0.6508 -0.7494 0.1221
vn 0.6644 -0.7386 -0.1143
vn 0.6719 -0.6935 -0.2600
vn 0.6697 -0.6473 -0.3640
vn 0.6704 -0.6017 -0.4343
vn 0.6734 -0.5982 0.4344
vn 0.6741 -0.6702 0.3104
vn 0.6655 -0.7214 0.1917
vn 0.6644 -0.7456 0.0518
vn 0.8823 -0.2373 0.4065
vn 0.8955 -0.1529 0.4180
vn 0.8736 -0.3137 0.3721
vn 0.5614 -0.3770 0.7367
vn 0.5546 -0.5080 0.6590
vn 0.5159 -0.6287 0.5819
vn 0.8773 0.0699 0.4748
vn 0.5599 0.0859 0.8241
vn 0.8733 -0.0119 0.4870
vn 0.5570 -0.0534 0.8288
vn 0.8899 -0.0724 0.4505
vn 0.5486 -0.2076 0.8099
vn 0.6297 -0.2694 0.7286
vn 0.6406 -0.4062 0.6516
vn 0.6514 -0.5274 0.5454
vn 0.6397 0.1455 0.7547
vn 0.6506 0.0009 0.7594
vn 0.6454 -0.1309 0.7526
vn 0.6665 -0.3126 0.6768
vn 0.6630 -0.4261 0.6155
vn 0.6727 -0.5049 0.5409
vn 0.6717 0.0872 0.7356
vn 0.6613 -0.0470 0.7487
vn 0.6648 -0.1746 0.7264
vn 0.7310 -0.6802 0.0549
vn 0.7757 -0.4816 0.4079
vn 0.7245 -0.3223 0.6093
vn 0.7284 -0.2419 0.6410
vn 0.7159 -0.2139 0.6646
vn 0.7348 -0.1750 0.6553
vn 0.7168 -0.0896 0.6915
vn 0.7681 0.1377 0.6254
vn 0.6476 0.5776 0.4970
vn 0.5733 0.7596 0.3070
vn 0.6116 0.7892 -0.0562
vn -0.6068 0.6566 0.4480
vn 0.6246 0.7322 -0.2715
vn 0.6350 0.6566 -0.4070
vn 0.6245 0.5611 -0.5433
vn 0.6193 0.3439 -0.7058
vn 0.5838 0.2402 -0.7755
vn 0.5735 0.2551 -0.7784
vn 0.5834 0.2611 -0.7691
vn 0.6184 0.1344 -0.7743
vn 0.6191 -0.1383 -0.7730
vn -0.6067 -0.5147 -0.6058
vn 0.6274 -0.2980 -0.7194
vn -0.6481 -0.6742 -0.3541
vn 0.6246 -0.4322 -0.6504
vn -0.6064 -0.7948 -0.0245
vn 0.6129 -0.6045 -0.5090
vn 0.6441 -0.7170 -0.2665
vn 0.6589 -0.0709 0.7489
vn 0.7643 0.2217 0.6055
vn 0.7239 0.4808 0.4947
vn 0.7283 0.5349 0.4282
vn 0.7157 0.5661 0.4090
vn 0.7347 0.5692 0.3691
vn 0.7165 0.6303 0.2988
vn 0.7678 0.6376 0.0628
vn 0.6468 0.6514 -0.3966
vn 0.5734 0.5269 -0.6274
vn 0.6125 0.1898 -0.7673
vn -0.6066 0.6284 -0.4870
vn 0.6248 -0.0320 -0.7802
vn -0.6481 0.3370 -0.6829
vn 0.6350 -0.1843 -0.7502
vn -0.6066 0.0605 -0.7927
vn 0.6243 -0.3432 -0.7018
vn 0.6196 -0.5648 -0.5451
vn 0.5837 -0.6636 -0.4679
vn 0.5769 -0.6606 -0.4805
vn 0.5831 -0.6506 -0.4866
vn 0.6181 -0.6945 -0.3681
vn 0.6187 -0.7783 -0.1074
vn -0.6066 -0.7352 0.3025
vn 0.6265 -0.7770 0.0616
vn -0.6484 -0.5452 0.5314
vn 0.6217 -0.7555 0.2069
vn -0.6067 -0.2686 0.7481
vn 0.6124 -0.6709 0.4182
vn 0.6631 -0.4725 0.5805
vn 0.7312 0.5823 0.3554
vn -0.4004 0.8739 -0.2757
vn 0.7760 0.6290 -0.0465
vn -0.3974 0.7875 -0.4711
vn 0.7229 0.6199 -0.3052
vn 0.7277 0.5732 -0.3767
vn -0.3899 0.7453 -0.5409
vn 0.7166 0.5632 -0.4115
vn 0.7345 0.5269 -0.4276
vn -0.4010 0.6952 -0.5966
vn 0.7175 0.4784 -0.5062
vn 0.7677 0.2567 -0.5871
vn -0.4113 0.5143 -0.7526
vn 0.6473 -0.1758 -0.7417
vn -0.4456 0.2279 -0.8657
vn 0.5737 -0.4344 -0.6944
vn -0.5005 -0.0405 -0.8648
vn 0.6130 -0.6713 -0.4166
vn -0.6058 -0.2682 -0.7490
vn 0.6255 -0.7512 -0.2106
vn 0.6366 -0.7691 -0.0566
vn 0.6240 -0.7738 0.1090
vn 0.6200 -0.6928 0.3682
vn 0.5839 -0.6498 0.4866
vn 0.5763 -0.6613 0.4801
vn 0.5833 -0.6635 0.4685
vn 0.6181 -0.5639 0.5477
vn 0.6194 -0.3429 0.7062
vn -0.6066 0.0604 0.7927
vn 0.6273 -0.1820 0.7572
vn -0.6490 0.3355 0.6828
vn 0.6243 -0.0325 0.7805
vn -0.6068 0.6282 0.4870
vn 0.6127 0.1898 0.7672
vn -0.5102 0.8029 0.3082
vn 0.6435 0.4241 0.6372
vn -0.4574 0.8883 0.0420
vn 0.7324 0.5173 -0.4427
vn -0.4001 0.0083 -0.9164
vn 0.7765 0.1496 -0.6121
vn -0.3962 -0.2051 -0.8950
vn 0.7241 -0.0984 -0.6826
vn 0.7282 -0.1809 -0.6610
vn -0.3890 -0.2840 -0.8764
vn 0.7159 -0.2175 -0.6634
vn 0.7348 -0.2437 -0.6330
vn -0.4027 -0.3510 -0.8454
vn 0.7170 -0.3341 -0.6118
vn 0.7684 -0.4789 -0.4246
vn -0.4145 -0.5557 -0.7207
vn 0.6449 -0.7617 -0.0630
vn -0.4475 -0.7526 -0.4831
vn 0.5742 -0.7944 0.1979
vn -0.5003 -0.8353 -0.2280
vn 0.6127 -0.6044 0.5092
vn -0.6068 -0.7945 0.0238
vn 0.6255 -0.4321 0.6497
vn 0.6356 -0.2916 0.7148
vn 0.6241 -0.1354 0.7695
vn 0.6194 0.1366 0.7731
vn -0.3980 0.1169 0.9099
vn 0.5839 0.2619 0.7684
vn -0.3510 0.2894 0.8905
vn 0.5772 0.2521 0.7767
vn 0.5834 0.2402 0.7759
vn -0.3975 0.4403 0.8051
vn 0.6181 0.3454 0.7062
vn 0.6189 0.5665 0.5441
vn -0.6065 0.7727 0.1874
vn 0.6276 0.6636 0.4071
vn -0.6481 0.7536 -0.1096
vn 0.6237 0.7327 0.2722
vn -0.6065 0.6572 -0.4475
vn 0.6123 0.7886 0.0563
vn -0.5099 0.5413 -0.6686
vn 0.6432 0.7373 -0.2064
vn -0.4571 0.3170 -0.8310
vn -0.3998 -0.8692 -0.2911
vn -0.3959 -0.9147 -0.0814
vn -0.3890 -0.9212 -0.0005
vn -0.4023 -0.9126 0.0725
vn -0.4141 -0.8573 0.3060
vn -0.4464 -0.6921 0.5672
vn -0.6047 -0.2234 0.7645
vn -0.6492 0.1293 0.7495
vn -0.6072 0.4162 0.6769
vn -0.5076 0.7334 0.4523
vn -0.3988 0.9010 0.1707
vn -0.3511 0.9363 -0.0001
vn -0.3982 0.9014 -0.1703
vn -0.6066 0.4170 -0.6769
vn -0.6487 0.1287 -0.7501
vn -0.6063 -0.2225 -0.7634
vn -0.5098 -0.4686 -0.7214
vn -0.4572 -0.6921 -0.5585
vn 0.8762 -0.0391 -0.4804
vn 0.8765 -0.1297 -0.4637
vn 0.8769 0.0526 -0.4778
vn 0.8783 0.1505 -0.4538
vn 0.5441 -0.2055 -0.8134
vn 0.5412 -0.0942 -0.8356
vn 0.5387 0.0377 -0.8416
vn 0.5262 0.1698 -0.8332
vn 0.5535 0.2752 -0.7860
vn 0.4748 -0.6262 -0.6184
vn 0.8754 -0.2891 -0.3875
vn 0.5533 -0.4776 -0.6825
vn 0.8859 -0.2146 -0.4113
vn 0.5573 -0.3384 -0.7582
vn 0.6481 -0.2178 -0.7297
vn 0.6488 -0.0970 -0.7547
vn 0.6485 0.0205 -0.7610
vn 0.6488 0.1322 -0.7494
vn 0.6471 0.2479 -0.7210
vn 0.6498 -0.5573 -0.5169
vn 0.6410 -0.4787 -0.6000
vn 0.6430 -0.3562 -0.6779
vn 0.6657 -0.1130 -0.7376
vn 0.6751 0.0343 -0.7370
vn 0.6719 0.1423 -0.7268
vn 0.6716 0.2396 -0.7011
vn 0.6681 -0.5359 -0.5161
vn 0.6685 -0.4555 -0.5879
vn 0.6652 -0.3602 -0.6541
vn 0.6663 -0.2492 -0.7028
vn 0.8734 0.4209 -0.2448
vn 0.8764 0.4562 -0.1545
vn 0.8788 0.4723 -0.0688
vn 0.5629 0.7316 -0.3845
vn 0.5539 0.7944 -0.2493
vn 0.5453 0.8340 -0.0842
vn 0.8861 0.2197 -0.4081
vn 0.5450 0.4510 -0.7068
vn 0.8825 0.2937 -0.3673
vn 0.5500 0.5806 -0.6004
vn 0.8761 0.3734 -0.3050
vn 0.5586 0.6571 -0.5062
vn 0.6509 0.6134 -0.4474
vn 0.6447 0.7039 -0.2980
vn 0.6366 0.7538 -0.1628
vn 0.6357 0.3667 -0.6793
vn 0.6453 0.4940 -0.5827
vn 0.6612 0.6691 -0.3394
vn 0.6752 0.7107 -0.1976
vn 0.6727 0.7356 -0.0800
vn 0.6711 0.3662 -0.6446
vn 0.6620 0.4893 -0.5677
vn 0.6650 0.5873 -0.4613
vn 0.8948 0.2849 0.3438
vn 0.8642 -0.4337 -0.2550
vn 0.8657 -0.4730 -0.1639
vn 0.8659 -0.4933 -0.0829
vn 0.8668 -0.2409 -0.4367
vn 0.8681 -0.2865 -0.4053
vn 0.7991 -0.4907 -0.3474
vn 0.9148 -0.2139 -0.3426
vn 0.6306 -0.0372 0.7752
vn 0.3125 -0.5988 -0.7374
vn 0.9147 0.2600 0.3095
vn 0.6309 -0.7486 -0.2038
vn 0.3126 0.5160 0.7975
vn 0.9666 0.0284 0.2546
vn 0.9850 -0.0262 -0.1704
vn 0.9353 0.1015 0.3389
vn 0.9921 -0.0720 -0.1025
vn 0.9660 0.1578 0.2050
vn 0.9853 0.0531 -0.1622
vn 0.9923 0.0794 -0.0953
vn 0.9660 -0.1461 0.2133
vn 0.9689 -0.0683 0.2378
vn 0.5733 -0.4807 -0.6636
vn 0.5820 -0.2542 -0.7724
vn 0.5647 0.0146 -0.8251
vn 0.5570 0.2810 -0.7815
vn 0.5743 0.4827 -0.6612
vn 0.9578 -0.1835 -0.2214
vn 0.9859 0.1294 0.1059
vn 0.9882 0.0655 0.1387
vn 0.9682 -0.2169 -0.1249
vn 0.9929 0.1138 0.0339
vn 0.9650 -0.2531 -0.0688
vn 0.9930 0.0029 0.1184
vn 0.9650 -0.0126 -0.2619
vn 0.9648 -0.0775 -0.2514
vn 0.5681 0.7841 0.2499
vn 0.5788 0.6448 0.4991
vn 0.6046 0.4743 0.6399
vn 0.5662 0.2315 0.7911
vn 0.5682 0.0048 0.8229
vn 0.9627 -0.2532 0.0951
vn 0.9902 0.1158 -0.0776
vn 0.9908 0.1349 -0.0084
vn 0.9623 -0.2039 0.1802
vn 0.9640 -0.2660 0.0002
vn 0.5801 0.6576 -0.4807
vn 0.5801 0.7785 -0.2397
vn 0.5684 0.8224 0.0222
vn 0.9667 0.2509 0.0512
vn 0.9850 -0.1702 -0.0277
vn 0.9354 0.3535 0.0080
vn 0.9916 -0.1240 0.0363
vn 0.9651 0.2447 -0.0929
vn 0.9855 -0.1376 -0.0998
vn 0.9689 0.2052 0.1382
vn 0.5733 -0.7794 0.2526
vn 0.5821 -0.8131 0.0033
vn 0.5647 -0.7803 -0.2689
vn 0.5575 -0.6559 -0.5089
vn 0.9578 0.1537 -0.2427
vn 0.9859 -0.0610 0.1558
vn 0.9882 -0.1116 0.1049
vn 0.9681 0.0516 -0.2450
vn 0.9648 0.2150 -0.1515
vn 0.5787 -0.2757 0.7675
vn 0.6046 -0.4621 0.6488
vn 0.5664 -0.6806 0.4647
vn 0.3790 0.1571 0.9119
vn -0.6186 0.7636 0.1850
vn -0.3092 0.9313 0.1927
vn 0.1278 -0.1036 0.9864
vn 0.2845 0.0300 -0.9582
vn 0.3196 0.2601 -0.9111
vn 0.7893 -0.5778 -0.2076
vn 0.6871 -0.6913 -0.2235
vn 0.6906 -0.4231 0.5866
vn 0.5535 -0.6371 0.5364
vn 0.6587 -0.6836 -0.3142
vn 0.1463 -0.1678 -0.9749
vn 0.1479 0.2304 0.9618
vn 0.8983 -0.3697 -0.2374
vn 0.8724 -0.4349 -0.2230
vn 0.6980 -0.7013 -0.1448
vn 0.6132 -0.7273 -0.3083
vn 0.6336 -0.6814 -0.3663
vn 0.6517 -0.6349 -0.4149
vn 0.9041 -0.3433 -0.2545
vn 0.8667 -0.3583 -0.3470
vn 0.9170 -0.2581 -0.3040
vn 0.6344 -0.5641 -0.5285
vn 0.6537 -0.5840 -0.4814
vn 0.6598 -0.6102 -0.4385
vn 0.9534 -0.1123 -0.2799
vn 0.9950 -0.0153 -0.0985
vn 0.9946 -0.0992 0.0290
vn 0.9520 -0.3020 -0.0500
vn 0.8297 -0.5501 -0.0950
vn 0.8984 -0.3394 0.2787
vn 0.8730 -0.3462 0.3435
vn 0.9043 -0.3475 0.2481
vn 0.8717 -0.4324 0.2306
vn 0.8948 -0.4146 0.1658
vn 0.9524 -0.3007 0.0507
vn 0.9948 -0.1000 -0.0170
vn 0.9946 -0.0032 0.1037
vn 0.9520 -0.1406 0.2719
vn 0.8983 0.1596 0.4095
vn 0.8727 0.2206 0.4356
vn 0.9043 0.1283 0.4073
vn 0.8719 0.0857 0.4820
vn 0.8946 0.0299 0.4459
vn 0.9524 -0.0448 0.3015
vn 0.9948 -0.0487 0.0898
vn 0.9946 0.0965 0.0369
vn 0.9520 0.2145 0.2183
vn 0.8983 0.1114 -0.4250
vn 0.8730 0.0780 -0.4815
vn 0.9042 0.1357 -0.4050
vn 0.8721 0.2140 -0.4400
vn 0.8946 0.2379 -0.3782
vn 0.9524 0.2132 -0.2178
vn 0.9948 0.0923 -0.0437
vn 0.9946 -0.0565 -0.0867
vn 0.9519 -0.0450 -0.3030
vn -0.7713 -0.1728 -0.6125
vn -0.4286 -0.3765 -0.8213
vn -0.4315 -0.2461 -0.8679
vn -0.7714 -0.2664 -0.5779
vn -0.4326 -0.5045 -0.7472
vn -0.7713 -0.3535 -0.5292
vn -0.4595 -0.6101 -0.6454
vn -0.7717 -0.4317 -0.4671
vn -0.4866 -0.6892 -0.5369
vn -0.7716 -0.4996 -0.3938
vn -0.7712 0.5782 -0.2665
vn -0.4307 0.7468 -0.5067
vn -0.4356 0.8194 -0.3726
vn -0.7716 0.5286 -0.3539
vn -0.4269 0.6618 -0.6163
vn -0.7722 0.4666 -0.4313
vn -0.4313 0.5599 -0.7075
vn -0.7719 0.3940 -0.4989
vn -0.4592 0.4296 -0.7776
vn -0.7714 0.3109 -0.5552
vn -0.4866 0.2977 -0.8213
vn -0.7714 0.2202 -0.5970
vn -0.4749 0.1822 -0.8610
vn -0.7714 0.1241 -0.6241
vn -0.4442 0.0393 -0.8951
vn -0.7714 0.0249 -0.6358
vn -0.4354 -0.1014 -0.8945
vn -0.7715 -0.0748 -0.6318
vn -0.7713 0.3536 0.5292
vn -0.7714 0.4320 0.4673
vn -0.7714 0.4997 0.3939
vn -0.7714 0.5552 0.3109
vn -0.7712 0.5972 0.2203
vn -0.7713 0.6243 0.1242
vn -0.7712 0.6361 0.0249
vn -0.4749 0.8752 -0.0927
vn -0.7711 0.6323 -0.0748
vn -0.4443 0.8634 -0.2392
vn -0.7712 0.6128 -0.1728
vn -0.7714 -0.4672 0.4320
vn -0.7714 -0.3939 0.4997
vn -0.7714 -0.3109 0.5552
vn -0.7714 -0.2203 0.5970
vn -0.7714 -0.1242 0.6241
vn -0.7716 -0.0251 0.6356
vn -0.7715 0.0747 0.6319
vn -0.7714 0.1727 0.6125
vn -0.7714 0.2664 0.5779
vn -0.4748 -0.7625 -0.4395
vn -0.7716 -0.5549 -0.3108
vn -0.4440 -0.8392 -0.3140
vn -0.7716 -0.5968 -0.2201
vn -0.4353 -0.8821 -0.1803
vn -0.7716 -0.6239 -0.1240
vn -0.4315 -0.9015 -0.0341
vn -0.7716 -0.6356 -0.0251
vn -0.4286 -0.8975 0.1043
vn -0.7716 -0.6317 0.0747
vn -0.4326 -0.8665 0.2492
vn -0.7715 -0.6123 0.1728
vn -0.4595 -0.8023 0.3809
vn -0.7715 -0.5778 0.2664
vn -0.7715 -0.5290 0.3535
vn -0.0398 0.0387 0.9985
vn -0.5757 0.7139 0.3985
vn -0.3509 0.9040 0.2443
vn -0.5096 0.5889 -0.6273
vn -0.1833 0.7472 -0.6388
vn -0.2369 0.3013 -0.9236
vn 0.2012 -0.2114 0.9565
vn 0.1999 -0.3909 0.8984
vn 0.2010 -0.9750 0.0945
vn 0.1997 -0.9753 -0.0942
vn 0.2009 0.7332 -0.6496
vn 0.2000 0.8443 -0.4972
vn 0.2013 0.8444 0.4965
vn 0.2000 0.7338 0.6493
vn 0.2009 -0.3912 -0.8981
vn 0.1996 -0.2120 -0.9567
vn 0.5000 -0.4365 0.7480
vn 0.4419 -0.8971 0.0007
vn 0.4992 -0.8470 0.1831
vn 0.6090 0.7767 -0.1608
vn 0.6101 0.2451 -0.7535
vn 0.6112 0.5280 0.5896
vn 0.6097 -0.2437 0.7542
vn 0.6084 -0.7767 0.1632
vn 0.2231 -0.2690 -0.9369
vn 0.6258 0.1352 -0.7681
vn 0.6240 -0.7479 -0.2264
vn 0.9283 -0.3182 -0.1926
vn 0.6099 -0.7236 0.3233
vn 0.6083 -0.0849 0.7892
vn 0.6102 -0.6407 -0.4661
vn -0.6175 0.7416 0.2622
vn 0.1154 0.9731 0.1995
vn -0.4404 0.5272 -0.7267
vn 0.2127 0.8046 -0.5544
vn 0.6093 -0.7226 -0.3264
vn 0.6096 -0.6417 0.4654
vn 0.6098 0.6421 0.4646
vn 0.6112 0.7239 -0.3200
vn 0.6090 0.0872 -0.7884
vn 0.6111 -0.0805 -0.7874
vn 0.6094 0.0835 0.7884
vn 0.4894 -0.5866 0.6453
vn 0.8225 -0.1625 0.5451
vn -0.1218 0.1461 0.9817
vn 0.3977 0.4984 0.7704
vn 0.6085 0.7241 0.3246
vn 0.6091 -0.5338 0.5866
vn 0.6111 -0.7738 -0.1667
vn 0.5002 -0.8461 -0.1844
vn 0.6096 -0.2463 -0.7535
vn 0.6084 0.5325 -0.5885
vn 0.6097 0.6403 -0.4672
vn 0.6097 -0.5311 -0.5884
vn 0.6094 0.3927 0.6888
vn 0.6097 0.7927 0.0006
vn 0.6093 0.3958 -0.6871
vn 0.4987 -0.4353 -0.7495
vn 0.6083 -0.3950 -0.6884
vn 0.6097 -0.7926 0.0016
vn 0.6103 0.2444 0.7535
vn 0.6089 0.7760 0.1643
vn 0.6111 -0.3978 0.6844
vn 0.6345 -0.0309 -0.7723
vn -0.8438 -0.5367 -0.0002
vn -0.8439 0.4340 -0.3153
vn 1.0000 -0.0052 -0.0042
vn 1.0000 -0.0004 0.0002
vn 1.0000 -0.0064 -0.0002
vn 1.0000 0.0013 0.0067
vn 1.0000 0.0006 -0.0000
vn -0.8113 0.4701 0.3477
vn -0.8025 -0.1924 0.5648
vn -0.8112 0.4698 -0.3481
vn -0.8025 -0.1928 -0.5647
vn -0.7970 -0.6039 0.0003
vt 0.908676 -0.841784
vt 0.910148 -0.819759
vt 0.611689 -0.824548
vt 0.614616 -0.288725
vt 0.615618 -0.261416
vt 0.667445 -0.261523
vt 0.588031 -0.254147
vt 0.536610 -0.300050
vt 0.525391 -0.252684
vt 0.491521 -0.159106
vt 0.595128 -0.230986
vt 0.508631 -0.131204
vt 0.613196 -0.234470
vt 0.723173 -0.234613
vt 0.719322 -0.261408
vt 0.739804 -0.230961
vt 0.746844 -0.254147
vt 0.843354 -0.159106
vt 0.826260 -0.131204
vt 0.809466 -0.252678
vt 0.781881 -0.295613
vt 0.667445 -0.310620
vt 0.607544 -0.314947
vt 0.720292 -0.288721
vt 0.727331 -0.314947
vt 0.727993 -0.428504
vt 0.785662 -0.393711
vt 0.804741 -0.301552
vt 0.882061 -0.105850
vt 0.818987 -0.094586
vt 0.606901 -0.428505
vt 0.640553 -0.435712
vt 0.697456 -0.436082
vt 0.786583 -0.404836
vt 0.833077 -0.390879
vt 0.829904 -0.410020
vt 0.864013 -0.399819
vt 0.859243 -0.419644
vt 0.872942 -0.314812
vt 0.884628 -0.272669
vt 0.933700 -0.193083
vt 0.828584 -0.032612
vt 0.924746 -0.060394
vt 0.800843 -0.069374
vt 0.776990 -0.053602
vt 0.783329 -0.026226
vt 0.743990 -0.022028
vt 0.741196 -0.049478
vt 0.960992 -0.137474
vt 0.985927 -0.086403
vt 0.705522 -0.019766
vt 0.704291 -0.047881
vt 0.667445 -0.047261
vt 0.667445 -0.018820
vt 0.629353 -0.019766
vt 0.630600 -0.047881
vt 0.593679 -0.049478
vt 0.590885 -0.022028
vt 0.557900 -0.053602
vt 0.551547 -0.026226
vt 0.506440 -0.032582
vt 0.534048 -0.069374
vt 0.515896 -0.094600
vt 0.477225 -0.097046
vt 0.438538 -0.050308
vt 0.549235 -0.393713
vt 0.373898 -0.137474
vt 0.386050 -0.069699
vt 0.348964 -0.086403
vt 0.401176 -0.193083
vt 0.450248 -0.272669
vt 0.461949 -0.314812
vt 0.501798 -0.390879
vt 0.548304 -0.404798
vt 0.504978 -0.409995
vt 0.470870 -0.399805
vt 0.475632 -0.419644
vt 0.601099 -0.454441
vt 0.623135 -0.462482
vt 0.606492 -0.482438
vt 0.618448 -0.438979
vt 0.548292 -0.404833
vt 0.606925 -0.428507
vt 0.640503 -0.435718
vt 0.569962 -0.499348
vt 0.566297 -0.471218
vt 0.728111 -0.428795
vt 0.716427 -0.438979
vt 0.711741 -0.462482
vt 0.733791 -0.454441
vt 0.786581 -0.404839
vt 0.728399 -0.482438
vt 0.725830 -0.517264
vt 0.764914 -0.499348
vt 0.768579 -0.471218
vt 0.525379 -0.252688
vt 0.553001 -0.295610
vt 0.491466 -0.159126
vt 0.530163 -0.301550
vt 0.549223 -0.393709
vt 0.607570 -0.314950
vt 0.614600 -0.288722
vt 0.615548 -0.261407
vt 0.667445 -0.310650
vt 0.720288 -0.288721
vt 0.504982 -0.410013
vt 0.452803 -0.105861
vt 0.438912 -0.050187
vt 0.470872 -0.399817
vt 0.536406 -0.451692
vt 0.502910 -0.462438
vt 0.798485 -0.451692
vt 0.829905 -0.410014
vt 0.831966 -0.462438
vt 0.843409 -0.159126
vt 0.882157 -0.105884
vt 0.924686 -0.060371
vt 0.804722 -0.301549
vt 0.864016 -0.399805
vt 0.809501 -0.252689
vt 0.828583 -0.032611
vt 0.818995 -0.094602
vt 0.826261 -0.131203
vt 0.781866 -0.295600
vt 0.727314 -0.314949
vt 0.785659 -0.393712
vt 0.719332 -0.261407
vt 0.515893 -0.094609
vt 0.508630 -0.131202
vt 0.595125 -0.230985
vt 0.611693 -0.234614
vt 0.721642 -0.234467
vt 0.739773 -0.230975
vt 0.548292 -0.404839
vt 0.606878 -0.428503
vt 0.640552 -0.435712
vt 0.727970 -0.428504
vt 0.786581 -0.404839
vt 0.525401 -0.252681
vt 0.536604 -0.300052
vt 0.491521 -0.159106
vt 0.607536 -0.314946
vt 0.549240 -0.393713
vt 0.614618 -0.288725
vt 0.615617 -0.261416
vt 0.667445 -0.310659
vt 0.720301 -0.288720
vt 0.504977 -0.409994
vt 0.438785 -0.050227
vt 0.470872 -0.399817
vt 0.829905 -0.410014
vt 0.843409 -0.159126
vt 0.924759 -0.060399
vt 0.864014 -0.399817
vt 0.809497 -0.252688
vt 0.857666 -0.097046
vt 0.828583 -0.032611
vt 0.819008 -0.094631
vt 0.826261 -0.131202
vt 0.798297 -0.300056
vt 0.727309 -0.314950
vt 0.785656 -0.393711
vt 0.719268 -0.261415
vt 0.515904 -0.094583
vt 0.508633 -0.131207
vt 0.595114 -0.230980
vt 0.611704 -0.234612
vt 0.721704 -0.234472
vt 0.739769 -0.230977
vt 0.548300 -0.404850
vt 0.606960 -0.428514
vt 0.640507 -0.435718
vt 0.727970 -0.428498
vt 0.786586 -0.404837
vt 0.525394 -0.252683
vt 0.536592 -0.300055
vt 0.491521 -0.159106
vt 0.607562 -0.314949
vt 0.549225 -0.393709
vt 0.614607 -0.288723
vt 0.615550 -0.261408
vt 0.667445 -0.310638
vt 0.720282 -0.288722
vt 0.504979 -0.410003
vt 0.452723 -0.105888
vt 0.438747 -0.050240
vt 0.470870 -0.399804
vt 0.609045 -0.517264
vt 0.882216 -0.105906
vt 0.924789 -0.060410
vt 0.804755 -0.301554
vt 0.864014 -0.399817
vt 0.809474 -0.252680
vt 0.843354 -0.159106
vt 0.828584 -0.032612
vt 0.818997 -0.094607
vt 0.826262 -0.131202
vt 0.781869 -0.295603
vt 0.727315 -0.314949
vt 0.785665 -0.393709
vt 0.719305 -0.261410
vt 0.829906 -0.410012
vt 0.515895 -0.094602
vt 0.508630 -0.131202
vt 0.595112 -0.230979
vt 0.611692 -0.234614
vt 0.721660 -0.234469
vt 0.739761 -0.230980
vt -3.832700 -3.906380
vt -3.569160 -3.565020
vt -3.837540 -3.274260
vt -3.514390 -4.194970
vt -3.278400 -3.834060
vt -3.174530 -4.457830
vt -2.967600 -4.079400
vt -2.814960 -4.693150
vt -2.638260 -4.299680
vt -2.438020 -4.899570
vt -2.292890 -4.493410
vt -2.045720 -5.075760
vt -1.932820 -4.659580
vt -1.641060 -5.220720
vt -1.560900 -4.797020
vt -1.226720 -5.333280
vt -1.180120 -4.904580
vt -0.804357 -5.413110
vt -0.398028 -5.028830
vt -0.376985 -5.459710
vt 0.052224 -5.472400
vt -0.002554 -5.044530
vt 0.481266 -5.451350
vt 0.392753 -5.029330
vt 0.907470 -5.396910
vt 0.786222 -4.982900
vt 1.328330 -5.308900
vt 1.175180 -4.905750
vt 1.741000 -5.188320
vt 1.928390 -4.661420
vt 2.142660 -5.035840
vt 2.530950 -4.852300
vt 2.287950 -4.495910
vt 2.903710 -4.638700
vt 2.633320 -4.302850
vt 3.285713 -4.375045
vt 3.170713 -3.919116
vt 3.906420 -3.832730
vt 3.565220 -3.568860
vt 4.195180 -3.514250
vt 3.834280 -3.278100
vt 4.458210 -3.174220
vt 4.079940 -2.966970
vt 4.693360 -2.814830
vt 4.299890 -2.637960
vt 4.914091 -2.405720
vt 4.604305 -2.052701
vt 5.220600 -1.641600
vt 4.796740 -1.561770
vt 5.333330 -1.226590
vt 4.904620 -1.180170
vt 5.413160 -0.804568
vt 5.028900 -0.398343
vt 5.459590 -0.377199
vt 5.472450 0.052509
vt 5.028880 -0.398408
vt 5.044580 -0.002269
vt 5.451410 0.481382
vt 5.029210 0.393202
vt 5.396800 0.907749
vt 4.982950 0.786669
vt 5.309120 1.328270
vt 4.905790 1.175130
vt 5.188540 1.740610
vt 4.661730 1.927710
vt 5.035890 2.142260
vt 4.852180 2.531050
vt 4.661800 1.927660
vt 4.495960 2.287890
vt 4.638580 2.904140
vt 4.155149 2.854408
vt 4.396420 3.259030
vt 3.568900 3.565160
vt 3.832770 3.906520
vt 3.514460 4.194940
vt 3.278470 3.834040
vt 3.174600 4.457800
vt 2.967670 4.079370
vt 2.815030 4.693120
vt 2.638330 4.299650
vt 2.438090 4.899540
vt 2.292800 4.493380
vt 2.045960 5.075900
vt 1.932890 4.659550
vt 1.641130 5.220860
vt 1.180130 4.904660
vt 1.226790 5.333420
vt 0.804760 5.413080
vt 1.180190 4.904550
vt 0.792068 4.982040
vt 0.377555 5.459510
vt 0.398765 5.028800
vt -0.051988 5.472370
vt 0.002957 5.044670
vt -0.481197 5.451330
vt -0.392850 5.029300
vt -0.907400 5.396880
vt -0.786153 4.982870
vt -1.328260 5.309040
vt -1.175110 4.905880
vt -1.740930 5.188290
vt -1.556730 4.798330
vt -2.142590 5.035810
vt -1.928480 4.661390
vt -2.530880 4.852270
vt -2.287880 4.495880
vt -2.903640 4.638840
vt -2.633260 4.302820
vt -3.258700 4.396680
vt -2.962760 4.082880
vt -3.593710 4.127300
vt -3.274230 3.837540
vt -3.906520 3.832700
vt -3.565160 3.568830
vt -4.216447 3.486637
vt -3.998182 3.070451
vt -4.693290 2.814800
vt -4.299820 2.638100
vt -4.899550 2.438030
vt -4.659370 1.933250
vt -5.075740 2.046060
vt -5.229889 1.607128
vt -4.659390 1.933340
vt -4.868824 1.306516
vt -5.413090 0.804539
vt -4.982050 0.791680
vt -5.459520 0.377170
vt -5.028810 0.398379
vt -5.472380 -0.052538
vt -5.044510 0.002240
vt -5.451340 -0.481411
vt -5.029140 -0.393231
vt -5.396730 -0.907945
vt -4.982720 -0.786865
vt -5.309050 -1.328300
vt -4.905730 -1.175150
vt -5.188470 -1.740470
vt -4.798670 -1.556100
vt -5.035820 -2.142460
vt -4.661560 -1.928020
vt -4.852280 -2.530910
vt -4.495890 -2.287920
vt -4.619407 -2.931862
vt -4.155984 -2.853049
vt -4.127300 -3.593740
vt 0.850086 -0.544349
vt 0.853764 -0.547698
vt 0.850086 -0.547698
vt 0.853764 -0.544349
vt 0.857205 -0.547698
vt 0.857205 -0.544349
vt 0.860384 -0.547698
vt 0.860384 -0.544349
vt 0.863285 -0.547698
vt 0.863285 -0.544349
vt 0.865887 -0.547698
vt 0.865887 -0.544349
vt 0.868177 -0.547698
vt 0.868177 -0.544349
vt 0.870139 -0.547698
vt 0.870139 -0.544349
vt 0.871759 -0.547698
vt 0.871759 -0.544349
vt 0.873032 -0.547698
vt 0.873032 -0.544349
vt 0.873946 -0.547698
vt 0.873946 -0.544349
vt 0.874496 -0.547698
vt 0.874496 -0.544349
vt 0.874680 -0.547698
vt 0.874680 -0.544349
vt 0.846191 -0.547700
vt 0.846191 -0.544349
vt 0.842103 -0.547700
vt 0.842103 -0.544349
vt 0.837848 -0.547700
vt 0.837848 -0.544349
vt 0.833452 -0.547700
vt 0.833452 -0.544349
vt 0.828944 -0.547700
vt 0.828944 -0.544349
vt 0.824350 -0.547700
vt 0.824350 -0.544349
vt 0.819696 -0.547700
vt 0.819696 -0.544351
vt 0.815016 -0.547700
vt 0.815016 -0.544351
vt 0.810335 -0.547700
vt 0.810335 -0.544351
vt 0.805682 -0.547700
vt 0.805682 -0.544351
vt 0.801087 -0.547700
vt 0.801087 -0.544351
vt 0.796578 -0.547700
vt 0.796578 -0.544351
vt 0.792183 -0.547700
vt 0.792183 -0.544351
vt 0.787928 -0.547700
vt 0.787928 -0.544351
vt 0.783842 -0.547700
vt 0.783842 -0.544351
vt 0.779945 -0.547700
vt 0.779945 -0.544351
vt 0.776267 -0.547700
vt 0.776267 -0.544351
vt 0.772825 -0.547700
vt 0.772825 -0.544351
vt 0.769646 -0.547700
vt 0.769646 -0.544351
vt 0.766746 -0.547700
vt 0.766746 -0.544351
vt 0.764144 -0.547700
vt 0.764144 -0.544351
vt 0.761853 -0.547700
vt 0.761853 -0.544351
vt 0.759892 -0.547700
vt 0.759892 -0.544351
vt 0.758272 -0.547700
vt 0.758272 -0.544351
vt 0.756999 -0.547700
vt 0.756999 -0.544351
vt 0.756085 -0.547700
vt 0.756085 -0.544351
vt 0.755535 -0.547700
vt 0.755535 -0.544351
vt 0.755351 -0.547700
vt 0.755351 -0.544351
vt 0.805681 -0.547700
vt 0.805681 -0.544351
vt 0.824348 -0.547700
vt 0.824348 -0.544349
vt 0.846189 -0.547700
vt 0.846189 -0.544349
vt 0.815025 -0.664546
vt 0.828403 -0.668618
vt 0.831378 -0.668627
vt 0.827851 -0.668582
vt 0.835129 -0.664546
vt 0.834286 -0.668618
vt 0.835362 -0.668582
vt 0.840331 -0.667078
vt 0.836433 -0.668523
vt 0.844253 -0.667804
vt 0.843294 -0.668582
vt 0.830663 -0.667078
vt 0.840874 -0.668523
vt 0.846189 -0.667804
vt 0.840424 -0.668582
vt 0.827438 -0.664546
vt 0.819659 -0.668582
vt 0.802584 -0.664548
vt 0.789725 -0.668618
vt 0.788547 -0.668627
vt 0.789610 -0.668582
vt 0.794910 -0.664548
vt 0.787476 -0.668618
vt 0.786740 -0.668582
vt 0.789703 -0.667078
vt 0.785802 -0.668525
vt 0.777683 -0.667806
vt 0.795748 -0.668618
vt 0.798658 -0.668627
vt 0.794672 -0.668582
vt 0.802185 -0.668582
vt 0.801633 -0.668618
vt 0.800785 -0.667493
vt 0.805471 -0.663953
vt 0.813099 -0.663953
vt 0.799823 -0.667360
vt 0.798079 -0.663953
vt 0.798623 -0.667273
vt 0.791105 -0.663953
vt 0.795131 -0.667222
vt 0.784719 -0.663953
vt 0.791240 -0.667186
vt 0.787469 -0.667222
vt 0.779078 -0.663953
vt 0.774324 -0.663953
vt 0.784685 -0.667273
vt 0.770571 -0.663953
vt 0.784311 -0.667360
vt 0.767913 -0.663953
vt 0.784455 -0.667493
vt 0.775659 -0.667493
vt 0.766414 -0.663953
vt 0.774921 -0.667360
vt 0.766112 -0.663953
vt 0.774553 -0.667273
vt 0.767015 -0.663953
vt 0.775178 -0.667222
vt 0.769100 -0.663953
vt 0.776544 -0.667186
vt 0.778104 -0.667222
vt 0.772316 -0.663953
vt 0.776582 -0.663953
vt 0.779877 -0.667273
vt 0.781797 -0.663953
vt 0.780846 -0.667360
vt 0.787827 -0.663953
vt 0.781895 -0.667493
vt 0.804925 -0.667493
vt 3.262859 -2.124426
vt 3.834250 -3.278160
vt 4.079950 -2.966870
vt 2.761622 -2.739505
vt 3.565290 -3.568970
vt 2.202222 -3.210876
vt 2.633280 -4.302860
vt 2.287810 -4.495910
vt 1.671780 -3.516330
vt 1.928490 -4.661410
vt 1.102527 -3.734087
vt 1.175210 -4.905890
vt 0.786174 -4.983020
vt 0.323111 -3.876264
vt 0.392830 -5.029360
vt -0.002670 -5.044600
vt -0.398015 -5.028890
vt -0.411283 -3.871729
vt -1.180240 -4.904650
vt -1.012527 -3.759544
vt -1.560960 -4.797040
vt -1.932900 -4.659560
vt -1.587765 -3.555048
vt -2.292840 -4.493450
vt -2.638310 -4.299620
vt -2.124362 -3.262918
vt -2.967610 -4.079470
vt -3.278430 -3.833920
vt -2.608589 -2.890438
vt -3.569090 -3.564970
vt -3.837580 -3.274150
vt -3.136196 -2.300885
vt -4.495880 -2.287790
vt -3.587473 -1.503313
vt -4.661530 -1.928160
vt -4.798540 -1.556060
vt -4.905850 -1.175030
vt -3.809433 -0.804372
vt -4.982820 -0.786917
vt -5.029160 -0.393263
vt -3.888375 -0.198967
vt -5.044560 0.002238
vt -5.028860 0.398355
vt -3.844416 0.592251
vt -4.982060 0.791701
vt -3.669274 1.302372
vt -3.324912 2.018819
vt -4.299900 2.638040
vt -2.762066 2.738892
vt -3.565250 3.568980
vt -3.274280 3.837630
vt -2.962680 4.082870
vt -2.046053 3.308124
vt -2.633230 4.302870
vt -2.287760 4.495920
vt -1.928440 4.661420
vt -1.389972 3.636889
vt -1.556800 4.798440
vt -1.175160 4.905740
vt -0.804389 3.809472
vt -0.786125 4.983030
vt -0.392781 5.029210
vt -0.198955 3.888421
vt 0.003026 5.044610
vt 0.398834 5.028750
vt 0.411251 3.871748
vt 0.792178 4.982100
vt 1.009896 3.760216
vt 1.932950 4.659570
vt 1.589956 3.554070
vt 2.292890 4.493460
vt 2.638360 4.299640
vt 2.125076 3.262429
vt 2.967660 4.079330
vt 3.278480 3.833930
vt 2.608631 2.890455
vt 3.568990 3.565290
vt 3.028901 2.446502
vt 3.373874 1.943257
vt 4.495930 2.287950
vt 3.636909 1.389964
vt 4.905900 1.175040
vt 3.809481 0.804393
vt 4.982870 0.786620
vt 5.029210 0.393121
vt 3.889805 0.014838
vt 5.044610 -0.002227
vt 3.785762 -0.893261
vt 4.904670 -1.180110
vt 4.796750 -1.561750
vt 3.554790 -1.588263
vt 4.299950 -2.638030
vt -2.940820 -2.513020
vt -3.219630 -3.219810
vt -3.462250 -2.957320
vt -2.734530 -2.736090
vt -2.956990 -3.462440
vt -2.511450 -2.942240
vt -2.676330 -3.683820
vt -2.272830 -3.130210
vt -2.378900 -3.882420
vt -2.020350 -3.298790
vt -2.067000 -4.057150
vt -1.755250 -3.447200
vt -1.742310 -4.206790
vt -1.479370 -3.574360
vt -1.406850 -4.330570
vt -1.194400 -3.679350
vt -1.062780 -4.427560
vt -0.902051 -3.761720
vt -0.712075 -4.497300
vt -0.604156 -3.820840
vt -0.357064 -4.539330
vt -0.302412 -3.856550
vt 0.000101 -4.553340
vt 0.001025 -3.868250
vt 0.357421 -4.539330
vt 0.304616 -3.856250
vt 0.712432 -4.497300
vt 0.606205 -3.820530
vt 1.063130 -4.427560
vt 0.904100 -3.761100
vt 1.407210 -4.330410
vt 1.196450 -3.678740
vt 1.742670 -4.206790
vt 1.481260 -3.573440
vt 2.067350 -4.057000
vt 1.757140 -3.446270
vt 2.379260 -3.882260
vt 2.022090 -3.297710
vt 2.676540 -3.683670
vt 2.274570 -3.128980
vt 2.957340 -3.462280
vt 2.513040 -2.940850
vt 3.219830 -3.219660
vt 2.736110 -2.734560
vt 3.462460 -2.957020
vt 2.942260 -2.511480
vt 3.683840 -2.676360
vt 3.130070 -2.272860
vt 3.882430 -2.378930
vt 3.298800 -2.020380
vt 4.057170 -2.067020
vt 3.447210 -1.755270
vt 4.206810 -1.742340
vt 3.574220 -1.479390
vt 4.330580 -1.406880
vt 3.679370 -1.194430
vt 4.427570 -1.062800
vt 3.761730 -0.902072
vt 4.497310 -0.712096
vt 3.820850 -0.604177
vt 4.539340 -0.357085
vt 3.856570 -0.302432
vt 4.553350 -0.000000
vt 3.868420 0.001006
vt 4.539340 0.357404
vt 3.856260 0.304599
vt 4.497310 0.712415
vt 3.820540 0.606189
vt 4.427570 1.063120
vt 3.761270 0.904085
vt 4.330430 1.407200
vt 3.678600 1.196440
vt 4.206650 1.742660
vt 3.573450 1.481250
vt 4.057010 2.067340
vt 3.446290 1.757130
vt 3.882280 2.379250
vt 3.297730 2.022080
vt 3.683680 2.676530
vt 3.129000 2.274560
vt 3.462300 2.957180
vt 2.940870 2.513030
vt 3.219680 3.219820
vt 2.734580 2.736110
vt 2.957040 3.462450
vt 2.511500 2.942250
vt 2.676380 3.683830
vt 2.272880 3.130070
vt 2.378950 3.882430
vt 2.020240 3.298800
vt 2.067040 4.057160
vt 1.755300 3.447210
vt 1.742360 4.206800
vt 1.479420 3.574220
vt 1.406900 4.330580
vt 1.194450 3.679370
vt 1.062820 4.427570
vt 0.902099 3.761730
vt 0.712124 4.497310
vt 0.604050 3.820850
vt 0.357113 4.539340
vt 0.302461 3.856410
vt -0.000207 4.553350
vt -0.000976 3.868270
vt -0.357372 4.539340
vt -0.304567 3.856260
vt -0.712383 4.497310
vt -0.606157 3.820540
vt -1.063080 4.427420
vt -0.904052 3.761270
vt -1.407160 4.330430
vt -1.196410 3.678600
vt -1.742620 4.206650
vt -1.481210 3.573450
vt -2.067300 4.057010
vt -1.757090 3.446280
vt -2.379210 3.882270
vt -2.022040 3.297720
vt -2.676490 3.683680
vt -2.274520 3.128990
vt -2.957290 3.462290
vt -2.513150 2.940860
vt -3.219780 3.219670
vt -2.736070 2.734570
vt -3.462410 2.957030
vt -2.942210 2.511490
vt -3.683790 2.676370
vt -3.130180 2.272870
vt -3.882380 2.379090
vt -3.298760 2.020230
vt -4.057120 2.067030
vt -3.447170 1.755280
vt -4.206760 1.742350
vt -3.574330 1.479400
vt -4.330530 1.406890
vt -3.679320 1.194440
vt -4.427520 1.062810
vt -3.761690 0.902084
vt -4.497260 0.712108
vt -3.820960 0.604188
vt -4.539290 0.357096
vt -3.856520 0.302443
vt -4.553300 -0.000225
vt -3.868380 -0.000995
vt -4.539290 -0.357392
vt -3.856370 -0.304587
vt -4.497260 -0.712404
vt -3.820500 -0.606178
vt -4.427520 -1.063100
vt -3.761220 -0.904074
vt -4.330530 -1.407190
vt -3.678710 -1.196430
vt -4.206600 -1.742650
vt -3.573410 -1.481240
vt -4.056960 -2.067330
vt -3.446240 -1.757120
vt -3.882380 -2.379240
vt -3.297680 -2.022070
vt -3.683630 -2.676520
vt -3.128950 -2.274550
vt 0.968803 -0.393849
vt 0.882555 -0.430267
vt 0.882555 -0.336147
vt 0.968803 -0.499298
vt 0.882555 -0.537992
vt 0.968803 -0.608988
vt 0.882555 -0.593293
vt 0.968803 -0.534589
vt 0.882555 -0.495679
vt 0.968803 -0.462985
vt 0.882555 -0.390903
vt 0.968803 -0.379714
vt 0.968803 -0.314191
vt 0.968803 -0.394030
vt 0.882555 -0.430072
vt 0.882555 -0.336117
vt 0.882555 -0.537957
vt 0.968803 -0.551361
vt 0.882555 -0.593218
vt 0.968803 -0.606429
vt 0.882555 -0.495759
vt 0.968803 -0.481310
vt 0.882555 -0.391217
vt 0.968803 -0.379795
vt 0.968803 -0.444744
vt 0.882555 -0.375073
vt 0.968803 -0.320710
vt 0.882555 -0.484864
vt 0.968803 -0.551396
vt 0.882555 -0.601140
vt 0.968803 -0.612015
vt 0.882555 -0.568409
vt 0.968803 -0.534474
vt 0.882555 -0.495808
vt 0.882555 -0.391250
vt 0.968803 -0.379782
vt 0.882555 -0.314191
vt 0.968803 -0.321304
vt 0.882555 -0.430194
vt 0.882555 -0.365277
vt 0.968803 -0.444650
vt 0.882555 -0.537992
vt 0.968803 -0.551401
vt 0.882555 -0.612015
vt 0.882555 -0.556854
vt 0.968803 -0.534628
vt 0.882555 -0.441054
vt 0.968803 -0.426669
vt 0.882555 -0.326958
vt 0.968803 -0.393912
vt 0.882555 -0.484871
vt 0.882555 -0.375083
vt 0.968803 -0.499339
vt 0.882555 -0.601129
vt 0.968803 -0.608991
vt 0.968803 -0.534618
vt 0.882555 -0.495749
vt 0.968803 -0.426633
vt 0.882555 -0.390971
vt 0.968803 -0.317739
vt 0.439658 -0.914466
vt 0.403384 -0.914466
vt 0.439658 -0.879463
vt 0.601370 -0.726146
vt 0.903479 -0.725185
vt 0.900369 -0.706116
vt 0.608568 -0.784052
vt 0.909440 -0.790249
vt 0.608561 -0.783977
vt 0.909445 -0.790308
vt 0.608562 -0.783992
vt 0.909444 -0.790304
vt 0.608564 -0.784004
vt 0.909444 -0.790303
vt 0.608565 -0.784019
vt 0.909440 -0.790250
vt 0.340317 -0.262065
vt 0.327229 -0.251885
vt 0.341529 -0.240666
vt 0.348949 -0.225278
vt 0.386193 -0.239814
vt 0.367905 -0.273068
vt 0.368824 -0.195599
vt 0.350782 -0.207629
vt 0.347177 -0.190822
vt 0.268389 -0.044596
vt 0.280500 -0.080697
vt 0.268859 -0.069625
vt 0.254064 -0.062855
vt 0.275715 -0.024955
vt 0.127476 -0.024976
vt 0.389560 -0.191075
vt 0.295729 -0.036350
vt 0.223903 -0.063003
vt 0.200606 -0.063447
vt 0.177309 -0.063003
vt 0.131002 -0.044216
vt 0.147163 -0.062855
vt 0.105480 -0.036358
vt 0.032481 -0.190083
vt 0.011647 -0.191083
vt 0.037418 -0.232094
vt 0.015000 -0.239750
vt 0.033307 -0.273068
vt 0.067894 -0.265951
vt 0.174497 -0.277600
vt 0.154297 -0.261981
vt 0.200606 -0.263208
vt 0.107989 -0.258020
vt 0.073982 -0.251885
vt 0.059683 -0.240666
vt 0.052263 -0.225278
vt 0.050430 -0.207629
vt 0.054035 -0.190822
vt 0.120711 -0.080697
vt 0.132367 -0.069625
vt 0.057610 -0.292683
vt 0.102582 -0.300562
vt 0.151443 -0.304642
vt 0.271126 -0.274743
vt 0.246914 -0.261981
vt 0.293223 -0.258020
vt 0.343602 -0.292683
vt 0.298630 -0.300562
vt 0.249768 -0.304642
vt 0.200606 -0.305736
vt 0.233801 -0.804977
vt 0.259381 -0.804977
vt 0.284646 -0.804977
vt 0.309445 -0.804977
vt 0.333613 -0.804977
vt 0.364444 -0.808643
vt 0.357000 -0.804977
vt 0.400905 -0.804977
vt 0.400905 -0.808643
vt 0.036641 -0.804992
vt 0.015027 -0.808643
vt 0.015027 -0.804992
vt 0.066810 -0.808643
vt 0.059112 -0.804992
vt 0.082499 -0.804977
vt 0.106682 -0.804977
vt 0.131466 -0.804977
vt 0.156731 -0.804977
vt 0.182311 -0.804977
vt 0.208056 -0.804977
vt 0.225088 -0.808643
vt 0.240938 -0.804977
vt 0.278316 -0.808643
vt 0.269731 -0.804977
vt 0.296062 -0.804977
vt 0.330235 -0.808643
vt 0.321897 -0.804977
vt 0.347102 -0.804977
vt 0.379213 -0.808643
vt 0.371480 -0.804977
vt 0.394912 -0.804977
vt 0.439658 -0.808643
vt 0.417233 -0.804977
vt 0.037542 -0.804992
vt 0.045464 -0.808643
vt 0.060975 -0.804992
vt 0.093794 -0.808643
vt 0.085368 -0.804977
vt 0.110557 -0.804977
vt 0.145113 -0.808643
vt 0.136393 -0.804977
vt 0.162739 -0.804977
vt 0.189400 -0.804977
vt 0.293567 -0.823203
vt 0.268743 -0.820319
vt 0.329038 -0.820207
vt 0.115601 -0.823203
vt 0.091458 -0.820320
vt 0.148345 -0.817985
vt 0.169653 -0.822033
vt 0.211206 -0.821417
vt 0.250894 -0.817985
vt 0.272069 -0.822035
vt 0.165896 -0.823203
vt 0.140819 -0.820322
vt 0.165911 -0.823203
vt 0.140811 -0.820323
vt 0.199541 -0.817985
vt 0.220984 -0.822035
vt 0.242189 -0.808643
vt 0.317519 -0.808643
vt 0.355099 -0.804977
vt 0.364484 -0.808643
vt 0.379486 -0.804977
vt 0.139894 -0.808643
vt 0.190730 -0.808643
vt 0.104737 -0.804977
vt 0.114860 -0.808643
vt 0.548292 -0.404840
vt 0.606943 -0.428509
vt 0.640507 -0.435718
vt 0.843354 -0.159106
vt 0.809477 -0.252681
vt 0.723182 -0.234614
vt 0.613224 -0.234468
vt 0.719315 -0.261409
vt 0.739739 -0.230990
vt 0.826261 -0.131202
vt 0.819001 -0.094616
vt 0.828583 -0.032612
vt 0.924733 -0.060389
vt 0.614603 -0.288723
vt 0.667445 -0.310640
vt 0.615544 -0.261407
vt 0.607563 -0.314949
vt 0.720302 -0.288720
vt 0.727315 -0.314949
vt 0.549223 -0.393708
vt 0.728136 -0.428798
vt 0.781872 -0.295606
vt 0.785659 -0.393711
vt 0.786576 -0.404804
vt 0.829908 -0.410003
vt 0.804736 -0.301551
vt 0.864016 -0.399804
vt 0.525387 -0.252685
vt 0.491521 -0.159106
vt 0.536607 -0.300054
vt 0.595127 -0.230986
vt 0.508630 -0.131203
vt 0.424598 -0.054829
vt 0.504981 -0.410010
vt 0.470873 -0.399819
vt 0.297157 -0.822033
vt 0.317442 -0.857054
vt 0.267839 -0.857054
vt 0.344935 -0.821168
vt 0.364490 -0.857054
vt 0.400905 -0.821067
vt 0.400905 -0.857054
vt 0.261057 -0.879463
vt 0.206177 -0.857054
vt 0.325522 -0.879463
vt 0.371943 -0.879463
vt 0.400905 -0.879463
vt 0.036626 -0.857054
vt 0.070356 -0.821171
vt 0.090570 -0.857054
vt 0.113426 -0.821991
vt 0.139790 -0.857054
vt 0.151932 -0.820207
vt 0.189358 -0.821989
vt 0.236929 -0.821415
vt 0.036626 -0.820851
vt 0.036596 -0.879463
vt 0.098691 -0.879463
vt 0.148259 -0.879463
vt 0.199548 -0.879463
vt 0.243575 -0.914466
vt 0.308843 -0.914466
vt 0.365545 -0.914466
vt 0.400905 -0.914466
vt 0.036506 -0.914466
vt 0.068048 -0.914466
vt 0.116011 -0.914466
vt 0.181918 -0.914466
vt 0.249234 -0.958723
vt 0.284240 -0.987548
vt 0.258976 -0.987548
vt 0.309321 -0.958723
vt 0.309099 -0.987548
vt 0.364870 -0.987548
vt 0.370610 -0.958723
vt 0.400905 -0.987548
vt 0.400905 -0.958723
vt 0.036446 -0.958723
vt 0.058934 -0.987548
vt 0.036221 -0.987548
vt 0.082846 -0.958723
vt 0.106262 -0.987548
vt 0.131061 -0.987548
vt 0.146907 -0.958723
vt 0.156325 -0.987548
vt 0.181905 -0.987548
vt 0.197854 -0.958723
vt 0.207650 -0.987548
vt 0.233381 -0.987548
vt 0.242336 -0.857054
vt 0.220512 -0.821168
vt 0.292874 -0.857054
vt 0.341302 -0.857054
vt 0.367877 -0.821168
vt 0.400905 -0.820850
vt 0.235669 -0.879463
vt 0.311031 -0.879463
vt 0.371959 -0.879463
vt 0.015027 -0.879463
vt 0.015027 -0.857054
vt 0.060942 -0.879463
vt 0.090503 -0.857054
vt 0.123333 -0.879463
vt 0.139772 -0.857054
vt 0.173846 -0.879463
vt 0.190737 -0.857054
vt 0.047444 -0.821169
vt 0.015027 -0.820848
vt 0.217793 -0.914466
vt 0.284066 -0.914466
vt 0.356321 -0.914466
vt 0.015027 -0.914466
vt 0.045230 -0.914466
vt 0.091666 -0.914466
vt 0.156356 -0.914466
vt 0.259385 -0.958723
vt 0.324156 -0.958723
vt 0.370605 -0.958723
vt 0.015027 -0.958723
vt 0.073245 -0.958723
vt 0.121649 -0.958723
vt 0.182580 -0.958723
vt 0.309099 -0.987548
vt 0.364885 -0.987548
vt 0.015027 -0.987548
vt 0.067297 -0.987548
vt 0.267831 -0.857054
vt 0.216527 -0.857054
vt 0.271511 -0.821171
vt 0.331655 -0.857054
vt 0.321060 -0.821172
vt 0.367783 -0.821167
vt 0.400905 -0.820848
vt 0.261177 -0.879463
vt 0.325550 -0.879463
vt 0.372003 -0.879463
vt 0.066872 -0.857054
vt 0.074748 -0.879463
vt 0.114870 -0.857054
vt 0.123244 -0.879463
vt 0.165300 -0.857054
vt 0.184219 -0.879463
vt 0.094141 -0.821170
vt 0.047386 -0.821168
vt 0.015027 -0.821067
vt 0.217844 -0.914466
vt 0.284074 -0.914466
vt 0.356128 -0.914466
vt 0.045178 -0.914466
vt 0.106394 -0.914466
vt 0.166508 -0.914466
vt 0.249344 -0.958723
vt 0.299683 -0.958723
vt 0.347802 -0.958723
vt 0.073263 -0.958723
vt 0.121694 -0.958723
vt 0.182488 -0.958723
vt 0.309099 -0.987548
vt 0.364902 -0.987548
vt 0.067275 -0.987548
vt 0.993287 -0.852043
vt 0.960902 -0.867652
vt 0.993287 -0.867638
vt 0.960902 -0.918073
vt 0.993287 -0.897807
vt 0.993287 -0.938354
vt 0.960917 -0.978856
vt 0.993287 -0.978797
vt 0.960902 -0.852058
vt 0.993287 -0.838044
vt 0.960902 -0.838044
vt 0.993287 -0.823706
vt 0.960902 -0.823721
vt 0.993287 -0.810003
vt 0.960902 -0.810018
vt 0.993287 -0.700618
vt 0.960902 -0.700632
vt 0.993287 -0.686678
vt 0.960902 -0.686693
vt 0.993287 -0.672473
vt 0.960902 -0.672503
vt 0.993287 -0.646161
vt 0.960902 -0.625881
vt 0.993287 -0.625866
vt 0.282692 -0.857054
vt 0.216464 -0.857054
vt 0.321072 -0.821170
vt 0.341269 -0.857054
vt 0.367759 -0.821169
vt 0.400905 -0.821934
vt 0.225157 -0.879463
vt 0.276264 -0.879463
vt 0.325615 -0.879463
vt 0.372057 -0.879463
vt 0.051629 -0.879463
vt 0.105071 -0.857054
vt 0.108577 -0.879463
vt 0.165246 -0.857054
vt 0.173704 -0.879463
vt 0.094058 -0.821168
vt 0.047455 -0.821173
vt 0.015027 -0.820850
vt 0.217778 -0.914466
vt 0.268951 -0.914466
vt 0.318548 -0.914466
vt 0.365569 -0.914466
vt 0.045194 -0.914466
vt 0.091692 -0.914466
vt 0.156291 -0.914466
vt 0.259399 -0.958723
vt 0.324060 -0.958723
vt 0.370561 -0.958723
vt 0.050261 -0.958723
vt 0.097375 -0.958723
vt 0.146932 -0.958723
vt 0.197989 -0.958723
vt 0.309099 -0.987548
vt 0.364842 -0.987548
vt 0.067372 -0.987548
vt 0.282300 -0.821170
vt 0.251849 -0.857054
vt 0.238020 -0.820203
vt 0.320004 -0.857054
vt 0.333979 -0.821170
vt 0.379266 -0.857054
vt 0.371488 -0.820853
vt 0.405659 -0.821171
vt 0.439658 -0.857054
vt 0.260955 -0.879463
vt 0.323465 -0.879463
vt 0.387197 -0.879463
vt 0.439658 -0.820851
vt 0.069020 -0.857054
vt 0.087536 -0.879463
vt 0.134559 -0.857054
vt 0.154011 -0.879463
vt 0.198258 -0.857054
vt 0.207431 -0.879463
vt 0.192700 -0.821415
vt 0.143609 -0.821989
vt 0.105729 -0.820205
vt 0.064046 -0.821418
vt 0.015027 -0.821934
vt 0.215839 -0.914466
vt 0.295336 -0.914466
vt 0.356488 -0.914466
vt 0.070203 -0.914466
vt 0.136005 -0.914466
vt 0.269723 -0.958723
vt 0.337191 -0.958723
vt 0.385649 -0.958723
vt 0.439658 -0.958723
vt 0.075654 -0.958723
vt 0.136582 -0.958723
vt 0.205710 -0.958723
vt 0.242633 -0.987548
vt 0.269295 -0.987548
vt 0.295626 -0.987548
vt 0.321555 -0.987548
vt 0.379681 -0.987548
vt 0.417233 -0.987548
vt 0.037122 -0.987548
vt 0.069366 -0.987548
vt 0.110122 -0.987548
vt 0.135972 -0.987548
vt 0.162303 -0.987548
vt 0.188965 -0.987548
vt 0.215792 -0.987548
vt 0.276203 -0.817985
vt 0.165237 -0.808643
vt 0.114994 -0.808643
vt 0.104674 -0.804977
vt 0.036641 -0.808643
vt 0.341421 -0.808643
vt 0.292908 -0.808643
vt 0.231713 -0.804977
vt 0.216631 -0.808643
vt 0.475973 -0.844913
vt 0.487716 -0.914993
vt 0.501327 -0.850455
vt 0.471967 -0.883366
vt 0.465358 -0.907578
vt 0.467897 -0.756803
vt 0.500469 -0.795675
vt 0.490113 -0.749445
vt 0.474959 -0.794977
vt 0.533313 -0.876339
vt 0.524705 -0.925671
vt 0.536391 -0.830210
vt 0.533341 -0.782398
vt 0.526838 -0.739450
vt 0.475967 -0.845016
vt 0.498610 -0.879203
vt 0.500472 -0.802595
vt 0.487722 -0.914995
vt 0.490116 -0.749444
vt 0.474959 -0.794977
vt 0.533301 -0.876437
vt 0.533349 -0.782476
vt 0.475967 -0.845030
vt 0.499809 -0.862359
vt 0.498874 -0.799731
vt 0.487715 -0.914993
vt 0.490120 -0.749443
vt 0.474966 -0.795049
vt 0.533280 -0.876621
vt 0.533340 -0.782396
vt 0.475966 -0.845045
vt 0.487712 -0.914992
vt 0.501323 -0.850468
vt 0.500460 -0.795785
vt 0.490114 -0.749445
vt 0.474976 -0.795136
vt 0.533302 -0.876430
vt 0.533324 -0.782245
vt 0.475963 -0.845099
vt 0.498636 -0.879087
vt 0.500457 -0.802598
vt 0.487718 -0.914994
vt 0.490110 -0.749446
vt 0.474962 -0.795003
vt 0.533305 -0.876402
vt 0.533350 -0.782489
vt 0.633228 -0.570611
vt 0.663420 -0.496392
vt 0.664532 -0.570611
vt 0.636902 -0.496392
vt 0.680288 -0.592328
vt 0.719161 -0.601860
vt 0.703540 -0.570611
vt 0.681046 -0.496392
vt 0.638295 -0.601860
vt 0.644172 -0.707329
vt 0.685408 -0.707329
vt 0.717871 -0.707329
vt 0.613702 -0.601860
vt 0.270880 -0.274766
vt 0.340185 -0.262160
vt 0.174340 -0.277594
vt 0.067873 -0.265948
vt 0.037377 -0.232035
vt 0.015006 -0.239770
vt 0.132886 -0.044435
vt 0.011648 -0.191082
vt 0.105513 -0.036324
vt 0.270129 -0.044165
vt 0.273669 -0.024977
vt 0.125481 -0.024955
vt 0.295714 -0.036334
vt 0.368835 -0.195585
vt 0.386208 -0.239764
vt 0.389563 -0.191081
vt 0.272137 -0.274650
vt 0.340292 -0.262083
vt 0.175452 -0.277633
vt 0.067644 -0.265908
vt 0.046510 -0.251723
vt 0.015017 -0.239810
vt 0.032380 -0.195622
vt 0.132891 -0.044438
vt 0.011650 -0.191079
vt 0.105441 -0.036396
vt 0.270187 -0.044241
vt 0.273703 -0.024976
vt 0.125495 -0.024955
vt 0.295713 -0.036333
vt 0.368824 -0.195624
vt 0.386200 -0.239791
vt 0.389563 -0.191080
vt 0.271278 -0.274729
vt 0.340235 -0.262124
vt 0.174921 -0.277615
vt 0.067935 -0.265959
vt 0.015011 -0.239789
vt 0.032380 -0.195565
vt 0.132897 -0.044452
vt 0.011648 -0.191082
vt 0.105476 -0.036362
vt 0.270111 -0.044163
vt 0.127558 -0.024977
vt 0.275732 -0.024955
vt 0.295717 -0.036337
vt 0.368835 -0.195676
vt 0.386203 -0.239780
vt 0.389564 -0.191082
vt 0.271311 -0.274726
vt 0.340202 -0.262147
vt 0.174791 -0.277610
vt 0.067907 -0.265954
vt 0.015009 -0.239781
vt 0.032379 -0.195637
vt 0.132889 -0.044410
vt 0.011647 -0.191083
vt 0.105489 -0.036349
vt 0.270152 -0.044171
vt 0.127534 -0.024977
vt 0.275734 -0.024955
vt 0.295731 -0.036352
vt 0.368818 -0.195674
vt 0.386201 -0.239789
vt 0.389564 -0.191082
vt 0.866207 -0.544349
vt 0.859468 -0.663953
vt 0.862127 -0.663953
vt 0.863319 -0.544349
vt 0.855716 -0.663953
vt 0.859241 -0.544349
vt 0.850961 -0.663953
vt 0.854073 -0.544349
vt 0.845320 -0.663953
vt 0.847944 -0.544349
vt 0.837283 -0.544349
vt 0.842212 -0.663953
vt 0.835512 -0.663953
vt 0.844567 -0.544349
vt 0.848166 -0.663943
vt 0.851120 -0.544349
vt 0.853379 -0.663943
vt 0.856786 -0.544349
vt 0.857724 -0.663953
vt 0.861422 -0.544349
vt 0.860940 -0.663953
vt 0.864918 -0.544349
vt 0.863024 -0.663953
vt 0.867183 -0.544349
vt 0.863927 -0.663953
vt 0.868165 -0.544349
vt 0.863625 -0.663953
vt 0.867837 -0.544349
vt 0.770790 -0.544351
vt 0.775957 -0.544351
vt 0.782086 -0.544351
vt 0.789025 -0.544351
vt 0.796606 -0.544351
vt 0.804639 -0.544351
vt 0.812928 -0.544351
vt 0.820772 -0.663953
vt 0.821267 -0.544351
vt 0.828305 -0.663953
vt 0.829454 -0.544349
vt 0.778911 -0.544351
vt 0.773244 -0.544351
vt 0.768606 -0.544351
vt 0.765114 -0.544351
vt 0.762847 -0.544351
vt 0.761868 -0.544351
vt 0.762194 -0.544351
vt 0.763823 -0.544351
vt 0.766711 -0.544351
vt 0.838935 -0.663953
vt 0.841005 -0.544349
vt 0.831961 -0.663953
vt 0.833425 -0.544349
vt 0.824568 -0.663953
vt 0.825391 -0.544349
vt 0.816941 -0.663953
vt 0.817103 -0.544351
vt 0.809268 -0.663953
vt 0.808763 -0.544351
vt 0.801735 -0.663953
vt 0.800577 -0.544351
vt 0.794528 -0.663953
vt 0.792747 -0.544351
vt 0.785464 -0.544351
vt 0.183993 -0.331249
vt 0.231653 -0.320754
vt 0.118674 -0.366842
vt 0.303109 -0.325043
vt 0.391830 -0.363099
vt 0.446072 -0.414367
vt 0.470781 -0.456451
vt 0.488804 -0.525967
vt 0.479914 -0.622157
vt 0.448010 -0.689295
vt 0.415625 -0.725806
vt 0.355256 -0.764348
vt 0.260975 -0.785698
vt 0.187132 -0.776094
vt 0.142401 -0.756582
vt 0.087078 -0.711068
vt 0.037607 -0.627884
vt 0.023964 -0.554810
vt 0.028695 -0.506236
vt 0.054822 -0.439687
vt 0.615383 -0.707329
vt 0.659130 -0.707329
vt 0.664558 -0.601860
vt 0.697557 -0.707329
vt 0.700610 -0.601860
vt 0.701335 -0.496392
vt 0.600799 -0.902730
vt 0.598981 -0.939610
vt 0.604915 -0.867091
vt 0.968803 -0.408248
vt 0.882555 -0.408248
vt 0.968803 -0.365277
vt 0.882555 -0.462985
vt 0.968803 -0.517678
vt 0.882555 -0.517678
vt 0.968803 -0.568409
vt 0.620116 -0.866041
vt 0.906182 -0.890328
vt 0.627821 -0.834807
vt 0.909217 -0.854910
vt 0.439658 -0.804977
vt 0.843471 -0.564566
vt 0.843471 -0.512800
vt 0.772800 -0.564566
vt 0.772800 -0.512800
vt 0.843426 -0.564566
vt 0.843426 -0.512800
vt 0.772725 -0.564566
vt 0.772725 -0.512800
vt 0.895623 -0.979477
vt 0.900895 -0.938768
vt 0.613551 -0.937792
vt 0.616165 -0.901680
vt 0.243985 -0.240681
vt 0.154598 -0.240681
vt 0.288957 -0.163594
vt 0.110182 -0.162958
vt 0.155154 -0.085708
vt 0.244541 -0.086033
vt 0.761144 -0.138317
vt 0.713769 -0.218848
vt 0.716608 -0.059263
vt 0.621693 -0.218582
vt 0.575069 -0.136173
vt 0.622774 -0.059145
vt 0.515887 -0.094620
vt 0.801915 -0.667806
vt 0.815018 -0.667078
vt 0.802396 -0.668525
vt 0.828119 -0.667804
vt 0.895578 -0.681401
vt 0.829250 -0.667493
vt 0.801520 -0.667645
vt 0.828514 -0.667645
vt 0.827638 -0.668523
vt 0.853387 -0.667645
vt 0.845579 -0.667493
vt 0.854375 -0.667493
vt 0.845044 -0.667645
vt 0.852351 -0.667804
vt 0.841489 -0.668627
vt 0.842558 -0.668618
vt 0.840311 -0.668618
vt 0.844231 -0.668523
vt 0.825233 -0.667645
vt 0.848139 -0.667493
vt 0.825109 -0.667493
vt 0.847072 -0.667645
vt 0.824989 -0.667804
vt 0.815018 -0.668627
vt 0.818654 -0.668618
vt 0.810375 -0.668582
vt 0.811382 -0.668618
vt 0.820453 -0.668523
vt 0.805045 -0.667806
vt 0.799371 -0.667078
vt 0.809583 -0.668525
vt 0.783845 -0.667806
vt 0.782962 -0.667645
vt 0.804801 -0.667645
vt 0.789162 -0.668525
vt 0.784990 -0.667645
vt 0.776649 -0.667645
vt 0.785781 -0.667806
vt 0.439658 -0.987548
vt 0.668842 -0.138509
vt 0.720567 -0.151501
vt 0.683756 -0.189746
vt 0.639958 -0.186239
vt 0.617580 -0.158502
vt 0.629618 -0.101817
vt 0.690681 -0.088867
vt 0.717238 -0.112049
vt 0.720555 -0.151535
vt 0.683710 -0.189757
vt 0.630875 -0.177148
vt 0.616483 -0.125529
vt 0.653238 -0.087331
vt 0.706104 -0.099902
vt 0.718849 -0.118594
vt 0.707093 -0.175281
vt 0.646610 -0.188171
vt 0.618824 -0.165087
vt 0.616473 -0.125564
vt 0.653238 -0.087331
vt 0.697727 -0.090763
vt 0.720577 -0.151472
vt 0.683942 -0.189700
vt 0.617581 -0.158509
vt 0.629615 -0.101819
vt 0.690688 -0.088868
vt 0.720569 -0.151496
vt 0.683920 -0.189705
vt 0.630888 -0.177161
vt 0.616455 -0.125623
vt 0.653219 -0.087336
vt 0.706138 -0.099939
vt 0.845723 -0.667359
vt 0.845350 -0.667273
vt 0.842565 -0.667222
vt 0.838796 -0.667184
vt 0.834903 -0.667222
vt 0.831411 -0.667273
vt 0.830211 -0.667359
vt 0.805429 -0.667359
vt 0.806402 -0.667273
vt 0.810282 -0.667222
vt 0.815018 -0.667186
vt 0.819752 -0.667222
vt 0.823632 -0.667273
vt 0.824605 -0.667359
vt 0.849190 -0.667359
vt 0.850156 -0.667273
vt 0.851930 -0.667222
vt 0.853492 -0.667184
vt 0.854856 -0.667222
vt 0.855481 -0.667273
vt 0.855115 -0.667359
vt 0.823889 -0.659045
vt 0.829381 -0.659045
vt 0.806136 -0.659045
vt 0.800657 -0.659045
vt 0.815023 -0.659045
vt 0.793603 -0.668525
s 1
g off
g rin3_wheel
usemtl wheel
f 1/1/1 2/2/2 3/3/3
f 4/4/4 5/5/5 6/6/6
f 5/5/5 4/4/4 7/7/7
f 7/7/7 4/4/4 8/8/8
f 9/9/9 7/7/7 8/8/8
f 9/9/9 10/10/10 7/7/7
f 11/11/11 10/10/10 12/12/12
f 11/11/11 7/7/7 10/10/10
f 11/11/11 5/5/5 7/7/7
f 13/13/13 5/5/5 11/11/11
f 13/13/13 6/6/6 5/5/5
f 14/14/14 6/6/6 13/13/13
f 15/15/15 6/6/6 14/14/14
f 16/16/16 15/15/15 14/14/14
f 16/16/16 17/17/17 15/15/15
f 16/16/16 18/18/18 17/17/17
f 19/19/19 18/18/18 16/16/16
f 17/17/17 20/20/20 21/21/21
f 18/18/18 20/20/20 17/17/17
f 22/22/22 23/23/23 4/4/4
f 4/4/4 6/6/6 22/22/22
f 24/24/24 22/22/22 6/6/6
f 15/15/15 24/24/24 6/6/6
f 17/17/17 24/24/24 15/15/15
f 17/17/17 21/21/21 24/24/24
f 21/21/21 25/25/25 24/24/24
f 24/24/24 25/25/25 22/22/22
f 22/22/22 25/25/25 26/26/26
f 27/27/27 26/26/26 25/25/25
f 27/27/27 25/25/25 21/21/21
f 29/28/29 21/21/21 20/20/20
f 29/28/29 27/27/27 21/21/21
f 19/19/19 28/29/28 18/18/18
f 30/30/30 28/29/28 19/19/19
f 31/31/31 23/23/23 22/22/22
f 22/22/22 32/32/32 31/31/31
f 26/26/26 32/32/32 22/22/22
f 26/26/26 33/33/33 32/32/32
f 27/27/27 34/34/34 26/26/26
f 35/35/35 27/27/27 29/28/29
f 34/34/34 27/27/27 35/35/35
f 35/35/35 36/36/36 34/34/34
f 35/35/35 37/37/37 36/36/36
f 36/36/36 37/37/37 38/38/38
f 29/28/29 37/37/37 35/35/35
f 29/28/29 39/39/39 37/37/37
f 29/28/29 40/40/40 39/39/39
f 20/20/20 40/40/40 29/28/29
f 48/41/48 40/40/40 20/20/20
f 18/18/18 48/41/48 20/20/20
f 18/18/18 28/29/28 48/41/48
f 28/29/28 42/42/42 41/43/41
f 30/30/30 42/42/42 28/29/28
f 43/44/43 42/42/42 30/30/30
f 44/45/44 42/42/42 43/44/43
f 44/45/44 45/46/45 42/42/42
f 44/45/44 46/47/46 45/46/45
f 47/48/47 46/47/46 44/45/44
f 28/29/28 49/49/49 48/41/48
f 28/29/28 50/50/50 49/49/49
f 28/29/28 41/43/41 50/50/50
f 47/48/47 51/51/51 46/47/46
f 52/52/52 51/51/51 47/48/47
f 53/53/53 51/51/51 52/52/52
f 53/53/53 54/54/54 51/51/51
f 53/53/53 55/55/55 54/54/54
f 56/56/56 55/55/55 53/53/53
f 57/57/57 55/55/55 56/56/56
f 57/57/57 58/58/58 55/55/55
f 59/59/59 58/58/58 57/57/57
f 59/59/59 60/60/60 58/58/58
f 61/61/61 60/60/60 59/59/59
f 62/62/62 61/61/61 59/59/59
f 63/63/63 61/61/61 62/62/62
f 63/63/63 64/64/64 61/61/61
f 12/12/12 64/64/64 63/63/63
f 12/12/12 10/10/10 64/64/64
f 64/64/64 65/65/65 61/61/61
f 8/8/8 4/4/4 23/23/23
f 8/8/8 23/23/23 66/66/66
f 10/10/10 69/67/69 64/64/64
f 69/67/69 65/65/65 64/64/64
f 69/67/69 67/68/67 65/65/65
f 69/67/69 68/69/68 67/68/67
f 10/10/10 70/70/70 69/67/69
f 10/10/10 9/9/9 70/70/70
f 9/9/9 71/71/71 70/70/70
f 75/72/75 71/71/71 9/9/9
f 8/8/8 75/72/75 9/9/9
f 73/73/73 75/72/75 8/8/8
f 73/73/73 8/8/8 66/66/66
f 72/74/72 73/73/73 66/66/66
f 66/66/66 31/31/31 72/74/72
f 66/66/66 23/23/23 31/31/31
f 72/74/72 74/75/74 73/73/73
f 73/73/73 76/76/76 75/72/75
f 74/75/74 76/76/76 73/73/73
f 74/75/74 77/77/77 76/76/76
f 78/78/78 79/79/79 80/80/80
f 78/78/78 81/81/81 79/79/79
f 78/78/78 82/82/82 83/83/83
f 83/83/83 81/81/81 78/78/78
f 83/83/83 84/84/84 81/81/81
f 78/78/78 80/80/80 85/85/85
f 85/85/85 86/86/86 78/78/78
f 87/87/87 88/88/88 89/33/89
f 87/87/87 90/89/90 88/88/88
f 91/90/91 87/87/87 92/91/92
f 91/90/91 90/89/90 87/87/87
f 91/90/91 93/92/93 90/89/90
f 94/92/94 95/93/95 96/94/96
f 91/90/91 97/94/97 93/92/93
f 91/90/91 98/95/98 97/94/97
f 99/96/99 100/7/100 101/97/101
f 99/96/99 102/98/102 100/7/100
f 99/96/99 101/97/101 104/99/104
f 104/99/104 101/97/101 105/100/105
f 101/97/101 106/101/106 105/100/105
f 101/97/101 107/102/107 106/101/106
f 100/7/100 107/102/107 101/97/101
f 108/103/108 107/102/107 100/7/100
f 107/102/107 108/103/108 109/6/109
f 107/102/107 109/6/109 110/104/110
f 111/105/111 110/104/110 109/6/109
f 110/104/110 106/101/106 107/102/107
f 112/73/112 104/99/104 105/100/105
f 82/82/82 112/73/112 105/100/105
f 82/82/82 113/106/113 112/73/112
f 105/100/105 83/83/83 82/82/82
f 105/100/105 106/101/106 83/83/83
f 103/107/103 114/108/114 115/61/115
f 99/96/99 116/71/116 102/98/102
f 104/99/104 116/71/116 99/96/99
f 104/99/104 117/72/117 116/71/116
f 104/99/104 118/109/118 117/72/117
f 112/73/112 118/109/118 104/99/104
f 113/106/113 118/109/118 112/73/112
f 113/106/113 119/77/119 118/109/118
f 103/107/103 120/68/120 114/108/114
f 103/107/103 121/69/121 120/68/120
f 103/107/103 122/67/122 121/69/121
f 103/107/103 123/70/123 122/67/122
f 102/98/102 123/70/123 103/107/103
f 102/98/102 116/71/116 123/70/123
f 82/82/82 124/110/124 113/106/113
f 113/106/113 124/110/124 125/111/125
f 113/106/113 125/111/125 119/77/119
f 78/78/78 86/86/86 82/82/82
f 82/82/82 86/86/86 124/110/124
f 92/91/92 126/112/126 98/95/98
f 92/91/92 98/95/98 91/90/91
f 127/113/127 126/112/126 92/91/92
f 127/113/127 128/114/128 126/112/126
f 127/113/127 77/38/77 128/114/128
f 129/115/129 70/41/70 71/40/71
f 130/116/130 70/41/70 129/115/129
f 130/116/130 69/49/69 70/41/70
f 130/116/130 68/50/68 69/49/69
f 130/116/130 131/117/131 68/50/68
f 132/118/132 76/119/76 133/35/133
f 132/118/132 75/39/75 76/119/76
f 132/118/132 71/40/71 75/39/75
f 134/120/134 71/40/71 132/118/132
f 129/115/129 71/40/71 134/120/134
f 130/116/130 135/121/135 131/117/131
f 136/122/136 135/121/135 130/116/130
f 137/44/137 135/121/135 136/122/136
f 138/45/138 135/121/135 137/44/137
f 138/45/138 139/46/139 135/121/135
f 138/45/138 140/47/140 139/46/139
f 141/48/141 140/47/140 138/45/138
f 142/123/142 130/116/130 129/115/129
f 136/122/136 130/116/130 142/123/142
f 129/115/129 134/120/134 143/17/143
f 143/17/143 134/120/134 144/124/144
f 143/17/143 144/124/144 111/105/111
f 144/124/144 145/125/145 111/105/111
f 111/105/111 145/125/145 110/104/110
f 110/104/110 145/125/145 87/87/87
f 146/126/146 87/87/87 145/125/145
f 146/126/146 145/125/145 144/124/144
f 132/118/132 144/124/144 134/120/134
f 132/118/132 146/126/146 144/124/144
f 143/17/143 111/105/111 147/127/147
f 147/127/147 111/105/111 109/6/109
f 83/83/83 106/101/106 110/104/110
f 110/104/110 84/84/84 83/83/83
f 87/87/87 84/84/84 110/104/110
f 87/87/87 89/33/89 84/84/84
f 146/126/146 92/91/92 87/87/87
f 133/35/133 146/126/146 132/118/132
f 92/91/92 146/126/146 133/35/133
f 133/35/133 127/113/127 92/91/92
f 133/35/133 76/119/76 127/113/127
f 127/113/127 76/119/76 77/38/77
f 141/48/141 148/51/148 140/47/140
f 149/52/149 148/51/148 141/48/141
f 150/53/150 148/51/148 149/52/149
f 150/53/150 151/54/151 148/51/148
f 150/53/150 152/55/152 151/54/151
f 153/56/153 152/55/152 150/53/150
f 154/57/154 152/55/152 153/56/153
f 154/57/154 155/58/155 152/55/152
f 156/59/156 155/58/155 154/57/154
f 156/59/156 157/60/157 155/58/155
f 115/61/115 157/60/157 156/59/156
f 158/62/158 115/61/115 156/59/156
f 159/128/159 115/61/115 158/62/158
f 159/128/159 103/107/103 115/61/115
f 160/129/160 103/107/103 159/128/159
f 160/129/160 102/98/102 103/107/103
f 161/130/161 102/98/102 160/129/160
f 161/130/161 100/7/100 102/98/102
f 161/130/161 108/103/108 100/7/100
f 162/131/162 108/103/108 161/130/161
f 162/131/162 109/6/109 108/103/108
f 163/132/163 109/6/109 162/131/162
f 147/127/147 109/6/109 163/132/163
f 164/133/164 147/127/147 163/132/163
f 164/133/164 143/17/143 147/127/147
f 164/133/164 129/115/129 143/17/143
f 142/123/142 129/115/129 164/133/164
f 165/92/165 93/93/93 97/94/97
f 166/78/166 1/79/1 167/80/167
f 166/78/166 2/81/2 1/79/1
f 166/78/166 168/134/168 169/135/169
f 169/135/169 2/81/2 166/78/166
f 169/135/169 170/136/170 2/81/2
f 166/78/166 167/80/167 171/85/171
f 171/85/171 172/86/172 166/78/166
f 173/137/173 174/88/174 175/33/175
f 176/90/176 174/88/174 173/137/173
f 177/89/177 174/88/174 176/90/176
f 176/90/176 178/92/178 177/89/177
f 176/90/176 173/137/173 179/138/179
f 176/90/176 85/94/85 178/92/178
f 176/90/176 180/95/180 85/94/85
f 181/139/181 182/7/182 183/140/183
f 181/139/181 184/141/184 182/7/182
f 184/141/184 203/67/203 185/64/185
f 183/140/183 187/142/187 186/143/186
f 183/140/183 188/144/188 187/142/187
f 182/7/182 188/144/188 183/140/183
f 189/145/189 188/144/188 182/7/182
f 188/144/188 189/145/189 190/6/190
f 188/144/188 190/6/190 191/146/191
f 192/147/192 191/146/191 190/6/190
f 191/146/191 187/142/187 188/144/188
f 183/140/183 198/72/198 181/139/181
f 193/73/193 198/72/198 183/140/183
f 193/73/193 183/140/183 186/143/186
f 168/134/168 193/73/193 186/143/186
f 168/134/168 194/148/194 193/73/193
f 186/143/186 169/135/169 168/134/168
f 186/143/186 187/142/187 169/135/169
f 185/64/185 195/149/195 196/61/196
f 203/67/203 195/149/195 185/64/185
f 184/141/184 204/70/204 203/67/203
f 184/141/184 181/139/181 204/70/204
f 181/139/181 197/71/197 204/70/204
f 198/72/198 197/71/197 181/139/181
f 193/73/193 199/150/199 198/72/198
f 194/148/194 199/150/199 193/73/193
f 194/148/194 200/77/200 199/150/199
f 203/67/203 201/68/201 195/149/195
f 203/67/203 202/69/202 201/68/201
f 168/134/168 205/110/205 194/148/194
f 194/148/194 205/110/205 206/111/206
f 194/148/194 206/111/206 200/77/200
f 166/78/166 172/86/172 168/134/168
f 168/134/168 172/86/172 205/110/205
f 179/138/179 207/112/207 180/95/180
f 179/138/179 180/95/180 176/90/176
f 208/151/208 207/112/207 179/138/179
f 208/151/208 125/114/125 207/112/207
f 208/151/208 119/38/119 125/114/125
f 209/152/209 123/41/123 116/40/116
f 122/49/122 123/41/123 209/152/209
f 122/49/122 210/153/210 121/50/121
f 117/39/117 118/154/118 211/35/211
f 212/155/212 116/40/116 117/39/117
f 209/152/209 116/40/116 212/155/212
f 213/156/213 210/153/210 122/49/122
f 213/156/213 214/157/214 210/153/210
f 215/158/215 214/157/214 213/156/213
f 216/44/216 214/157/214 215/158/215
f 217/45/217 214/157/214 216/44/216
f 217/45/217 218/46/218 214/157/214
f 217/45/217 219/47/219 218/46/218
f 220/48/220 219/47/219 217/45/217
f 213/156/213 122/49/122 209/152/209
f 221/159/221 213/156/213 209/152/209
f 215/158/215 213/156/213 221/159/221
f 117/39/117 222/160/222 212/155/212
f 209/152/209 212/155/212 223/17/223
f 223/17/223 212/155/212 222/160/222
f 223/17/223 222/160/222 192/147/192
f 222/160/222 224/161/224 192/147/192
f 192/147/192 224/161/224 191/146/191
f 191/146/191 224/161/224 173/137/173
f 225/162/225 173/137/173 224/161/224
f 225/162/225 224/161/224 222/160/222
f 223/17/223 192/147/192 226/163/226
f 226/163/226 192/147/192 190/6/190
f 169/135/169 187/142/187 191/146/191
f 191/146/191 170/136/170 169/135/169
f 173/137/173 170/136/170 191/146/191
f 173/137/173 175/33/175 170/136/170
f 225/162/225 179/138/179 173/137/173
f 211/35/211 225/162/225 222/160/222
f 211/35/211 222/160/222 117/39/117
f 179/138/179 225/162/225 211/35/211
f 211/35/211 208/151/208 179/138/179
f 211/35/211 118/154/118 208/151/208
f 208/151/208 118/154/118 119/38/119
f 220/48/220 227/51/227 219/47/219
f 228/52/228 227/51/227 220/48/220
f 229/53/229 227/51/227 228/52/228
f 229/53/229 230/54/230 227/51/227
f 229/53/229 231/55/231 230/54/230
f 232/56/232 231/55/231 229/53/229
f 233/57/233 231/55/231 232/56/232
f 233/57/233 234/58/234 231/55/231
f 235/59/235 234/58/234 233/57/233
f 235/59/235 236/60/236 234/58/234
f 196/61/196 236/60/236 235/59/235
f 237/62/237 196/61/196 235/59/235
f 238/164/238 196/61/196 237/62/237
f 238/164/238 185/64/185 196/61/196
f 239/165/239 185/64/185 238/164/238
f 239/165/239 184/141/184 185/64/185
f 240/166/240 184/141/184 239/165/239
f 240/166/240 182/7/182 184/141/184
f 240/166/240 189/145/189 182/7/182
f 241/167/241 189/145/189 240/166/240
f 241/167/241 190/6/190 189/145/189
f 242/168/242 190/6/190 241/167/241
f 226/163/226 190/6/190 242/168/242
f 243/169/243 226/163/226 242/168/242
f 243/169/243 223/17/223 226/163/226
f 243/169/243 209/152/209 223/17/223
f 221/159/221 209/152/209 243/169/243
f 80/92/80 178/93/178 85/94/85
f 244/78/244 245/79/245 246/80/246
f 244/78/244 247/81/247 245/79/245
f 244/78/244 248/170/248 249/171/249
f 249/171/249 247/81/247 244/78/244
f 249/171/249 250/172/250 247/81/247
f 244/78/244 246/80/246 251/85/251
f 251/85/251 252/86/252 244/78/244
f 253/173/253 254/88/254 255/33/255
f 256/90/256 254/88/254 253/173/253
f 257/89/257 254/88/254 256/90/256
f 256/90/256 258/92/258 257/89/257
f 256/90/256 253/173/253 259/174/259
f 256/90/256 171/94/171 258/92/258
f 256/90/256 260/95/260 171/94/171
f 261/175/261 262/7/262 263/176/263
f 261/175/261 264/177/264 262/7/262
f 263/176/263 267/178/267 266/179/266
f 263/176/263 268/180/268 267/178/267
f 262/7/262 268/180/268 263/176/263
f 269/181/269 268/180/268 262/7/262
f 268/180/268 269/181/269 270/6/270
f 268/180/268 270/6/270 271/182/271
f 272/183/272 271/182/271 270/6/270
f 271/182/271 267/178/267 268/180/268
f 263/176/263 278/72/278 261/175/261
f 273/73/273 278/72/278 263/176/263
f 273/73/273 263/176/263 266/179/266
f 248/170/248 273/73/273 266/179/266
f 248/170/248 274/184/274 273/73/273
f 266/179/266 249/171/249 248/170/248
f 266/179/266 267/178/267 249/171/249
f 265/185/265 275/186/275 276/61/276
f 264/177/264 284/70/284 265/185/265
f 264/177/264 261/175/261 284/70/284
f 261/175/261 277/71/277 284/70/284
f 278/72/278 277/71/277 261/175/261
f 273/73/273 279/187/279 278/72/278
f 274/184/274 279/187/279 273/73/273
f 274/184/274 280/77/280 279/187/279
f 265/185/265 281/68/281 275/186/275
f 265/185/265 282/69/282 281/68/281
f 265/185/265 283/67/283 282/69/282
f 265/185/265 284/70/284 283/67/283
f 251/85/251 246/188/246 285/80/285
f 286/189/286 203/49/203 204/41/204
f 286/189/286 202/50/202 203/49/203
f 286/189/286 287/190/287 202/50/202
f 288/191/288 199/192/199 289/35/289
f 288/191/288 198/39/198 199/192/199
f 288/191/288 197/40/197 198/39/198
f 290/193/290 197/40/197 288/191/288
f 204/41/204 197/40/197 290/193/290
f 291/194/291 204/41/204 290/193/290
f 291/194/291 286/189/286 204/41/204
f 286/189/286 292/195/292 287/190/287
f 293/196/293 292/195/292 286/189/286
f 294/44/294 292/195/292 293/196/293
f 295/45/295 292/195/292 294/44/294
f 295/45/295 296/46/296 292/195/292
f 295/45/295 297/47/297 296/46/296
f 298/48/298 297/47/297 295/45/295
f 299/197/299 286/189/286 291/194/291
f 293/196/293 286/189/286 299/197/299
f 291/194/291 290/193/290 300/17/300
f 300/17/300 290/193/290 301/198/301
f 300/17/300 301/198/301 272/183/272
f 301/198/301 302/199/302 272/183/272
f 272/183/272 302/199/302 271/182/271
f 271/182/271 302/199/302 253/173/253
f 303/200/303 253/173/253 302/199/302
f 303/200/303 302/199/302 301/198/301
f 288/191/288 301/198/301 290/193/290
f 288/191/288 303/200/303 301/198/301
f 300/17/300 272/183/272 304/201/304
f 304/201/304 272/183/272 270/6/270
f 249/171/249 267/178/267 271/182/271
f 271/182/271 250/172/250 249/171/249
f 253/173/253 250/172/250 271/182/271
f 253/173/253 255/33/255 250/172/250
f 303/200/303 259/174/259 253/173/253
f 289/35/289 303/200/303 288/191/288
f 259/174/259 303/200/303 289/35/289
f 289/35/289 305/202/305 259/174/259
f 289/35/289 199/192/199 305/202/305
f 305/202/305 199/192/199 200/38/200
f 298/48/298 306/51/306 297/47/297
f 307/52/307 306/51/306 298/48/298
f 308/53/308 306/51/306 307/52/307
f 308/53/308 309/54/309 306/51/306
f 308/53/308 310/55/310 309/54/309
f 311/56/311 310/55/310 308/53/308
f 312/57/312 310/55/310 311/56/311
f 312/57/312 313/58/313 310/55/310
f 314/59/314 313/58/313 312/57/312
f 314/59/314 315/60/315 313/58/313
f 276/61/276 315/60/315 314/59/314
f 316/62/316 276/61/276 314/59/314
f 317/203/317 276/61/276 316/62/316
f 317/203/317 265/185/265 276/61/276
f 318/204/318 265/185/265 317/203/317
f 318/204/318 264/177/264 265/185/265
f 319/205/319 264/177/264 318/204/318
f 319/205/319 262/7/262 264/177/264
f 319/205/319 269/181/269 262/7/262
f 320/206/320 269/181/269 319/205/319
f 320/206/320 270/6/270 269/181/269
f 321/207/321 270/6/270 320/206/320
f 304/201/304 270/6/270 321/207/321
f 322/208/322 304/201/304 321/207/321
f 322/208/322 300/17/300 304/201/304
f 322/208/322 291/194/291 300/17/300
f 299/197/299 291/194/291 322/208/322
f 248/170/248 323/110/323 274/184/274
f 274/184/274 323/110/323 324/111/324
f 274/184/274 324/111/324 280/77/280
f 244/78/244 252/86/252 248/170/248
f 248/170/248 252/86/252 323/110/323
f 259/174/259 325/112/325 260/95/260
f 259/174/259 260/95/260 256/90/256
f 305/202/305 325/112/325 259/174/259
f 305/202/305 206/114/206 325/112/325
f 305/202/305 200/38/200 206/114/206
f 326/209/326 327/210/327 328/211/328
f 329/212/329 327/210/327 326/209/326
f 329/212/329 330/213/330 327/210/327
f 331/214/331 330/213/330 329/212/329
f 331/214/331 332/215/332 330/213/330
f 333/216/333 332/215/332 331/214/331
f 333/216/333 334/217/334 332/215/332
f 335/218/335 334/217/334 333/216/333
f 335/218/335 336/219/336 334/217/334
f 337/220/337 336/219/336 335/218/335
f 337/220/337 338/221/338 336/219/336
f 339/222/339 338/221/338 337/220/337
f 339/222/339 340/223/340 338/221/338
f 341/224/341 340/223/340 339/222/339
f 341/224/341 342/225/342 340/223/340
f 343/226/343 342/225/342 341/224/341
f 342/225/342 343/226/343 345/227/345
f 345/227/345 343/226/343 344/228/344
f 345/227/345 344/228/344 346/229/346
f 345/227/345 346/229/346 347/230/347
f 347/230/347 346/229/346 348/231/348
f 348/231/348 349/232/349 347/230/347
f 350/233/350 349/232/349 348/231/348
f 350/233/350 351/234/351 349/232/349
f 352/235/352 351/234/351 350/233/350
f 352/235/352 353/236/353 351/234/351
f 354/237/354 353/236/353 352/235/352
f 354/237/354 356/238/356 353/236/353
f 355/239/355 356/238/356 354/237/354
f 357/240/357 356/238/356 355/239/355
f 357/240/357 358/241/358 356/238/356
f 359/242/359 358/241/358 357/240/357
f 359/242/359 360/243/360 358/241/358
f 361/244/361 360/243/360 359/242/359
f 361/244/361 362/245/362 360/243/360
f 363/246/363 362/245/362 361/244/361
f 363/246/363 364/247/364 362/245/362
f 365/248/365 364/247/364 363/246/363
f 365/248/365 366/249/366 364/247/364
f 367/250/367 366/249/366 365/248/365
f 367/250/367 368/251/368 366/249/366
f 369/252/369 368/251/368 367/250/367
f 369/252/369 370/253/370 368/251/368
f 371/254/371 370/253/370 369/252/369
f 371/254/371 372/255/372 370/253/370
f 373/256/373 372/255/372 371/254/371
f 373/256/373 374/257/374 372/255/372
f 375/258/375 374/257/374 373/256/373
f 375/258/375 376/259/376 374/257/374
f 377/260/377 376/259/376 375/258/375
f 377/260/377 379/261/379 376/259/376
f 378/262/378 379/261/379 377/260/377
f 380/263/380 379/264/379 378/262/378
f 380/263/380 381/265/381 379/264/379
f 382/266/382 381/265/381 380/263/380
f 382/266/382 383/267/383 381/265/381
f 384/268/384 383/267/383 382/266/382
f 384/268/384 385/269/385 383/267/383
f 386/270/386 385/269/385 384/268/384
f 386/270/386 387/271/387 385/269/385
f 388/272/388 387/271/387 386/270/386
f 388/272/388 390/273/390 387/271/387
f 389/274/389 390/273/390 388/272/388
f 391/275/391 390/276/390 389/274/389
f 391/275/391 392/277/392 390/276/390
f 393/278/393 392/277/392 391/275/391
f 393/278/393 394/279/394 392/277/392
f 395/280/395 394/279/394 393/278/393
f 395/280/395 397/281/397 394/279/394
f 396/282/396 397/281/397 395/280/395
f 398/283/398 397/281/397 396/282/396
f 398/283/398 399/284/399 397/281/397
f 400/285/400 399/284/399 398/283/398
f 400/285/400 401/286/401 399/284/399
f 402/287/402 401/286/401 400/285/400
f 402/287/402 403/288/403 401/286/401
f 404/289/404 403/288/403 402/287/402
f 404/289/404 405/290/405 403/288/403
f 406/291/406 405/290/405 404/289/404
f 406/291/406 407/292/407 405/290/405
f 408/293/408 407/292/407 406/291/406
f 408/293/408 410/294/410 407/292/407
f 409/295/409 410/294/410 408/293/408
f 411/296/411 410/297/410 409/295/409
f 411/296/411 412/298/412 410/297/410
f 413/299/413 412/298/412 411/296/411
f 413/299/413 414/300/414 412/298/412
f 415/301/415 414/300/414 413/299/413
f 415/301/415 416/302/416 414/300/414
f 417/303/417 416/302/416 415/301/415
f 417/303/417 418/304/418 416/302/416
f 419/305/419 418/304/418 417/303/417
f 419/305/419 420/306/420 418/304/418
f 421/307/421 420/306/420 419/305/419
f 421/307/421 422/308/422 420/306/420
f 423/309/423 422/308/422 421/307/421
f 423/309/423 424/310/424 422/308/422
f 425/311/425 424/310/424 423/309/423
f 425/311/425 426/312/426 424/310/424
f 427/313/427 426/312/426 425/311/425
f 427/313/427 428/314/428 426/312/426
f 429/315/429 428/314/428 427/313/427
f 429/315/429 430/316/430 428/314/428
f 431/317/431 430/316/430 429/315/429
f 431/317/431 432/318/432 430/316/430
f 433/319/433 432/318/432 431/317/431
f 433/319/433 434/320/434 432/318/432
f 435/321/435 434/320/434 433/319/433
f 435/321/435 436/322/436 434/320/434
f 437/323/437 436/322/436 435/321/435
f 437/323/437 438/324/438 436/322/436
f 439/325/439 438/324/438 437/323/437
f 439/325/439 440/326/440 438/324/438
f 441/327/441 440/326/440 439/325/439
f 441/327/441 443/328/443 440/326/440
f 442/329/442 443/328/443 441/327/441
f 444/330/444 443/331/443 442/329/442
f 444/330/444 445/332/445 443/331/443
f 446/333/446 445/332/445 444/330/444
f 446/333/446 447/334/447 445/332/445
f 448/335/448 447/334/447 446/333/446
f 448/335/448 449/336/449 447/334/447
f 450/337/450 449/336/449 448/335/448
f 450/337/450 451/338/451 449/336/449
f 452/339/452 451/338/451 450/337/450
f 452/339/452 453/340/453 451/338/451
f 454/341/454 453/340/453 452/339/452
f 454/341/454 455/342/455 453/340/453
f 456/343/456 455/342/455 454/341/454
f 456/343/456 457/344/457 455/342/455
f 458/345/458 457/344/457 456/343/456
f 458/345/458 459/346/459 457/344/457
f 460/347/460 459/346/459 458/345/458
f 460/347/460 461/348/461 459/346/459
f 462/349/462 461/348/461 460/347/460
f 462/349/462 463/350/463 461/348/461
f 464/351/464 463/350/463 462/349/462
f 464/351/464 465/352/465 463/350/463
f 466/353/466 465/352/465 464/351/464
f 466/353/466 328/211/328 465/352/465
f 326/209/326 328/211/328 466/353/466
f 167/92/167 258/93/258 171/94/171
f 467/354/467 468/355/468 469/356/469
f 470/357/470 468/355/468 467/354/467
f 470/357/470 471/358/471 468/355/468
f 472/359/472 471/358/471 470/357/470
f 472/359/472 473/360/473 471/358/471
f 474/361/474 473/360/473 472/359/472
f 474/361/474 475/362/475 473/360/473
f 476/363/476 475/362/475 474/361/474
f 476/363/476 477/364/477 475/362/475
f 478/365/478 477/364/477 476/363/476
f 478/365/478 479/366/479 477/364/477
f 480/367/480 479/366/479 478/365/478
f 480/367/480 481/368/481 479/366/479
f 482/369/482 481/368/481 480/367/480
f 482/369/482 483/370/483 481/368/481
f 484/371/484 483/370/483 482/369/482
f 483/370/483 484/371/484 485/372/485
f 485/372/485 484/371/484 486/373/486
f 485/372/485 486/373/486 487/374/487
f 487/374/487 486/373/486 488/375/488
f 487/374/487 488/375/488 489/376/489
f 489/376/489 488/375/488 490/377/490
f 490/377/490 491/378/491 489/376/489
f 492/379/492 491/378/491 490/377/490
f 492/379/492 493/376/493 491/378/491
f 494/377/494 493/376/493 492/379/492
f 494/377/494 495/374/495 493/376/493
f 496/375/496 495/374/495 494/377/494
f 496/375/496 497/372/497 495/374/495
f 498/373/498 497/372/497 496/375/496
f 498/373/498 499/370/499 497/372/497
f 500/371/500 499/370/499 498/373/498
f 500/371/500 501/368/501 499/370/499
f 502/369/502 501/368/501 500/371/500
f 502/369/502 503/366/503 501/368/501
f 504/367/504 503/366/503 502/369/502
f 504/367/504 505/364/505 503/366/503
f 506/365/506 505/364/505 504/367/504
f 506/365/506 507/362/507 505/364/505
f 508/363/508 507/362/507 506/365/506
f 508/363/508 509/360/509 507/362/507
f 510/361/510 509/360/509 508/363/508
f 510/361/510 511/358/511 509/360/509
f 512/359/512 511/358/511 510/361/510
f 512/359/512 513/355/513 511/358/511
f 514/357/514 513/355/513 512/359/512
f 514/357/514 515/356/515 513/355/513
f 516/354/516 515/356/515 514/357/514
f 516/354/516 517/380/517 515/356/515
f 518/381/518 517/380/517 516/354/516
f 518/381/518 519/382/519 517/380/517
f 520/383/520 519/382/519 518/381/518
f 520/383/520 521/384/521 519/382/519
f 522/385/522 521/384/521 520/383/520
f 522/385/522 523/386/523 521/384/521
f 524/387/524 523/386/523 522/385/522
f 524/387/524 525/388/525 523/386/523
f 526/389/526 525/388/525 524/387/524
f 526/389/526 527/390/527 525/388/525
f 528/391/528 527/390/527 526/389/526
f 528/391/528 529/392/529 527/390/527
f 530/393/530 529/392/529 528/391/528
f 530/393/530 531/394/531 529/392/529
f 532/395/532 531/394/531 530/393/530
f 532/395/532 533/396/533 531/394/531
f 534/397/534 533/396/533 532/395/532
f 534/397/534 535/398/535 533/396/533
f 536/399/536 535/398/535 534/397/534
f 536/399/536 537/400/537 535/398/535
f 538/401/538 537/400/537 536/399/536
f 538/401/538 539/402/539 537/400/537
f 540/403/540 539/402/539 538/401/538
f 540/403/540 541/404/541 539/402/539
f 542/405/542 541/404/541 540/403/540
f 542/405/542 543/406/543 541/404/541
f 544/407/544 543/406/543 542/405/542
f 544/407/544 545/408/545 543/406/543
f 546/409/546 545/408/545 544/407/544
f 546/409/546 547/410/547 545/408/545
f 548/411/548 547/410/547 546/409/546
f 548/411/548 549/412/549 547/410/547
f 550/413/550 549/412/549 548/411/548
f 550/413/550 551/414/551 549/412/549
f 552/415/552 551/414/551 550/413/550
f 552/415/552 553/416/553 551/414/551
f 554/417/554 553/416/553 552/415/552
f 554/417/554 555/418/555 553/416/553
f 556/419/556 555/418/555 554/417/554
f 556/419/556 557/420/557 555/418/555
f 558/421/558 557/420/557 556/419/556
f 558/421/558 559/422/559 557/420/557
f 560/423/560 559/422/559 558/421/558
f 560/423/560 561/424/561 559/422/559
f 562/425/562 561/424/561 560/423/560
f 562/425/562 563/426/563 561/424/561
f 564/427/564 563/426/563 562/425/562
f 564/427/564 565/428/565 563/426/563
f 566/429/566 565/428/565 564/427/564
f 566/429/566 567/430/567 565/428/565
f 568/431/568 567/430/567 566/429/566
f 568/431/568 569/432/569 567/430/567
f 570/433/570 569/432/569 568/431/568
f 570/433/570 571/434/571 569/432/569
f 572/435/572 571/434/571 570/433/570
f 572/435/572 573/432/573 571/434/571
f 574/433/574 573/432/573 572/435/572
f 574/433/574 575/430/575 573/432/573
f 576/431/576 575/430/575 574/433/574
f 576/431/576 577/428/577 575/430/575
f 578/429/578 577/428/577 576/431/576
f 578/429/578 579/426/579 577/428/577
f 580/427/580 579/426/579 578/429/578
f 580/427/580 581/424/581 579/426/579
f 582/425/582 581/424/581 580/427/580
f 582/425/582 583/422/583 581/424/581
f 584/423/584 583/422/583 582/425/582
f 584/423/584 585/420/585 583/422/583
f 586/421/586 585/420/585 584/423/584
f 586/421/586 587/418/587 585/420/585
f 588/419/588 587/418/587 586/421/586
f 588/419/588 589/416/589 587/418/587
f 590/417/590 589/416/589 588/419/588
f 590/417/590 591/414/591 589/416/589
f 592/415/592 591/414/591 590/417/590
f 592/415/592 593/412/593 591/414/591
f 594/413/594 593/412/593 592/415/592
f 594/413/594 595/410/595 593/412/593
f 596/411/596 595/410/595 594/413/594
f 596/411/596 597/408/597 595/410/595
f 598/409/598 597/408/597 596/411/596
f 598/409/598 599/406/599 597/408/597
f 600/407/600 599/406/599 598/409/598
f 600/407/600 601/404/601 599/406/599
f 602/405/602 601/404/601 600/407/600
f 602/405/602 603/402/603 601/404/601
f 604/403/604 603/402/603 602/405/602
f 604/403/604 605/400/605 603/402/603
f 606/401/606 605/400/605 604/403/604
f 606/401/606 607/436/607 605/400/605
f 608/437/608 607/436/607 606/401/606
f 608/437/608 609/396/609 607/436/607
f 610/397/610 609/396/609 608/437/608
f 610/397/610 611/394/611 609/396/609
f 612/395/612 611/394/611 610/397/610
f 612/395/612 613/392/613 611/394/611
f 614/393/614 613/392/613 612/395/612
f 614/393/614 615/438/615 613/392/613
f 616/439/616 615/438/615 614/393/614
f 616/439/616 617/388/617 615/438/615
f 618/389/618 617/388/617 616/439/616
f 618/389/618 619/386/619 617/388/617
f 620/387/620 619/386/619 618/389/618
f 620/387/620 621/384/621 619/386/619
f 622/385/622 621/384/621 620/387/620
f 622/385/622 623/382/623 621/384/621
f 624/383/624 623/382/623 622/385/622
f 624/383/624 625/440/625 623/382/623
f 626/441/626 625/440/625 624/383/624
f 626/441/626 469/356/469 625/440/625
f 467/354/467 469/356/469 626/441/626
f 627/442/627 628/443/628 629/444/629
f 627/442/627 630/445/630 628/443/628
f 627/442/627 629/444/629 631/446/631
f 631/446/631 629/444/629 632/447/632
f 631/446/631 632/447/632 633/448/633
f 634/449/634 635/450/635 636/451/636
f 634/449/634 633/448/633 635/450/635
f 631/446/631 633/448/633 634/449/634
f 634/449/634 637/452/637 631/446/631
f 638/453/638 639/454/639 640/455/640
f 638/453/638 641/456/641 639/454/639
f 642/457/642 641/456/641 638/453/638
f 638/453/638 643/458/643 642/457/642
f 644/459/644 645/460/645 646/461/646
f 644/459/644 647/462/647 645/460/645
f 644/459/644 646/461/646 648/463/648
f 648/463/648 646/461/646 649/464/649
f 648/463/648 649/464/649 650/465/650
f 651/466/651 652/467/652 653/468/653
f 651/466/651 650/465/650 652/467/652
f 648/463/648 654/469/654 655/470/655
f 648/463/648 656/471/656 654/469/654
f 657/472/657 627/442/627 658/473/658
f 658/473/658 627/442/627 655/470/655
f 655/470/655 627/442/627 648/463/648
f 648/463/648 650/465/650 651/466/651
f 651/466/651 656/471/656 648/463/648
f 659/474/659 660/475/660 661/476/661
f 662/477/662 660/475/660 659/474/659
f 660/475/660 662/477/662 663/478/663
f 663/478/663 662/477/662 664/479/664
f 663/478/663 664/479/664 665/480/665
f 665/480/665 664/479/664 666/481/666
f 665/480/665 666/481/666 667/482/667
f 667/482/667 666/481/666 668/483/668
f 667/482/667 668/483/668 669/484/669
f 667/482/667 669/484/669 670/485/670
f 670/485/670 669/484/669 671/486/671
f 671/486/671 669/484/669 672/487/672
f 671/486/671 672/487/672 673/488/673
f 673/488/673 672/487/672 674/489/674
f 673/488/673 674/489/674 675/490/675
f 675/490/675 674/489/674 676/491/676
f 677/492/677 675/490/675 676/491/676
f 677/492/677 678/493/678 675/490/675
f 679/494/679 678/493/678 677/492/677
f 678/493/678 679/494/679 680/495/680
f 680/495/680 679/494/679 681/496/681
f 680/495/680 681/496/681 682/497/682
f 682/497/682 681/496/681 683/498/683
f 682/497/682 683/498/683 684/499/684
f 684/499/684 683/498/683 685/500/685
f 684/499/684 685/500/685 686/501/686
f 684/499/684 686/501/686 687/502/687
f 687/502/687 686/501/686 688/503/688
f 688/503/688 686/501/686 689/504/689
f 688/503/688 689/504/689 690/505/690
f 690/505/690 689/504/689 691/506/691
f 690/505/690 691/506/691 692/507/692
f 692/507/692 691/506/691 693/508/693
f 694/509/694 692/507/692 693/508/693
f 695/510/695 366/511/366 368/512/368
f 696/513/696 366/511/366 695/510/695
f 696/513/696 364/514/364 366/511/366
f 696/513/696 362/245/362 364/514/364
f 697/515/697 362/245/362 696/513/696
f 697/515/697 360/516/360 362/245/362
f 697/515/697 358/517/358 360/516/360
f 698/518/698 358/517/358 697/515/697
f 698/518/698 356/519/356 358/517/358
f 699/520/699 356/238/356 698/518/698
f 356/238/356 699/520/699 353/521/353
f 353/521/353 699/520/699 351/522/351
f 351/522/351 699/520/699 700/523/700
f 351/522/351 700/523/700 349/524/349
f 700/523/700 347/525/347 349/524/349
f 700/523/700 345/526/345 347/525/347
f 701/527/701 345/526/345 700/523/700
f 701/527/701 342/528/342 345/227/345
f 702/529/702 342/528/342 701/527/701
f 702/529/702 340/530/340 342/528/342
f 702/529/702 338/531/338 340/530/340
f 703/532/703 338/531/338 702/529/702
f 703/532/703 336/533/336 338/531/338
f 703/532/703 334/534/334 336/533/336
f 704/535/704 334/534/334 703/532/703
f 704/535/704 332/536/332 334/534/334
f 704/535/704 330/537/330 332/536/332
f 705/538/705 330/537/330 704/535/704
f 705/538/705 327/539/327 330/537/330
f 705/538/705 328/540/328 327/539/327
f 706/541/706 328/540/328 705/538/705
f 706/541/706 465/352/465 328/540/328
f 706/541/706 463/542/463 465/352/465
f 707/543/707 463/542/463 706/541/706
f 707/543/707 461/544/461 463/542/463
f 707/543/707 459/545/459 461/544/461
f 707/543/707 457/546/457 459/545/459
f 708/547/708 457/546/457 707/543/707
f 708/547/708 455/548/455 457/546/457
f 708/547/708 453/549/453 455/548/455
f 709/550/709 453/549/453 708/547/708
f 709/550/709 451/551/451 453/549/453
f 709/550/709 449/552/449 451/551/451
f 710/553/710 449/552/449 709/550/709
f 710/553/710 447/554/447 449/552/449
f 710/553/710 445/332/445 447/554/447
f 711/555/711 445/332/445 710/553/710
f 711/555/711 443/328/443 445/332/445
f 712/556/712 443/328/443 711/555/711
f 712/556/712 440/557/440 443/328/443
f 712/556/712 438/324/438 440/557/440
f 713/558/713 438/324/438 712/556/712
f 713/558/713 436/559/436 438/324/438
f 713/558/713 434/560/434 436/559/436
f 713/558/713 432/561/432 434/560/434
f 714/562/714 432/561/432 713/558/713
f 714/562/714 430/563/430 432/561/432
f 714/562/714 428/564/428 430/563/430
f 714/562/714 426/565/426 428/564/428
f 715/566/715 426/565/426 714/562/714
f 715/566/715 424/567/424 426/565/426
f 715/566/715 422/568/422 424/567/424
f 716/569/716 422/568/422 715/566/715
f 716/569/716 420/570/420 422/568/422
f 716/569/716 418/571/418 420/570/420
f 717/572/717 418/571/418 716/569/716
f 717/572/717 416/573/416 418/571/418
f 717/572/717 414/574/414 416/573/416
f 718/575/718 414/574/414 717/572/717
f 718/575/718 412/576/412 414/574/414
f 718/575/718 410/294/410 412/576/412
f 719/577/719 410/294/410 718/575/718
f 719/577/719 407/578/407 410/294/410
f 720/579/720 407/578/407 719/577/719
f 720/579/720 405/580/405 407/578/407
f 720/579/720 403/581/403 405/580/405
f 721/582/721 403/581/403 720/579/720
f 721/582/721 401/583/401 403/581/403
f 721/582/721 399/584/399 401/583/401
f 722/585/722 399/584/399 721/582/721
f 722/585/722 397/586/397 399/584/399
f 723/587/723 397/281/397 722/585/722
f 723/587/723 394/279/394 397/281/397
f 724/588/724 394/279/394 723/587/723
f 724/588/724 392/589/392 394/279/394
f 724/588/724 390/273/390 392/589/392
f 725/590/725 390/273/390 724/588/724
f 725/590/725 387/591/387 390/273/390
f 726/592/726 387/591/387 725/590/725
f 726/592/726 385/593/385 387/591/387
f 726/592/726 383/594/383 385/593/385
f 727/595/727 383/594/383 726/592/726
f 727/595/727 381/596/381 383/594/383
f 727/595/727 379/261/379 381/596/381
f 728/597/728 379/261/379 727/595/727
f 728/597/728 376/598/376 379/261/379
f 728/597/728 374/599/374 376/598/376
f 728/597/728 372/255/372 374/599/374
f 729/600/729 372/255/372 728/597/728
f 729/600/729 370/601/370 372/255/372
f 695/510/695 370/601/370 729/600/729
f 695/510/695 368/512/368 370/601/370
f 730/602/730 511/603/511 513/604/513
f 731/605/731 511/603/511 730/602/730
f 731/605/731 509/606/509 511/603/511
f 732/607/732 509/606/509 731/605/731
f 732/607/732 507/608/507 509/606/509
f 733/609/733 507/608/507 732/607/732
f 733/609/733 505/610/505 507/608/507
f 734/611/734 505/610/505 733/609/733
f 734/611/734 503/612/503 505/610/505
f 735/613/735 503/612/503 734/611/734
f 735/613/735 501/614/501 503/612/503
f 736/615/736 501/614/501 735/613/735
f 736/615/736 499/616/499 501/614/501
f 737/617/737 499/616/499 736/615/736
f 737/617/737 497/618/497 499/616/499
f 738/619/738 497/618/497 737/617/737
f 497/618/497 738/619/738 495/620/495
f 495/620/495 738/619/738 739/621/739
f 495/620/495 739/621/739 493/622/493
f 493/622/493 739/621/739 740/623/740
f 493/622/493 740/623/740 491/624/491
f 491/624/491 740/623/740 741/625/741
f 741/625/741 489/626/489 491/624/491
f 742/627/742 489/626/489 741/625/741
f 742/627/742 487/628/487 489/626/489
f 743/629/743 487/628/487 742/627/742
f 743/629/743 485/630/485 487/628/487
f 744/631/744 485/630/485 743/629/743
f 744/631/744 483/632/483 485/630/485
f 745/633/745 483/632/483 744/631/744
f 745/633/745 481/634/481 483/632/483
f 746/635/746 481/634/481 745/633/745
f 746/635/746 479/636/479 481/634/481
f 747/637/747 479/636/479 746/635/746
f 747/637/747 477/638/477 479/636/479
f 748/639/748 477/638/477 747/637/747
f 748/639/748 475/640/475 477/638/477
f 749/641/749 475/640/475 748/639/748
f 749/641/749 473/642/473 475/640/475
f 750/643/750 473/642/473 749/641/749
f 750/643/750 471/644/471 473/642/473
f 751/645/751 471/644/471 750/643/750
f 751/645/751 468/646/468 471/644/471
f 752/647/752 468/646/468 751/645/751
f 752/647/752 469/648/469 468/646/468
f 753/649/753 469/648/469 752/647/752
f 753/649/753 625/650/625 469/648/469
f 754/651/754 625/650/625 753/649/753
f 754/651/754 623/652/623 625/650/625
f 755/653/755 623/652/623 754/651/754
f 755/653/755 621/654/621 623/652/623
f 756/655/756 621/654/621 755/653/755
f 756/655/756 619/656/619 621/654/621
f 757/657/757 619/656/619 756/655/756
f 757/657/757 617/658/617 619/656/619
f 758/659/758 617/658/617 757/657/757
f 758/659/758 615/660/615 617/658/617
f 759/661/759 615/660/615 758/659/758
f 759/661/759 613/662/613 615/660/615
f 760/663/760 613/662/613 759/661/759
f 760/663/760 611/664/611 613/662/613
f 761/665/761 611/664/611 760/663/760
f 761/665/761 609/666/609 611/664/611
f 762/667/762 609/666/609 761/665/761
f 762/667/762 607/668/607 609/666/609
f 763/669/763 607/668/607 762/667/762
f 763/669/763 605/670/605 607/668/607
f 764/671/764 605/670/605 763/669/763
f 764/671/764 603/672/603 605/670/605
f 765/673/765 603/672/603 764/671/764
f 765/673/765 601/674/601 603/672/603
f 766/675/766 601/674/601 765/673/765
f 766/675/766 599/676/599 601/674/601
f 767/677/767 599/676/599 766/675/766
f 767/677/767 597/678/597 599/676/599
f 768/679/768 597/678/597 767/677/767
f 768/679/768 595/680/595 597/678/597
f 769/681/769 595/680/595 768/679/768
f 769/681/769 593/682/593 595/680/595
f 770/683/770 593/682/593 769/681/769
f 770/683/770 591/684/591 593/682/593
f 771/685/771 591/684/591 770/683/770
f 771/685/771 589/686/589 591/684/591
f 772/687/772 589/686/589 771/685/771
f 772/687/772 587/688/587 589/686/589
f 773/689/773 587/688/587 772/687/772
f 773/689/773 585/690/585 587/688/587
f 774/691/774 585/690/585 773/689/773
f 774/691/774 583/692/583 585/690/585
f 775/693/775 583/692/583 774/691/774
f 775/693/775 581/694/581 583/692/583
f 776/695/776 581/694/581 775/693/775
f 776/695/776 579/696/579 581/694/581
f 777/697/777 579/696/579 776/695/776
f 777/697/777 577/698/577 579/696/579
f 778/699/778 577/698/577 777/697/777
f 778/699/778 575/700/575 577/698/577
f 779/701/779 575/700/575 778/699/778
f 779/701/779 573/702/573 575/700/575
f 780/703/780 573/702/573 779/701/779
f 780/703/780 571/704/571 573/702/573
f 781/705/781 571/704/571 780/703/780
f 781/705/781 569/706/569 571/704/571
f 782/707/782 569/706/569 781/705/781
f 782/707/782 567/708/567 569/706/569
f 783/709/783 567/708/567 782/707/782
f 783/709/783 565/710/565 567/708/567
f 784/711/784 565/710/565 783/709/783
f 784/711/784 563/712/563 565/710/565
f 785/713/785 563/712/563 784/711/784
f 785/713/785 561/714/561 563/712/563
f 786/715/786 561/714/561 785/713/785
f 786/715/786 559/716/559 561/714/561
f 787/717/787 559/716/559 786/715/786
f 787/717/787 557/718/557 559/716/559
f 788/719/788 557/718/557 787/717/787
f 788/719/788 555/720/555 557/718/557
f 789/721/789 555/720/555 788/719/788
f 789/721/789 553/722/553 555/720/555
f 790/723/790 553/722/553 789/721/789
f 790/723/790 551/724/551 553/722/553
f 791/725/791 551/724/551 790/723/790
f 791/725/791 549/726/549 551/724/551
f 792/727/792 549/726/549 791/725/791
f 792/727/792 547/728/547 549/726/549
f 793/729/793 547/728/547 792/727/792
f 793/729/793 545/730/545 547/728/547
f 794/731/794 545/730/545 793/729/793
f 794/731/794 543/732/543 545/730/545
f 795/733/795 543/732/543 794/731/794
f 795/733/795 541/734/541 543/732/543
f 796/735/796 541/734/541 795/733/795
f 796/735/796 539/736/539 541/734/541
f 797/737/797 539/736/539 796/735/796
f 797/737/797 537/738/537 539/736/539
f 798/739/798 537/738/537 797/737/797
f 798/739/798 535/740/535 537/738/537
f 799/741/799 535/740/535 798/739/798
f 799/741/799 533/742/533 535/740/535
f 800/743/800 533/742/533 799/741/799
f 800/743/800 531/744/531 533/742/533
f 801/745/801 531/744/531 800/743/800
f 801/745/801 529/746/529 531/744/531
f 802/747/802 529/746/529 801/745/801
f 802/747/802 527/748/527 529/746/529
f 803/749/803 527/748/527 802/747/802
f 803/749/803 525/750/525 527/748/527
f 804/751/804 525/750/525 803/749/803
f 804/751/804 523/752/523 525/750/525
f 805/753/805 523/752/523 804/751/804
f 805/753/805 521/754/521 523/752/523
f 806/755/806 521/754/521 805/753/805
f 806/755/806 519/756/519 521/754/521
f 807/757/807 519/756/519 806/755/806
f 807/757/807 517/758/517 519/756/519
f 808/759/808 517/758/517 807/757/807
f 808/759/808 515/760/515 517/758/517
f 809/761/809 515/760/515 808/759/808
f 809/761/809 513/604/513 515/760/515
f 730/602/730 513/604/513 809/761/809
s 2
f 810/762/810 811/763/811 812/764/812
f 813/765/813 811/763/811 810/762/810
f 813/765/813 814/766/814 811/763/811
f 814/766/814 813/765/813 815/767/815
f 814/766/814 815/767/815 816/768/816
f 816/768/816 815/767/815 817/769/817
f 816/768/816 817/769/817 818/770/818
f 818/770/818 817/769/817 819/771/819
f 819/771/819 820/772/820 818/770/818
f 821/773/821 820/772/820 819/771/819
f 821/773/821 812/764/812 820/772/820
f 822/774/822 812/764/812 821/773/821
f 810/762/810 812/764/812 822/774/822
s 3
f 823/775/823 824/776/824 825/777/825
f 826/771/826 824/776/824 823/775/823
f 826/771/826 827/778/827 824/776/824
f 828/779/828 827/778/827 826/771/826
f 827/778/827 828/779/828 829/780/829
f 829/780/829 828/779/828 830/781/830
f 829/780/829 830/781/830 831/782/831
f 831/782/831 830/781/830 832/783/832
f 832/783/832 833/784/833 831/782/831
f 834/785/834 833/784/833 832/783/832
f 834/785/834 825/777/825 833/784/833
f 835/774/835 825/777/825 834/785/834
f 823/775/823 825/777/825 835/774/835
s 4
f 838/786/838 837/787/837 836/788/836
f 838/786/838 839/789/839 837/787/837
f 840/790/840 839/789/839 838/786/838
f 839/789/839 840/790/840 841/791/841
f 841/791/841 840/790/840 842/792/842
f 841/791/841 842/792/842 843/793/843
f 843/793/843 842/792/842 844/794/844
f 843/793/843 844/794/844 845/795/845
f 845/795/845 844/794/844 846/771/846
f 846/771/846 847/796/847 845/795/845
f 848/797/848 847/796/847 846/771/846
f 848/797/848 849/798/849 847/796/847
f 836/788/836 849/798/849 848/797/848
f 836/788/836 837/787/837 849/798/849
s 5
f 850/799/850 851/800/851 852/801/852
f 853/802/853 851/800/851 850/799/850
f 853/802/853 854/803/854 851/800/851
f 855/804/855 854/803/854 853/802/853
f 854/803/854 855/804/855 856/805/856
f 856/805/856 855/804/855 857/792/857
f 856/805/856 857/792/857 858/806/858
f 858/806/858 857/792/857 859/807/859
f 858/806/858 859/807/859 860/808/860
f 860/808/860 859/807/859 861/809/861
f 861/809/861 862/810/862 860/808/860
f 850/799/850 862/810/862 861/809/861
f 850/799/850 852/801/852 862/810/862
s 6
f 863/811/863 865/812/865 864/813/864
f 866/814/866 865/812/865 863/811/863
f 865/812/865 866/814/866 867/815/867
f 867/815/867 866/814/866 868/816/868
f 867/815/867 868/816/868 869/793/869
f 869/793/869 868/816/868 870/817/870
f 869/793/869 870/817/870 871/818/871
f 871/818/871 870/817/870 872/819/872
f 872/819/872 873/820/873 871/818/871
f 874/821/874 873/820/873 872/819/872
f 874/821/874 875/798/875 873/820/873
f 874/821/874 864/813/864 875/798/875
f 863/811/863 864/813/864 874/821/874
s 1
f 876/822/876 878/823/878 877/824/877
f 879/825/879 33/826/33 880/827/880
f 881/828/881 33/826/33 879/825/879
f 881/828/881 32/829/32 33/826/33
f 882/3/882 32/829/32 881/828/881
f 882/3/882 883/2/883 32/829/32
f 884/825/884 89/826/89 88/827/88
f 885/830/885 89/826/89 884/825/884
f 885/830/885 84/831/84 89/826/89
f 886/3/886 84/831/84 885/830/885
f 886/3/886 81/2/81 84/831/84
f 887/825/887 255/826/255 254/827/254
f 888/832/888 255/826/255 887/825/887
f 888/832/888 250/833/250 255/826/255
f 889/3/889 250/833/250 888/832/888
f 889/3/889 247/2/247 250/833/250
f 890/825/890 891/826/891 892/827/892
f 893/834/893 891/826/891 890/825/890
f 893/834/893 894/835/894 891/826/891
f 895/3/895 894/835/894 893/834/893
f 895/3/895 896/2/896 894/835/894
f 897/825/897 175/826/175 174/827/174
f 898/836/898 175/826/175 897/825/897
f 898/836/898 170/837/170 175/826/175
f 3/3/3 170/837/170 898/836/898
f 3/3/3 2/2/2 170/837/170
f 899/838/899 900/839/900 901/840/901
f 901/840/901 902/841/902 899/838/899
f 899/838/899 238/842/238 237/843/237
f 903/844/903 238/842/238 899/838/899
f 899/838/899 902/841/902 903/844/903
f 903/844/903 902/841/902 904/845/904
f 903/844/903 904/845/904 905/846/905
f 903/844/903 905/846/905 906/847/906
f 906/847/906 905/846/905 907/848/907
f 908/849/908 906/847/906 907/848/907
f 909/850/909 906/847/906 908/849/908
f 241/851/241 906/847/906 242/852/242
f 903/844/903 239/853/239 238/842/238
f 903/844/903 240/854/240 239/853/239
f 906/847/906 240/854/240 903/844/903
f 241/851/241 240/854/240 906/847/906
f 910/855/910 906/847/906 909/850/909
f 911/856/911 906/847/906 910/855/910
f 912/857/912 906/847/906 911/856/911
f 906/847/906 913/858/913 242/852/242
f 912/857/912 913/858/913 906/847/906
f 914/859/914 913/858/913 912/857/912
f 243/860/243 913/858/913 915/861/915
f 243/860/243 915/861/915 221/862/221
f 221/862/221 915/861/915 916/863/916
f 221/862/221 916/863/916 215/864/215
f 215/864/215 916/863/916 216/865/216
f 216/865/216 916/863/916 917/866/917
f 243/860/243 242/852/242 913/858/913
f 918/867/918 919/868/919 920/869/920
f 921/870/921 919/868/919 918/867/918
f 918/867/918 917/866/917 921/870/921
f 921/870/921 917/866/917 922/871/922
f 922/871/922 917/866/917 916/863/916
f 922/871/922 916/863/916 923/872/923
f 923/872/923 916/863/916 924/873/924
f 924/873/924 916/863/916 925/874/925
f 925/874/925 916/863/916 915/861/915
f 925/874/925 915/861/915 926/875/926
f 926/875/926 915/861/915 913/858/913
f 926/875/926 913/858/913 927/876/927
f 927/876/927 913/858/913 928/877/928
f 928/877/928 913/858/913 914/859/914
f 216/865/216 917/866/917 217/878/217
f 217/878/217 917/866/917 220/879/220
f 220/879/220 917/866/917 228/880/228
f 228/880/228 917/866/917 918/867/918
f 929/881/929 918/867/918 920/869/920
f 929/881/929 920/869/920 930/882/930
f 929/881/929 930/882/930 931/883/931
f 929/881/929 931/883/931 900/839/900
f 929/881/929 900/839/900 899/838/899
f 899/838/899 237/843/237 235/884/235
f 899/838/899 235/884/235 233/885/233
f 899/838/899 233/885/233 929/881/929
f 929/881/929 233/885/233 232/886/232
f 232/886/232 918/867/918 929/881/929
f 229/887/229 918/867/918 232/886/232
f 228/880/228 918/867/918 229/887/229
f 406/888/406 404/889/404 402/890/402
f 400/891/400 398/892/398 932/893/932
f 932/893/932 398/892/398 396/894/396
f 932/893/932 396/894/396 395/895/395
f 932/893/932 395/895/395 933/896/933
f 421/897/421 934/898/934 423/899/423
f 421/897/421 935/900/935 934/898/934
f 419/901/419 935/900/935 421/897/421
f 935/900/935 419/901/419 417/902/417
f 935/900/935 417/902/417 415/903/415
f 415/903/415 413/904/413 411/905/411
f 411/905/411 409/906/409 408/907/408
f 936/908/936 464/909/464 937/910/937
f 937/910/937 464/909/464 462/911/462
f 937/910/937 462/911/462 460/912/460
f 937/910/937 460/912/460 938/913/938
f 938/913/938 460/912/460 458/914/458
f 938/913/938 458/914/458 456/915/456
f 938/913/938 456/915/456 939/916/939
f 939/916/939 456/915/456 454/917/454
f 939/916/939 454/917/454 452/918/452
f 939/916/939 452/918/452 1348/919/1348
f 1348/919/1348 452/918/452 450/920/450
f 337/921/337 940/922/940 339/899/339
f 335/923/335 940/922/940 337/921/337
f 940/922/940 335/923/335 941/924/941
f 941/924/941 335/923/335 333/925/333
f 941/924/941 333/925/333 331/926/331
f 941/924/941 331/926/331 942/927/942
f 942/927/942 331/926/331 329/928/329
f 942/927/942 329/928/329 326/929/326
f 942/927/942 326/929/326 466/930/466
f 936/908/936 466/930/466 464/909/464
f 955/931/955 954/932/954 956/933/956
f 962/934/962 961/935/961 963/936/963
f 962/934/962 963/936/963 964/937/964
f 965/938/965 966/939/966 967/940/967
f 973/941/973 972/942/972 965/938/965
f 982/943/982 981/944/981 983/945/983
f 982/943/982 983/945/983 974/946/974
f 984/947/984 378/888/378 377/889/377
f 984/947/984 377/889/377 375/890/375
f 985/948/985 375/890/375 373/891/373
f 985/948/985 373/891/373 371/949/371
f 985/948/985 371/949/371 986/950/986
f 986/950/986 371/949/371 369/951/369
f 986/950/986 369/951/369 367/895/367
f 393/897/393 933/898/933 395/899/395
f 393/897/393 391/901/391 933/898/933
f 391/901/391 389/902/389 388/903/388
f 987/952/987 388/903/388 386/904/386
f 987/952/987 386/904/386 384/905/384
f 987/952/987 384/905/384 988/953/988
f 988/953/988 384/905/384 382/906/382
f 988/953/988 382/906/382 380/907/380
f 988/953/988 380/907/380 984/947/984
f 984/947/984 380/907/380 378/888/378
f 354/907/354 352/888/352 350/889/350
f 348/890/348 346/891/346 344/892/344
f 343/894/343 341/951/341 339/895/339
f 363/901/363 361/954/361 989/955/989
f 989/955/989 361/954/361 359/904/359
f 989/955/989 359/904/359 357/905/357
f 357/905/357 355/906/355 354/907/354
f 990/90/990 251/94/251 285/92/285
f 990/90/990 991/95/991 251/94/251
f 96/85/96 992/86/992 993/78/993
f 993/78/993 94/80/94 96/85/96
f 993/78/993 994/79/994 94/80/94
f 993/78/993 896/81/896 994/79/994
f 993/78/993 995/956/995 996/957/996
f 996/957/996 896/81/896 993/78/993
f 996/957/996 894/958/894 896/81/896
f 997/959/997 998/960/998 999/17/999
f 1000/961/1000 1001/6/1001 1002/962/1002
f 1003/963/1003 1001/6/1001 1000/961/1000
f 1004/964/1004 1003/963/1003 1000/961/1000
f 1004/964/1004 999/17/999 1003/963/1003
f 1004/964/1004 997/959/997 999/17/999
f 1005/965/1005 997/959/997 1004/964/1004
f 1005/965/1005 1006/156/1006 997/959/997
f 1007/966/1007 1006/156/1006 1005/965/1005
f 1007/966/1007 1008/967/1008 1006/156/1006
f 1009/44/1009 1008/967/1008 1007/966/1007
f 1010/45/1010 1008/967/1008 1009/44/1009
f 1010/45/1010 1011/46/1011 1008/967/1008
f 1010/45/1010 1012/47/1012 1011/46/1011
f 1006/156/1006 1008/967/1008 1013/968/1013
f 1014/969/1014 1001/6/1001 1015/970/1015
f 1014/969/1014 1016/971/1016 1001/6/1001
f 996/957/996 1017/972/1017 1015/970/1015
f 1015/970/1015 1017/972/1017 1014/969/1014
f 1018/973/1018 1015/970/1015 1001/6/1001
f 1003/963/1003 1018/973/1018 1001/6/1001
f 1018/973/1018 1019/974/1019 1015/970/1015
f 1020/975/1020 1017/972/1017 996/957/996
f 1015/970/1015 894/958/894 996/957/996
f 1022/976/1022 894/958/894 1015/970/1015
f 1015/970/1015 1019/974/1019 1022/976/1022
f 999/17/999 1018/973/1018 1003/963/1003
f 999/17/999 1023/977/1023 1018/973/1018
f 1022/976/1022 1025/978/1025 1024/979/1024
f 1022/976/1022 1019/974/1019 1025/978/1025
f 1022/976/1022 891/33/891 894/958/894
f 1026/980/1026 1024/979/1024 1027/35/1027
f 1024/979/1024 1025/978/1025 1027/35/1027
f 1025/978/1025 1019/974/1019 1023/977/1023
f 1023/977/1023 1019/974/1019 1018/973/1018
f 1027/35/1027 1025/978/1025 1028/981/1028
f 1028/981/1028 1025/978/1025 1023/977/1023
f 999/17/999 998/960/998 1023/977/1023
f 1028/981/1028 1023/977/1023 998/960/998
f 998/960/998 277/40/277 1028/981/1028
f 1028/981/1028 277/40/277 278/39/278
f 1028/981/1028 278/39/278 279/982/279
f 1028/981/1028 279/982/279 1027/35/1027
f 1027/35/1027 279/982/279 1026/980/1026
f 1026/980/1026 279/982/279 280/38/280
f 1006/156/1006 283/49/283 997/959/997
f 1006/156/1006 1013/968/1013 283/49/283
f 283/49/283 1013/968/1013 282/50/282
f 284/41/284 277/40/277 998/960/998
f 997/959/997 284/41/284 998/960/998
f 997/959/997 283/49/283 284/41/284
f 1029/983/1029 1030/984/1030 1031/7/1031
f 1029/983/1029 1031/7/1031 1021/985/1021
f 1031/7/1031 1014/969/1014 1021/985/1021
f 1016/971/1016 1014/969/1014 1031/7/1031
f 1033/986/1033 1030/984/1030 1032/987/1032
f 1033/986/1033 1031/7/1031 1030/984/1030
f 1033/986/1033 1016/971/1016 1031/7/1031
f 1002/962/1002 1016/971/1016 1033/986/1033
f 49/67/49 1034/988/1034 1035/64/1035
f 1030/984/1030 49/67/49 1035/64/1035
f 1021/985/1021 1017/972/1017 1020/975/1020
f 1021/985/1021 1014/969/1014 1017/972/1017
f 1002/962/1002 1001/6/1001 1016/971/1016
f 1030/984/1030 48/70/48 49/67/49
f 1030/984/1030 1029/983/1029 48/70/48
f 1035/64/1035 1034/988/1034 1036/61/1036
f 1020/975/1020 996/957/996 995/956/995
f 995/956/995 1037/73/1037 1020/975/1020
f 1037/73/1037 1021/985/1021 1020/975/1020
f 1037/73/1037 39/72/39 1021/985/1021
f 1021/985/1021 39/72/39 1029/983/1029
f 39/72/39 40/71/40 1029/983/1029
f 1029/983/1029 40/71/40 48/70/48
f 49/67/49 50/69/50 1038/68/1038
f 49/67/49 1038/68/1038 1034/988/1034
f 995/956/995 1039/989/1039 1037/73/1037
f 1039/989/1039 38/77/38 37/990/37
f 1039/989/1039 37/990/37 1037/73/1037
f 1037/73/1037 37/990/37 39/72/39
f 1040/991/1040 1041/992/1041 1042/993/1042
f 1043/994/1043 1041/992/1041 1040/991/1040
f 1043/994/1043 1044/995/1044 1041/992/1041
f 978/996/978 1044/995/1044 1043/994/1043
f 978/996/978 1045/997/1045 1044/995/1044
f 1046/998/1046 1047/999/1047 1042/993/1042
f 1046/998/1046 1042/993/1042 1041/992/1041
f 1046/998/1046 1041/992/1041 1048/1000/1048
f 1048/1000/1048 1041/992/1041 1044/995/1044
f 1048/1000/1048 1044/995/1044 1049/1001/1049
f 1045/997/1045 1049/1001/1049 1044/995/1044
f 1050/1002/1050 1049/1001/1049 1045/997/1045
f 1059/1003/1059 1051/1004/1051 1052/1005/1052
f 1052/1005/1052 1051/1004/1051 1053/1006/1053
f 1052/1005/1052 1053/1006/1053 1054/1007/1054
f 1054/1007/1054 1053/1006/1053 1055/1008/1055
f 1054/1007/1054 1055/1008/1055 1047/999/1047
f 1047/999/1047 1055/1008/1055 1056/1009/1056
f 1047/999/1047 1056/1009/1056 1057/1010/1057
f 1057/1010/1057 1042/993/1042 1047/999/1047
f 1040/991/1040 1042/993/1042 1057/1010/1057
f 1051/1004/1051 1059/1003/1059 1058/1011/1058
f 877/1012/877 1059/1003/1059 1052/1005/1052
f 877/1012/877 1052/1005/1052 1060/1013/1060
f 1060/1013/1060 1052/1005/1052 1054/1007/1054
f 1060/1013/1060 1054/1007/1054 1061/1014/1061
f 1061/1014/1061 1054/1007/1054 1047/999/1047
f 1061/1014/1061 1047/999/1047 1062/1015/1062
f 1062/1015/1062 1047/999/1047 1046/998/1046
f 1063/1016/1063 1046/998/1046 1064/1017/1064
f 1064/1017/1064 1046/998/1046 1048/1000/1048
f 1064/1017/1064 1048/1000/1048 1065/1018/1065
f 1065/1018/1065 1048/1000/1048 1049/1001/1049
f 1066/1019/1066 1065/1018/1065 1049/1001/1049
f 1066/1019/1066 1049/1001/1049 1050/1002/1050
f 876/1020/876 877/1012/877 1067/1021/1067
f 1067/1021/1067 877/1012/877 1060/1013/1060
f 1067/1021/1067 1060/1013/1060 1068/1022/1068
f 1068/1022/1068 1060/1013/1060 1061/1014/1061
f 1068/1022/1068 1061/1014/1061 1069/1023/1069
f 1069/1023/1069 1061/1014/1061 1062/1015/1062
f 1069/1023/1069 1062/1015/1062 1063/1016/1063
f 1063/1016/1063 1062/1015/1062 1046/998/1046
f 1070/1024/1070 1011/1025/1011 1012/1026/1012
f 1071/1027/1071 1011/1025/1011 1070/1024/1070
f 1071/1027/1071 1008/1028/1008 1011/1025/1011
f 1008/1028/1008 1071/1027/1071 1013/1029/1013
f 1013/1029/1013 1071/1027/1071 1072/1030/1072
f 1013/1029/1013 1072/1030/1072 282/1031/282
f 282/1031/282 1072/1030/1072 1073/1032/1073
f 1074/1033/1074 1034/1034/1034 1038/1035/1038
f 1075/1036/1075 1034/1034/1034 1074/1033/1074
f 1075/1036/1075 1036/1037/1036 1034/1034/1034
f 1075/1036/1075 1076/1038/1076 1036/1037/1036
f 1077/1039/1077 1076/1038/1076 1075/1036/1075
f 1077/1039/1077 1078/1040/1078 1076/1038/1076
f 1077/1039/1077 1079/1041/1079 1078/1040/1078
f 1080/1042/1080 1079/1041/1079 1077/1039/1077
f 1080/1042/1080 1081/1043/1081 1079/1041/1079
f 1080/1042/1080 1082/1044/1082 1081/1043/1081
f 1070/1024/1070 1082/1044/1082 1080/1042/1080
f 1070/1024/1070 1012/1026/1012 1082/1044/1082
f 1063/1016/1063 1071/1027/1071 1070/1024/1070
f 1064/1017/1064 1071/1027/1071 1063/1016/1063
f 1064/1017/1064 1072/1030/1072 1071/1027/1071
f 1065/1018/1065 1072/1030/1072 1064/1017/1064
f 1073/1032/1073 1072/1030/1072 1065/1018/1065
f 1073/1032/1073 1065/1018/1065 1066/1019/1066
f 876/1020/876 1075/1036/1075 1074/1033/1074
f 1067/1021/1067 1075/1036/1075 876/1020/876
f 1075/1036/1075 1067/1021/1067 1068/1022/1068
f 1075/1036/1075 1068/1022/1068 1077/1039/1077
f 1077/1039/1077 1068/1022/1068 1069/1023/1069
f 1077/1039/1077 1069/1023/1069 1080/1042/1080
f 1080/1042/1080 1069/1023/1069 1070/1024/1070
f 1070/1024/1070 1069/1023/1069 1063/1016/1063
f 954/932/954 1083/1045/1083 953/1046/953
f 954/932/954 1084/1047/1084 1083/1045/1083
f 955/931/955 1084/1047/1084 954/932/954
f 955/931/955 1085/1048/1085 1084/1047/1084
f 956/933/956 1085/1048/1085 955/931/955
f 957/1049/957 1085/1048/1085 956/933/956
f 957/1049/957 1086/997/1086 1085/1048/1085
f 958/1050/958 1086/997/1086 957/1049/957
f 1087/1051/1087 1083/1045/1083 1084/1047/1084
f 1087/1051/1087 1084/1047/1084 1088/1052/1088
f 1084/1047/1084 1085/1048/1085 1088/1052/1088
f 1088/1052/1088 1085/1048/1085 1089/1053/1089
f 1089/1053/1089 1085/1048/1085 1086/997/1086
f 1089/1053/1089 1086/997/1086 1090/1002/1090
f 1092/1054/1092 1091/1055/1091 1093/1056/1093
f 1093/1056/1093 1091/1055/1091 1094/1057/1094
f 1093/1056/1093 1094/1057/1094 1095/1058/1095
f 1095/1058/1095 1094/1057/1094 1096/1059/1096
f 1095/1058/1095 1096/1059/1096 1097/1060/1097
f 1097/1060/1097 1096/1059/1096 1098/1061/1098
f 1097/1060/1097 1098/1061/1098 1087/1051/1087
f 1087/1051/1087 1098/1061/1098 1083/1045/1083
f 953/1046/953 1083/1045/1083 1098/1061/1098
f 953/1046/953 1098/1061/1098 964/937/964
f 964/937/964 1098/1061/1098 1096/1059/1096
f 964/937/964 1096/1059/1096 962/934/962
f 962/934/962 1096/1059/1096 1094/1057/1094
f 962/934/962 1094/1057/1094 961/935/961
f 961/935/961 1094/1057/1094 960/1062/960
f 960/1062/960 1094/1057/1094 1091/1055/1091
f 960/1062/960 1091/1055/1091 959/1063/959
f 1099/1064/1099 1087/1051/1087 1100/1065/1100
f 1100/1065/1100 1087/1051/1087 1088/1052/1088
f 1100/1065/1100 1088/1052/1088 1101/1066/1101
f 1101/1066/1101 1088/1052/1088 1089/1053/1089
f 1089/1053/1089 1102/1019/1102 1101/1066/1101
f 1089/1053/1089 1090/1002/1090 1102/1019/1102
f 1103/1067/1103 1092/1054/1092 1104/1068/1104
f 1104/1068/1104 1092/1054/1092 1093/1056/1093
f 1104/1068/1104 1093/1056/1093 1105/1069/1105
f 1105/1069/1105 1093/1056/1093 1095/1058/1095
f 1105/1069/1105 1095/1058/1095 1106/1070/1106
f 1106/1070/1106 1095/1058/1095 1097/1060/1097
f 1106/1070/1106 1097/1060/1097 1099/1064/1099
f 1099/1064/1099 1097/1060/1097 1087/1051/1087
f 1107/1071/1107 1099/1064/1099 1100/1065/1100
f 1107/1071/1107 1100/1065/1100 1108/1072/1108
f 1108/1072/1108 1100/1065/1100 1101/1066/1101
f 1108/1072/1108 1101/1066/1101 1109/1073/1109
f 1101/1066/1101 1110/1032/1110 1109/1073/1109
f 1101/1066/1101 1102/1019/1102 1110/1032/1110
f 1104/1068/1104 1111/1074/1111 1103/1067/1103
f 1104/1068/1104 1112/1075/1112 1111/1074/1111
f 1112/1075/1112 1104/1068/1104 1105/1069/1105
f 1112/1075/1112 1105/1069/1105 1113/1076/1113
f 1113/1076/1113 1105/1069/1105 1106/1070/1106
f 1113/1076/1113 1106/1070/1106 1114/1077/1114
f 1114/1077/1114 1106/1070/1106 1099/1064/1099
f 1114/1077/1114 1099/1064/1099 1107/1071/1107
f 227/1044/227 1107/1071/1107 219/1026/219
f 219/1026/219 1107/1071/1107 218/1025/218
f 218/1025/218 1107/1071/1107 214/1078/214
f 214/1078/214 1107/1071/1107 1108/1072/1108
f 214/1078/214 1108/1072/1108 210/1079/210
f 210/1079/210 1108/1072/1108 1109/1073/1109
f 1109/1073/1109 121/1031/121 210/1079/210
f 1109/1073/1109 1110/1032/1110 121/1031/121
f 1111/1074/1111 201/1035/201 202/1080/202
f 201/1035/201 1111/1074/1111 195/1081/195
f 195/1081/195 1111/1074/1111 1112/1075/1112
f 195/1081/195 1112/1075/1112 196/1037/196
f 196/1037/196 1112/1075/1112 1113/1076/1113
f 196/1037/196 1113/1076/1113 236/1038/236
f 236/1038/236 1113/1076/1113 234/1040/234
f 234/1040/234 1113/1076/1113 1114/1077/1114
f 234/1040/234 1114/1077/1114 231/1041/231
f 231/1041/231 1114/1077/1114 230/1043/230
f 230/1043/230 1114/1077/1114 227/1044/227
f 227/1044/227 1114/1077/1114 1107/1071/1107
f 974/946/974 1115/1082/1115 1116/1083/1116
f 975/1084/975 1115/1082/1115 974/946/974
f 975/1084/975 1117/1085/1117 1115/1082/1115
f 976/1086/976 1117/1085/1117 975/1084/975
f 977/1087/977 1117/1085/1117 976/1086/976
f 977/1087/977 1091/997/1091 1117/1085/1117
f 959/1088/959 1091/997/1091 977/1087/977
f 1118/1089/1118 1116/1083/1116 1115/1082/1115
f 1118/1089/1118 1115/1082/1115 1117/1085/1117
f 1118/1089/1118 1117/1085/1117 1119/1090/1119
f 1119/1090/1119 1117/1085/1117 1120/1091/1120
f 1120/1091/1120 1117/1085/1117 1091/997/1091
f 1120/1091/1120 1091/997/1091 1092/1002/1092
f 1050/1054/1050 1045/1055/1045 1121/1092/1121
f 1050/1054/1050 1121/1092/1121 1122/1093/1122
f 1122/1093/1122 1121/1092/1121 1123/1094/1123
f 1122/1093/1122 1123/1094/1123 1124/1095/1124
f 1123/1094/1123 1125/1096/1125 1124/1095/1124
f 1124/1095/1124 1125/1096/1125 1126/1097/1126
f 1126/1097/1126 1125/1096/1125 1116/1083/1116
f 1126/1097/1126 1116/1083/1116 1118/1089/1118
f 974/946/974 1116/1083/1116 982/943/982
f 982/943/982 1116/1083/1116 1125/1096/1125
f 982/943/982 1125/1096/1125 981/944/981
f 981/944/981 1125/1096/1125 1123/1094/1123
f 981/944/981 1123/1094/1123 980/1098/980
f 980/1098/980 1123/1094/1123 1121/1092/1121
f 980/1098/980 1121/1092/1121 979/1099/979
f 979/1099/979 1121/1092/1121 1045/1055/1045
f 979/1099/979 1045/1055/1045 978/1100/978
f 1127/1101/1127 1118/1089/1118 1128/1102/1128
f 1128/1102/1128 1118/1089/1118 1119/1090/1119
f 1128/1102/1128 1119/1090/1119 1129/1103/1129
f 1129/1103/1129 1119/1090/1119 1120/1091/1120
f 1120/1091/1120 1103/1019/1103 1129/1103/1129
f 1120/1091/1120 1092/1002/1092 1103/1019/1103
f 1066/1067/1066 1050/1054/1050 1130/1104/1130
f 1130/1104/1130 1050/1054/1050 1122/1093/1122
f 1130/1104/1130 1122/1093/1122 1131/1105/1131
f 1131/1105/1131 1122/1093/1122 1124/1095/1124
f 1131/1105/1131 1124/1095/1124 1132/1106/1132
f 1132/1106/1132 1124/1095/1124 1126/1097/1126
f 1132/1106/1132 1126/1097/1126 1127/1101/1127
f 1127/1101/1127 1126/1097/1126 1118/1089/1118
f 1133/1107/1133 1127/1101/1127 1128/1102/1128
f 1133/1107/1133 1128/1102/1128 1134/1108/1134
f 1134/1108/1134 1128/1102/1128 1135/1109/1135
f 1135/1109/1135 1128/1102/1128 1129/1103/1129
f 1135/1109/1135 1129/1103/1129 1111/1032/1111
f 1129/1103/1129 1103/1019/1103 1111/1032/1111
f 1130/1104/1130 1073/1074/1073 1066/1067/1066
f 1130/1104/1130 1136/1110/1136 1073/1074/1073
f 1136/1110/1136 1130/1104/1130 1131/1105/1131
f 1136/1110/1136 1131/1105/1131 1137/1111/1137
f 1137/1111/1137 1131/1105/1131 1138/1112/1138
f 1138/1112/1138 1131/1105/1131 1132/1106/1132
f 1138/1112/1138 1132/1106/1132 1127/1101/1127
f 1138/1112/1138 1127/1101/1127 1133/1107/1133
f 306/1044/306 1133/1107/1133 297/1026/297
f 297/1026/297 1133/1107/1133 296/1025/296
f 296/1025/296 1133/1107/1133 1134/1108/1134
f 296/1025/296 1134/1108/1134 292/1113/292
f 292/1113/292 1134/1108/1134 1135/1109/1135
f 292/1113/292 1135/1109/1135 287/1114/287
f 287/1114/287 1135/1109/1135 1111/1032/1111
f 1111/1032/1111 202/1031/202 287/1114/287
f 1073/1074/1073 281/1035/281 282/1080/282
f 281/1035/281 1073/1074/1073 275/1115/275
f 275/1115/275 1073/1074/1073 1136/1110/1136
f 275/1115/275 1136/1110/1136 276/1037/276
f 276/1037/276 1136/1110/1136 1137/1111/1137
f 276/1037/276 1137/1111/1137 315/1038/315
f 315/1038/315 1137/1111/1137 313/1040/313
f 313/1040/313 1137/1111/1137 1138/1112/1138
f 313/1040/313 1138/1112/1138 310/1041/310
f 310/1041/310 1138/1112/1138 309/1043/309
f 309/1043/309 1138/1112/1138 306/1044/306
f 306/1044/306 1138/1112/1138 1133/1107/1133
f 1139/1116/1139 689/1117/689 1140/1118/1140
f 1140/1118/1140 689/1117/689 686/1119/686
f 1140/1118/1140 686/1119/686 1141/1120/1141
f 1141/1120/1141 686/1119/686 1142/1121/1142
f 1142/1121/1142 686/1119/686 685/1122/685
f 1142/1121/1142 685/1122/685 1143/1123/1143
f 1143/1123/1143 685/1122/685 1144/1121/1144
f 1144/1121/1144 685/1122/685 683/1119/683
f 1144/1121/1144 683/1119/683 1145/1120/1145
f 1145/1120/1145 683/1119/683 1146/1118/1146
f 1146/1118/1146 683/1119/683 681/1117/681
f 1146/1118/1146 681/1117/681 1147/1116/1147
f 681/1117/681 679/1124/679 1147/1116/1147
f 1147/1116/1147 679/1124/679 1148/1125/1148
f 1148/1125/1148 679/1124/679 677/1126/677
f 1148/1125/1148 677/1126/677 1149/1127/1149
f 1149/1127/1149 677/1126/677 1150/1128/1150
f 1149/1127/1149 1150/1128/1150 1151/1129/1151
f 1151/1129/1151 1150/1128/1150 653/1130/653
f 1151/1129/1151 653/1130/653 1152/1131/1152
f 1152/1131/1152 653/1130/653 652/1132/652
f 1152/1131/1152 652/1132/652 1153/1133/1153
f 1153/1133/1153 652/1132/652 650/1134/650
f 1153/1133/1153 650/1134/650 1154/1135/1154
f 1154/1135/1154 650/1134/650 649/1136/649
f 1154/1135/1154 649/1136/649 1155/1137/1155
f 649/1136/649 646/1138/646 1155/1137/1155
f 1155/1137/1155 646/1138/646 1156/1139/1156
f 1156/1139/1156 646/1138/646 1157/1137/1157
f 1157/1137/1157 646/1138/646 645/1136/645
f 1157/1137/1157 645/1136/645 1158/1135/1158
f 1158/1135/1158 645/1136/645 647/1134/647
f 1158/1135/1158 647/1134/647 1159/1133/1159
f 1159/1133/1159 647/1134/647 1160/1132/1160
f 1159/1133/1159 1160/1132/1160 1161/1131/1161
f 1161/1131/1161 1160/1132/1160 1162/1130/1162
f 1161/1131/1161 1162/1130/1162 1163/1129/1163
f 1163/1129/1163 1162/1130/1162 1164/1128/1164
f 1163/1129/1163 1164/1128/1164 1165/1127/1165
f 1165/1127/1165 1164/1128/1164 693/1126/693
f 1165/1127/1165 693/1126/693 1166/1125/1166
f 1166/1125/1166 693/1126/693 691/1124/691
f 1166/1125/1166 691/1124/691 1139/1116/1139
f 1139/1116/1139 691/1124/691 689/1117/689
f 1167/1116/1167 672/1117/672 1168/1118/1168
f 1168/1118/1168 672/1117/672 669/1119/669
f 1168/1118/1168 669/1119/669 1169/1120/1169
f 1169/1120/1169 669/1119/669 1170/1121/1170
f 1170/1121/1170 669/1119/669 668/1122/668
f 1170/1121/1170 668/1122/668 1171/1123/1171
f 1171/1123/1171 668/1122/668 1172/1121/1172
f 1172/1121/1172 668/1122/668 666/1119/666
f 1172/1121/1172 666/1119/666 1173/1120/1173
f 1173/1120/1173 666/1119/666 1174/1118/1174
f 1174/1118/1174 666/1119/666 664/1117/664
f 1174/1118/1174 664/1117/664 1175/1116/1175
f 664/1117/664 662/1124/662 1175/1116/1175
f 1175/1116/1175 662/1124/662 1176/1125/1176
f 1176/1125/1176 662/1124/662 659/1126/659
f 1176/1125/1176 659/1126/659 1177/1127/1177
f 1177/1127/1177 659/1126/659 1178/1128/1178
f 1177/1127/1177 1178/1128/1178 1179/1129/1179
f 1179/1129/1179 1178/1128/1178 1180/1130/1180
f 1179/1129/1179 1180/1130/1180 1181/1131/1181
f 1181/1131/1181 1180/1130/1180 1182/1132/1182
f 1181/1131/1181 1182/1132/1182 1183/1133/1183
f 1183/1133/1183 1182/1132/1182 657/1134/657
f 1183/1133/1183 657/1134/657 1184/1135/1184
f 1184/1135/1184 657/1134/657 658/1136/658
f 1184/1135/1184 658/1136/658 1185/1137/1185
f 658/1136/658 655/1138/655 1185/1137/1185
f 1185/1137/1185 655/1138/655 1186/1139/1186
f 1186/1139/1186 655/1138/655 1187/1137/1187
f 1187/1137/1187 655/1138/655 654/1136/654
f 1187/1137/1187 654/1136/654 1188/1135/1188
f 1188/1135/1188 654/1136/654 656/1134/656
f 1188/1135/1188 656/1134/656 1189/1133/1189
f 1189/1133/1189 656/1134/656 1190/1132/1190
f 1189/1133/1189 1190/1132/1190 1191/1131/1191
f 1191/1131/1191 1190/1132/1190 1192/1130/1192
f 1191/1131/1191 1192/1130/1192 1193/1129/1193
f 1193/1129/1193 1192/1130/1192 1194/1128/1194
f 1193/1129/1193 1194/1128/1194 1195/1127/1195
f 1195/1127/1195 1194/1128/1194 676/1126/676
f 1195/1127/1195 676/1126/676 1196/1125/1196
f 1196/1125/1196 676/1126/676 674/1124/674
f 1196/1125/1196 674/1124/674 1167/1116/1167
f 1167/1116/1167 674/1124/674 672/1117/672
f 1197/1116/1197 1198/1117/1198 1199/1118/1199
f 1199/1118/1199 1198/1117/1198 1200/1119/1200
f 1199/1118/1199 1200/1119/1200 1201/1120/1201
f 1201/1120/1201 1200/1119/1200 1202/1121/1202
f 1202/1121/1202 1200/1119/1200 1203/1122/1203
f 1202/1121/1202 1203/1122/1203 1204/1123/1204
f 1204/1123/1204 1203/1122/1203 1205/1121/1205
f 1205/1121/1205 1203/1122/1203 1206/1119/1206
f 1205/1121/1205 1206/1119/1206 1207/1120/1207
f 1207/1120/1207 1206/1119/1206 1208/1118/1208
f 1208/1118/1208 1206/1119/1206 1209/1117/1209
f 1208/1118/1208 1209/1117/1209 1210/1116/1210
f 1209/1117/1209 1211/1124/1211 1210/1116/1210
f 1210/1116/1210 1211/1124/1211 1212/1125/1212
f 1212/1125/1212 1211/1124/1211 1213/1126/1213
f 1212/1125/1212 1213/1126/1213 1214/1127/1214
f 1214/1127/1214 1213/1126/1213 1215/1128/1215
f 1214/1127/1214 1215/1128/1215 1216/1129/1216
f 1216/1129/1216 1215/1128/1215 636/1130/636
f 1216/1129/1216 636/1130/636 1217/1131/1217
f 1217/1131/1217 636/1130/636 635/1132/635
f 1217/1131/1217 635/1132/635 1218/1133/1218
f 1218/1133/1218 635/1132/635 633/1134/633
f 1218/1133/1218 633/1134/633 1219/1135/1219
f 1219/1135/1219 633/1134/633 632/1136/632
f 1219/1135/1219 632/1136/632 1220/1137/1220
f 632/1136/632 629/1138/629 1220/1137/1220
f 1220/1137/1220 629/1138/629 1221/1139/1221
f 1221/1139/1221 629/1138/629 1222/1137/1222
f 1222/1137/1222 629/1138/629 628/1136/628
f 1222/1137/1222 628/1136/628 1223/1135/1223
f 1223/1135/1223 628/1136/628 630/1134/630
f 1223/1135/1223 630/1134/630 1224/1133/1224
f 1224/1133/1224 630/1134/630 1225/1132/1225
f 1224/1133/1224 1225/1132/1225 1226/1131/1226
f 1226/1131/1226 1225/1132/1225 1227/1130/1227
f 1226/1131/1226 1227/1130/1227 1228/1129/1228
f 1228/1129/1228 1227/1130/1227 1229/1128/1229
f 1228/1129/1228 1229/1128/1229 1230/1127/1230
f 1230/1127/1230 1229/1128/1229 1231/1126/1231
f 1230/1127/1230 1231/1126/1231 1232/1125/1232
f 1232/1125/1232 1231/1126/1231 1233/1124/1233
f 1232/1125/1232 1233/1124/1233 1197/1116/1197
f 1197/1116/1197 1233/1124/1233 1198/1117/1198
f 1234/1116/1234 1235/1117/1235 1236/1118/1236
f 1236/1118/1236 1235/1117/1235 1237/1119/1237
f 1236/1118/1236 1237/1119/1237 1238/1120/1238
f 1238/1120/1238 1237/1119/1237 1239/1121/1239
f 1239/1121/1239 1237/1119/1237 1240/1122/1240
f 1239/1121/1239 1240/1122/1240 1241/1123/1241
f 1241/1123/1241 1240/1122/1240 1242/1121/1242
f 1242/1121/1242 1240/1122/1240 1243/1119/1243
f 1242/1121/1242 1243/1119/1243 1244/1120/1244
f 1244/1120/1244 1243/1119/1243 1245/1118/1245
f 1245/1118/1245 1243/1119/1243 1246/1117/1246
f 1245/1118/1245 1246/1117/1246 1247/1116/1247
f 1246/1117/1246 1248/1124/1248 1247/1116/1247
f 1247/1116/1247 1248/1124/1248 1249/1125/1249
f 1249/1125/1249 1248/1124/1248 1250/1126/1250
f 1249/1125/1249 1250/1126/1250 1251/1127/1251
f 1251/1127/1251 1250/1126/1250 1252/1128/1252
f 1251/1127/1251 1252/1128/1252 1253/1129/1253
f 1253/1129/1253 1252/1128/1252 640/1130/640
f 1253/1129/1253 640/1130/640 1254/1131/1254
f 1254/1131/1254 640/1130/640 639/1132/639
f 1254/1131/1254 639/1132/639 1255/1133/1255
f 1255/1133/1255 639/1132/639 641/1134/641
f 1255/1133/1255 641/1134/641 1256/1135/1256
f 1256/1135/1256 641/1134/641 1257/1136/1257
f 1256/1135/1256 1257/1136/1257 1258/1137/1258
f 1257/1136/1257 1259/1138/1259 1258/1137/1258
f 1258/1137/1258 1259/1138/1259 1260/1139/1260
f 1260/1139/1260 1259/1138/1259 1261/1137/1261
f 1261/1137/1261 1259/1138/1259 1262/1136/1262
f 1261/1137/1261 1262/1136/1262 1263/1135/1263
f 1263/1135/1263 1262/1136/1262 637/1134/637
f 1263/1135/1263 637/1134/637 1264/1133/1264
f 1264/1133/1264 637/1134/637 1265/1132/1265
f 1264/1133/1264 1265/1132/1265 1266/1131/1266
f 1266/1131/1266 1265/1132/1265 1267/1130/1267
f 1266/1131/1266 1267/1130/1267 1268/1129/1268
f 1268/1129/1268 1267/1130/1267 1269/1128/1269
f 1268/1129/1268 1269/1128/1269 1270/1127/1270
f 1270/1127/1270 1269/1128/1269 1271/1126/1271
f 1270/1127/1270 1271/1126/1271 1272/1125/1272
f 1272/1125/1272 1271/1126/1271 1273/1124/1273
f 1272/1125/1272 1273/1124/1273 1234/1116/1234
f 1234/1116/1234 1273/1124/1273 1235/1117/1235
f 923/1116/923 1274/1117/1274 922/1118/922
f 922/1118/922 1274/1117/1274 1275/1119/1275
f 922/1118/922 1275/1119/1275 921/1120/921
f 921/1120/921 1275/1119/1275 919/1121/919
f 919/1121/919 1275/1119/1275 1276/1122/1276
f 919/1121/919 1276/1122/1276 920/1123/920
f 920/1123/920 1276/1122/1276 930/1121/930
f 930/1121/930 1276/1122/1276 1277/1119/1277
f 930/1121/930 1277/1119/1277 931/1120/931
f 931/1120/931 1277/1119/1277 900/1118/900
f 900/1118/900 1277/1119/1277 1278/1117/1278
f 900/1118/900 1278/1117/1278 901/1116/901
f 1278/1117/1278 1279/1124/1279 901/1116/901
f 901/1116/901 1279/1124/1279 902/1125/902
f 902/1125/902 1279/1124/1279 694/1126/694
f 902/1125/902 694/1126/694 904/1127/904
f 904/1127/904 694/1126/694 1280/1128/1280
f 904/1127/904 1280/1128/1280 905/1129/905
f 905/1129/905 1280/1128/1280 1281/1130/1281
f 905/1129/905 1281/1130/1281 907/1131/907
f 907/1131/907 1281/1130/1281 1282/1132/1282
f 907/1131/907 1282/1132/1282 908/1133/908
f 908/1133/908 1282/1132/1282 1283/1134/1283
f 908/1133/908 1283/1134/1283 909/1135/909
f 909/1135/909 1283/1134/1283 1284/1136/1284
f 909/1135/909 1284/1136/1284 910/1137/910
f 1284/1136/1284 1285/1138/1285 910/1137/910
f 910/1137/910 1285/1138/1285 911/1139/911
f 911/1139/911 1285/1138/1285 912/1137/912
f 912/1137/912 1285/1138/1285 1286/1136/1286
f 912/1137/912 1286/1136/1286 914/1135/914
f 914/1135/914 1286/1136/1286 643/1134/643
f 914/1135/914 643/1134/643 928/1133/928
f 928/1133/928 643/1134/643 1287/1132/1287
f 928/1133/928 1287/1132/1287 927/1131/927
f 927/1131/927 1287/1132/1287 1288/1130/1288
f 927/1131/927 1288/1130/1288 926/1129/926
f 926/1129/926 1288/1130/1288 1289/1128/1289
f 926/1129/926 1289/1128/1289 925/1127/925
f 925/1127/925 1289/1128/1289 1290/1126/1290
f 925/1127/925 1290/1126/1290 924/1125/924
f 924/1125/924 1290/1126/1290 1291/1124/1291
f 924/1125/924 1291/1124/1291 923/1116/923
f 923/1116/923 1291/1124/1291 1274/1117/1274
f 965/938/965 1292/1140/1292 1293/1141/1293
f 967/940/967 1292/1140/1292 965/938/965
f 968/1142/968 1292/1140/1292 967/940/967
f 968/1142/968 1294/1143/1294 1292/1140/1292
f 969/1144/969 1294/1143/1294 968/1142/968
f 969/1144/969 1295/997/1295 1294/1143/1294
f 948/1145/948 1295/997/1295 969/1144/969
f 1296/1146/1296 1293/1141/1293 1292/1140/1292
f 1296/1146/1296 1292/1140/1292 1297/1147/1297
f 1297/1147/1297 1292/1140/1292 1298/1148/1298
f 1292/1140/1292 1294/1143/1294 1298/1148/1298
f 1298/1148/1298 1294/1143/1294 1299/1149/1299
f 1299/1149/1299 1294/1143/1294 1295/997/1295
f 1299/1149/1299 1295/997/1295 1300/1002/1300
f 1090/1054/1090 1086/1055/1086 1301/1150/1301
f 1301/1150/1301 1086/1055/1086 1302/1151/1302
f 1301/1150/1301 1302/1151/1302 1303/1152/1303
f 1302/1151/1302 1304/1153/1304 1303/1152/1303
f 1303/1152/1303 1304/1153/1304 1305/1154/1305
f 1305/1154/1305 1304/1153/1304 1293/1141/1293
f 1305/1154/1305 1293/1141/1293 1296/1146/1296
f 965/938/965 1293/1141/1293 973/941/973
f 973/941/973 1293/1141/1293 1304/1153/1304
f 973/941/973 1304/1153/1304 972/942/972
f 972/942/972 1304/1153/1304 1302/1151/1302
f 972/942/972 1302/1151/1302 971/1155/971
f 971/1155/971 1302/1151/1302 970/1156/970
f 970/1156/970 1302/1151/1302 1086/1055/1086
f 970/1156/970 1086/1055/1086 958/1157/958
f 1306/1158/1306 1296/1146/1296 1307/1159/1307
f 1307/1159/1307 1296/1146/1296 1297/1147/1297
f 1307/1159/1307 1297/1147/1297 1308/1160/1308
f 1308/1160/1308 1297/1147/1297 1298/1148/1298
f 1308/1160/1308 1298/1148/1298 1309/1161/1309
f 1309/1161/1309 1298/1148/1298 1299/1149/1299
f 1299/1149/1299 1310/1019/1310 1309/1161/1309
f 1299/1149/1299 1300/1002/1300 1310/1019/1310
f 1102/1067/1102 1090/1054/1090 1311/1162/1311
f 1311/1162/1311 1090/1054/1090 1301/1150/1301
f 1311/1162/1311 1301/1150/1301 1312/1163/1312
f 1312/1163/1312 1301/1150/1301 1303/1152/1303
f 1312/1163/1312 1303/1152/1303 1313/1164/1313
f 1313/1164/1313 1303/1152/1303 1305/1154/1305
f 1313/1164/1313 1305/1154/1305 1306/1158/1306
f 1306/1158/1306 1305/1154/1305 1296/1146/1296
f 1314/1165/1314 1306/1158/1306 1307/1159/1307
f 1314/1165/1314 1307/1159/1307 1315/1166/1315
f 1315/1166/1315 1307/1159/1307 1308/1160/1308
f 1315/1166/1315 1308/1160/1308 1316/1167/1316
f 1316/1167/1316 1308/1160/1308 1309/1161/1309
f 1309/1161/1309 1317/1032/1317 1316/1167/1316
f 1309/1161/1309 1310/1019/1310 1317/1032/1317
f 1102/1067/1102 1318/1168/1318 1110/1074/1110
f 1311/1162/1311 1318/1168/1318 1102/1067/1102
f 1318/1168/1318 1311/1162/1311 1319/1169/1319
f 1319/1169/1319 1311/1162/1311 1312/1163/1312
f 1319/1169/1319 1312/1163/1312 1320/1170/1320
f 1320/1170/1320 1312/1163/1312 1313/1164/1313
f 1320/1170/1320 1313/1164/1313 1321/1171/1321
f 1321/1171/1321 1313/1164/1313 1306/1158/1306
f 1321/1171/1321 1306/1158/1306 1314/1165/1314
f 148/1044/148 1314/1165/1314 140/1026/140
f 140/1026/140 1314/1165/1314 139/1025/139
f 139/1025/139 1314/1165/1314 135/1172/135
f 135/1172/135 1314/1165/1314 1315/1166/1315
f 135/1172/135 1315/1166/1315 131/1173/131
f 131/1173/131 1315/1166/1315 1316/1167/1316
f 1316/1167/1316 68/1031/68 131/1173/131
f 1316/1167/1316 1317/1032/1317 68/1031/68
f 1110/1074/1110 120/1035/120 121/1080/121
f 1318/1168/1318 120/1035/120 1110/1074/1110
f 120/1035/120 1318/1168/1318 114/1174/114
f 114/1174/114 1318/1168/1318 1319/1169/1319
f 114/1174/114 1319/1169/1319 115/1037/115
f 115/1037/115 1319/1169/1319 157/1038/157
f 157/1038/157 1319/1169/1319 1320/1170/1320
f 157/1038/157 1320/1170/1320 155/1040/155
f 155/1040/155 1320/1170/1320 152/1041/152
f 152/1041/152 1320/1170/1320 1321/1171/1321
f 152/1041/152 1321/1171/1321 151/1043/151
f 151/1043/151 1321/1171/1321 148/1044/148
f 148/1044/148 1321/1171/1321 1314/1165/1314
f 944/1175/944 1322/1176/1322 943/1177/943
f 944/1175/944 1323/1178/1323 1322/1176/1322
f 945/1179/945 1323/1178/1323 944/1175/944
f 945/1179/945 1324/1180/1324 1323/1178/1323
f 946/1181/946 1324/1180/1324 945/1179/945
f 947/1182/947 1324/1180/1324 946/1181/946
f 947/1182/947 1059/1183/1059 1324/1180/1324
f 1325/1184/1325 1322/1176/1322 1323/1178/1323
f 1325/1184/1325 1323/1178/1323 1326/1185/1326
f 1326/1185/1326 1323/1178/1323 1324/1180/1324
f 1326/1185/1326 1324/1180/1324 1327/1186/1327
f 1327/1186/1327 1324/1180/1324 1059/1183/1059
f 1327/1186/1327 1059/1183/1059 877/824/877
f 1059/1183/1059 947/1182/947 1058/1187/1058
f 1300/1054/1300 1295/1055/1295 1328/1188/1328
f 1300/1054/1300 1328/1188/1328 1329/1189/1329
f 1329/1189/1329 1328/1188/1328 1330/1190/1330
f 1329/1189/1329 1330/1190/1330 1331/1191/1331
f 1331/1191/1331 1330/1190/1330 1332/1192/1332
f 1331/1191/1331 1332/1192/1332 1333/1193/1333
f 1333/1193/1333 1332/1192/1332 1322/1176/1322
f 1333/1193/1333 1322/1176/1322 1325/1184/1325
f 943/1177/943 1322/1176/1322 952/1194/952
f 952/1194/952 1322/1176/1322 1332/1192/1332
f 952/1194/952 1332/1192/1332 951/1195/951
f 951/1195/951 1332/1192/1332 1330/1190/1330
f 951/1195/951 1330/1190/1330 950/1196/950
f 950/1196/950 1330/1190/1330 949/1197/949
f 949/1197/949 1330/1190/1330 1328/1188/1328
f 949/1197/949 1328/1188/1328 948/1198/948
f 948/1198/948 1328/1188/1328 1295/1055/1295
f 1334/1199/1334 1325/1184/1325 1335/1200/1335
f 1335/1200/1335 1325/1184/1325 1326/1185/1326
f 1335/1200/1335 1326/1185/1326 1336/1201/1336
f 1336/1201/1336 1326/1185/1326 1327/1186/1327
f 878/823/878 1336/1201/1336 1327/1186/1327
f 1327/1186/1327 877/824/877 878/823/878
f 1310/1067/1310 1300/1054/1300 1337/1202/1337
f 1337/1202/1337 1300/1054/1300 1329/1189/1329
f 1337/1202/1337 1329/1189/1329 1338/1203/1338
f 1338/1203/1338 1329/1189/1329 1331/1191/1331
f 1338/1203/1338 1331/1191/1331 1334/1199/1334
f 1334/1199/1334 1331/1191/1331 1333/1193/1333
f 1334/1199/1334 1333/1193/1333 1325/1184/1325
f 1339/1204/1339 1334/1199/1334 1335/1200/1335
f 1339/1204/1339 1335/1200/1335 1340/1205/1340
f 1340/1205/1340 1335/1200/1335 1336/1201/1336
f 1340/1205/1340 1336/1201/1336 1341/1206/1341
f 1341/1206/1341 1336/1201/1336 878/823/878
f 878/823/878 1074/1207/1074 1341/1206/1341
f 1074/1207/1074 878/823/878 876/822/876
f 1310/1067/1310 1342/1208/1342 1317/1074/1317
f 1337/1202/1337 1342/1208/1342 1310/1067/1310
f 1342/1208/1342 1337/1202/1337 1343/1209/1343
f 1343/1209/1343 1337/1202/1337 1338/1203/1338
f 1343/1209/1343 1338/1203/1338 1344/1210/1344
f 1344/1210/1344 1338/1203/1338 1334/1199/1334
f 1344/1210/1344 1334/1199/1334 1339/1204/1339
f 51/1211/51 1339/1204/1339 46/1212/46
f 46/1212/46 1339/1204/1339 45/1213/45
f 45/1213/45 1339/1204/1339 42/1214/42
f 42/1214/42 1339/1204/1339 1340/1205/1340
f 42/1214/42 1340/1205/1340 41/1215/41
f 41/1215/41 1340/1205/1340 1341/1206/1341
f 1341/1206/1341 50/1216/50 41/1215/41
f 1341/1206/1341 1074/1207/1074 50/1216/50
f 1317/1074/1317 67/1217/67 68/1080/68
f 67/1217/67 1317/1074/1317 65/1218/65
f 65/1218/65 1317/1074/1317 1342/1208/1342
f 65/1218/65 1342/1208/1342 61/1219/61
f 61/1219/61 1342/1208/1342 1343/1209/1343
f 61/1219/61 1343/1209/1343 60/1220/60
f 60/1220/60 1343/1209/1343 58/1221/58
f 58/1221/58 1343/1209/1343 55/1222/55
f 55/1222/55 1343/1209/1343 1344/1210/1344
f 55/1222/55 1344/1210/1344 54/1223/54
f 54/1223/54 1344/1210/1344 51/1211/51
f 51/1211/51 1344/1210/1344 1339/1204/1339
f 1345/1224/1345 1040/991/1040 1057/1010/1057
f 439/906/439 1346/1225/1346 441/905/441
f 441/905/441 1346/1225/1346 442/904/442
f 442/904/442 1346/1225/1346 1347/1226/1347
f 442/904/442 1347/1226/1347 444/1227/444
f 444/1227/444 1347/1226/1347 446/901/446
f 448/897/448 446/901/446 1348/1228/1348
f 934/896/934 425/951/425 423/895/423
f 425/951/425 934/896/934 427/894/427
f 427/894/427 934/896/934 1349/1229/1349
f 427/894/427 1349/1229/1349 429/892/429
f 429/892/429 1349/1229/1349 431/891/431
f 431/891/431 1349/1229/1349 1350/1230/1350
f 431/891/431 1350/1230/1350 433/890/433
f 433/890/433 1350/1230/1350 435/889/435
f 437/1231/437 435/889/435 1351/1232/1351
f 437/1231/437 1351/1232/1351 439/906/439
f 439/906/439 1351/1232/1351 1346/1225/1346
f 1352/78/1352 1353/79/1353 165/80/165
f 1352/78/1352 883/81/883 1353/79/1353
f 1352/78/1352 72/74/72 31/31/31
f 31/31/31 883/81/883 1352/78/1352
f 31/31/31 32/32/32 883/81/883
f 1352/78/1352 165/80/165 97/85/97
f 97/85/97 1354/86/1354 1352/78/1352
f 26/26/26 880/88/880 33/33/33
f 1355/90/1355 880/88/880 26/26/26
f 1356/89/1356 880/88/880 1355/90/1355
f 1355/90/1355 95/92/95 1356/89/1356
f 1355/90/1355 26/26/26 34/34/34
f 1355/90/1355 96/94/96 95/92/95
f 1355/90/1355 1357/95/1357 96/94/96
f 1358/1233/1358 1361/1234/1361 1359/1235/1359
f 1360/1236/1360 1361/1234/1361 1358/1233/1358
f 1362/1237/1362 1361/1234/1361 1360/1236/1360
f 1365/1238/1365 1363/1239/1363 1364/1240/1364
f 1366/1241/1366 1363/1239/1363 1365/1238/1365
f 1366/1241/1366 1359/1235/1359 1363/1239/1363
f 1358/1233/1358 1359/1235/1359 1366/1241/1366
f 1368/1242/1368 1361/1234/1361 1367/1243/1367
f 1368/1242/1368 1359/1235/1359 1361/1234/1361
f 1359/1235/1359 1368/1242/1368 1369/1244/1369
f 1359/1235/1359 1369/1244/1369 1363/1239/1363
f 1363/1239/1363 1369/1244/1369 1370/1245/1370
f 1363/1239/1363 1370/1245/1370 1364/1240/1364
f 1364/1240/1364 1370/1245/1370 1371/1246/1371
f 1372/1247/1372 1373/1248/1373 1374/1249/1374
f 1375/1236/1375 1373/1248/1373 1372/1247/1372
f 1375/1236/1375 1376/1250/1376 1373/1248/1373
f 1377/1237/1377 1376/1250/1376 1375/1236/1375
f 1379/1238/1379 1374/1249/1374 1378/1251/1378
f 1380/1252/1380 1374/1249/1374 1379/1238/1379
f 1372/1247/1372 1374/1249/1374 1380/1252/1380
f 1381/1243/1381 1373/1248/1373 1376/1250/1376
f 1382/1253/1382 1373/1248/1373 1381/1243/1381
f 1373/1248/1373 1382/1253/1382 1374/1249/1374
f 1374/1249/1374 1382/1253/1382 1383/1244/1383
f 1374/1249/1374 1383/1244/1383 1384/1254/1384
f 1374/1249/1374 1384/1254/1384 1378/1251/1378
f 1378/1251/1378 1384/1254/1384 1385/1246/1385
f 1386/1255/1386 1387/1256/1387 1388/1257/1388
f 1389/1236/1389 1387/1256/1387 1386/1255/1386
f 1389/1236/1389 1364/1258/1364 1387/1256/1387
f 1365/1237/1365 1364/1258/1364 1389/1236/1389
f 1377/1238/1377 1388/1257/1388 1376/1259/1376
f 1390/1260/1390 1388/1257/1388 1377/1238/1377
f 1386/1255/1386 1388/1257/1388 1390/1260/1390
f 1371/1243/1371 1387/1256/1387 1364/1258/1364
f 1391/1261/1391 1387/1256/1387 1371/1243/1371
f 1387/1256/1387 1391/1261/1391 1392/1244/1392
f 1387/1256/1387 1392/1244/1392 1388/1257/1388
f 1388/1257/1388 1392/1244/1392 1393/1262/1393
f 1388/1257/1388 1393/1262/1393 1376/1259/1376
f 1376/1259/1376 1393/1262/1393 1381/1246/1381
f 1394/1263/1394 1397/1264/1397 1395/1265/1395
f 1396/1236/1396 1397/1264/1397 1394/1263/1394
f 1398/1237/1398 1397/1264/1397 1396/1236/1396
f 1362/1238/1362 1399/1266/1399 1361/1267/1361
f 1400/1268/1400 1399/1266/1399 1362/1238/1362
f 1400/1268/1400 1395/1265/1395 1399/1266/1399
f 1394/1263/1394 1395/1265/1395 1400/1268/1400
f 1402/1269/1402 1397/1264/1397 1401/1243/1401
f 1402/1269/1402 1395/1265/1395 1397/1264/1397
f 1395/1265/1395 1402/1269/1402 1403/1244/1403
f 1395/1265/1395 1403/1244/1403 1399/1266/1399
f 1399/1266/1399 1403/1244/1403 1404/1270/1404
f 1399/1266/1399 1404/1270/1404 1361/1267/1361
f 1361/1267/1361 1404/1270/1404 1367/1246/1367
f 1405/1271/1405 1406/1272/1406 1407/1273/1407
f 1408/1236/1408 1406/1272/1406 1405/1271/1405
f 1408/1236/1408 1378/1274/1378 1406/1272/1406
f 1379/1237/1379 1378/1274/1378 1408/1236/1408
f 1398/1238/1398 1407/1273/1407 1397/1275/1397
f 1409/1276/1409 1407/1273/1407 1398/1238/1398
f 1405/1271/1405 1407/1273/1407 1409/1276/1409
f 1385/1243/1385 1406/1272/1406 1378/1274/1378
f 1410/1277/1410 1406/1272/1406 1385/1243/1385
f 1406/1272/1406 1410/1277/1410 1407/1273/1407
f 1407/1273/1407 1410/1277/1410 1411/1244/1411
f 1407/1273/1407 1411/1244/1411 1412/1278/1412
f 1407/1273/1407 1412/1278/1412 1397/1275/1397
f 1397/1275/1397 1412/1278/1412 1401/1246/1401
s 7
f 1413/1279/1413 1414/1280/1414 1415/1281/1415
f 1413/1279/1413 1416/1282/1416 1414/1280/1414
f 1419/1283/1419 1417/1284/1417 1418/1285/1418
f 1413/1279/1413 1420/1286/1420 1416/1282/1416
f 1419/1283/1419 1420/1286/1420 1413/1279/1413
f 1413/1279/1413 1421/1287/1421 1419/1283/1419
f 1422/1288/1422 1419/1283/1419 1421/1287/1421
f 1423/1289/1423 1419/1283/1419 1422/1288/1422
f 1423/1289/1423 1417/1284/1417 1419/1283/1419
f 1424/1290/1424 1417/1284/1417 1423/1289/1423
f 1413/1279/1413 1425/1291/1425 1421/1287/1421
s 1
f 1426/1292/1426 1171/869/1171 1172/882/1172
f 1426/1292/1426 1172/882/1172 1173/883/1173
f 1426/1292/1426 1173/883/1173 1174/839/1174
f 1426/1292/1426 1174/839/1174 1427/1293/1427
f 1427/1293/1427 1174/839/1174 1175/840/1175
f 1175/840/1175 1176/841/1176 1427/1293/1427
f 1427/1293/1427 1428/843/1428 1429/884/1429
f 1427/1293/1427 1429/884/1429 1430/885/1430
f 1427/1293/1427 1430/885/1430 1426/1292/1426
f 1426/1292/1426 1430/885/1430 1431/886/1431
f 1431/886/1431 1432/1294/1432 1426/1292/1426
f 1426/1292/1426 1432/1294/1432 1171/869/1171
f 1432/1294/1432 1170/868/1170 1171/869/1171
f 1169/870/1169 1170/868/1170 1432/1294/1432
f 1432/1294/1432 1433/1295/1433 1169/870/1169
f 1169/870/1169 1433/1295/1433 1168/871/1168
f 1168/871/1168 1433/1295/1433 1434/1296/1434
f 1009/865/1009 1434/1296/1434 1433/1295/1433
f 1007/1297/1007 1434/1296/1434 1009/865/1009
f 1009/865/1009 1433/1295/1433 1010/878/1010
f 1010/878/1010 1433/1295/1433 1435/879/1435
f 1435/879/1435 1433/1295/1433 1436/880/1436
f 1436/880/1436 1433/1295/1433 1432/1294/1432
f 1436/880/1436 1432/1294/1432 1437/887/1437
f 1437/887/1437 1432/1294/1432 1431/886/1431
f 1168/871/1168 1434/1296/1434 1167/872/1167
f 1167/872/1167 1434/1296/1434 1196/873/1196
f 1196/873/1196 1434/1296/1434 1195/874/1195
f 1195/874/1195 1434/1296/1434 1438/861/1438
f 1195/874/1195 1438/861/1438 1193/875/1193
f 1193/875/1193 1438/861/1438 1439/1298/1439
f 1193/875/1193 1439/1298/1439 1191/876/1191
f 1191/876/1191 1439/1298/1439 1189/877/1189
f 1189/877/1189 1439/1298/1439 1188/859/1188
f 1005/1299/1005 1434/1296/1434 1007/1297/1007
f 1005/1299/1005 1438/861/1438 1434/1296/1434
f 1004/1300/1004 1438/861/1438 1005/1299/1005
f 1004/1300/1004 1439/1298/1439 1438/861/1438
f 1188/859/1188 1439/1298/1439 1187/857/1187
f 1187/857/1187 1439/1298/1439 1186/856/1186
f 1186/856/1186 1439/1298/1439 1185/855/1185
f 1185/855/1185 1439/1298/1439 1440/1301/1440
f 1185/855/1185 1440/1301/1440 1184/850/1184
f 1002/1302/1002 1439/1298/1439 1000/1303/1000
f 1004/1300/1004 1000/1303/1000 1439/1298/1439
f 1184/850/1184 1440/1301/1440 1183/849/1183
f 1183/849/1183 1440/1301/1440 1181/848/1181
f 1002/1302/1002 1440/1301/1440 1439/1298/1439
f 1002/1302/1002 1033/1304/1033 1440/1301/1440
f 1440/1301/1440 1179/846/1179 1181/848/1181
f 1441/1305/1441 1179/846/1179 1440/1301/1440
f 1441/1305/1441 1177/845/1177 1179/846/1179
f 1441/1305/1441 1176/841/1176 1177/845/1177
f 1427/1293/1427 1176/841/1176 1441/1305/1441
f 1441/1305/1441 1442/1306/1442 1427/1293/1427
f 1427/1293/1427 1442/1306/1442 1428/843/1428
f 1441/1305/1441 1032/1307/1032 1442/1306/1442
f 1441/1305/1441 1033/1304/1033 1032/1307/1032
f 1440/1301/1440 1033/1304/1033 1441/1305/1441
f 1443/1308/1443 1204/869/1204 1205/882/1205
f 1443/1308/1443 1205/882/1205 1207/883/1207
f 1443/1308/1443 1207/883/1207 1208/839/1208
f 1443/1308/1443 1208/839/1208 1444/1309/1444
f 1444/1309/1444 1208/839/1208 1210/840/1210
f 1210/840/1210 1212/841/1212 1444/1309/1444
f 1444/1309/1444 62/843/62 59/884/59
f 1444/1309/1444 59/884/59 57/885/57
f 1444/1309/1444 57/885/57 1443/1308/1443
f 1443/1308/1443 57/885/57 56/886/56
f 56/886/56 1445/1310/1445 1443/1308/1443
f 1443/1308/1443 1445/1310/1445 1204/869/1204
f 1445/1310/1445 1202/868/1202 1204/869/1204
f 1201/870/1201 1202/868/1202 1445/1310/1445
f 1445/1310/1445 1446/1311/1446 1201/870/1201
f 1201/870/1201 1446/1311/1446 1199/871/1199
f 1199/871/1199 1446/1311/1446 1447/1312/1447
f 43/865/43 1447/1312/1447 1446/1311/1446
f 30/1313/30 1447/1312/1447 43/865/43
f 30/1313/30 1448/1314/1448 1447/1312/1447
f 43/865/43 1446/1311/1446 44/878/44
f 44/878/44 1446/1311/1446 47/879/47
f 47/879/47 1446/1311/1446 52/880/52
f 52/880/52 1446/1311/1446 1445/1310/1445
f 52/880/52 1445/1310/1445 53/887/53
f 53/887/53 1445/1310/1445 56/886/56
f 1199/871/1199 1447/1312/1447 1197/872/1197
f 1197/872/1197 1447/1312/1447 1232/873/1232
f 1232/873/1232 1447/1312/1447 1448/1314/1448
f 1232/873/1232 1448/1314/1448 1230/874/1230
f 1230/874/1230 1448/1314/1448 1228/875/1228
f 1228/875/1228 1448/1314/1448 1449/1315/1449
f 1228/875/1228 1449/1315/1449 1226/876/1226
f 1226/876/1226 1449/1315/1449 1224/877/1224
f 1224/877/1224 1449/1315/1449 1223/859/1223
f 19/1316/19 1448/1314/1448 30/1313/30
f 16/1317/16 1448/1314/1448 19/1316/19
f 16/1317/16 1449/1315/1449 1448/1314/1448
f 1223/859/1223 1449/1315/1449 1222/857/1222
f 1222/857/1222 1449/1315/1449 1221/856/1221
f 1221/856/1221 1449/1315/1449 1220/855/1220
f 1220/855/1220 1449/1315/1449 1450/1318/1450
f 1220/855/1220 1450/1318/1450 1219/850/1219
f 13/1319/13 1449/1315/1449 14/1320/14
f 16/1317/16 14/1320/14 1449/1315/1449
f 1219/850/1219 1450/1318/1450 1218/849/1218
f 1218/849/1218 1450/1318/1450 1217/848/1217
f 13/1319/13 1450/1318/1450 1449/1315/1449
f 13/1319/13 11/1321/11 1450/1318/1450
f 1450/1318/1450 1216/846/1216 1217/848/1217
f 1451/1322/1451 1216/846/1216 1450/1318/1450
f 1451/1322/1451 1214/845/1214 1216/846/1216
f 1451/1322/1451 1212/841/1212 1214/845/1214
f 1444/1309/1444 1212/841/1212 1451/1322/1451
f 1451/1322/1451 63/1323/63 1444/1309/1444
f 1444/1309/1444 63/1323/63 62/843/62
f 1451/1322/1451 12/1324/12 63/1323/63
f 1451/1322/1451 11/1321/11 12/1324/12
f 1450/1318/1450 11/1321/11 1451/1322/1451
f 1452/1325/1452 1241/869/1241 1242/882/1242
f 1452/1325/1452 1242/882/1242 1244/883/1244
f 1452/1325/1452 1244/883/1244 1245/839/1245
f 1452/1325/1452 1245/839/1245 1453/1326/1453
f 1453/1326/1453 1245/839/1245 1247/840/1247
f 1247/840/1247 1249/841/1249 1453/1326/1453
f 1453/1326/1453 158/843/158 156/884/156
f 1453/1326/1453 156/884/156 154/885/154
f 1453/1326/1453 154/885/154 1452/1325/1452
f 1452/1325/1452 154/885/154 153/886/153
f 153/886/153 1454/1327/1454 1452/1325/1452
f 1452/1325/1452 1454/1327/1454 1241/869/1241
f 1454/1327/1454 1239/868/1239 1241/869/1241
f 1238/870/1238 1239/868/1239 1454/1327/1454
f 1454/1327/1454 1455/1328/1455 1238/870/1238
f 1238/870/1238 1455/1328/1455 1236/871/1236
f 1236/871/1236 1455/1328/1455 1456/1312/1456
f 137/865/137 1456/1312/1456 1455/1328/1455
f 136/1329/136 1456/1312/1456 137/865/137
f 136/1329/136 1457/1330/1457 1456/1312/1456
f 137/865/137 1455/1328/1455 138/878/138
f 138/878/138 1455/1328/1455 141/879/141
f 141/879/141 1455/1328/1455 149/880/149
f 149/880/149 1455/1328/1455 1454/1327/1454
f 149/880/149 1454/1327/1454 150/887/150
f 150/887/150 1454/1327/1454 153/886/153
f 1236/871/1236 1456/1312/1456 1234/872/1234
f 1234/872/1234 1456/1312/1456 1272/873/1272
f 1272/873/1272 1456/1312/1456 1457/1330/1457
f 1272/873/1272 1457/1330/1457 1270/874/1270
f 1270/874/1270 1457/1330/1457 1268/875/1268
f 1268/875/1268 1457/1330/1457 1458/1331/1458
f 1268/875/1268 1458/1331/1458 1266/876/1266
f 1266/876/1266 1458/1331/1458 1264/877/1264
f 1264/877/1264 1458/1331/1458 1263/859/1263
f 142/1332/142 1457/1330/1457 136/1329/136
f 164/1333/164 1457/1330/1457 142/1332/142
f 164/1333/164 1458/1331/1458 1457/1330/1457
f 1263/859/1263 1458/1331/1458 1261/857/1261
f 1261/857/1261 1458/1331/1458 1260/856/1260
f 1260/856/1260 1458/1331/1458 1258/855/1258
f 1258/855/1258 1458/1331/1458 1459/1334/1459
f 1258/855/1258 1459/1334/1459 1256/850/1256
f 164/1333/164 163/1335/163 1458/1331/1458
f 1256/850/1256 1459/1334/1459 1255/849/1255
f 1255/849/1255 1459/1334/1459 1254/848/1254
f 163/1335/163 1459/1334/1459 1458/1331/1458
f 162/1336/162 1459/1334/1459 163/1335/163
f 162/1336/162 161/1337/161 1459/1334/1459
f 1459/1334/1459 1253/846/1253 1254/848/1254
f 1460/1338/1460 1253/846/1253 1459/1334/1459
f 1460/1338/1460 1251/845/1251 1253/846/1253
f 1460/1338/1460 1249/841/1249 1251/845/1251
f 1453/1326/1453 1249/841/1249 1460/1338/1460
f 1460/1338/1460 159/1339/159 1453/1326/1453
f 1453/1326/1453 159/1339/159 158/843/158
f 1460/1338/1460 160/1340/160 159/1339/159
f 1460/1338/1460 161/1337/161 160/1340/160
f 1459/1334/1459 161/1337/161 1460/1338/1460
f 1461/1341/1461 1143/869/1143 1144/882/1144
f 1461/1341/1461 1144/882/1144 1145/883/1145
f 1461/1341/1461 1145/883/1145 1146/839/1146
f 1461/1341/1461 1146/839/1146 1462/1342/1462
f 1462/1342/1462 1146/839/1146 1147/840/1147
f 1147/840/1147 1148/841/1148 1462/1342/1462
f 1462/1342/1462 316/843/316 314/884/314
f 1462/1342/1462 314/884/314 312/885/312
f 1462/1342/1462 312/885/312 1461/1341/1461
f 1461/1341/1461 312/885/312 311/886/311
f 311/886/311 1463/1343/1463 1461/1341/1461
f 1461/1341/1461 1463/1343/1463 1143/869/1143
f 1463/1343/1463 1142/868/1142 1143/869/1143
f 1141/870/1141 1142/868/1142 1463/1343/1463
f 1463/1343/1463 1464/1344/1464 1141/870/1141
f 1141/870/1141 1464/1344/1464 1140/871/1140
f 1140/871/1140 1464/1344/1464 1465/1312/1465
f 294/865/294 1465/1312/1465 1464/1344/1464
f 293/1345/293 1465/1312/1465 294/865/294
f 293/1345/293 1466/1346/1466 1465/1312/1465
f 294/865/294 1464/1344/1464 295/878/295
f 295/878/295 1464/1344/1464 298/879/298
f 298/879/298 1464/1344/1464 307/880/307
f 307/880/307 1464/1344/1464 1463/1343/1463
f 307/880/307 1463/1343/1463 308/887/308
f 308/887/308 1463/1343/1463 311/886/311
f 1140/871/1140 1465/1312/1465 1139/872/1139
f 1139/872/1139 1465/1312/1465 1166/873/1166
f 1166/873/1166 1465/1312/1465 1466/1346/1466
f 1166/873/1166 1466/1346/1466 1165/874/1165
f 1165/874/1165 1466/1346/1466 1163/875/1163
f 1163/875/1163 1466/1346/1466 1467/1347/1467
f 1163/875/1163 1467/1347/1467 1161/876/1161
f 1161/876/1161 1467/1347/1467 1159/877/1159
f 1159/877/1159 1467/1347/1467 1158/859/1158
f 299/1348/299 1466/1346/1466 293/1345/293
f 322/1349/322 1466/1346/1466 299/1348/299
f 322/1349/322 1467/1347/1467 1466/1346/1466
f 1158/859/1158 1467/1347/1467 1157/857/1157
f 1157/857/1157 1467/1347/1467 1156/856/1156
f 1156/856/1156 1467/1347/1467 1155/855/1155
f 1155/855/1155 1467/1347/1467 1468/1350/1468
f 1155/855/1155 1468/1350/1468 1154/850/1154
f 322/1349/322 321/1351/321 1467/1347/1467
f 1154/850/1154 1468/1350/1468 1153/849/1153
f 1153/849/1153 1468/1350/1468 1152/848/1152
f 321/1351/321 1468/1350/1468 1467/1347/1467
f 320/1352/320 1468/1350/1468 321/1351/321
f 320/1352/320 319/1353/319 1468/1350/1468
f 1468/1350/1468 1151/846/1151 1152/848/1152
f 1469/1354/1469 1151/846/1151 1468/1350/1468
f 1469/1354/1469 1149/845/1149 1151/846/1151
f 1469/1354/1469 1148/841/1148 1149/845/1149
f 1462/1342/1462 1148/841/1148 1469/1354/1469
f 1469/1354/1469 317/1355/317 1462/1342/1462
f 1462/1342/1462 317/1355/317 316/843/316
f 1469/1354/1469 318/1356/318 317/1355/317
f 1469/1354/1469 319/1353/319 318/1356/318
f 1468/1350/1468 319/1353/319 1469/1354/1469
f 1470/1357/1470 1471/1358/1471 1472/1359/1472
f 1473/1360/1473 1471/1358/1471 1470/1357/1470
f 1473/1360/1473 1474/1361/1474 1471/1358/1471
f 1475/1362/1475 1474/1361/1474 1473/1360/1473
f 1475/1362/1475 1476/1363/1476 1474/1361/1474
f 1477/1364/1477 1476/1363/1476 1475/1362/1475
f 1477/1364/1477 1478/1365/1478 1476/1363/1476
f 1479/1366/1479 1478/1365/1478 1477/1364/1477
f 1480/1367/1480 1481/1368/1481 1482/1369/1482
f 1483/1370/1483 1481/1368/1481 1480/1367/1480
f 1483/1370/1483 1484/1371/1484 1481/1368/1481
f 1485/1372/1485 1484/1371/1484 1483/1370/1483
f 1485/1372/1485 1486/1373/1486 1484/1371/1484
f 1487/1374/1487 1486/1373/1486 1485/1372/1485
f 1487/1374/1487 1488/1375/1488 1486/1373/1486
f 1489/1376/1489 1488/1375/1488 1487/1374/1487
f 1489/1376/1489 1490/1377/1490 1488/1375/1488
f 1491/1378/1491 1490/1377/1490 1489/1376/1489
f 1491/1378/1491 1492/1379/1492 1490/1377/1490
f 1493/1380/1493 1492/1379/1492 1491/1378/1491
f 1493/1380/1493 1494/1381/1494 1492/1379/1492
f 1495/1382/1495 1494/1381/1494 1493/1380/1493
f 1495/1382/1495 1496/1383/1496 1494/1381/1494
f 1497/1384/1497 1496/1383/1496 1495/1382/1495
f 1497/1384/1497 1472/1359/1472 1496/1383/1496
f 1470/1357/1470 1472/1359/1472 1497/1384/1497
f 1498/1385/1498 670/485/670 671/486/671
f 1499/1386/1499 670/485/670 1498/1385/1498
f 1499/1386/1499 667/482/667 670/485/670
f 1500/1387/1500 667/482/667 1499/1386/1499
f 1500/1387/1500 665/480/665 667/482/667
f 1501/1388/1501 665/480/665 1500/1387/1500
f 1501/1388/1501 663/478/663 665/480/665
f 1502/1389/1502 663/478/663 1501/1388/1501
f 1502/1389/1502 660/475/660 663/478/663
f 1503/1390/1503 660/475/660 1502/1389/1502
f 1503/1390/1503 661/476/661 660/475/660
f 1504/1391/1504 661/476/661 1503/1390/1503
f 1504/1391/1504 1505/1392/1505 661/476/661
f 1506/1393/1506 1505/1392/1505 1504/1391/1504
f 1506/1393/1506 1507/1394/1507 1505/1392/1505
f 1508/1395/1508 1507/1394/1507 1506/1393/1506
f 1508/1395/1508 1482/1369/1482 1507/1394/1507
f 1480/1367/1480 1482/1369/1482 1508/1395/1508
f 1509/1396/1509 688/503/688 690/505/690
f 1510/1397/1510 688/503/688 1509/1396/1509
f 1510/1397/1510 687/502/687 688/503/688
f 1511/1398/1511 687/502/687 1510/1397/1510
f 1511/1398/1511 684/499/684 687/502/687
f 1512/1399/1512 684/499/684 1511/1398/1511
f 1512/1399/1512 682/497/682 684/499/684
f 1513/1400/1513 682/497/682 1512/1399/1512
f 1513/1400/1513 680/495/680 682/497/682
f 1514/1401/1514 680/495/680 1513/1400/1513
f 1514/1401/1514 678/493/678 680/495/680
f 1515/1402/1515 678/493/678 1514/1401/1514
f 1515/1402/1515 675/490/675 678/493/678
f 1516/1403/1516 675/490/675 1515/1402/1515
f 1516/1403/1516 673/488/673 675/490/675
f 1517/1404/1517 673/488/673 1516/1403/1516
f 1517/1404/1517 671/486/671 673/488/673
f 1498/1385/1498 671/486/671 1517/1404/1517
f 1479/1366/1479 1518/1405/1518 1478/1365/1478
f 1519/1406/1519 1518/1405/1518 1479/1366/1479
f 1519/1406/1519 1520/1407/1520 1518/1405/1518
f 1521/1408/1521 1520/1407/1520 1519/1406/1519
f 1521/1408/1521 1522/1409/1522 1520/1407/1520
f 1523/1410/1523 1522/1409/1522 1521/1408/1521
f 1523/1410/1523 1524/1411/1524 1522/1409/1522
f 1525/1412/1525 1524/1411/1524 1523/1410/1523
f 1525/1412/1525 1526/1413/1526 1524/1411/1524
f 1527/1414/1527 1526/1413/1526 1525/1412/1525
f 1527/1414/1527 1528/1415/1528 1526/1413/1526
f 1529/1416/1529 1528/1415/1528 1527/1414/1527
f 1529/1416/1529 1530/1417/1530 1528/1415/1528
f 1531/1418/1531 1530/1417/1530 1529/1416/1529
f 1531/1418/1531 692/507/692 1530/1417/1530
f 1532/1419/1532 692/507/692 1531/1418/1531
f 1532/1419/1532 690/505/690 692/507/692
f 1509/1396/1509 690/505/690 1532/1419/1532
f 727/595/727 760/663/760 728/597/728
f 728/597/728 760/663/760 759/661/759
f 728/597/728 759/661/759 758/659/758
f 728/597/728 758/659/758 757/657/757
f 728/597/728 757/657/757 729/600/729
f 729/600/729 757/657/757 756/655/756
f 729/600/729 756/655/756 755/653/755
f 729/600/729 755/653/755 695/510/695
f 695/510/695 755/653/755 754/651/754
f 695/510/695 754/651/754 753/649/753
f 695/510/695 753/649/753 696/513/696
f 696/513/696 753/649/753 752/647/752
f 696/513/696 752/647/752 751/645/751
f 696/513/696 751/645/751 750/643/750
f 696/513/696 750/643/750 697/515/697
f 697/515/697 750/643/750 749/641/749
f 697/515/697 749/641/749 748/639/748
f 697/515/697 748/639/748 698/518/698
f 698/518/698 748/639/748 747/637/747
f 698/518/698 747/637/747 746/635/746
f 698/518/698 746/635/746 699/520/699
f 699/520/699 746/635/746 745/633/745
f 699/520/699 745/633/745 744/631/744
f 699/520/699 744/631/744 700/523/700
f 700/523/700 744/631/744 743/629/743
f 700/523/700 743/629/743 742/627/742
f 700/523/700 742/627/742 741/625/741
f 741/625/741 701/527/701 700/523/700
f 740/623/740 701/527/701 741/625/741
f 739/621/739 701/527/701 740/623/740
f 739/621/739 702/529/702 701/527/701
f 738/619/738 702/529/702 739/621/739
f 702/529/702 738/619/738 737/617/737
f 702/529/702 737/617/737 703/532/703
f 703/532/703 737/617/737 736/615/736
f 703/532/703 736/615/736 735/613/735
f 703/532/703 735/613/735 704/535/704
f 704/535/704 735/613/735 734/611/734
f 704/535/704 734/611/734 733/609/733
f 704/535/704 733/609/733 705/538/705
f 705/538/705 733/609/733 732/607/732
f 705/538/705 732/607/732 731/605/731
f 705/538/705 731/605/731 706/541/706
f 706/541/706 731/605/731 730/602/730
f 706/541/706 730/602/730 809/761/809
f 706/541/706 809/761/809 808/759/808
f 706/541/706 808/759/808 707/543/707
f 707/543/707 808/759/808 807/757/807
f 707/543/707 807/757/807 806/755/806
f 707/543/707 806/755/806 805/753/805
f 707/543/707 805/753/805 708/547/708
f 708/547/708 805/753/805 804/751/804
f 708/547/708 804/751/804 803/749/803
f 708/547/708 803/749/803 709/550/709
f 709/550/709 803/749/803 802/747/802
f 709/550/709 802/747/802 801/745/801
f 709/550/709 801/745/801 710/553/710
f 710/553/710 801/745/801 800/743/800
f 710/553/710 800/743/800 799/741/799
f 710/553/710 799/741/799 798/739/798
f 710/553/710 798/739/798 711/555/711
f 711/555/711 798/739/798 797/737/797
f 711/555/711 797/737/797 796/735/796
f 711/555/711 796/735/796 712/556/712
f 712/556/712 796/735/796 795/733/795
f 712/556/712 795/733/795 794/731/794
f 712/556/712 794/731/794 793/729/793
f 712/556/712 793/729/793 713/558/713
f 713/558/713 793/729/793 792/727/792
f 713/558/713 792/727/792 791/725/791
f 713/558/713 791/725/791 790/723/790
f 713/558/713 790/723/790 714/562/714
f 714/562/714 790/723/790 789/721/789
f 714/562/714 789/721/789 788/719/788
f 714/562/714 788/719/788 787/717/787
f 714/562/714 787/717/787 715/566/715
f 715/566/715 787/717/787 786/715/786
f 715/566/715 786/715/786 785/713/785
f 715/566/715 785/713/785 716/569/716
f 716/569/716 785/713/785 784/711/784
f 716/569/716 784/711/784 783/709/783
f 716/569/716 783/709/783 717/572/717
f 717/572/717 783/709/783 782/707/782
f 717/572/717 782/707/782 781/705/781
f 717/572/717 781/705/781 718/575/718
f 718/575/718 781/705/781 780/703/780
f 718/575/718 780/703/780 779/701/779
f 718/575/718 779/701/779 719/577/719
f 719/577/719 779/701/779 778/699/778
f 719/577/719 778/699/778 777/697/777
f 719/577/719 777/697/777 720/579/720
f 720/579/720 777/697/777 776/695/776
f 720/579/720 776/695/776 775/693/775
f 720/579/720 775/693/775 721/582/721
f 721/582/721 775/693/775 774/691/774
f 721/582/721 774/691/774 773/689/773
f 721/582/721 773/689/773 722/585/722
f 722/585/722 773/689/773 772/687/772
f 722/585/722 772/687/772 771/685/771
f 722/585/722 771/685/771 723/587/723
f 723/587/723 771/685/771 770/683/770
f 723/587/723 770/683/770 769/681/769
f 723/587/723 769/681/769 724/588/724
f 724/588/724 769/681/769 768/679/768
f 724/588/724 768/679/768 767/677/767
f 724/588/724 767/677/767 725/590/725
f 725/590/725 767/677/767 766/675/766
f 725/590/725 766/675/766 765/673/765
f 725/590/725 765/673/765 726/592/726
f 726/592/726 765/673/765 764/671/764
f 726/592/726 764/671/764 763/669/763
f 726/592/726 763/669/763 727/595/727
f 727/595/727 763/669/763 762/667/762
f 727/595/727 762/667/762 761/665/761
f 727/595/727 761/665/761 760/663/760
f 1398/1420/1398 1396/1421/1396 1409/1422/1409
f 1409/1422/1409 1396/1421/1396 1394/1423/1394
f 1409/1422/1409 1394/1423/1394 1400/1424/1400
f 1409/1422/1409 1400/1424/1400 1362/1425/1362
f 1362/1425/1362 1360/1426/1360 1409/1422/1409
f 1409/1422/1409 1360/1426/1360 1358/1427/1358
f 1409/1422/1409 1358/1427/1358 1366/1428/1366
f 1409/1422/1409 1366/1428/1366 1365/1429/1365
f 1365/1429/1365 1389/1430/1389 1409/1422/1409
f 1409/1422/1409 1389/1430/1389 1386/1431/1386
f 1409/1422/1409 1386/1431/1386 1390/1432/1390
f 1409/1422/1409 1390/1432/1390 1377/1433/1377
f 1377/1433/1377 1375/1434/1375 1409/1422/1409
f 1409/1422/1409 1375/1434/1375 1372/1435/1372
f 1409/1422/1409 1372/1435/1372 1380/1436/1380
f 1409/1422/1409 1380/1436/1380 1379/1437/1379
f 1379/1437/1379 1408/1438/1408 1409/1422/1409
f 1409/1422/1409 1408/1438/1408 1405/1439/1405
s 7
f 1422/1288/1422 1421/1287/1421 1533/1440/1533
f 1533/1440/1533 1421/1287/1421 1425/1291/1425
f 1533/1440/1533 1425/1291/1425 1534/1441/1534
f 1534/1441/1534 1425/1291/1425 1535/1442/1535
f 1534/1441/1534 1535/1442/1535 1536/1443/1536
f 1536/1443/1536 1535/1442/1535 1537/1444/1537
f 1418/1285/1418 1417/1284/1417 1537/1444/1537
f 1418/1285/1418 1537/1444/1537 1415/1281/1415
f 1415/1281/1415 1537/1444/1537 1535/1442/1535
f 1415/1281/1415 1535/1442/1535 1425/1291/1425
f 1415/1281/1415 1425/1291/1425 1413/1279/1413
f 1536/1443/1536 1537/1444/1537 1424/1290/1424
f 1424/1290/1424 1537/1444/1537 1417/1284/1417
f 1419/1283/1419 1418/1285/1418 1420/1286/1420
f 1420/1286/1420 1418/1285/1418 1538/1445/1538
f 1415/1281/1415 1414/1280/1414 1418/1285/1418
f 1418/1285/1418 1414/1280/1414 1538/1445/1538
s 1
f 1539/1446/1539 1385/1243/1385 884/1447/884
f 1539/1446/1539 1410/1277/1410 1385/1243/1385
f 1540/1448/1540 1410/1277/1410 1539/1446/1539
f 1540/1448/1540 1411/1244/1411 1410/1277/1410
f 882/3/882 1411/1244/1411 1540/1448/1540
f 881/828/881 1411/1244/1411 882/3/882
f 881/828/881 1412/1278/1412 1411/1244/1411
f 879/825/879 1412/1278/1412 881/828/881
f 1401/1246/1401 1412/1278/1412 879/825/879
f 1541/1446/1541 1401/1243/1401 879/1447/879
f 1541/1446/1541 1402/1269/1402 1401/1243/1401
f 1542/1448/1542 1402/1269/1402 1541/1446/1541
f 1542/1448/1542 1403/1244/1403 1402/1269/1402
f 895/3/895 1403/1244/1403 1542/1448/1542
f 893/834/893 1403/1244/1403 895/3/895
f 893/834/893 1404/1270/1404 1403/1244/1403
f 890/825/890 1404/1270/1404 893/834/893
f 1367/1246/1367 1404/1270/1404 890/825/890
f 1543/1446/1543 1371/1243/1371 887/1447/887
f 1543/1446/1543 1391/1261/1391 1371/1243/1371
f 1544/1448/1544 1391/1261/1391 1543/1446/1543
f 1544/1448/1544 1392/1244/1392 1391/1261/1391
f 3/3/3 1392/1244/1392 1544/1448/1544
f 898/836/898 1392/1244/1392 3/3/3
f 898/836/898 1393/1262/1393 1392/1244/1392
f 897/825/897 1393/1262/1393 898/836/898
f 1381/1246/1381 1393/1262/1393 897/825/897
f 1545/1446/1545 1381/1243/1381 897/1447/897
f 1545/1446/1545 1382/1253/1382 1381/1243/1381
f 1546/1448/1546 1382/1253/1382 1545/1446/1545
f 1546/1448/1546 1383/1244/1383 1382/1253/1382
f 886/3/886 1383/1244/1383 1546/1448/1546
f 885/830/885 1383/1244/1383 886/3/886
f 885/830/885 1384/1254/1384 1383/1244/1383
f 884/825/884 1384/1254/1384 885/830/885
f 1385/1246/1385 1384/1254/1384 884/825/884
f 1547/1446/1547 1367/1243/1367 890/1447/890
f 1547/1446/1547 1368/1242/1368 1367/1243/1367
f 1548/1448/1548 1368/1242/1368 1547/1446/1547
f 1548/1448/1548 1369/1244/1369 1368/1242/1368
f 889/3/889 1369/1244/1369 1548/1448/1548
f 888/832/888 1369/1244/1369 889/3/889
f 888/832/888 1370/1245/1370 1369/1244/1369
f 887/825/887 1370/1245/1370 888/832/888
f 1371/1246/1371 1370/1245/1370 887/825/887
f 36/36/36 1549/112/1549 34/34/34
f 36/36/36 1550/114/1550 1549/112/1549
f 36/36/36 38/38/38 1550/114/1550
f 34/34/34 1549/112/1549 1357/95/1357
f 34/34/34 1357/95/1357 1355/90/1355
f 1352/78/1352 1354/86/1354 72/74/72
f 72/74/72 1354/86/1354 1551/110/1551
f 72/74/72 1551/110/1551 74/75/74
f 74/75/74 1551/110/1551 128/111/128
f 74/75/74 128/111/128 77/77/77
f 98/1449/98 1552/1450/1552 97/1451/97
f 97/1451/97 1552/1450/1552 1553/801/1553
f 1552/1450/1552 98/1449/98 1554/1452/1554
f 1554/1452/1554 98/1449/98 126/771/126
f 128/1453/128 1555/1454/1555 126/771/126
f 126/771/126 1555/1454/1555 1554/1452/1554
f 1551/1455/1551 1556/793/1556 128/1453/128
f 128/1453/128 1556/793/1556 1555/1454/1555
f 1544/1456/1544 167/1457/167 3/1458/3
f 3/1458/3 167/1457/167 1/1459/1
f 1548/1456/1548 246/1457/246 889/1458/889
f 889/1458/889 246/1457/246 245/1459/245
f 1542/1456/1542 94/1457/94 895/1458/895
f 895/1458/895 94/1457/94 994/1459/994
f 1540/1456/1540 165/1457/165 882/1458/882
f 882/1458/882 165/1457/165 1353/1459/1353
f 1546/1456/1546 80/1457/80 886/1458/886
f 886/1458/886 80/1457/80 79/1459/79
f 1058/1187/1058 947/1182/947 1348/919/1348
f 1348/919/1348 947/1182/947 939/916/939
f 939/916/939 947/1182/947 946/1181/946
f 939/916/939 946/1181/946 945/1179/945
f 939/916/939 945/1179/945 938/913/938
f 938/913/938 945/1179/945 944/1175/944
f 938/913/938 944/1175/944 937/910/937
f 937/910/937 944/1175/944 943/1177/943
f 937/910/937 943/1177/943 936/908/936
f 936/908/936 943/1177/943 952/1194/952
f 936/908/936 952/1194/952 466/930/466
f 466/930/466 952/1194/952 942/927/942
f 942/927/942 952/1194/952 951/1195/951
f 942/927/942 951/1195/951 950/1196/950
f 942/927/942 950/1196/950 941/924/941
f 941/924/941 950/1196/950 949/1197/949
f 941/924/941 949/1197/949 940/922/940
f 940/922/940 949/1197/949 948/1198/948
f 940/922/940 948/1198/948 339/899/339
f 448/1460/448 1348/919/1348 450/920/450
s 8
f 1557/1461/1557 1558/1462/1558 1559/1463/1559
f 1559/1463/1559 1558/1462/1558 1560/1464/1560
s 1
f 86/792/86 1561/805/1561 124/1455/124
f 124/1455/124 1561/805/1561 1562/793/1562
f 85/1451/85 1563/801/1563 86/774/86
f 86/774/86 1563/801/1563 1561/798/1561
s 8
f 1564/1465/1564 1565/1466/1565 1566/1467/1566
f 1566/1467/1566 1565/1466/1565 1567/1468/1567
s 1
f 260/1449/260 1568/1450/1568 171/1451/171
f 171/1451/171 1568/1450/1568 1569/801/1569
f 125/1453/125 1570/1454/1570 207/771/207
f 207/771/207 1570/1454/1570 1571/1452/1571
f 1572/1450/1572 180/1449/180 1571/1452/1571
f 1571/1452/1571 180/1449/180 207/771/207
f 1568/1450/1568 260/1449/260 1573/1452/1573
f 1573/1452/1573 260/1449/260 325/771/325
f 171/1451/171 1569/801/1569 172/774/172
f 172/774/172 1569/801/1569 1574/798/1574
s 8
f 1559/1463/1559 1560/1464/1560 1575/1461/1575
f 1575/1461/1575 1560/1464/1560 1576/1462/1576
f 1577/1467/1577 1578/1468/1578 1564/1465/1564
f 1564/1465/1564 1578/1468/1578 1565/1466/1565
s 1
f 124/1455/124 1562/793/1562 125/1453/125
f 125/1453/125 1562/793/1562 1570/1454/1570
f 172/792/172 1574/805/1574 205/1455/205
f 205/1455/205 1574/805/1574 1579/793/1579
s 8
f 1575/1461/1575 1576/1462/1576 1577/1467/1577
f 1577/1467/1577 1576/1462/1576 1578/1468/1578
s 1
f 1580/1450/1580 991/1449/991 1581/1452/1581
f 1581/1452/1581 991/1449/991 1582/771/1582
f 324/1453/324 1583/1454/1583 1582/771/1582
f 1582/771/1582 1583/1454/1583 1581/1452/1581
f 323/1455/323 1584/793/1584 324/1453/324
f 324/1453/324 1584/793/1584 1583/1454/1583
f 205/1455/205 1579/793/1579 206/1453/206
f 206/1453/206 1579/793/1579 1585/1454/1585
f 1354/792/1354 1586/805/1586 1551/1455/1551
f 1551/1455/1551 1586/805/1586 1556/793/1556
f 1357/1449/1357 1587/1450/1587 96/1451/96
f 96/1451/96 1587/1450/1587 1588/801/1588
f 96/1451/96 1588/801/1588 992/774/992
f 992/774/992 1588/801/1588 1589/798/1589
f 97/1451/97 1553/801/1553 1354/774/1354
f 1354/774/1354 1553/801/1553 1586/798/1586
f 1590/1455/1590 1591/793/1591 1550/1453/1550
f 1550/1453/1550 1591/793/1591 1592/1454/1592
f 991/1449/991 1580/1450/1580 251/1451/251
f 251/1451/251 1580/1450/1580 1593/801/1593
f 252/792/252 1594/805/1594 323/1455/323
f 323/1455/323 1594/805/1594 1584/793/1584
f 1587/1450/1587 1357/1449/1357 1595/1452/1595
f 1595/1452/1595 1357/1449/1357 1549/771/1549
f 1550/1453/1550 1592/1454/1592 1549/771/1549
f 1549/771/1549 1592/1454/1592 1595/1452/1595
f 251/1451/251 1593/801/1593 252/774/252
f 252/774/252 1593/801/1593 1594/798/1594
f 180/1449/180 1572/1450/1572 85/1451/85
f 85/1451/85 1572/1450/1572 1563/801/1563
f 992/792/992 1589/805/1589 1590/1455/1590
f 1590/1455/1590 1589/805/1589 1591/793/1591
s 8
f 1558/1462/1558 1557/1461/1557 1567/1468/1567
f 1567/1468/1567 1557/1461/1557 1566/1467/1566
s 1
f 206/1453/206 1585/1454/1585 325/771/325
f 325/771/325 1585/1454/1585 1573/1452/1573
f 1348/1228/1348 446/901/446 1058/1011/1058
f 1058/1011/1058 446/901/446 1051/1004/1051
f 1051/1004/1051 446/901/446 1347/1226/1347
f 1051/1004/1051 1347/1226/1347 1053/1006/1053
f 1053/1006/1053 1347/1226/1347 1055/1008/1055
f 1055/1008/1055 1347/1226/1347 1346/1225/1346
f 1055/1008/1055 1346/1225/1346 1056/1009/1056
f 1056/1009/1056 1346/1225/1346 1351/1232/1351
f 1056/1009/1056 1351/1232/1351 1057/1010/1057
f 1057/1010/1057 1351/1232/1351 435/889/435
f 1057/1010/1057 435/889/435 1345/1224/1345
f 1345/1224/1345 435/889/435 1350/1230/1350
f 1345/1224/1345 1350/1230/1350 1040/991/1040
f 1040/991/1040 1350/1230/1350 1349/1229/1349
f 1040/991/1040 1349/1229/1349 1043/994/1043
f 1043/994/1043 1349/1229/1349 934/896/934
f 1043/994/1043 934/896/934 978/996/978
f 177/1469/177 178/1470/178 897/1471/897
f 897/1471/897 178/1470/178 1545/1472/1545
f 1545/1472/1545 178/1470/178 80/1457/80
f 1545/1472/1545 80/1457/80 1546/1456/1546
s 8
f 1567/1473/1567 1565/1474/1565 1558/1475/1558
f 1558/1475/1558 1565/1474/1565 1578/1476/1578
f 1558/1475/1558 1578/1476/1578 1576/1477/1576
f 1558/1475/1558 1576/1477/1576 1560/1478/1560
s 1
f 1572/1479/1572 1571/1480/1571 1563/1481/1563
f 1563/1481/1563 1571/1480/1571 1570/1482/1570
f 1563/1481/1563 1570/1482/1570 1562/1483/1562
f 1563/1481/1563 1562/1483/1562 1561/1484/1561
f 1580/1479/1580 1581/1480/1581 1593/1481/1593
f 1593/1481/1593 1581/1480/1581 1583/1482/1583
f 1593/1481/1593 1583/1482/1583 1584/1483/1584
f 1593/1481/1593 1584/1483/1584 1594/1484/1594
f 1587/1479/1587 1595/1480/1595 1588/1481/1588
f 1588/1481/1588 1595/1480/1595 1592/1482/1592
f 1588/1481/1588 1592/1482/1592 1591/1483/1591
f 1588/1481/1588 1591/1483/1591 1589/1484/1589
f 1552/1479/1552 1554/1480/1554 1553/1481/1553
f 1553/1481/1553 1554/1480/1554 1555/1482/1555
f 1553/1481/1553 1555/1482/1555 1556/1483/1556
f 1553/1481/1553 1556/1483/1556 1586/1484/1586
f 1568/1479/1568 1573/1480/1573 1569/1481/1569
f 1569/1481/1569 1573/1480/1573 1585/1482/1585
f 1569/1481/1569 1585/1482/1585 1579/1483/1579
f 1569/1481/1569 1579/1483/1579 1574/1484/1574
f 257/1469/257 258/1470/258 887/1471/887
f 887/1471/887 258/1470/258 1543/1472/1543
f 1543/1472/1543 258/1470/258 167/1457/167
f 1543/1472/1543 167/1457/167 1544/1456/1544
f 1356/1469/1356 95/1470/95 879/1471/879
f 879/1471/879 95/1470/95 1541/1472/1541
f 1541/1472/1541 95/1470/95 94/1457/94
f 1541/1472/1541 94/1457/94 1542/1456/1542
f 1596/1469/1596 285/1470/285 890/1471/890
f 890/1471/890 285/1470/285 1547/1472/1547
f 1547/1472/1547 285/1470/285 246/1457/246
f 1547/1472/1547 246/1457/246 1548/1456/1548
f 90/1469/90 93/1470/93 884/1471/884
f 884/1471/884 93/1470/93 1539/1472/1539
f 1539/1472/1539 93/1470/93 165/1457/165
f 1539/1472/1539 165/1457/165 1540/1456/1540
f 1435/48/1435 1012/47/1012 1010/45/1010
f 1435/48/1435 1082/51/1082 1012/47/1012
f 1436/52/1436 1082/51/1082 1435/48/1435
f 1437/53/1437 1082/51/1082 1436/52/1436
f 1437/53/1437 1081/54/1081 1082/51/1082
f 1437/53/1437 1079/55/1079 1081/54/1081
f 1431/56/1431 1079/55/1079 1437/53/1437
f 1430/57/1430 1079/55/1079 1431/56/1431
f 1430/57/1430 1078/58/1078 1079/55/1079
f 1429/59/1429 1078/58/1078 1430/57/1430
f 1429/59/1429 1076/60/1076 1078/58/1078
f 1036/61/1036 1076/60/1076 1429/59/1429
f 1428/62/1428 1036/61/1036 1429/59/1429
f 1442/1485/1442 1036/61/1036 1428/62/1428
f 1442/1485/1442 1035/64/1035 1036/61/1036
f 1032/987/1032 1035/64/1035 1442/1485/1442
f 1032/987/1032 1030/984/1030 1035/64/1035
f 1022/976/1022 1024/979/1024 990/90/990
f 990/90/990 1596/89/1596 1022/976/1022
f 1022/976/1022 1596/89/1596 892/88/892
f 1022/976/1022 892/88/892 891/33/891
f 990/90/990 285/92/285 1596/89/1596
f 1483/1370/1483 518/381/518 516/354/516
f 1483/1370/1483 516/354/516 1485/1372/1485
f 1485/1372/1485 516/354/516 514/357/514
f 1485/1372/1485 514/357/514 512/359/512
f 1485/1372/1485 512/359/512 1487/1374/1487
f 1487/1374/1487 512/359/512 510/361/510
f 1487/1374/1487 510/361/510 508/363/508
f 1487/1374/1487 508/363/508 1489/1376/1489
f 1489/1376/1489 508/363/508 506/365/506
f 1489/1376/1489 506/365/506 504/367/504
f 1489/1376/1489 504/367/504 1491/1378/1491
f 1491/1378/1491 504/367/504 502/369/502
f 1502/1389/1502 542/405/542 540/403/540
f 1502/1389/1502 540/403/540 1503/1390/1503
f 540/403/540 538/401/538 1503/1390/1503
f 1503/1390/1503 538/401/538 536/399/536
f 1503/1390/1503 536/399/536 1504/1391/1504
f 1504/1391/1504 536/399/536 534/397/534
f 1504/1391/1504 534/397/534 532/395/532
f 1504/1391/1504 532/395/532 1506/1393/1506
f 1506/1393/1506 532/395/532 530/393/530
f 1506/1393/1506 530/393/530 528/391/528
f 1506/1393/1506 528/391/528 1508/1395/1508
f 1508/1395/1508 528/391/528 526/389/526
f 1508/1395/1508 526/389/526 524/387/524
f 1508/1395/1508 524/387/524 1480/1367/1480
f 1480/1367/1480 524/387/524 522/385/522
f 1480/1367/1480 522/385/522 520/383/520
f 1480/1367/1480 520/383/520 1483/1370/1483
f 1483/1370/1483 520/383/520 518/381/518
f 1516/1403/1516 566/429/566 564/427/564
f 1516/1403/1516 564/427/564 1517/1404/1517
f 1517/1404/1517 564/427/564 562/425/562
f 1517/1404/1517 562/425/562 560/423/560
f 1517/1404/1517 560/423/560 1498/1385/1498
f 1498/1385/1498 560/423/560 558/421/558
f 558/421/558 556/419/556 1498/1385/1498
f 1498/1385/1498 556/419/556 1499/1386/1499
f 1499/1386/1499 556/419/556 554/417/554
f 1499/1386/1499 554/417/554 552/415/552
f 1499/1386/1499 552/415/552 1500/1387/1500
f 1500/1387/1500 552/415/552 550/413/550
f 1500/1387/1500 550/413/550 548/411/548
f 1500/1387/1500 548/411/548 1501/1388/1501
f 1501/1388/1501 548/411/548 546/409/546
f 1501/1388/1501 546/409/546 544/407/544
f 1501/1388/1501 544/407/544 1502/1389/1502
f 1502/1389/1502 544/407/544 542/405/542
f 1510/1397/1510 590/417/590 588/419/588
f 1510/1397/1510 588/419/588 1511/1398/1511
f 1511/1398/1511 588/419/588 586/421/586
f 1511/1398/1511 586/421/586 584/423/584
f 1511/1398/1511 584/423/584 1512/1399/1512
f 1512/1399/1512 584/423/584 582/425/582
f 1512/1399/1512 582/425/582 580/427/580
f 1512/1399/1512 580/427/580 1513/1400/1513
f 1513/1400/1513 580/427/580 578/429/578
f 1513/1400/1513 578/429/578 576/431/576
f 1513/1400/1513 576/431/576 1514/1401/1514
f 1514/1401/1514 576/431/576 574/433/574
f 1514/1401/1514 574/433/574 572/435/572
f 1514/1401/1514 572/435/572 1515/1402/1515
f 1515/1402/1515 572/435/572 570/433/570
f 1515/1402/1515 570/433/570 568/431/568
f 1515/1402/1515 568/431/568 1516/1403/1516
f 1516/1403/1516 568/431/568 566/429/566
f 614/393/614 612/395/612 1525/1412/1525
f 1525/1412/1525 612/395/612 1527/1414/1527
f 1527/1414/1527 612/395/612 610/397/610
f 1527/1414/1527 610/397/610 608/437/608
f 1527/1414/1527 608/437/608 1529/1416/1529
f 1529/1416/1529 608/437/608 606/401/606
f 1529/1416/1529 606/401/606 604/403/604
f 1529/1416/1529 604/403/604 1531/1418/1531
f 1531/1418/1531 604/403/604 602/405/602
f 1531/1418/1531 602/405/602 600/407/600
f 1531/1418/1531 600/407/600 1532/1419/1532
f 1532/1419/1532 600/407/600 598/409/598
f 1532/1419/1532 598/409/598 596/411/596
f 1532/1419/1532 596/411/596 1509/1396/1509
f 596/411/596 594/413/594 1509/1396/1509
f 1509/1396/1509 594/413/594 592/415/592
f 1509/1396/1509 592/415/592 1510/1397/1510
f 1510/1397/1510 592/415/592 590/417/590
f 1026/980/1026 1582/112/1582 1024/979/1024
f 1026/980/1026 324/114/324 1582/112/1582
f 1026/980/1026 280/38/280 324/114/324
f 1475/1362/1475 478/365/478 476/363/476
f 1475/1362/1475 476/363/476 1477/1364/1477
f 1477/1364/1477 476/363/476 474/361/474
f 1477/1364/1477 474/361/474 472/359/472
f 1477/1364/1477 472/359/472 1479/1366/1479
f 1479/1366/1479 472/359/472 470/357/470
f 1479/1366/1479 470/357/470 467/354/467
f 1479/1366/1479 467/354/467 1519/1406/1519
f 1519/1406/1519 467/354/467 626/441/626
f 1519/1406/1519 626/441/626 624/383/624
f 1519/1406/1519 624/383/624 1521/1408/1521
f 1521/1408/1521 624/383/624 622/385/622
f 1521/1408/1521 622/385/622 620/387/620
f 1521/1408/1521 620/387/620 1523/1410/1523
f 1523/1410/1523 620/387/620 618/389/618
f 1523/1410/1523 618/389/618 616/439/616
f 1523/1410/1523 616/439/616 1525/1412/1525
f 1525/1412/1525 616/439/616 614/393/614
f 502/369/502 500/371/500 1491/1378/1491
f 1491/1378/1491 500/371/500 1493/1380/1493
f 1493/1380/1493 500/371/500 498/373/498
f 1493/1380/1493 498/373/498 496/375/496
f 1493/1380/1493 496/375/496 1495/1382/1495
f 1495/1382/1495 496/375/496 494/377/494
f 1495/1382/1495 494/377/494 492/379/492
f 1495/1382/1495 492/379/492 1497/1384/1497
f 492/379/492 490/377/490 1497/1384/1497
f 1497/1384/1497 490/377/490 488/375/488
f 1497/1384/1497 488/375/488 1470/1357/1470
f 1470/1357/1470 488/375/488 486/373/486
f 1470/1357/1470 486/373/486 484/371/484
f 1470/1357/1470 484/371/484 1473/1360/1473
f 1473/1360/1473 484/371/484 482/369/482
f 1473/1360/1473 482/369/482 480/367/480
f 1473/1360/1473 480/367/480 1475/1362/1475
f 1475/1362/1475 480/367/480 478/365/478
f 1180/1486/1180 1597/1487/1597 1182/1488/1182
f 1182/1488/1182 1597/1487/1597 657/472/657
f 1180/1486/1180 1227/1489/1227 1597/1487/1597
f 1024/979/1024 1582/112/1582 991/95/991
f 1024/979/1024 991/95/991 990/90/990
f 993/78/993 992/86/992 995/956/995
f 995/956/995 992/86/992 1590/110/1590
f 995/956/995 1590/110/1590 1039/989/1039
f 1039/989/1039 1590/110/1590 1550/111/1550
f 1039/989/1039 1550/111/1550 38/77/38
f 958/1050/958 957/1049/957 367/895/367
f 367/895/367 957/1049/957 986/950/986
f 986/950/986 957/1049/957 956/933/956
f 986/950/986 956/933/956 985/948/985
f 985/948/985 956/933/956 954/932/954
f 985/948/985 954/932/954 375/890/375
f 375/890/375 954/932/954 984/947/984
f 984/947/984 954/932/954 953/1046/953
f 984/947/984 953/1046/953 988/953/988
f 988/953/988 953/1046/953 964/937/964
f 988/953/988 964/937/964 963/936/963
f 988/953/988 963/936/963 987/952/987
f 987/952/987 963/936/963 961/935/961
f 987/952/987 961/935/961 388/903/388
f 388/903/388 961/935/961 391/901/391
f 391/901/391 961/935/961 960/1062/960
f 391/901/391 960/1062/960 933/898/933
f 933/898/933 960/1062/960 959/1063/959
f 959/1088/959 977/1087/977 933/896/933
f 933/896/933 977/1087/977 932/893/932
f 932/893/932 977/1087/977 976/1086/976
f 932/893/932 976/1086/976 400/891/400
f 400/891/400 976/1086/976 975/1084/975
f 400/891/400 975/1084/975 402/890/402
f 402/890/402 975/1084/975 406/888/406
f 406/888/406 975/1084/975 974/946/974
f 974/946/974 983/945/983 406/888/406
f 406/888/406 983/945/983 408/907/408
f 408/907/408 983/945/983 411/905/411
f 411/905/411 983/945/983 981/944/981
f 411/905/411 981/944/981 415/903/415
f 415/903/415 981/944/981 980/1098/980
f 415/903/415 980/1098/980 935/900/935
f 935/900/935 980/1098/980 979/1099/979
f 935/900/935 979/1099/979 934/898/934
f 934/898/934 979/1099/979 978/1100/978
f 948/1145/948 969/1144/969 339/895/339
f 339/895/339 969/1144/969 343/894/343
f 343/894/343 969/1144/969 968/1142/968
f 343/894/343 968/1142/968 344/892/344
f 344/892/344 968/1142/968 348/890/348
f 348/890/348 968/1142/968 967/940/967
f 348/890/348 967/940/967 966/939/966
f 348/890/348 966/939/966 350/889/350
f 350/889/350 966/939/966 354/907/354
f 966/939/966 965/938/965 354/907/354
f 354/907/354 965/938/965 357/905/357
f 357/905/357 965/938/965 972/942/972
f 357/905/357 972/942/972 989/955/989
f 989/955/989 972/942/972 971/1155/971
f 989/955/989 971/1155/971 363/901/363
f 363/901/363 971/1155/971 970/1156/970
f 363/901/363 970/1156/970 365/897/365
f 365/897/365 970/1156/970 958/1157/958
f 365/897/365 958/1157/958 367/899/367
f 897/825/897 174/827/174 177/1490/177
f 659/474/659 1231/1491/1231 1178/1492/1178
f 1178/1492/1178 1231/1491/1231 1229/1493/1229
f 1178/1492/1178 1229/1493/1229 1227/1489/1227
f 1178/1492/1178 1227/1489/1227 1180/1486/1180
f 657/472/657 1597/1487/1597 627/442/627
f 1597/1487/1597 630/445/630 627/442/627
f 1227/1489/1227 1225/1494/1225 1597/1487/1597
f 1597/1487/1597 1225/1494/1225 630/445/630
f 1269/1495/1269 1213/1496/1213 1271/1497/1271
f 1269/1495/1269 1215/1498/1215 1213/1496/1213
f 1267/1499/1267 1215/1498/1215 1269/1495/1269
f 1267/1499/1267 636/451/636 1215/1498/1215
f 994/1/994 896/2/896 895/3/895
f 634/449/634 636/451/636 1267/1499/1267
f 890/825/890 892/827/892 1596/1490/1596
f 631/446/631 1259/1500/1259 642/457/642
f 631/446/631 1262/1501/1262 1259/1500/1259
f 631/446/631 637/452/637 1262/1501/1262
f 1259/1500/1259 1257/1502/1257 642/457/642
f 642/457/642 1257/1502/1257 641/456/641
f 245/1/245 247/2/247 889/3/889
f 1267/1499/1267 1265/1503/1265 634/449/634
f 634/449/634 1265/1503/1265 637/452/637
f 1289/1504/1289 1250/1505/1250 1290/1506/1290
f 1289/1504/1289 1252/1507/1252 1250/1505/1250
f 1288/1508/1288 1252/1507/1252 1289/1504/1289
f 1288/1508/1288 640/455/640 1252/1507/1252
f 887/825/887 254/827/254 257/1490/257
f 638/453/638 640/455/640 1288/1508/1288
f 79/1/79 81/2/81 886/3/886
f 642/457/642 1285/1509/1285 644/459/644
f 642/457/642 1286/1510/1286 1285/1509/1285
f 642/457/642 643/458/643 1286/1510/1286
f 1283/1511/1283 644/459/644 1284/1512/1284
f 1284/1512/1284 644/459/644 1285/1509/1285
f 884/825/884 88/827/88 90/1490/90
f 1288/1508/1288 1287/1513/1287 638/453/638
f 638/453/638 1287/1513/1287 643/458/643
f 1281/1514/1281 1598/1515/1598 1282/1516/1282
f 1282/1516/1282 1598/1515/1598 1283/1511/1283
f 1281/1514/1281 1162/1517/1162 1598/1515/1598
f 1353/1/1353 883/2/883 882/3/882
f 693/508/693 1164/1518/1164 694/509/694
f 694/509/694 1164/1518/1164 1162/1517/1162
f 694/509/694 1162/1517/1162 1280/1519/1280
f 1280/1519/1280 1162/1517/1162 1281/1514/1281
f 879/825/879 880/827/880 1356/1490/1356
f 1283/1511/1283 1598/1515/1598 644/459/644
f 1598/1515/1598 647/462/647 644/459/644
f 1162/1517/1162 1160/1520/1160 1598/1515/1598
f 1598/1515/1598 1160/1520/1160 647/462/647
f 1194/1521/1194 677/492/677 676/491/676
f 1194/1521/1194 1150/1522/1150 677/492/677
f 1192/1523/1192 1150/1522/1150 1194/1521/1194
f 1192/1523/1192 653/468/653 1150/1522/1150
f 50/1216/50 1074/1207/1074 1038/1524/1038
s 6
f 1599/1525/1599 871/1526/871 873/1527/873
f 1599/1525/1599 873/1527/873 875/1528/875
f 1599/1525/1599 875/1528/875 864/1529/864
f 1599/1525/1599 864/1529/864 865/1530/865
f 1599/1525/1599 865/1530/865 867/1531/867
f 1599/1525/1599 867/1531/867 869/1532/869
f 1599/1525/1599 869/1532/869 871/1526/871
s 2
f 1600/1525/1600 818/1533/818 820/1534/820
f 1600/1525/1600 820/1534/820 812/1535/812
f 1600/1525/1600 812/1535/812 811/1536/811
f 1600/1525/1600 811/1536/811 814/1537/814
f 1600/1525/1600 814/1537/814 816/1538/816
f 1600/1525/1600 816/1538/816 818/1533/818
s 5
f 858/1539/858 860/1540/860 1601/1525/1601
f 1601/1525/1601 860/1540/860 862/1541/862
f 1601/1525/1601 862/1541/862 852/1542/852
f 1601/1525/1601 852/1542/852 851/1543/851
f 1601/1525/1601 851/1543/851 854/1544/854
f 1601/1525/1601 854/1544/854 856/1545/856
f 1601/1525/1601 856/1545/856 858/1539/858
s 4
f 1602/1525/1602 845/1546/845 847/1547/847
f 1602/1525/1602 847/1547/847 849/1528/849
f 1602/1525/1602 849/1528/849 837/1548/837
f 1602/1525/1602 837/1548/837 839/1549/839
f 1602/1525/1602 839/1549/839 841/1550/841
f 1602/1525/1602 841/1550/841 843/1532/843
f 1602/1525/1602 843/1532/843 845/1546/845
s 3
f 1603/1525/1603 831/1551/831 833/1552/833
f 1603/1525/1603 833/1552/833 825/1553/825
f 1603/1525/1603 825/1553/825 824/1554/824
f 1603/1525/1603 824/1554/824 827/1555/827
f 1603/1525/1603 827/1555/827 829/1556/829
f 1603/1525/1603 829/1556/829 831/1551/831
s 1
f 659/474/659 661/476/661 1231/1491/1231
f 1490/1377/1490 1213/1496/1213 1488/1375/1488
f 1488/1375/1488 1213/1496/1213 1211/1557/1211
f 1488/1375/1488 1211/1557/1211 1486/1373/1486
f 1486/1373/1486 1211/1557/1211 1209/1558/1209
f 1486/1373/1486 1209/1558/1209 1484/1371/1484
f 1484/1371/1484 1209/1558/1209 1206/1559/1206
f 1484/1371/1484 1206/1559/1206 1481/1368/1481
f 1481/1368/1481 1206/1559/1206 1203/1560/1203
f 1481/1368/1481 1203/1560/1203 1200/1561/1200
f 1481/1368/1481 1200/1561/1200 1482/1369/1482
f 1482/1369/1482 1200/1561/1200 1507/1394/1507
f 1507/1394/1507 1200/1561/1200 1198/1562/1198
f 1507/1394/1507 1198/1562/1198 1505/1392/1505
f 1505/1392/1505 1198/1562/1198 1233/1563/1233
f 1505/1392/1505 1233/1563/1233 661/476/661
f 661/476/661 1233/1563/1233 1231/1491/1231
f 1250/1505/1250 1478/1365/1478 1290/1506/1290
f 692/507/692 694/509/694 1530/1417/1530
f 1530/1417/1530 694/509/694 1279/1564/1279
f 1530/1417/1530 1279/1564/1279 1528/1415/1528
f 1528/1415/1528 1279/1564/1279 1278/1565/1278
f 1528/1415/1528 1278/1565/1278 1526/1413/1526
f 1526/1413/1526 1278/1565/1278 1277/1566/1277
f 1526/1413/1526 1277/1566/1277 1524/1411/1524
f 1524/1411/1524 1277/1566/1277 1276/1567/1276
f 1524/1411/1524 1276/1567/1276 1275/1568/1275
f 1524/1411/1524 1275/1568/1275 1522/1409/1522
f 1522/1409/1522 1275/1568/1275 1520/1407/1520
f 1520/1407/1520 1275/1568/1275 1274/1569/1274
f 1520/1407/1520 1274/1569/1274 1518/1405/1518
f 1518/1405/1518 1274/1569/1274 1291/1570/1291
f 1518/1405/1518 1291/1570/1291 1478/1365/1478
f 1478/1365/1478 1291/1570/1291 1290/1506/1290
f 1213/1496/1213 1490/1377/1490 1271/1497/1271
f 1478/1365/1478 1250/1505/1250 1476/1363/1476
f 1476/1363/1476 1250/1505/1250 1248/1571/1248
f 1476/1363/1476 1248/1571/1248 1474/1361/1474
f 1474/1361/1474 1248/1571/1248 1246/1572/1246
f 1474/1361/1474 1246/1572/1246 1471/1358/1471
f 1471/1358/1471 1246/1572/1246 1243/1573/1243
f 1471/1358/1471 1243/1573/1243 1472/1359/1472
f 1472/1359/1472 1243/1573/1243 1240/1574/1240
f 1472/1359/1472 1240/1574/1240 1237/1575/1237
f 1472/1359/1472 1237/1575/1237 1496/1383/1496
f 1496/1383/1496 1237/1575/1237 1494/1381/1494
f 1494/1381/1494 1237/1575/1237 1235/1576/1235
f 1494/1381/1494 1235/1576/1235 1492/1379/1492
f 1492/1379/1492 1235/1576/1235 1273/1577/1273
f 1492/1379/1492 1273/1577/1273 1490/1377/1490
f 1490/1377/1490 1273/1577/1273 1271/1497/1271
f 642/457/642 1604/1578/1604 631/446/631
f 631/446/631 1604/1578/1604 1605/1579/1605
f 644/459/644 1606/1580/1606 642/457/642
f 642/457/642 1606/1580/1606 1604/1578/1604
f 648/463/648 1607/1581/1607 644/459/644
f 644/459/644 1607/1581/1607 1606/1580/1606
f 627/442/627 1608/1582/1608 648/463/648
f 648/463/648 1608/1582/1608 1607/1581/1607
f 631/446/631 1605/1579/1605 627/442/627
f 627/442/627 1605/1579/1605 1608/1582/1608
f 1604/1578/1604 1606/1580/1606 1605/1579/1605
f 1605/1579/1605 1606/1580/1606 1607/1581/1607
f 1605/1579/1605 1607/1581/1607 1608/1582/1608
f 1192/1523/1192 1190/1583/1190 651/466/651
f 651/466/651 1190/1583/1190 656/471/656
f 651/466/651 653/468/653 1192/1523/1192
g llanta3_Malla
v 44.141846 3.581158 43.933723
v 43.396065 2.981382 43.494724
v 44.141918 4.701771 42.558624
v 43.395657 4.150282 42.060806
v 44.142265 17.549158 36.842197
v 44.483677 15.288957 38.917164
v 44.141953 15.664471 36.943989
v 44.141884 13.838212 37.241840
v 44.483627 12.134445 39.732891
v 44.141884 12.080861 37.725822
v 44.141953 10.403419 38.384727
v 44.483837 8.555872 41.683369
v 44.142021 8.816063 39.207573
v 44.141846 7.329752 40.184986
v 44.141918 5.954701 41.305641
v 44.141956 1.780973 47.007515
v 44.483887 5.095071 45.165440
v 44.483627 3.128334 48.740574
v 44.142025 2.603794 45.420090
v 44.637066 7.984200 44.604336
v 44.637226 9.594113 43.203674
v 44.637226 11.416261 42.108913
v 44.637226 13.366786 41.281132
v 44.483711 2.245289 52.732952
v 44.637234 4.015053 54.153534
v 44.637234 4.199017 56.261471
v 44.637230 4.199017 52.045601
v 44.637230 4.677262 49.970993
v 44.637066 5.510921 48.009323
v 44.637230 6.599733 46.198174
v 44.637070 5.510921 60.297749
v 44.483845 5.078272 63.145779
v 44.483631 3.128333 59.566494
v 44.637234 4.677262 58.336079
v 44.483681 2.313430 56.414040
v 44.142269 0.238508 54.153534
v 44.141956 0.340292 52.268772
v 44.141888 0.638131 50.442436
v 44.141888 1.122098 48.685028
v 44.141960 0.340292 56.038300
v 44.141891 0.638131 57.864635
v 44.141891 1.122098 59.622051
v 44.141960 1.780973 61.299557
v 44.142025 2.603794 62.886974
v 44.141857 3.581158 64.373352
v 44.141926 4.701773 65.748459
v 44.483685 15.288567 69.389847
v 44.141960 15.664472 71.363091
v 44.141891 13.838214 71.065231
v 44.483635 12.134499 68.574203
v 44.141891 12.080861 70.581245
v 44.141960 10.403420 69.922363
v 44.483891 8.563616 66.609871
v 44.142029 8.816066 69.099503
v 44.141857 7.329754 68.122093
v 44.141926 5.954703 67.001434
v 44.637074 7.984105 63.702633
v 44.637234 6.599733 62.108898
v 44.483768 18.363419 69.532997
v 44.637238 17.549158 67.688179
v 44.637074 19.667091 67.502449
v 44.637238 15.441380 67.504227
v 44.637238 13.366786 67.025948
v 44.637238 11.416327 66.198204
v 44.637238 9.594114 65.103401
v 44.483829 27.747353 65.637543
v 44.637238 27.106180 63.710960
v 44.637238 25.504202 65.103401
v 44.483856 24.448235 67.924881
v 44.637074 23.669601 66.204208
v 44.483551 21.420607 69.062782
v 44.637238 21.731533 67.025948
v 44.142273 17.549158 71.464882
v 44.141857 27.768570 68.122093
v 44.141926 29.143614 67.001434
v 44.142029 26.282253 69.099503
v 44.141960 24.694897 69.922356
v 44.141891 23.017454 70.581245
v 44.141891 21.260107 71.065231
v 44.141960 19.433847 71.363091
v 44.483765 32.971905 54.153534
v 44.637070 30.900597 56.252525
v 44.637234 31.083265 54.153534
v 44.483879 32.777760 56.459785
v 44.142269 34.859806 54.153534
v 44.141960 34.758022 56.038292
v 44.141891 34.460182 57.864620
v 44.483635 31.966211 59.576233
v 44.141891 33.976219 59.622051
v 44.141960 33.317345 61.299557
v 44.483879 30.553740 62.406227
v 44.142025 32.494526 62.886974
v 44.141857 31.517159 64.373352
v 44.141926 30.396547 65.748451
v 44.637234 30.169743 58.990768
v 44.637234 28.885515 61.513073
v 43.395588 25.001869 70.599724
v 32.989933 23.252150 71.286865
v 43.395992 23.252001 71.287239
v 32.989738 26.657616 69.741196
v 43.396114 26.657045 69.741310
v 43.396072 28.207550 68.721893
v 32.989784 29.641743 67.553528
v 43.395866 29.641935 67.553528
v 43.395866 30.948612 66.246796
v 32.989880 32.117027 64.812439
v 43.396072 32.116936 64.812347
v 43.396111 33.136303 63.261787
v 32.989834 33.994389 61.606476
v 43.395588 33.994686 61.606537
v 43.395988 34.682171 59.856606
v 32.989933 35.185936 58.023830
v 43.395786 35.185715 58.023800
v 43.396152 35.497196 56.119350
v 32.990078 35.603447 54.153542
v 43.395748 35.602768 54.153538
v 43.395866 4.149704 66.246796
v 32.989880 2.981288 64.812439
v 43.396072 2.981382 64.812347
v 32.989784 5.456572 67.553528
v 43.395866 5.456389 67.553528
v 43.396072 6.890769 68.721893
v 32.989738 8.440701 69.741196
v 43.396114 8.441278 69.741310
v 43.395588 10.096449 70.599724
v 32.989933 11.846169 71.286865
v 43.395992 11.846322 71.287239
v 43.395790 13.679053 71.790794
v 32.989838 15.583653 72.101898
v 43.396156 15.583420 72.102287
v 43.395748 17.549162 72.207863
v 32.989838 19.514666 72.101898
v 43.396156 19.514896 72.102287
v 43.395790 21.419266 71.790794
v 43.396111 1.962011 45.045292
v 32.989872 2.981288 43.494648
v 32.989830 1.103926 46.700611
v 43.395584 1.103629 46.700535
v 43.395992 0.416142 48.450478
v 32.989929 -0.087610 50.283257
v 43.524220 -0.087800 50.283154
v 43.524372 -0.398508 52.187687
v 32.990078 -0.505129 54.153542
v 43.523960 -0.504267 54.153538
v 43.524376 -0.398508 56.119392
v 32.989933 -0.087610 58.023830
v 43.524223 -0.087800 58.023926
v 43.395988 0.416142 59.856606
v 32.989834 1.103926 61.606483
v 43.395588 1.103629 61.606544
v 43.396111 1.962011 63.261787
v 44.483841 30.019804 45.161037
v 44.637230 28.885519 46.794006
v 44.637230 27.106226 44.596161
v 44.483631 31.966208 48.730835
v 44.637230 30.169748 49.316326
v 44.483875 32.777744 51.847191
v 44.637066 30.900597 52.054550
v 44.483887 26.534605 41.697395
v 44.141846 31.517159 43.933723
v 44.142025 32.494526 45.420090
v 44.141956 33.317345 47.007515
v 44.141888 33.976219 48.685020
v 44.141888 34.460182 50.442436
v 44.141956 34.758022 52.268772
v 44.141918 30.396547 42.558624
v 44.141918 29.143610 41.305637
v 44.141846 27.768566 40.184986
v 44.142021 26.282251 39.207573
v 44.141953 24.694895 38.384720
v 44.483627 22.966217 39.733803
v 44.141884 23.017454 37.725822
v 44.141884 21.260103 37.241840
v 44.483707 18.972954 38.849911
v 44.141953 19.433846 36.943989
v 44.637226 15.441164 40.802891
v 44.637226 17.549158 40.618900
v 44.637062 19.667194 40.804646
v 44.637226 21.731531 41.281132
v 44.637062 23.669510 42.102833
v 44.637226 25.504202 43.203674
v 43.395782 21.419262 36.516277
v 32.989925 23.252148 37.020206
v 43.395988 23.251999 37.019844
v 32.989826 19.514666 36.205177
v 43.396149 19.514893 36.204781
v 43.395741 17.549158 36.099213
v 32.989826 15.583652 36.205177
v 43.396149 15.583420 36.204781
v 43.395782 13.679052 36.516277
v 32.989925 11.846166 37.020206
v 43.395988 11.846319 37.019844
v 43.395580 10.096448 37.707355
v 32.989735 8.440701 38.565887
v 43.396107 8.441276 38.565777
v 43.396065 6.890767 39.585182
v 32.989773 5.456570 40.753559
v 43.395859 5.456387 40.753555
v 43.396149 35.497196 52.187721
v 32.989929 35.185936 50.283257
v 43.395782 35.185715 50.283279
v 43.395992 34.682171 48.450478
v 32.989830 33.994389 46.700603
v 43.395584 33.994686 46.700535
v 43.396111 33.136303 45.045292
v 32.989872 32.117027 43.494648
v 43.396065 32.116936 43.494724
v 43.395859 30.948612 42.060284
v 32.989773 29.641743 40.753559
v 43.395859 29.641935 40.753555
v 43.396065 28.207546 39.585182
v 32.989735 26.657614 38.565884
v 43.396107 26.657043 38.565773
v 43.395580 25.001865 37.707355
v 32.603916 29.594362 44.049629
v 32.604000 32.642479 49.746887
v 32.603905 33.346287 54.153542
v 32.494522 31.089933 54.153542
v 32.494308 30.776819 51.250515
v 32.494644 29.883263 48.563869
v 32.494610 28.475149 46.159317
v 32.494484 26.619022 44.103096
v 32.604187 25.518839 40.514584
v 32.494392 24.380226 42.462517
v 32.604073 22.539089 39.161991
v 32.494759 21.826586 41.303497
v 32.494186 19.023458 40.691845
v 32.494484 8.479299 44.103096
v 32.603771 4.240554 45.785076
v 32.494610 6.623168 46.159317
v 32.604221 8.735468 41.133266
v 32.494392 10.718088 42.462517
v 32.494759 13.271731 41.303497
v 32.604073 12.559227 39.161991
v 32.494186 16.074856 40.691845
v 32.604134 17.549217 38.448460
v 32.604015 1.993492 51.911850
v 32.604004 2.455838 58.560200
v 32.494404 10.718088 65.844566
v 32.604156 10.606669 68.258774
v 32.494770 13.271733 67.003586
v 32.494492 8.479299 64.203979
v 32.603920 5.503667 64.257133
v 32.494610 6.623168 62.147762
v 32.494648 5.214595 59.743217
v 32.494312 4.321499 57.056572
v 32.494522 4.008381 54.153542
v 32.494308 4.321499 51.250515
v 32.494644 5.214595 48.563869
v 32.604141 15.829226 69.858620
v 32.604122 20.337582 69.625465
v 32.604233 26.362564 67.174034
v 32.494312 30.776819 57.056572
v 32.604076 32.981495 57.540180
v 32.494648 29.883263 59.743217
v 32.603775 30.857605 62.522285
v 32.494610 28.475149 62.147762
v 32.494492 26.619022 64.203979
v 32.494404 24.380228 65.844566
v 32.494770 21.826586 67.003586
v 32.494194 19.023460 67.615242
v 32.494194 16.074860 67.615242
vn 0.8828 -0.3788 -0.2779
vn 0.3776 -0.7467 -0.5476
vn 0.8851 -0.3443 -0.3133
vn 0.3769 -0.6875 -0.6208
vn 0.8831 -0.0003 -0.4691
vn 0.9916 -0.0177 -0.1284
vn 0.8822 -0.0500 -0.4683
vn 0.8824 -0.1012 -0.4594
vn 0.9914 -0.0473 -0.1218
vn 0.8823 -0.1480 -0.4468
vn 0.8834 -0.1956 -0.4259
vn 0.9915 -0.0769 -0.1048
vn 0.8843 -0.2345 -0.4036
vn 0.8825 -0.2783 -0.3792
vn 0.8850 -0.3135 -0.3442
vn 0.8835 -0.4256 -0.1957
vn 0.9916 -0.1046 -0.0766
vn 0.9914 -0.1220 -0.0462
vn 0.8846 -0.4032 -0.2343
vn 0.9960 -0.0629 -0.0627
vn 0.9965 -0.0490 -0.0671
vn 0.9964 -0.0393 -0.0750
vn 0.9966 -0.0246 -0.0784
vn 0.9916 -0.1287 -0.0123
vn 0.9960 -0.0893 0.0036
vn 0.9966 -0.0818 0.0112
vn 0.9964 -0.0837 -0.0152
vn 0.9965 -0.0802 -0.0238
vn 0.9964 -0.0752 -0.0396
vn 0.9965 -0.0677 -0.0493
vn 0.9964 -0.0750 0.0393
vn 0.9915 -0.1048 0.0769
vn 0.9914 -0.1218 0.0473
vn 0.9966 -0.0783 0.0247
vn 0.9916 -0.1284 0.0177
vn 0.9046 -0.4263 0.0003
vn 0.9041 -0.4249 -0.0463
vn 0.9052 -0.4152 -0.0908
vn 0.8856 -0.4379 -0.1547
vn 0.9037 -0.4257 0.0453
vn 0.9008 -0.4219 0.1030
vn 0.8823 -0.4468 0.1480
vn 0.8834 -0.4259 0.1956
vn 0.8843 -0.4037 0.2345
vn 0.8825 -0.3792 0.2783
vn 0.8850 -0.3442 0.3135
vn 0.9915 -0.0188 0.1286
vn 0.8822 -0.0498 0.4683
vn 0.8824 -0.1014 0.4594
vn 0.9914 -0.0475 0.1218
vn 0.8823 -0.1479 0.4469
vn 0.8835 -0.1957 0.4256
vn 0.9916 -0.0766 0.1046
vn 0.8846 -0.2343 0.4032
vn 0.8828 -0.2779 0.3787
vn 0.8852 -0.3132 0.3441
vn 0.9960 -0.0627 0.0629
vn 0.9965 -0.0671 0.0489
vn 0.9915 0.0067 0.1301
vn 0.9965 -0.0020 0.0838
vn 0.9966 0.0127 0.0809
vn 0.9966 -0.0120 0.0811
vn 0.9966 -0.0246 0.0784
vn 0.9964 -0.0396 0.0752
vn 0.9965 -0.0494 0.0676
vn 0.9915 0.0866 0.0966
vn 0.9964 0.0612 0.0579
vn 0.9964 0.0497 0.0691
vn 0.9915 0.0593 0.1159
vn 0.9966 0.0362 0.0735
vn 0.9915 0.0330 0.1261
vn 0.9964 0.0283 0.0795
vn 0.8822 -0.0010 0.4709
vn 0.8846 0.2745 0.3770
vn 0.8828 0.3149 0.3484
vn 0.8834 0.2388 0.4032
vn 0.8822 0.1939 0.4290
vn 0.8827 0.1494 0.4457
vn 0.8821 0.0997 0.4604
vn 0.8824 0.0517 0.4677
vn 0.9912 0.1321 -0.0000
vn 0.9967 0.0799 0.0142
vn 0.9967 0.0810 -0.0000
vn 0.9915 0.1284 0.0208
vn 0.8819 0.4715 0.0001
vn 0.8822 0.4682 0.0498
vn 0.8824 0.4595 0.1014
vn 0.9916 0.1214 0.0455
vn 0.8823 0.4469 0.1478
vn 0.8826 0.4278 0.1951
vn 0.9915 0.1088 0.0712
vn 0.8822 0.4067 0.2374
vn 0.8836 0.3761 0.2789
vn 0.8852 0.3464 0.3105
vn 0.9967 0.0758 0.0292
vn 0.9967 0.0680 0.0445
vn 0.3769 0.3830 0.8433
vn -0.6335 0.2461 0.7336
vn 0.3775 0.2925 0.8786
vn -0.6313 0.3895 0.6706
vn 0.3775 0.4681 0.7990
vn 0.3771 0.5476 0.7469
vn -0.6339 0.5202 0.5724
vn 0.3776 0.6206 0.6872
vn 0.3772 0.6874 0.6207
vn -0.6315 0.6240 0.4603
vn 0.3776 0.7468 0.5474
vn 0.3770 0.7992 0.4682
vn -0.6312 0.7066 0.3198
vn 0.3774 0.8432 0.3830
vn 0.3771 0.8788 0.2924
vn -0.6274 0.7609 0.1657
vn 0.3772 0.9047 0.1978
vn 0.3769 0.9209 0.0997
vn -0.6282 0.7780 -0.0017
vn 0.3771 0.9262 0.0001
vn 0.3772 -0.6874 0.6207
vn -0.6313 -0.6271 0.4563
vn 0.3776 -0.7468 0.5475
vn -0.6339 -0.5164 0.5757
vn 0.3776 -0.6206 0.6872
vn 0.3772 -0.5476 0.7469
vn -0.6316 -0.3938 0.6679
vn 0.3776 -0.4681 0.7990
vn 0.3769 -0.3831 0.8433
vn -0.6311 -0.2439 0.7363
vn 0.3776 -0.2924 0.8786
vn 0.3767 -0.1979 0.9050
vn -0.6283 -0.0818 0.7737
vn 0.3774 -0.0997 0.9207
vn 0.3765 -0.0001 0.9264
vn -0.6310 0.0806 0.7716
vn 0.3774 0.0998 0.9207
vn 0.3767 0.1977 0.9050
vn 0.3770 -0.7992 -0.4682
vn -0.6315 -0.6240 -0.4603
vn -0.6337 -0.7057 -0.3169
vn 0.3774 -0.8432 -0.3830
vn 0.3700 -0.8776 -0.3048
vn -0.6312 -0.7573 -0.1677
vn 0.4199 -0.8857 -0.1980
vn 0.4188 -0.9028 -0.0976
vn -0.6334 -0.7738 0.0025
vn 0.4190 -0.9080 -0.0001
vn 0.4187 -0.9028 0.0977
vn -0.6309 -0.7586 0.1625
vn 0.4265 -0.8805 0.2068
vn 0.3763 -0.8777 0.2967
vn -0.6336 -0.7037 0.3215
vn 0.3774 -0.8432 0.3829
vn 0.3770 -0.7992 0.4682
vn 0.9916 0.1044 -0.0766
vn 0.9966 0.0700 -0.0441
vn 0.9961 0.0626 -0.0619
vn 0.9915 0.1211 -0.0469
vn 0.9967 0.0758 -0.0292
vn 0.9915 0.1284 -0.0208
vn 0.9967 0.0799 -0.0142
vn 0.9916 0.0766 -0.1046
vn 0.8825 0.3792 -0.2783
vn 0.8843 0.4037 -0.2345
vn 0.8834 0.4259 -0.1956
vn 0.8823 0.4468 -0.1480
vn 0.8824 0.4595 -0.1013
vn 0.8822 0.4682 -0.0499
vn 0.8850 0.3442 -0.3135
vn 0.8852 0.3131 -0.3441
vn 0.8828 0.2779 -0.3787
vn 0.8846 0.2343 -0.4032
vn 0.8835 0.1957 -0.4256
vn 0.9914 0.0463 -0.1220
vn 0.8823 0.1479 -0.4469
vn 0.8837 0.1001 -0.4573
vn 0.9916 0.0123 -0.1287
vn 0.8825 0.0509 -0.4675
vn 0.9966 -0.0112 -0.0818
vn 0.9960 -0.0036 -0.0893
vn 0.9964 0.0152 -0.0836
vn 0.9965 0.0238 -0.0802
vn 0.9964 0.0396 -0.0752
vn 0.9965 0.0493 -0.0677
vn 0.3767 0.1979 -0.9050
vn -0.6275 0.2453 -0.7390
vn 0.3776 0.2924 -0.8786
vn -0.6304 0.0838 -0.7717
vn 0.3774 0.0997 -0.9207
vn 0.3765 0.0001 -0.9264
vn -0.6304 -0.0838 -0.7717
vn 0.3774 -0.0998 -0.9207
vn 0.3767 -0.1977 -0.9050
vn -0.6284 -0.2466 -0.7378
vn 0.3775 -0.2925 -0.8786
vn 0.3769 -0.3830 -0.8433
vn -0.6313 -0.3895 -0.6706
vn 0.3775 -0.4681 -0.7990
vn 0.3771 -0.5476 -0.7469
vn -0.6339 -0.5202 -0.5723
vn 0.3776 -0.6207 -0.6871
vn 0.3769 0.9209 -0.0998
vn -0.6310 0.7586 -0.1625
vn 0.3772 0.9048 -0.1976
vn 0.3770 0.8788 -0.2925
vn -0.6336 0.7037 -0.3215
vn 0.3774 0.8432 -0.3829
vn 0.3770 0.7992 -0.4682
vn -0.6313 0.6271 -0.4563
vn 0.3776 0.7468 -0.5475
vn 0.3772 0.6874 -0.6207
vn -0.6315 0.5193 -0.5757
vn 0.3776 0.6206 -0.6872
vn 0.3772 0.5476 -0.7469
vn -0.6279 0.3931 -0.6718
vn 0.3776 0.4681 -0.7990
vn 0.3769 0.3831 -0.8433
vn -0.9939 0.0856 -0.0700
vn -0.9938 0.1060 -0.0321
vn -0.9935 0.1138 -0.0031
vn -0.9988 0.0492 -0.0010
vn -0.9986 0.0512 -0.0093
vn -0.9985 0.0494 -0.0244
vn -0.9987 0.0426 -0.0291
vn -0.9986 0.0347 -0.0388
vn -0.9936 0.0583 -0.0963
vn -0.9988 0.0245 -0.0419
vn -0.9936 0.0341 -0.1074
vn -0.9988 0.0153 -0.0459
vn -0.9987 0.0060 -0.0513
vn -0.9985 -0.0383 -0.0396
vn -0.9939 -0.0936 -0.0589
vn -0.9987 -0.0407 -0.0320
vn -0.9939 -0.0633 -0.0909
vn -0.9987 -0.0247 -0.0457
vn -0.9988 -0.0165 -0.0463
vn -0.9935 -0.0372 -0.1073
vn -0.9987 -0.0060 -0.0513
vn -0.9939 -0.0000 -0.1103
vn -0.9939 -0.1095 -0.0157
vn -0.9939 -0.1063 0.0308
vn -0.9986 -0.0279 0.0441
vn -0.9939 -0.0501 0.0985
vn -0.9986 -0.0161 0.0497
vn -0.9985 -0.0355 0.0422
vn -0.9939 -0.0847 0.0711
vn -0.9987 -0.0426 0.0291
vn -0.9985 -0.0494 0.0244
vn -0.9986 -0.0512 0.0093
vn -0.9985 -0.0556 0.0020
vn -0.9986 -0.0508 -0.0131
vn -0.9985 -0.0510 -0.0208
vn -0.9935 -0.0108 0.1132
vn -0.9938 0.0208 0.1088
vn -0.9939 0.0620 0.0916
vn -0.9988 0.0474 0.0104
vn -0.9936 0.1098 0.0256
vn -0.9986 0.0475 0.0212
vn -0.9939 0.0928 0.0601
vn -0.9987 0.0407 0.0320
vn -0.9985 0.0383 0.0396
vn -0.9987 0.0247 0.0457
vn -0.9985 0.0192 0.0519
vn -0.9986 0.0038 0.0521
vn -0.9988 -0.0044 0.0492
vt 19.204300 -1.473470
vt 19.185699 -1.509760
vt 19.766399 -1.482610
vt 19.716999 -1.508840
vt 1.499030 -1.472040
vt 1.453614 -1.381250
vt 1.465730 -1.472040
vt 1.432430 -1.472030
vt 1.386541 -1.381250
vt 1.399140 -1.472030
vt 1.365840 -1.472030
vt 1.301453 -1.381248
vt 1.332540 -1.472030
vt 1.299240 -1.472030
vt 1.265950 -1.472030
vt 1.132760 -1.472030
vt 1.197927 -1.381244
vt 1.112484 -1.381250
vt 1.166060 -1.472030
vt 1.199350 -1.472030
vt 1.232650 -1.472030
vt 1.249585 -1.290460
vt 1.300220 -1.290460
vt 1.350252 -1.290460
vt 1.400120 -1.290460
vt 1.028425 -1.381261
vt 1.000060 -1.290490
vt 0.950266 -1.290520
vt 1.049853 -1.290460
vt 1.099950 -1.290460
vt 1.150049 -1.290460
vt 1.199840 -1.290460
vt 0.850074 -1.290520
vt 0.801405 -1.381300
vt 0.886656 -1.381300
vt 0.900168 -1.290520
vt 0.953664 -1.381300
vt 0.999081 -1.472060
vt 1.032380 -1.472040
vt 1.065680 -1.472030
vt 1.098970 -1.472030
vt 0.965783 -1.472090
vt 0.932486 -1.472090
vt 0.899189 -1.472090
vt 0.865892 -1.472090
vt 0.832595 -1.472070
vt 0.799298 -1.472070
vt 0.766001 -1.472070
vt 0.545533 -1.381300
vt 0.532431 -1.472090
vt 0.565728 -1.472090
vt 0.612602 -1.381300
vt 0.599025 -1.472090
vt 0.632322 -1.472070
vt 0.697724 -1.381300
vt 0.665619 -1.472070
vt 0.698916 -1.472070
vt 0.732703 -1.472070
vt 0.750050 -1.290520
vt 0.799787 -1.290520
vt 0.483213 -1.381300
vt 0.500113 -1.290520
vt 0.450142 -1.290520
vt 0.549905 -1.290520
vt 0.600004 -1.290520
vt 0.649866 -1.290520
vt 0.699896 -1.290520
vt 0.249895 -1.290520
vt 0.268451 -1.381300
vt 0.299840 -1.290520
vt 0.352998 -1.381300
vt 0.350128 -1.290520
vt 0.420051 -1.381300
vt 0.400221 -1.290520
vt 0.499133 -1.472090
vt 0.299351 -1.472070
vt 0.266053 -1.472070
vt 0.332648 -1.472070
vt 0.365945 -1.472070
vt 0.399242 -1.472090
vt 0.432539 -1.472090
vt 0.465836 -1.472090
vt -0.001303 -1.381280
vt 0.049812 -1.290520
vt 0.000166 -1.290520
vt 0.046548 -1.381300
vt -0.002283 -1.472040
vt 0.032484 -1.472090
vt 0.065781 -1.472090
vt 0.112829 -1.381300
vt 0.099078 -1.472090
vt 0.132375 -1.472070
vt 0.178671 -1.381300
vt 0.165672 -1.472070
vt 0.198969 -1.472070
vt 0.232267 -1.472070
vt 0.116538 -1.290520
vt 0.183250 -1.290520
vt 5.860960 -1.504950
vt 6.396160 -2.051200
vt 6.397630 -1.505820
vt 5.329670 -2.051200
vt 5.330160 -1.505430
vt 4.792020 -1.505560
vt 4.263180 -2.051200
vt 4.260240 -1.506540
vt 3.721610 -1.506610
vt 3.196200 -2.051200
vt 3.189840 -1.506870
vt 2.651700 -1.506150
vt 2.129710 -2.051200
vt 2.120900 -1.505890
vt 1.583740 -1.506970
vt 1.064210 -2.051200
vt 1.054900 -1.506050
vt 0.519700 -1.505550
vt -0.054677 -2.051200
vt -0.046352 -1.506150
vt 12.257000 -1.505260
vt 12.796600 -2.051200
vt 12.795600 -1.505590
vt 11.729600 -2.051200
vt 11.725200 -1.506760
vt 11.186500 -1.506300
vt 10.663100 -2.051200
vt 10.655300 -1.506740
vt 10.117100 -1.507060
vt 9.596600 -2.051200
vt 9.587300 -1.506310
vt 9.051120 -1.506800
vt 8.530110 -2.051200
vt 8.523260 -1.506770
vt 7.989040 -1.505590
vt 7.462650 -2.051200
vt 7.462160 -1.505630
vt 6.926950 -1.505030
vt 18.651501 -1.507000
vt 19.195999 -2.051200
vt 18.129499 -2.051200
vt 18.120701 -1.506770
vt 17.583500 -1.506620
vt 17.063499 -2.051200
vt 17.055201 -1.505870
vt 16.519501 -1.506540
vt 15.996500 -2.051200
vt 15.992600 -1.506360
vt 15.458400 -1.505990
vt 14.929000 -2.051200
vt 14.930000 -1.506180
vt 14.394300 -1.505760
vt 13.863100 -2.051200
vt 13.864000 -1.506150
vt 13.326400 -1.505960
vt 1.801415 -1.381248
vt 1.816871 -1.290460
vt 1.749981 -1.290460
vt 1.886312 -1.381250
vt 1.883583 -1.290460
vt 1.952592 -1.381250
vt 1.950310 -1.290460
vt 1.698156 -1.381244
vt 1.832490 -1.472030
vt 1.799190 -1.472030
vt 1.865790 -1.472030
vt 1.899080 -1.472030
vt 1.932380 -1.472030
vt 1.965680 -1.472030
vt 2.000440 -1.472070
vt 2.000440 -1.381270
vt 1.999950 -1.290460
vt 1.765900 -1.472030
vt 1.732600 -1.472030
vt 1.699300 -1.472030
vt 1.666000 -1.472030
vt 1.632710 -1.472030
vt 1.612551 -1.381250
vt 1.599410 -1.472030
vt 1.566110 -1.472030
vt 1.528421 -1.381250
vt 1.532330 -1.472040
vt 1.450208 -1.290460
vt 1.500010 -1.290460
vt 1.549977 -1.290460
vt 1.599900 -1.290460
vt 1.649501 -1.290460
vt 1.699790 -1.290460
vt 25.051399 -1.506740
vt 25.596901 -2.051200
vt 25.587601 -1.505960
vt 24.530399 -2.051200
vt 24.523001 -1.506760
vt 23.989300 -1.505580
vt 23.462400 -2.051200
vt 23.461901 -1.505590
vt 22.926701 -1.505010
vt 22.395901 -2.051200
vt 22.397400 -1.505810
vt 21.860701 -1.504940
vt 21.329901 -2.051200
vt 21.329901 -1.505260
vt 20.791800 -1.505900
vt 20.262501 -2.051200
vt 20.260500 -1.506800
vt 32.032001 -1.508150
vt 31.458599 -1.506330
vt 32.022202 -2.051200
vt 30.928801 -2.051200
vt 30.930300 -1.505790
vt 30.394100 -1.504950
vt 29.862801 -2.051200
vt 29.864300 -1.505350
vt 29.326599 -1.505040
vt 28.796301 -2.051200
vt 28.795300 -1.505520
vt 28.256701 -1.505930
vt 27.729300 -2.051200
vt 27.721001 -1.508490
vt 27.186300 -1.505890
vt 26.662901 -2.051200
vt 26.655001 -1.506710
vt 26.117399 -1.507050
vt 25.063601 -1.474570
vt 24.536800 -1.474850
vt 25.601801 -1.476190
vt 26.129601 -1.473270
vt 26.668699 -1.476520
vt 27.197100 -1.474740
vt 27.768499 -1.472700
vt 19.728701 -1.470340
vt 20.271299 -1.477210
vt 20.800600 -1.474430
vt 21.340200 -1.476010
vt 21.868601 -1.472720
vt 22.407700 -1.474660
vt 22.934601 -1.473710
vt 23.473200 -1.474630
vt 23.999100 -1.472930
vt 27.738199 -1.472900
vt 28.265499 -1.475490
vt 28.806601 -1.475090
vt 29.334999 -1.472730
vt 29.874599 -1.474690
vt 30.401899 -1.472730
vt 30.940599 -1.474660
vt 31.466999 -1.473450
vt 32.035500 -1.475930
vt 1.801640 -1.259050
vt 1.778587 -1.153110
vt 1.868720 -1.259050
vt 1.911693 -1.153110
vt 1.935320 -1.259050
vt 2.004360 -1.258990
vt 2.001910 -1.153080
vt 1.999950 -1.047150
vt 1.931890 -1.047180
vt 1.865300 -1.047180
vt 1.798700 -1.047180
vt 1.731620 -1.047180
vt 1.666980 -1.153110
vt 1.665020 -1.047180
vt 1.600390 -1.153110
vt 1.598430 -1.047180
vt 1.531830 -1.047180
vt 1.264970 -1.047180
vt 1.177584 -1.153110
vt 1.198370 -1.047180
vt 1.311996 -1.153110
vt 1.332050 -1.047180
vt 1.398650 -1.047180
vt 1.400120 -1.153110
vt 1.465240 -1.047180
vt 1.500006 -1.153110
vt 1.535260 -1.259050
vt 1.601860 -1.259050
vt 1.668450 -1.259050
vt 1.735050 -1.259050
vt 1.468670 -1.259050
vt 1.402070 -1.259050
vt 1.334990 -1.259050
vt 1.268400 -1.259050
vt 1.201800 -1.259050
vt 1.135210 -1.259050
vt 1.044137 -1.153110
vt 1.068610 -1.259050
vt 1.002020 -1.259050
vt 0.911797 -1.153110
vt 0.935424 -1.259050
vt 0.665130 -1.047180
vt 0.643642 -1.153110
vt 0.598535 -1.047180
vt 0.731724 -1.047180
vt 0.778702 -1.153110
vt 0.798318 -1.047180
vt 0.864913 -1.047180
vt 0.931997 -1.047180
vt 0.998591 -1.047180
vt 1.065180 -1.047180
vt 1.131780 -1.047180
vt 0.868340 -1.259050
vt 0.801746 -1.259050
vt 0.735152 -1.259050
vt 0.668557 -1.259050
vt 0.601963 -1.259050
vt 0.533410 -1.153120
vt 0.535369 -1.259050
vt 0.445056 -1.153110
vt 0.468774 -1.259050
vt 0.401690 -1.259050
vt 0.312109 -1.153113
vt 0.335096 -1.259050
vt 0.065291 -1.047180
vt -0.001793 -1.153170
vt -0.002772 -1.047210
vt 0.066760 -1.153110
vt 0.131885 -1.047180
vt 0.177208 -1.153110
vt 0.198480 -1.047180
vt 0.265074 -1.047180
vt 0.331668 -1.047180
vt 0.398263 -1.047180
vt 0.465347 -1.047180
vt 0.531941 -1.047180
vt 0.268502 -1.259050
vt 0.201907 -1.259050
vt 0.135313 -1.259050
vt 0.068719 -1.259050
vt -0.000814 -1.259110
vt 14.940300 -1.476290
vt 14.401700 -1.474370
vt 15.467200 -1.474290
vt 16.004801 -1.476330
vt 16.530701 -1.474280
vt 17.068899 -1.476190
vt 17.596300 -1.473020
vt 18.134899 -1.476520
vt 18.663200 -1.474680
vt 19.235100 -1.476350
vt 9.601500 -1.476320
vt 10.129900 -1.473270
vt 10.669000 -1.476550
vt 11.197300 -1.474570
vt 11.737400 -1.475720
vt 12.266200 -1.474540
vt 12.806300 -1.474630
vt 13.334700 -1.473040
vt 13.874300 -1.476220
vt 5.340440 -1.475640
vt 4.800340 -1.474420
vt 5.868790 -1.472720
vt 6.407910 -1.474660
vt 6.934790 -1.473730
vt 7.472930 -1.474650
vt 7.998830 -1.472950
vt 8.536480 -1.474850
vt 9.063360 -1.474570
vt -0.037538 -1.478250
vt 0.530962 -1.474230
vt 1.069100 -1.474660
vt 1.596470 -1.473300
vt 2.135100 -1.476270
vt 2.663450 -1.472980
vt 3.203060 -1.475150
vt 3.731900 -1.474850
vt 4.272000 -1.476500
s 1
g off
g llanta3_tire
usemtl tire
f 1609/1584/1609 1610/1585/1610 1611/1586/1611
f 1611/1586/1611 1610/1585/1610 1612/1587/1612
f 1613/1588/1613 1614/1589/1614 1615/1590/1615
f 1615/1590/1615 1614/1589/1614 1616/1591/1616
f 1616/1591/1616 1614/1589/1614 1617/1592/1617
f 1616/1591/1616 1617/1592/1617 1618/1593/1618
f 1618/1593/1618 1617/1592/1617 1619/1594/1619
f 1619/1594/1619 1617/1592/1617 1620/1595/1620
f 1619/1594/1619 1620/1595/1620 1621/1596/1621
f 1621/1596/1621 1620/1595/1620 1622/1597/1622
f 1622/1597/1622 1620/1595/1620 1623/1598/1623
f 1624/1599/1624 1625/1600/1625 1626/1601/1626
f 1627/1602/1627 1625/1600/1625 1624/1599/1624
f 1609/1603/1609 1625/1600/1625 1627/1602/1627
f 1611/1604/1611 1625/1600/1625 1609/1603/1609
f 1623/1598/1623 1625/1600/1625 1611/1604/1611
f 1623/1598/1623 1620/1595/1620 1625/1600/1625
f 1628/1605/1628 1625/1600/1625 1620/1595/1620
f 1628/1605/1628 1620/1595/1620 1629/1606/1629
f 1629/1606/1629 1620/1595/1620 1630/1607/1630
f 1630/1607/1630 1620/1595/1620 1617/1592/1617
f 1630/1607/1630 1617/1592/1617 1631/1608/1631
f 1617/1592/1617 1614/1589/1614 1631/1608/1631
f 1632/1609/1632 1633/1610/1633 1634/1611/1634
f 1635/1612/1635 1633/1610/1633 1632/1609/1632
f 1632/1609/1632 1636/1613/1636 1635/1612/1635
f 1626/1601/1626 1636/1613/1636 1632/1609/1632
f 1626/1601/1626 1637/1614/1637 1636/1613/1636
f 1625/1600/1625 1637/1614/1637 1626/1601/1626
f 1637/1614/1637 1625/1600/1625 1638/1615/1638
f 1638/1615/1638 1625/1600/1625 1628/1605/1628
f 1639/1616/1639 1640/1617/1640 1641/1618/1641
f 1639/1616/1639 1641/1618/1641 1642/1619/1642
f 1641/1618/1641 1643/1620/1643 1642/1619/1642
f 1642/1619/1642 1643/1620/1643 1634/1611/1634
f 1632/1609/1632 1634/1611/1634 1643/1620/1643
f 1632/1609/1632 1643/1620/1643 1644/1621/1644
f 1632/1609/1632 1644/1621/1644 1645/1622/1645
f 1632/1609/1632 1645/1622/1645 1646/1623/1646
f 1632/1609/1632 1646/1623/1646 1626/1601/1626
f 1647/1624/1647 1626/1601/1626 1646/1623/1646
f 1624/1599/1624 1626/1601/1626 1647/1624/1647
f 1644/1621/1644 1643/1620/1643 1648/1625/1648
f 1648/1625/1648 1643/1620/1643 1649/1626/1649
f 1649/1626/1649 1643/1620/1643 1641/1618/1641
f 1649/1626/1649 1641/1618/1641 1650/1627/1650
f 1650/1627/1650 1641/1618/1641 1651/1628/1651
f 1651/1628/1651 1641/1618/1641 1640/1617/1640
f 1651/1628/1651 1640/1617/1640 1652/1629/1652
f 1652/1629/1652 1640/1617/1640 1653/1630/1653
f 1653/1630/1653 1640/1617/1640 1654/1631/1654
f 1655/1632/1655 1656/1633/1656 1657/1634/1657
f 1655/1632/1655 1657/1634/1657 1658/1635/1658
f 1659/1636/1659 1658/1635/1658 1657/1634/1657
f 1660/1637/1660 1658/1635/1658 1659/1636/1659
f 1660/1637/1660 1661/1638/1661 1658/1635/1658
f 1662/1639/1662 1661/1638/1661 1660/1637/1660
f 1663/1640/1663 1661/1638/1661 1662/1639/1662
f 1664/1641/1664 1661/1638/1661 1663/1640/1663
f 1654/1631/1654 1661/1638/1661 1664/1641/1664
f 1654/1631/1654 1640/1617/1640 1661/1638/1661
f 1665/1642/1665 1661/1638/1661 1640/1617/1640
f 1665/1642/1665 1640/1617/1640 1666/1643/1666
f 1666/1643/1666 1640/1617/1640 1639/1616/1639
f 1667/1644/1667 1668/1645/1668 1669/1646/1669
f 1670/1647/1670 1668/1645/1668 1667/1644/1667
f 1655/1632/1655 1670/1647/1670 1667/1644/1667
f 1655/1632/1655 1671/1648/1671 1670/1647/1670
f 1658/1635/1658 1671/1648/1671 1655/1632/1655
f 1658/1635/1658 1672/1649/1672 1671/1648/1671
f 1661/1638/1661 1672/1649/1672 1658/1635/1658
f 1672/1649/1672 1661/1638/1661 1673/1650/1673
f 1673/1650/1673 1661/1638/1661 1665/1642/1665
f 1675/1651/1675 1674/1652/1674 1676/1653/1676
f 1676/1653/1676 1674/1652/1674 1677/1654/1677
f 1676/1653/1676 1677/1654/1677 1678/1655/1678
f 1678/1655/1678 1677/1654/1677 1679/1656/1679
f 1678/1655/1678 1679/1656/1679 1680/1657/1680
f 1680/1657/1680 1679/1656/1679 1669/1646/1669
f 1669/1646/1669 1679/1656/1679 1667/1644/1667
f 1655/1632/1655 1667/1644/1667 1681/1658/1681
f 1655/1632/1655 1681/1658/1681 1656/1633/1656
f 1682/1659/1682 1674/1652/1674 1683/1660/1683
f 1684/1661/1684 1674/1652/1674 1682/1659/1682
f 1684/1661/1684 1677/1654/1677 1674/1652/1674
f 1685/1662/1685 1677/1654/1677 1684/1661/1684
f 1686/1663/1686 1677/1654/1677 1685/1662/1685
f 1686/1663/1686 1679/1656/1679 1677/1654/1677
f 1687/1664/1687 1679/1656/1679 1686/1663/1686
f 1688/1665/1688 1679/1656/1679 1687/1664/1687
f 1688/1665/1688 1667/1644/1667 1679/1656/1679
f 1681/1658/1681 1667/1644/1667 1688/1665/1688
f 1689/1666/1689 1690/1667/1690 1691/1668/1691
f 1689/1666/1689 1692/1669/1692 1690/1667/1690
f 1693/1670/1693 1692/1669/1692 1689/1666/1689
f 1694/1671/1694 1692/1669/1692 1693/1670/1693
f 1695/1672/1695 1692/1669/1692 1694/1671/1694
f 1696/1673/1696 1692/1669/1692 1695/1672/1695
f 1697/1674/1697 1696/1673/1696 1695/1672/1695
f 1698/1675/1698 1696/1673/1696 1697/1674/1697
f 1698/1675/1698 1699/1676/1699 1696/1673/1696
f 1700/1677/1700 1699/1676/1699 1698/1675/1698
f 1701/1678/1701 1699/1676/1699 1700/1677/1700
f 1701/1678/1701 1674/1652/1674 1699/1676/1699
f 1702/1679/1702 1674/1652/1674 1701/1678/1701
f 1683/1660/1683 1674/1652/1674 1702/1679/1702
f 1692/1669/1692 1703/1680/1703 1690/1667/1690
f 1696/1673/1696 1703/1680/1703 1692/1669/1692
f 1696/1673/1696 1704/1681/1704 1703/1680/1703
f 1699/1676/1699 1704/1681/1704 1696/1673/1696
f 1699/1676/1699 1675/1651/1675 1704/1681/1704
f 1674/1652/1674 1675/1651/1675 1699/1676/1699
f 1705/1682/1705 1706/1683/1706 1707/1684/1707
f 1705/1682/1705 1708/1685/1708 1706/1683/1706
f 1705/1682/1705 1709/1686/1709 1708/1685/1708
f 1710/1687/1710 1708/1685/1708 1709/1686/1709
f 1710/1687/1710 1711/1688/1711 1708/1685/1708
f 1710/1687/1710 1712/1689/1712 1711/1688/1711
f 1713/1690/1713 1711/1688/1711 1712/1689/1712
f 1713/1690/1713 1714/1691/1714 1711/1688/1711
f 1713/1690/1713 1715/1692/1715 1714/1691/1714
f 1716/1693/1716 1714/1691/1714 1715/1692/1715
f 1716/1693/1716 1717/1694/1717 1714/1691/1714
f 1716/1693/1716 1718/1695/1718 1717/1694/1717
f 1719/1696/1719 1717/1694/1717 1718/1695/1718
f 1719/1696/1719 1720/1697/1720 1717/1694/1717
f 1719/1696/1719 1721/1698/1721 1720/1697/1720
f 1722/1699/1722 1720/1697/1720 1721/1698/1721
f 1722/1699/1722 1723/1700/1723 1720/1697/1720
f 1722/1699/1722 1724/1701/1724 1723/1700/1723
f 1725/1702/1725 1726/1703/1726 1727/1704/1727
f 1725/1702/1725 1728/1705/1728 1726/1703/1726
f 1725/1702/1725 1729/1706/1729 1728/1705/1728
f 1730/1707/1730 1728/1705/1728 1729/1706/1729
f 1730/1707/1730 1731/1708/1731 1728/1705/1728
f 1730/1707/1730 1732/1709/1732 1731/1708/1731
f 1733/1710/1733 1731/1708/1731 1732/1709/1732
f 1733/1710/1733 1734/1711/1734 1731/1708/1731
f 1733/1710/1733 1735/1712/1735 1734/1711/1734
f 1736/1713/1736 1734/1711/1734 1735/1712/1735
f 1736/1713/1736 1737/1714/1737 1734/1711/1734
f 1736/1713/1736 1738/1715/1738 1737/1714/1737
f 1739/1716/1739 1737/1714/1737 1738/1715/1738
f 1739/1716/1739 1740/1717/1740 1737/1714/1737
f 1739/1716/1739 1741/1718/1741 1740/1717/1740
f 1742/1719/1742 1740/1717/1740 1741/1718/1741
f 1742/1719/1742 1706/1683/1706 1740/1717/1740
f 1742/1719/1742 1707/1684/1707 1706/1683/1706
f 1610/1585/1610 1743/1720/1743 1744/1721/1744
f 1744/1721/1744 1743/1720/1743 1745/1722/1745
f 1745/1722/1745 1743/1720/1743 1746/1723/1746
f 1747/1724/1747 1745/1722/1745 1746/1723/1746
f 1747/1724/1747 1748/1725/1748 1745/1722/1745
f 1747/1724/1747 1749/1726/1749 1748/1725/1748
f 1750/1727/1750 1748/1725/1748 1749/1726/1749
f 1750/1727/1750 1751/1728/1751 1748/1725/1748
f 1750/1727/1750 1752/1729/1752 1751/1728/1751
f 1753/1730/1753 1751/1728/1751 1752/1729/1752
f 1753/1730/1753 1754/1731/1754 1751/1728/1751
f 1753/1730/1753 1755/1732/1755 1754/1731/1754
f 1756/1733/1756 1754/1731/1754 1755/1732/1755
f 1756/1733/1756 1757/1734/1757 1754/1731/1754
f 1756/1733/1756 1758/1735/1758 1757/1734/1757
f 1759/1736/1759 1757/1734/1757 1758/1735/1758
f 1759/1736/1759 1726/1703/1726 1757/1734/1757
f 1759/1736/1759 1727/1704/1727 1726/1703/1726
f 1760/1737/1760 1761/1738/1761 1762/1739/1762
f 1763/1740/1763 1761/1738/1761 1760/1737/1760
f 1763/1740/1763 1764/1741/1764 1761/1738/1761
f 1765/1742/1765 1764/1741/1764 1763/1740/1763
f 1764/1741/1764 1765/1742/1765 1766/1743/1766
f 1760/1737/1760 1762/1739/1762 1767/1744/1767
f 1769/1745/1769 1760/1737/1760 1768/1746/1768
f 1770/1747/1770 1760/1737/1760 1769/1745/1769
f 1770/1747/1770 1763/1740/1763 1760/1737/1760
f 1771/1748/1771 1763/1740/1763 1770/1747/1770
f 1772/1749/1772 1763/1740/1763 1771/1748/1771
f 1772/1749/1772 1765/1742/1765 1763/1740/1763
f 1773/1750/1773 1765/1742/1765 1772/1749/1772
f 1693/1751/1693 1765/1742/1765 1773/1750/1773
f 1689/1752/1689 1765/1742/1765 1693/1751/1693
f 1689/1752/1689 1766/1743/1766 1765/1742/1765
f 1691/1753/1691 1766/1743/1766 1689/1752/1689
f 1768/1746/1768 1760/1737/1760 1774/1754/1774
f 1774/1754/1774 1760/1737/1760 1767/1744/1767
f 1774/1754/1774 1767/1744/1767 1775/1755/1775
f 1775/1755/1775 1767/1744/1767 1776/1756/1776
f 1776/1756/1776 1767/1744/1767 1777/1757/1777
f 1777/1757/1777 1767/1744/1767 1778/1758/1778
f 1778/1758/1778 1767/1744/1767 1779/1759/1779
f 1778/1758/1778 1779/1759/1779 1780/1760/1780
f 1780/1760/1780 1779/1759/1779 1781/1761/1781
f 1781/1761/1781 1779/1759/1779 1782/1762/1782
f 1781/1761/1781 1782/1762/1782 1783/1763/1783
f 1783/1763/1783 1782/1762/1782 1613/1588/1613
f 1782/1762/1782 1614/1589/1614 1613/1588/1613
f 1631/1608/1631 1614/1589/1614 1784/1764/1784
f 1782/1762/1782 1784/1764/1784 1614/1589/1614
f 1782/1762/1782 1785/1765/1785 1784/1764/1784
f 1786/1766/1786 1785/1765/1785 1782/1762/1782
f 1786/1766/1786 1782/1762/1782 1787/1767/1787
f 1787/1767/1787 1782/1762/1782 1779/1759/1779
f 1787/1767/1787 1779/1759/1779 1788/1768/1788
f 1788/1768/1788 1779/1759/1779 1767/1744/1767
f 1788/1768/1788 1767/1744/1767 1789/1769/1789
f 1767/1744/1767 1762/1739/1762 1789/1769/1789
f 1790/1770/1790 1791/1771/1791 1792/1772/1792
f 1790/1770/1790 1793/1773/1793 1791/1771/1791
f 1794/1774/1794 1793/1773/1793 1790/1770/1790
f 1795/1775/1795 1793/1773/1793 1794/1774/1794
f 1796/1776/1796 1793/1773/1793 1795/1775/1795
f 1795/1775/1795 1797/1777/1797 1796/1776/1796
f 1796/1776/1796 1797/1777/1797 1798/1778/1798
f 1796/1776/1796 1798/1778/1798 1799/1779/1799
f 1799/1779/1799 1798/1778/1798 1800/1780/1800
f 1799/1779/1799 1800/1780/1800 1801/1781/1801
f 1799/1779/1799 1801/1781/1801 1802/1782/1802
f 1802/1782/1802 1801/1781/1801 1803/1783/1803
f 1802/1782/1802 1803/1783/1803 1804/1784/1804
f 1802/1782/1802 1804/1784/1804 1805/1785/1805
f 1805/1785/1805 1804/1784/1804 1806/1786/1806
f 1805/1785/1805 1806/1786/1806 1612/1587/1612
f 1612/1587/1612 1744/1721/1744 1805/1785/1805
f 1612/1587/1612 1610/1585/1610 1744/1721/1744
f 1724/1787/1724 1807/1788/1807 1723/1789/1723
f 1723/1789/1723 1807/1788/1807 1808/1790/1808
f 1808/1790/1808 1807/1788/1807 1809/1791/1809
f 1808/1790/1808 1809/1791/1809 1810/1792/1810
f 1808/1790/1808 1810/1792/1810 1811/1793/1811
f 1811/1793/1811 1810/1792/1810 1812/1794/1812
f 1811/1793/1811 1812/1794/1812 1813/1795/1813
f 1811/1793/1811 1813/1795/1813 1814/1796/1814
f 1814/1796/1814 1813/1795/1813 1815/1797/1815
f 1814/1796/1814 1815/1797/1815 1816/1798/1816
f 1814/1796/1814 1816/1798/1816 1817/1799/1817
f 1817/1799/1817 1816/1798/1816 1818/1800/1818
f 1817/1799/1817 1818/1800/1818 1819/1801/1819
f 1819/1801/1819 1820/1802/1820 1817/1799/1817
f 1821/1803/1821 1820/1802/1820 1819/1801/1819
f 1822/1804/1822 1820/1802/1820 1821/1803/1821
f 1822/1804/1822 1791/1771/1791 1820/1802/1820
f 1792/1772/1792 1791/1771/1791 1822/1804/1822
f 1794/1774/1794 1781/1805/1781 1783/1806/1783
f 1790/1770/1790 1781/1805/1781 1794/1774/1794
f 1790/1770/1790 1780/1807/1780 1781/1805/1781
f 1792/1772/1792 1780/1807/1780 1790/1770/1790
f 1792/1772/1792 1778/1808/1778 1780/1807/1780
f 1822/1804/1822 1778/1808/1778 1792/1772/1792
f 1822/1804/1822 1777/1809/1777 1778/1808/1778
f 1821/1803/1821 1777/1809/1777 1822/1804/1822
f 1821/1803/1821 1776/1810/1776 1777/1809/1777
f 1819/1801/1819 1776/1810/1776 1821/1803/1821
f 1819/1801/1819 1775/1811/1775 1776/1810/1776
f 1819/1801/1819 1818/1800/1818 1775/1811/1775
f 1612/1587/1612 1806/1786/1806 1611/1812/1611
f 1611/1812/1611 1806/1786/1806 1623/1813/1623
f 1623/1813/1623 1806/1786/1806 1622/1814/1622
f 1804/1784/1804 1622/1814/1622 1806/1786/1806
f 1804/1784/1804 1621/1815/1621 1622/1814/1622
f 1803/1783/1803 1621/1815/1621 1804/1784/1804
f 1803/1783/1803 1619/1816/1619 1621/1815/1621
f 1801/1781/1801 1619/1816/1619 1803/1783/1803
f 1801/1781/1801 1618/1817/1618 1619/1816/1619
f 1800/1780/1800 1618/1817/1618 1801/1781/1801
f 1800/1780/1800 1616/1818/1616 1618/1817/1618
f 1798/1778/1798 1616/1818/1616 1800/1780/1800
f 1798/1778/1798 1615/1819/1615 1616/1818/1616
f 1797/1777/1797 1615/1819/1615 1798/1778/1798
f 1797/1777/1797 1613/1820/1613 1615/1819/1615
f 1795/1775/1795 1613/1820/1613 1797/1777/1797
f 1783/1806/1783 1613/1820/1613 1795/1775/1795
f 1794/1774/1794 1783/1806/1783 1795/1775/1795
f 1775/1821/1775 1818/1800/1818 1774/1822/1774
f 1774/1822/1774 1818/1800/1818 1816/1798/1816
f 1774/1822/1774 1816/1798/1816 1768/1823/1768
f 1768/1823/1768 1816/1798/1816 1815/1797/1815
f 1768/1823/1768 1815/1797/1815 1769/1824/1769
f 1769/1824/1769 1815/1797/1815 1813/1795/1813
f 1769/1824/1769 1813/1795/1813 1770/1825/1770
f 1770/1825/1770 1813/1795/1813 1812/1794/1812
f 1770/1825/1770 1812/1794/1812 1771/1826/1771
f 1771/1826/1771 1812/1794/1812 1810/1792/1810
f 1771/1826/1771 1810/1792/1810 1772/1827/1772
f 1772/1827/1772 1810/1792/1810 1809/1791/1809
f 1772/1827/1772 1809/1791/1809 1773/1828/1773
f 1773/1828/1773 1809/1791/1809 1807/1788/1807
f 1773/1828/1773 1807/1788/1807 1693/1829/1693
f 1693/1829/1693 1807/1788/1807 1724/1787/1724
f 1814/1830/1814 1823/1831/1823 1811/1832/1811
f 1811/1832/1811 1823/1831/1823 1824/1833/1824
f 1811/1832/1811 1824/1833/1824 1808/1834/1808
f 1808/1834/1808 1824/1833/1824 1723/1835/1723
f 1723/1835/1723 1824/1833/1824 1825/1836/1825
f 1825/1836/1825 1824/1833/1824 1826/1837/1826
f 1826/1837/1826 1824/1833/1824 1827/1838/1827
f 1827/1838/1827 1824/1833/1824 1828/1839/1828
f 1828/1839/1828 1824/1833/1824 1823/1831/1823
f 1828/1839/1828 1823/1831/1823 1829/1840/1829
f 1829/1840/1829 1823/1831/1823 1830/1841/1830
f 1830/1841/1830 1823/1831/1823 1831/1842/1831
f 1830/1841/1830 1831/1842/1831 1832/1843/1832
f 1831/1842/1831 1833/1844/1833 1832/1843/1832
f 1832/1843/1832 1833/1844/1833 1834/1845/1834
f 1834/1845/1834 1833/1844/1833 1835/1846/1835
f 1836/1847/1836 1837/1848/1837 1838/1849/1838
f 1836/1847/1836 1839/1850/1839 1837/1848/1837
f 1840/1851/1840 1839/1850/1839 1836/1847/1836
f 1841/1852/1841 1839/1850/1839 1840/1851/1840
f 1841/1852/1841 1842/1853/1842 1839/1850/1839
f 1843/1854/1843 1842/1853/1842 1841/1852/1841
f 1843/1854/1843 1844/1855/1844 1842/1853/1842
f 1835/1846/1835 1844/1855/1844 1843/1854/1843
f 1835/1846/1835 1833/1844/1833 1844/1855/1844
f 1793/1856/1793 1844/1855/1844 1833/1844/1833
f 1793/1856/1793 1833/1844/1833 1791/1857/1791
f 1791/1857/1791 1833/1844/1833 1820/1858/1820
f 1820/1858/1820 1833/1844/1833 1831/1842/1831
f 1820/1858/1820 1831/1842/1831 1817/1859/1817
f 1817/1859/1817 1831/1842/1831 1823/1831/1823
f 1817/1859/1817 1823/1831/1823 1814/1830/1814
f 1796/1860/1796 1844/1855/1844 1793/1856/1793
f 1796/1860/1796 1842/1853/1842 1844/1855/1844
f 1799/1861/1799 1842/1853/1842 1796/1860/1796
f 1799/1861/1799 1839/1850/1839 1842/1853/1842
f 1802/1862/1802 1839/1850/1839 1799/1861/1799
f 1805/1863/1805 1839/1850/1839 1802/1862/1802
f 1805/1863/1805 1837/1848/1837 1839/1850/1839
f 1744/1864/1744 1837/1848/1837 1805/1863/1805
f 1745/1865/1745 1837/1848/1837 1744/1864/1744
f 1745/1865/1745 1845/1866/1845 1837/1848/1837
f 1748/1867/1748 1845/1866/1845 1745/1865/1745
f 1751/1868/1751 1845/1866/1845 1748/1867/1748
f 1751/1868/1751 1846/1869/1846 1845/1866/1845
f 1754/1870/1754 1846/1869/1846 1751/1868/1751
f 1847/1871/1847 1848/1872/1848 1849/1873/1849
f 1850/1874/1850 1848/1872/1848 1847/1871/1847
f 1851/1875/1851 1848/1872/1848 1850/1874/1850
f 1852/1876/1852 1851/1875/1851 1850/1874/1850
f 1853/1877/1853 1851/1875/1851 1852/1876/1852
f 1853/1877/1853 1846/1869/1846 1851/1875/1851
f 1854/1878/1854 1846/1869/1846 1853/1877/1853
f 1855/1879/1855 1846/1869/1846 1854/1878/1854
f 1855/1879/1855 1845/1866/1845 1846/1869/1846
f 1856/1880/1856 1845/1866/1845 1855/1879/1855
f 1857/1881/1857 1845/1866/1845 1856/1880/1856
f 1857/1881/1857 1837/1848/1837 1845/1866/1845
f 1838/1849/1838 1837/1848/1837 1857/1881/1857
f 1757/1882/1757 1846/1869/1846 1754/1870/1754
f 1757/1882/1757 1851/1875/1851 1846/1869/1846
f 1726/1883/1726 1851/1875/1851 1757/1882/1757
f 1728/1884/1728 1851/1875/1851 1726/1883/1726
f 1728/1884/1728 1848/1872/1848 1851/1875/1851
f 1731/1885/1731 1848/1872/1848 1728/1884/1728
f 1734/1886/1734 1848/1872/1848 1731/1885/1731
f 1734/1886/1734 1858/1887/1858 1848/1872/1848
f 1737/1888/1737 1858/1887/1858 1734/1886/1734
f 1737/1888/1737 1859/1889/1859 1858/1887/1858
f 1740/1890/1740 1859/1889/1859 1737/1888/1737
f 1706/1891/1706 1859/1889/1859 1740/1890/1740
f 1706/1891/1706 1860/1892/1860 1859/1889/1859
f 1708/1893/1708 1860/1892/1860 1706/1891/1706
f 1861/1894/1861 1825/1895/1825 1826/1896/1826
f 1861/1894/1861 1862/1897/1862 1825/1895/1825
f 1863/1898/1863 1862/1897/1862 1861/1894/1861
f 1863/1898/1863 1864/1899/1864 1862/1897/1862
f 1865/1900/1865 1864/1899/1864 1863/1898/1863
f 1866/1901/1866 1864/1899/1864 1865/1900/1865
f 1860/1892/1860 1864/1899/1864 1866/1901/1866
f 1867/1902/1867 1860/1892/1860 1866/1901/1866
f 1868/1903/1868 1860/1892/1860 1867/1902/1867
f 1868/1903/1868 1859/1889/1859 1860/1892/1860
f 1869/1904/1869 1859/1889/1859 1868/1903/1868
f 1870/1905/1870 1859/1889/1859 1869/1904/1869
f 1870/1905/1870 1858/1887/1858 1859/1889/1859
f 1849/1873/1849 1858/1887/1858 1870/1905/1870
f 1849/1873/1849 1848/1872/1848 1858/1887/1858
f 1711/1906/1711 1860/1892/1860 1708/1893/1708
f 1711/1906/1711 1864/1899/1864 1860/1892/1860
f 1714/1907/1714 1864/1899/1864 1711/1906/1711
f 1717/1908/1717 1864/1899/1864 1714/1907/1714
f 1717/1908/1717 1862/1897/1862 1864/1899/1864
f 1720/1909/1720 1862/1897/1862 1717/1908/1717
f 1720/1909/1720 1825/1895/1825 1862/1897/1862
f 1723/1910/1723 1825/1895/1825 1720/1909/1720
f 1756/1733/1756 1649/1911/1649 1650/1912/1650
f 1756/1733/1756 1755/1732/1755 1649/1911/1649
f 1649/1911/1649 1755/1732/1755 1648/1913/1648
f 1648/1913/1648 1755/1732/1755 1753/1730/1753
f 1753/1730/1753 1644/1914/1644 1648/1913/1648
f 1753/1730/1753 1752/1729/1752 1644/1914/1644
f 1644/1914/1644 1752/1729/1752 1645/1915/1645
f 1645/1915/1645 1752/1729/1752 1750/1727/1750
f 1750/1727/1750 1646/1916/1646 1645/1915/1645
f 1750/1727/1750 1749/1726/1749 1646/1916/1646
f 1646/1916/1646 1749/1726/1749 1647/1917/1647
f 1647/1917/1647 1749/1726/1749 1747/1724/1747
f 1747/1724/1747 1624/1918/1624 1647/1917/1647
f 1747/1724/1747 1746/1723/1746 1624/1918/1624
f 1624/1918/1624 1746/1723/1746 1627/1919/1627
f 1627/1919/1627 1746/1723/1746 1743/1720/1743
f 1627/1919/1627 1743/1720/1743 1609/1920/1609
f 1609/1920/1609 1743/1720/1743 1610/1585/1610
f 1659/1921/1659 1735/1712/1735 1660/1922/1660
f 1660/1922/1660 1735/1712/1735 1733/1710/1733
f 1733/1710/1733 1662/1923/1662 1660/1922/1660
f 1733/1710/1733 1732/1709/1732 1662/1923/1662
f 1662/1923/1662 1732/1709/1732 1663/1924/1663
f 1663/1924/1663 1732/1709/1732 1730/1707/1730
f 1730/1707/1730 1664/1925/1664 1663/1924/1663
f 1730/1707/1730 1729/1706/1729 1664/1925/1664
f 1664/1925/1664 1729/1706/1729 1654/1926/1654
f 1654/1926/1654 1729/1706/1729 1725/1702/1725
f 1725/1702/1725 1653/1927/1653 1654/1926/1654
f 1725/1702/1725 1727/1704/1727 1653/1927/1653
f 1653/1927/1653 1727/1704/1727 1652/1928/1652
f 1652/1928/1652 1727/1704/1727 1759/1736/1759
f 1759/1736/1759 1651/1929/1651 1652/1928/1652
f 1759/1736/1759 1758/1735/1758 1651/1929/1651
f 1651/1929/1651 1758/1735/1758 1650/1912/1650
f 1650/1912/1650 1758/1735/1758 1756/1733/1756
f 1710/1687/1710 1684/1930/1684 1682/1931/1682
f 1710/1687/1710 1709/1686/1709 1684/1930/1684
f 1684/1930/1684 1709/1686/1709 1685/1932/1685
f 1685/1932/1685 1709/1686/1709 1705/1682/1705
f 1705/1682/1705 1686/1933/1686 1685/1932/1685
f 1705/1682/1705 1707/1684/1707 1686/1933/1686
f 1686/1933/1686 1707/1684/1707 1687/1934/1687
f 1687/1934/1687 1707/1684/1707 1742/1719/1742
f 1742/1719/1742 1688/1935/1688 1687/1934/1687
f 1742/1719/1742 1741/1718/1741 1688/1935/1688
f 1688/1935/1688 1741/1718/1741 1681/1936/1681
f 1681/1936/1681 1741/1718/1741 1739/1716/1739
f 1739/1716/1739 1656/1937/1656 1681/1936/1681
f 1739/1716/1739 1738/1715/1738 1656/1937/1656
f 1656/1937/1656 1738/1715/1738 1657/1938/1657
f 1657/1938/1657 1738/1715/1738 1736/1713/1736
f 1736/1713/1736 1659/1921/1659 1657/1938/1657
f 1736/1713/1736 1735/1712/1735 1659/1921/1659
f 1693/1939/1693 1724/1701/1724 1694/1940/1694
f 1694/1940/1694 1724/1701/1724 1722/1699/1722
f 1722/1699/1722 1695/1941/1695 1694/1940/1694
f 1722/1699/1722 1721/1698/1721 1695/1941/1695
f 1695/1941/1695 1721/1698/1721 1697/1942/1697
f 1697/1942/1697 1721/1698/1721 1719/1696/1719
f 1719/1696/1719 1698/1943/1698 1697/1942/1697
f 1719/1696/1719 1718/1695/1718 1698/1943/1698
f 1698/1943/1698 1718/1695/1718 1700/1944/1700
f 1700/1944/1700 1718/1695/1718 1716/1693/1716
f 1716/1693/1716 1701/1945/1701 1700/1944/1700
f 1716/1693/1716 1715/1692/1715 1701/1945/1701
f 1701/1945/1701 1715/1692/1715 1702/1946/1702
f 1702/1946/1702 1715/1692/1715 1713/1690/1713
f 1713/1690/1713 1683/1947/1683 1702/1946/1702
f 1713/1690/1713 1712/1689/1712 1683/1947/1683
f 1683/1947/1683 1712/1689/1712 1682/1931/1682
f 1682/1931/1682 1712/1689/1712 1710/1687/1710
