# Blender 4.5.3 LTS
# www.blender.org
mtllib puerta der.mtl
g Door_Right.001_Malla
v -0.015603 -3.084004 -1.475380
v 0.052900 -3.084004 -1.475380
v 0.115814 0.247487 -1.515185
v 0.156872 1.007258 -1.396381
v 0.184706 1.178305 -1.396381
v -0.146048 -2.943856 -1.531298
v 0.089511 -0.059210 -1.515185
v -0.050854 -2.943856 -1.396381
v -0.050854 -0.059209 -1.396381
v 0.089511 -2.943856 -1.531298
v -0.127307 0.299845 -0.205258
v -0.041066 -2.686130 -1.269463
v -0.041066 -0.316934 -1.269463
v -0.041066 -0.316934 -0.494514
v -0.041066 -2.686130 -0.494514
v 0.006449 -1.142723 -0.881988
v -0.041066 -2.653576 -1.228963
v -0.041066 -2.653576 -0.535015
v -0.041066 -1.848511 -0.535015
v -0.041066 -1.848511 -1.228963
v -0.041066 -1.975913 -0.650673
v -0.041066 -1.975913 -1.113305
v -0.041066 -2.033022 -0.997646
v -0.041066 -2.050297 -0.881988
v -0.041066 -2.033022 -0.766331
v -0.018320 -2.616098 -1.182336
v -0.041066 -0.146878 -0.282948
v -0.041268 -1.167568 -1.070719
v 0.165965 0.299845 -0.205258
v 0.079724 -2.955791 -0.159029
v -0.067370 0.657141 -0.578282
v -0.067370 0.908505 -0.996272
v -0.099474 0.908505 -0.996272
v 0.138131 0.478785 -0.415460
v -0.127308 0.080940 -1.481029
v 0.165965 0.080940 -1.481029
v 0.114471 -2.856185 -1.481030
v 0.165965 1.174887 -1.481029
v -0.075813 -2.856185 -1.481030
v -0.041268 -1.125600 -0.818836
v 0.006449 -1.161263 -0.997647
v -0.018320 -2.088417 -0.881988
v 0.079724 -0.146878 -1.481029
v 0.006449 -1.125600 -0.945141
v -0.051517 -2.088417 -0.881988
v -0.127307 0.977228 -0.956755
v -0.067370 0.707621 -0.508193
v -0.067370 1.047429 -1.214179
v -0.099474 0.802007 -0.774638
v 0.138131 0.259423 -0.288664
v -0.041268 -1.140838 -0.755875
v -0.041066 -1.224128 -0.650673
v 0.165965 1.147593 -1.186194
v -0.041066 -2.955791 -0.159029
v 0.006449 -1.282638 -1.171133
v 0.006449 -1.283804 -0.562362
v 0.165965 0.570866 -0.224102
v 0.165965 0.776818 -0.412116
v 0.114471 -0.225133 -1.383672
v -0.067370 0.517624 -0.334745
v 0.106027 1.047429 -1.214179
v -0.067370 0.973497 -1.234594
v -0.099474 0.478785 -0.415460
v -0.127307 1.147593 -1.186194
v -0.127308 1.174887 -1.481029
v -0.018320 -2.052105 -1.006781
v -0.127307 0.570866 -0.224102
v -0.127307 1.071433 -0.902586
v 0.006449 -1.161264 -0.766331
v 0.106027 0.517624 -0.334745
v -0.099474 0.995323 -1.481030
v 0.138131 0.802007 -0.774638
v -0.041066 -2.052105 -0.757196
v -0.051517 -2.003977 -1.145548
v -0.127308 0.184139 -1.481029
v -0.127307 0.862676 -0.718359
v -0.099474 0.273545 -0.293430
v 0.138131 0.973497 -1.234594
v 0.138131 0.259423 -1.481029
v -0.146048 -0.059210 -1.531298
v -0.050854 -0.059210 -1.531298
v -0.094554 -2.868122 -1.396382
v -0.146048 0.206992 -1.531298
v 0.184706 1.178305 -1.531298
v 0.184706 0.206992 -1.515185
v 0.089511 -2.868122 -1.396382
v -0.050854 -2.943856 -1.531298
v -0.077157 1.007258 -1.396381
v -0.094554 -0.134943 -1.396381
v 0.006449 -1.224128 -0.650673
v 0.006449 -1.208626 -0.631069
v 0.165965 0.862676 -0.718359
v 0.106027 1.071064 -1.481029
v 0.106027 0.707621 -0.508193
v 0.106027 0.995323 -1.481030
v -0.018320 -1.910165 -1.203952
v -0.018320 -1.990966 -1.130600
v 0.006449 -1.185950 -1.055475
v -0.018320 -1.990966 -0.633377
v -0.018320 -2.070744 -0.881988
v -0.041268 -1.283804 -1.201616
v -0.041066 -2.052105 -1.006781
v 0.079724 -2.625618 -0.532618
v 0.165965 0.517624 -0.334745
v 0.106027 0.478785 -0.415460
v -0.099474 0.259423 -0.288664
v -0.041268 -1.120637 -0.881988
v -0.041268 -1.208626 -0.631069
v -0.041268 -1.271207 -0.569216
v -0.018320 -2.068598 -1.014677
v 0.079724 -2.856185 -0.282948
v -0.041066 -2.955791 -1.481030
v 0.079724 -0.047273 -1.481029
v -0.041268 -1.208626 -1.132908
v -0.041268 -1.125600 -0.945141
v -0.041066 -1.388918 -1.228962
v 0.006449 -0.371469 -1.201616
v -0.041268 -0.371469 -1.201616
v 0.006449 -1.140838 -0.755875
v 0.079724 -2.955791 -1.481030
v -0.067370 0.802007 -0.774638
v 0.106027 0.802007 -0.774638
v -0.127307 0.707621 -0.508193
v -0.067370 0.977228 -0.956755
v -0.146048 -2.943856 -1.396381
v 0.133212 -2.868122 -1.396382
v -0.077157 0.247487 -1.531298
v 0.115814 0.206992 -1.515185
v 0.184706 -0.059209 -1.396381
v 0.115814 1.059127 -1.396381
v -0.146048 1.059127 -1.531298
v 0.184706 1.059128 -1.396381
v -0.127307 0.080940 0.001637
v -0.075813 -2.777931 -0.380305
v -0.075813 -0.225133 -0.380305
v -0.067370 0.299845 -0.205258
v -0.067370 0.995323 -1.481030
v -0.127308 -3.084004 -1.481030
v -0.127308 -3.084004 0.000481
v -0.041066 -1.282638 -1.171133
v -0.067370 0.478785 -0.415460
v 0.138131 0.657141 -0.578282
v -0.041066 -0.047273 -1.481029
v -0.041066 -1.990966 -0.633377
v 0.165965 0.080940 0.001637
v -0.127308 -0.047273 -1.481029
v -0.051517 -1.963454 -0.581642
v 0.165965 -3.084004 -1.481030
v 0.114471 -0.225133 -0.380305
v 0.106027 0.184139 -1.481029
v -0.067370 0.273545 -0.293430
v 0.106027 0.259423 -1.481029
v 0.052899 1.059127 -1.531298
v 0.052899 1.007258 -1.531298
v -0.015603 0.259423 -1.526411
v 0.052899 0.184139 -1.520623
v 0.052900 -3.084004 -1.531298
v -0.015603 -0.047273 -1.527387
v -0.015603 -0.059210 -1.527251
v -0.015603 -0.134944 -1.527251
v -0.015603 -0.146878 -1.527322
v 0.052899 -0.146878 -1.519458
v 0.052900 -2.943856 -1.531298
v 0.052900 -2.955791 -1.531298
v -0.015603 0.247487 -1.526158
v -0.015603 0.205903 -1.475380
v -0.015603 0.184139 -1.526337
v 0.052899 -0.134944 -1.519388
v 0.052899 0.206580 -1.475380
v -0.015603 -3.084004 -1.481030
v 0.052899 0.247487 -1.520438
v 0.052900 -3.084004 -1.481030
v 0.052899 1.059127 -1.480452
v 0.052899 0.995323 -1.480451
v 0.052899 1.007258 -1.480451
v 0.052900 -3.084004 -1.480452
v 0.052899 -0.146878 -1.468612
v 0.052900 -2.868122 -1.480451
v 0.052900 -2.955791 -1.480452
v 0.052899 -0.047273 -1.468677
v 0.052899 -0.059209 -1.468541
v 0.052899 0.259423 -1.469845
v 0.052900 -2.856185 -1.480451
v -0.015603 1.059127 -1.480452
v -0.015603 0.184139 -1.469777
v -0.015603 -0.146878 -1.468612
v -0.015602 -2.868122 -1.480451
v -0.015602 -2.955791 -1.480452
v -0.015603 -0.047273 -1.468677
v -0.015603 -0.134944 -1.468541
v -0.015603 0.259423 -1.469845
v -0.015603 0.247487 -1.469592
v -0.015603 0.206374 -1.520438
v -0.015603 0.184139 -1.520623
v -0.015602 -3.084004 -1.531298
v -0.015603 -0.146878 -1.519458
v -0.015602 -2.955791 -1.531298
v -0.015603 -0.047273 -1.519523
v -0.015603 -0.059210 -1.519388
v -0.015603 -0.134944 -1.519388
v -0.015603 0.259423 -1.520692
v -0.015603 0.247487 -1.520438
v 0.184706 1.059128 -1.531298
v 0.115814 1.059127 -1.531298
v -0.094554 -0.134943 -1.531298
v 0.106027 0.862676 -0.718359
v 0.106027 0.973497 -1.234595
v -0.018320 -2.052105 -0.757196
v 0.006449 -1.283804 -1.201616
v 0.165965 0.335896 -0.084395
v 0.106027 0.908505 -0.996272
v 0.165965 0.945839 -0.641212
v 0.165965 1.071433 -0.902587
v 0.079724 -0.146878 -0.282948
v 0.114471 -2.856185 -0.282948
v -0.127308 -2.955791 -1.481030
v -0.127308 -2.955791 -0.159029
v -0.041066 -1.142723 -0.881988
v -0.041066 -1.147268 -0.824160
v 0.006449 -1.120637 -0.881988
v 0.006449 -1.125600 -0.818836
v 0.106027 0.657141 -0.578282
v -0.051517 -2.068598 -0.749301
v 0.184706 -2.943856 -1.531298
v 0.184706 -2.943856 -1.396381
v 0.089511 -2.868122 -1.531297
v 0.133212 -2.868122 -1.531297
v -0.050854 -2.868122 -1.531298
v -0.094554 -2.868122 -1.531298
v -0.077157 1.007258 -1.531298
v -0.077157 1.059127 -1.531298
v 0.115814 1.007258 -1.396381
v 0.115814 1.007258 -1.531298
v -0.146048 0.206992 -1.396381
v -0.041066 -2.633473 -1.203952
v -0.018320 -2.633473 -1.203952
v -0.018320 -2.068598 -0.749301
v -0.067370 0.184139 -0.166215
v -0.067370 0.184139 -1.481029
v -0.127307 0.776818 -0.412116
v -0.127307 0.945839 -0.641212
v -0.127307 0.335896 -0.084395
v -0.041066 -1.161264 -0.766331
v -0.041066 -2.070744 -0.881988
v -0.051517 -2.068598 -1.014677
v -0.041066 -1.224128 -1.113305
v 0.165965 -3.084004 0.000481
v -0.041066 -0.225133 -0.380305
v -0.041066 -0.225133 -1.383672
v -0.018320 -1.963454 -0.581642
v 0.079724 -0.377447 -0.532618
v 0.079724 -0.377446 -1.231359
v 0.165965 0.184139 -0.166215
v 0.106027 0.259423 -0.288664
v -0.099474 0.259423 -1.481029
v -0.077157 0.205632 -1.396381
v -0.077157 0.247487 -1.396381
v -0.118215 0.247487 -1.396381
v -0.077157 0.205097 -1.531298
v -0.146048 1.178305 -1.531298
v -0.146048 1.178305 -1.396381
v -0.077157 1.059127 -1.396381
v 0.089511 -2.943856 -1.396381
v -0.146048 -3.084114 -1.531298
v -0.050854 -0.134944 -1.396381
v -0.041066 -1.185950 -0.708502
v 0.006449 -1.271207 -0.569216
v 0.106027 0.977228 -0.956755
v -0.041066 -1.185950 -1.055475
v -0.041066 -1.161263 -0.997647
v -0.041066 -1.147268 -0.939818
v 0.006449 -1.167568 -1.070719
v 0.006449 -1.140838 -1.008102
v -0.041066 -1.388918 -0.535015
v -0.041066 -0.349488 -0.535015
v -0.075813 -2.856185 -0.282948
v -0.041066 -2.856185 -0.282948
v 0.106027 0.299845 -0.205258
v 0.106027 0.184139 -0.166215
v 0.138131 0.908505 -0.996272
v -0.018320 -2.003977 -1.145548
v -0.041066 -0.047273 -0.159029
v 0.006449 -1.147268 -0.939818
v 0.006449 -1.271207 -1.194761
v -0.041268 -1.271207 -1.194761
v -0.127307 0.184139 -0.166215
v -0.127307 1.047429 -1.214179
v -0.127308 1.071064 -1.481029
v 0.138131 0.995323 -1.481030
v -0.041268 -1.167568 -0.693258
v 0.006449 -0.349488 -0.535015
v 0.006449 -0.349488 -1.228962
v -0.041268 -1.283804 -0.562362
v -0.041268 -0.371469 -0.562361
v 0.006449 -0.371469 -0.562361
v 0.079724 -0.047273 -0.159029
v -0.099474 0.657141 -0.578282
v -0.099474 0.973497 -1.234594
v -0.041066 -2.777930 -1.383672
v -0.041066 -2.777931 -0.380305
v -0.041268 -1.140838 -1.008102
v -0.051517 -2.616098 -1.182336
v -0.051517 -1.963454 -1.182335
v -0.075813 -2.777930 -1.383672
v -0.075813 -0.225133 -1.383672
v -0.041066 -0.146878 -1.481029
v -0.051517 -2.003977 -0.618429
v 0.115814 0.210468 -1.396381
v 0.089511 -0.134943 -1.396381
v 0.089511 -0.059209 -1.396381
v -0.146048 -3.084113 -1.396381
v 0.133212 -0.134943 -1.396381
v 0.133212 -0.134943 -1.515185
v -0.018320 -2.003977 -0.618429
v 0.006449 -1.224128 -1.113305
v -0.050854 -2.868122 -1.396381
v -0.146048 -0.059209 -1.396381
v -0.118215 1.007258 -1.396381
v 0.156872 0.247487 -1.515185
v 0.156872 1.007258 -1.531298
v 0.184706 0.206992 -1.396381
v -0.050854 -0.134944 -1.531298
v 0.184706 -3.084113 -1.531298
v -0.118215 1.007258 -1.531298
v 0.115814 0.247487 -1.396381
v 0.006449 -1.282638 -0.592844
v 0.006449 -1.388918 -0.535015
v -0.041066 -1.910165 -1.203952
v -0.041066 -1.990966 -1.130600
v 0.114471 -2.777930 -1.383672
v 0.165965 0.707621 -0.508193
v 0.006449 -1.208626 -1.132908
v -0.041066 -1.282638 -0.592844
v -0.041066 -2.856185 -1.481030
v -0.018320 -1.963454 -1.182335
v -0.127308 -0.047273 -0.159029
v 0.006449 -1.185950 -0.708502
v -0.018320 -2.633473 -0.560025
v 0.114471 -0.146878 -0.282948
v 0.106027 0.273545 -0.293430
v 0.138131 0.273545 -0.293430
v -0.067370 0.259423 -0.288664
v 0.114471 -2.777931 -0.380305
v 0.165965 0.184139 -1.481029
v 0.006449 -1.388918 -1.228963
v 0.006449 -1.167568 -0.693258
v -0.041066 -2.633473 -0.560025
v -0.041066 -1.910165 -0.560025
v -0.075813 -0.146878 -0.282948
v -0.127307 0.517624 -0.334745
v 0.184706 -0.059210 -1.515185
v 0.184706 -3.084113 -1.396381
v 0.156872 0.247487 -1.396381
v 0.052899 0.206374 -1.520438
v 0.089511 -0.134943 -1.515185
v -0.146048 1.059128 -1.396381
v -0.118215 0.247487 -1.531298
v -0.041066 -0.349488 -1.228962
v -0.018320 -2.616098 -0.581642
v -0.051517 -2.616098 -0.581642
v 0.165965 -0.047273 -0.159029
v 0.079724 -2.625617 -1.231359
v 0.114471 -0.146878 -1.481029
v -0.067370 0.862676 -0.718359
v 0.006449 -1.147268 -0.824160
v -0.018320 -1.910165 -0.560025
v 0.165965 -2.955791 -0.159029
v -0.075813 -0.146878 -1.481029
v 0.165965 -2.955791 -1.481030
v 0.165965 -0.047273 -1.481029
v 0.079724 -2.856185 -1.481030
v 0.165965 0.977228 -0.956755
v 0.165965 1.047429 -1.214179
v 0.165965 1.071064 -1.481029
v -0.067370 1.071064 -1.481029
v -0.067370 0.259423 -1.481029
v 0.052899 0.995323 -1.531298
v 0.052900 -2.856185 -1.531298
v 0.052900 -2.868122 -1.531298
v 0.052899 1.178305 -1.531298
v -0.015603 1.007258 -1.531298
v -0.015603 1.059127 -1.531298
v -0.015603 0.995323 -1.531298
v 0.052899 -0.047273 -1.519523
v 0.052899 -0.059210 -1.519388
v 0.052899 0.259423 -1.520691
v -0.015603 1.178305 -1.531298
v -0.015603 -2.856185 -1.531298
v -0.015603 -2.868122 -1.531298
v -0.015603 0.205701 -1.526158
v 0.052899 0.247487 -1.469592
v 0.052899 0.206374 -1.469592
v 0.052899 0.184139 -1.469777
v 0.052900 -2.943856 -1.480452
v 0.052899 -0.134944 -1.468541
v 0.052899 1.170275 -1.480451
v -0.015603 0.995323 -1.480451
v -0.015603 1.007258 -1.480451
v -0.015603 0.206374 -1.469592
v -0.015602 -2.856185 -1.480451
v -0.015602 -2.943856 -1.480452
v -0.015603 -0.059209 -1.468541
v -0.015603 1.170275 -1.480451
v -0.015602 -3.084004 -1.480452
v -0.015602 -2.943856 -1.531298
v 0.079724 -2.777930 -1.383672
v 0.079724 -0.225133 -1.383672
v 0.079724 -0.225133 -0.380305
v 0.079724 -2.777931 -0.380305
v 0.046102 -2.487626 -1.093368
v 0.046102 -0.515437 -1.093368
v 0.046102 -0.515438 -0.670609
v 0.046102 -2.487626 -0.670609
v 0.046102 -2.625617 -1.231359
v 0.046102 -0.377446 -1.231359
v 0.046102 -0.377447 -0.532618
v 0.046102 -2.625618 -0.532618
v 0.064963 -2.487626 -1.093368
v 0.064963 -0.515437 -1.093368
v 0.064963 -0.515438 -0.670609
v 0.064963 -2.487626 -0.670609
v -0.092448 -1.586628 -1.161546
v -0.092448 -1.532536 -1.156219
v -0.092448 -1.480522 -1.140440
v -0.092448 -1.432585 -1.114818
v -0.092448 -1.390569 -1.080336
v -0.092448 -1.356087 -1.038319
v -0.092448 -1.330464 -0.990383
v -0.092448 -1.314686 -0.938369
v -0.092448 -1.309358 -0.884277
v -0.092448 -1.314686 -0.830184
v -0.092448 -1.330464 -0.778170
v -0.092448 -1.356087 -0.730234
v -0.092448 -1.390569 -0.688217
v -0.092448 -1.432586 -0.653735
v -0.092448 -1.480522 -0.628112
v -0.092448 -1.532536 -0.612334
v -0.092448 -1.586629 -0.607007
v -0.092448 -1.640721 -0.612334
v -0.092448 -1.692735 -0.628112
v -0.092448 -1.740671 -0.653735
v -0.092448 -1.782688 -0.688217
v -0.092448 -1.817170 -0.730234
v -0.092448 -1.842792 -0.778170
v -0.092448 -1.858571 -0.830184
v -0.092448 -1.863899 -0.884277
v -0.092448 -1.858571 -0.938370
v -0.092448 -1.842792 -0.990383
v -0.092448 -1.817170 -1.038320
v -0.092448 -1.782688 -1.080336
v -0.092448 -1.740671 -1.114818
v -0.092448 -1.692735 -1.140441
v -0.092448 -1.640721 -1.156219
v -0.045532 -1.586628 -1.227965
v -0.045532 -1.519578 -1.221361
v -0.045532 -1.455105 -1.201803
v -0.045532 -1.395685 -1.170042
v -0.045532 -1.343604 -1.127301
v -0.045532 -1.300862 -1.075219
v -0.045532 -1.269102 -1.015800
v -0.045532 -1.249544 -0.951327
v -0.045532 -1.242940 -0.884277
v -0.045532 -1.249544 -0.817226
v -0.045532 -1.269102 -0.752753
v -0.045532 -1.300862 -0.693334
v -0.045532 -1.343604 -0.641252
v -0.045532 -1.395686 -0.598510
v -0.045532 -1.455105 -0.566750
v -0.045532 -1.519578 -0.547192
v -0.045532 -1.586629 -0.540589
v -0.045532 -1.653679 -0.547192
v -0.045532 -1.718152 -0.566750
v -0.045532 -1.777571 -0.598510
v -0.045532 -1.829653 -0.641252
v -0.045532 -1.872395 -0.693334
v -0.045532 -1.904155 -0.752753
v -0.045532 -1.923713 -0.817227
v -0.045532 -1.930317 -0.884277
v -0.045532 -1.923713 -0.951327
v -0.045532 -1.904155 -1.015801
v -0.045532 -1.872395 -1.075220
v -0.045532 -1.829652 -1.127301
v -0.045532 -1.777571 -1.170043
v -0.045532 -1.718152 -1.201803
v -0.045532 -1.653678 -1.221361
v -0.044552 -1.586629 -1.093229
v -0.044552 -1.545864 -1.089213
v -0.044552 -1.506666 -1.077323
v -0.044552 -1.470541 -1.058014
v -0.044552 -1.438877 -1.032028
v -0.044552 -1.412891 -1.000364
v -0.044552 -1.393582 -0.964239
v -0.044552 -1.381691 -0.925041
v -0.044552 -1.377676 -0.884277
v -0.044552 -1.381691 -0.843512
v -0.044552 -1.393582 -0.804314
v -0.044552 -1.412891 -0.768189
v -0.044552 -1.438877 -0.736525
v -0.044552 -1.470541 -0.710539
v -0.044552 -1.506666 -0.691230
v -0.044552 -1.545864 -0.679340
v -0.044552 -1.586629 -0.675325
v -0.044552 -1.627393 -0.679340
v -0.044552 -1.666591 -0.691230
v -0.044552 -1.702716 -0.710539
v -0.044552 -1.734380 -0.736525
v -0.044552 -1.760366 -0.768189
v -0.044552 -1.779675 -0.804314
v -0.044552 -1.791566 -0.843512
v -0.044552 -1.795581 -0.884277
v -0.044552 -1.791566 -0.925041
v -0.044552 -1.779675 -0.964239
v -0.044552 -1.760365 -1.000364
v -0.044552 -1.734380 -1.032028
v -0.044552 -1.702716 -1.058014
v -0.044552 -1.666591 -1.077323
v -0.044552 -1.627393 -1.089214
v -0.042529 -1.345924 -1.279660
v -0.042529 -1.356718 -1.333925
v -0.052941 -1.366690 -1.283791
v -0.052941 -1.356718 -1.333925
v -0.052941 -1.331269 -1.310781
v -0.042529 -1.707623 -1.312189
v -0.042529 -1.685887 -1.279660
v -0.042529 -1.653358 -1.301396
v -0.042529 -1.675094 -1.333925
v -0.052941 -1.703492 -1.291423
v -0.052941 -1.657489 -1.322162
v -0.052941 -1.697490 -1.295434
v -0.062414 -1.684479 -1.286740
v -0.062414 -1.685852 -1.314816
v -0.062414 -1.678359 -1.317506
v -0.062414 -1.670808 -1.307570
v -0.062414 -1.359453 -1.312226
v -0.062414 -1.353411 -1.317301
v -0.062414 -1.345808 -1.315044
v -0.062414 -1.345642 -1.314800
v -0.062414 -1.344957 -1.311159
v -0.062414 -1.684780 -1.307568
v -0.062414 -1.686312 -1.302903
v -0.062414 -1.675721 -1.299654
v -0.062414 -1.675286 -1.299988
v -0.062414 -1.356072 -1.299683
v -0.062414 -1.349300 -1.296633
v -0.062414 -1.346711 -1.307561
v -0.062414 -1.345184 -1.302692
v -0.062414 -1.334321 -1.295434
v -0.052941 -1.663491 -1.318151
v -0.062414 -1.691849 -1.323792
v -0.058500 -1.677626 -1.307377
v -0.058749 -1.676856 -1.309114
v -0.058652 -1.677158 -1.310869
v -0.058365 -1.678043 -1.312227
v -0.058047 -1.679023 -1.312773
v -0.057644 -1.680271 -1.312257
v -0.057119 -1.681892 -1.310949
v -0.056664 -1.683296 -1.309203
v -0.056470 -1.683895 -1.307377
v -0.056664 -1.683296 -1.305552
v -0.057119 -1.681892 -1.303806
v -0.057644 -1.680271 -1.302497
v -0.058365 -1.678043 -1.302527
v -0.058652 -1.677158 -1.303886
v -0.058749 -1.676856 -1.305641
v -0.061567 -1.675332 -1.315026
v -0.061537 -1.672247 -1.311379
v -0.061567 -1.675332 -1.300102
v -0.061601 -1.678891 -1.297367
v -0.061674 -1.686391 -1.303936
v -0.091911 -1.690449 -1.313269
v -0.091753 -1.689453 -1.318850
v -0.091292 -1.686530 -1.323168
v -0.090130 -1.679176 -1.323263
v -0.089285 -1.673828 -1.319103
v -0.088553 -1.669192 -1.313554
v -0.088240 -1.667215 -1.307750
v -0.088553 -1.669192 -1.301946
v -0.089285 -1.673828 -1.296397
v -0.090130 -1.679176 -1.292237
v -0.091292 -1.686530 -1.292332
v -0.091753 -1.689453 -1.296650
v -0.131654 -1.677865 -1.322840
v -0.128970 -1.674936 -1.328639
v -0.125999 -1.671693 -1.330966
v -0.122217 -1.667566 -1.328766
v -0.117305 -1.662205 -1.323180
v -0.111232 -1.655577 -1.307936
v -0.113048 -1.657559 -1.300143
v -0.117305 -1.662205 -1.292692
v -0.122217 -1.667566 -1.287106
v -0.125999 -1.671693 -1.284906
v -0.128970 -1.674936 -1.287234
v -0.131654 -1.677865 -1.293032
v -0.157177 -1.633476 -1.317425
v -0.155487 -1.633301 -1.326831
v -0.150526 -1.632787 -1.334109
v -0.138045 -1.631494 -1.334269
v -0.128967 -1.630553 -1.327258
v -0.121099 -1.629738 -1.317905
v -0.121099 -1.629738 -1.298340
v -0.128967 -1.630553 -1.288988
v -0.138045 -1.631494 -1.281976
v -0.150526 -1.632787 -1.282136
v -0.155487 -1.633301 -1.289414
v -0.157177 -1.633476 -1.298820
v -0.145801 -1.596117 -1.324160
v -0.141726 -1.597515 -1.330448
v -0.137214 -1.599062 -1.332973
v -0.131472 -1.601032 -1.330587
v -0.124013 -1.603590 -1.324529
v -0.117549 -1.605806 -1.316450
v -0.114792 -1.606752 -1.307998
v -0.117549 -1.605806 -1.299546
v -0.124013 -1.603590 -1.291466
v -0.131472 -1.601032 -1.285409
v -0.141726 -1.597515 -1.285547
v -0.145801 -1.596117 -1.291835
v -0.147190 -1.595641 -1.299961
v -0.125881 -1.558741 -1.321490
v -0.122633 -1.560361 -1.326788
v -0.114459 -1.564436 -1.326904
v -0.108514 -1.567401 -1.321801
v -0.103362 -1.569970 -1.314994
v -0.101164 -1.571065 -1.307873
v -0.103362 -1.569970 -1.300753
v -0.108514 -1.567401 -1.293946
v -0.114459 -1.564436 -1.288842
v -0.119036 -1.562154 -1.286832
v -0.122633 -1.560361 -1.288958
v -0.125881 -1.558741 -1.294256
v -0.126988 -1.558189 -1.301102
v -0.105220 -1.521708 -1.313254
v -0.104309 -1.522134 -1.318820
v -0.101636 -1.523385 -1.323127
v -0.094910 -1.526530 -1.323222
v -0.090017 -1.528819 -1.319072
v -0.085777 -1.530802 -1.313538
v -0.083968 -1.531647 -1.307749
v -0.085777 -1.530802 -1.301959
v -0.090017 -1.528819 -1.296424
v -0.094910 -1.526530 -1.292275
v -0.101636 -1.523385 -1.292370
v -0.104309 -1.522134 -1.296677
v -0.089387 -1.489705 -1.311863
v -0.088634 -1.489887 -1.316149
v -0.086425 -1.490423 -1.319466
v -0.080868 -1.491771 -1.319540
v -0.076826 -1.492752 -1.316344
v -0.073323 -1.493602 -1.312082
v -0.073323 -1.493602 -1.303165
v -0.076826 -1.492752 -1.298903
v -0.080868 -1.491771 -1.295708
v -0.086425 -1.490423 -1.295781
v -0.088634 -1.489887 -1.299098
v -0.085941 -1.451563 -1.311675
v -0.085198 -1.451588 -1.315789
v -0.083018 -1.451662 -1.318972
v -0.077533 -1.451849 -1.319042
v -0.073544 -1.451985 -1.315976
v -0.070086 -1.452103 -1.311885
v -0.070086 -1.452103 -1.303328
v -0.073544 -1.451985 -1.299238
v -0.077533 -1.451849 -1.296171
v -0.080605 -1.451744 -1.294964
v -0.083018 -1.451662 -1.296241
v -0.085198 -1.451588 -1.299425
v -0.085941 -1.451563 -1.303538
v -0.084573 -1.403470 -1.307590
v -0.086390 -1.403388 -1.311488
v -0.085678 -1.403420 -1.315428
v -0.083591 -1.403515 -1.318478
v -0.081280 -1.403620 -1.319702
v -0.078339 -1.403753 -1.318545
v -0.074519 -1.403927 -1.315607
v -0.071208 -1.404077 -1.311689
v -0.069796 -1.404141 -1.307590
v -0.071208 -1.404077 -1.303491
v -0.074519 -1.403927 -1.299573
v -0.078339 -1.403753 -1.296635
v -0.081280 -1.403620 -1.295478
v -0.083591 -1.403515 -1.296702
v -0.085678 -1.403420 -1.299752
v -0.080393 -1.360434 -1.315068
v -0.078613 -1.361342 -1.317984
v -0.074135 -1.363626 -1.318048
v -0.070878 -1.365287 -1.315239
v -0.068055 -1.366726 -1.311492
v -0.068055 -1.366726 -1.303654
v -0.070878 -1.365287 -1.299907
v -0.074135 -1.363626 -1.297098
v -0.076643 -1.362347 -1.295992
v -0.078613 -1.361342 -1.297163
v -0.062414 -1.360475 -1.311398
v -0.062414 -1.352869 -1.317722
v -0.062414 -1.683855 -1.297298
v -0.062414 -1.360475 -1.303732
v -0.062414 -1.347665 -1.297495
v -0.062414 -1.345642 -1.300321
v -0.052941 -1.339962 -1.323792
v -0.052941 -1.355310 -1.326845
v -0.052941 -1.347332 -1.286740
v -0.062414 -1.331269 -1.310781
v -0.062414 -1.339962 -1.323792
v -0.062414 -1.347332 -1.286740
v -0.052941 -1.669132 -1.289793
v -0.052941 -1.660438 -1.302804
v -0.062414 -1.676502 -1.326845
v -0.062414 -1.697490 -1.295434
v -0.062414 -1.683855 -1.317839
v -0.062414 -1.681676 -1.319001
v -0.062414 -1.678899 -1.317917
v -0.062414 -1.675286 -1.315150
v -0.062414 -1.672644 -1.312035
v -0.062414 -1.672148 -1.311449
v -0.062414 -1.671681 -1.305040
v -0.062414 -1.356825 -1.315025
v -0.062414 -1.346618 -1.307728
v -0.062414 -1.685821 -1.300178
v -0.062414 -1.672148 -1.303690
v -0.062414 -1.356825 -1.300102
v -0.062414 -1.352869 -1.297402
v -0.062414 -1.349931 -1.296350
v -0.062414 -1.344957 -1.303962
v -0.052941 -1.345924 -1.279660
v -0.062414 -1.355310 -1.326845
v -0.061658 -1.684699 -1.307564
v -0.061668 -1.685729 -1.314859
v -0.061649 -1.683784 -1.317698
v -0.061628 -1.681631 -1.318837
v -0.061524 -1.670932 -1.307564
v -0.061537 -1.672247 -1.303748
v -0.058047 -1.679023 -1.301982
v -0.061628 -1.681631 -1.296290
v -0.061649 -1.683784 -1.297429
v -0.061668 -1.685729 -1.300268
v -0.091509 -1.687905 -1.307750
v -0.130233 -1.676314 -1.307936
v -0.090781 -1.683295 -1.324902
v -0.090781 -1.683295 -1.290598
v -0.152860 -1.633029 -1.308122
v -0.145035 -1.632218 -1.337031
v -0.145035 -1.632218 -1.279214
v -0.143643 -1.596857 -1.307998
v -0.137214 -1.599062 -1.283023
v -0.124161 -1.559599 -1.307873
v -0.119036 -1.562154 -1.328914
v -0.102894 -1.522796 -1.307748
v -0.098676 -1.524769 -1.324856
v -0.098676 -1.524769 -1.290641
v -0.087464 -1.490171 -1.307624
v -0.083980 -1.491016 -1.320798
v -0.083980 -1.491016 -1.294449
v -0.084043 -1.451627 -1.307607
v -0.080605 -1.451744 -1.320250
v -0.076643 -1.362347 -1.319154
v -0.062414 -1.682521 -1.296586
v -0.052941 -1.371374 -1.302804
v -0.052941 -1.368321 -1.318151
v -0.062414 -1.371374 -1.302804
v -0.052941 -1.695860 -1.329794
v -0.052941 -1.675094 -1.333925
v -0.052941 -1.707623 -1.312189
v -0.052941 -1.685887 -1.279660
v -0.052941 -1.653358 -1.301396
v -0.062414 -1.686491 -1.311242
v -0.062414 -1.349931 -1.318772
v -0.062414 -1.347665 -1.317627
v -0.062414 -1.678899 -1.297221
v -0.062414 -1.681676 -1.296136
v -0.042529 -1.335952 -1.329794
v -0.052941 -1.335952 -1.329794
v -0.042529 -1.378453 -1.301396
v -0.052941 -1.378453 -1.301396
v -0.052941 -1.328320 -1.291423
v -0.042529 -1.328320 -1.291423
v -0.052941 -1.700543 -1.310781
v -0.062414 -1.700543 -1.310781
v -0.052941 -1.691849 -1.323792
v -0.062414 -1.360870 -1.304893
v -0.062414 -1.362139 -1.307566
v -0.061601 -1.678891 -1.317760
v -0.132569 -1.678864 -1.300525
v -0.091911 -1.690449 -1.302231
v -0.132569 -1.678864 -1.315347
v -0.113048 -1.657559 -1.315730
v -0.117743 -1.629390 -1.308123
v -0.147190 -1.595641 -1.316035
v -0.126988 -1.558189 -1.314644
v -0.105220 -1.521708 -1.302243
v -0.089387 -1.489705 -1.303384
v -0.071829 -1.493964 -1.307624
v -0.068612 -1.452153 -1.307607
v -0.086390 -1.403388 -1.303692
v -0.079451 -1.360915 -1.307573
v -0.081000 -1.360125 -1.303846
v -0.081000 -1.360125 -1.311300
v -0.066851 -1.367340 -1.307573
v -0.080393 -1.360434 -1.300079
v -0.061674 -1.686391 -1.311191
v -0.052941 -1.324189 -1.312189
v -0.042529 -1.324189 -1.312189
v -0.052941 -1.374323 -1.322162
v -0.042529 -1.374323 -1.322162
v -0.042529 -1.366690 -1.283791
v -0.062414 -1.368321 -1.318151
v -0.062414 -1.362680 -1.289793
v -0.052941 -1.362680 -1.289793
v -0.052941 -1.334321 -1.295434
v -0.042529 -1.695860 -1.329794
v -0.042529 -1.657489 -1.322162
v -0.052941 -1.665121 -1.283791
v -0.042529 -1.665121 -1.283791
v -0.042529 -1.703492 -1.291423
v -0.062414 -1.660438 -1.302804
v -0.062414 -1.663491 -1.318151
v -0.052941 -1.684479 -1.286740
v -0.062414 -1.669132 -1.289793
v -0.052941 -1.676502 -1.326845
v -0.062414 -1.686491 -1.303894
v -0.052941 -1.339962 -1.323792
v -0.052941 -1.355310 -1.326845
v -0.052941 -1.660438 -1.302804
v -0.052941 -1.669132 -1.289793
v -0.062414 -1.671681 -1.305040
v -0.062414 -1.671681 -1.305040
v -0.062414 -1.672148 -1.303690
v -0.062414 -1.672148 -1.303690
v -0.062414 -1.352869 -1.297402
v -0.062414 -1.349931 -1.296350
v -0.062414 -1.349931 -1.296350
v -0.061668 -1.685729 -1.314859
v -0.061649 -1.683784 -1.317698
v -0.061524 -1.670932 -1.307564
v -0.061537 -1.672247 -1.303748
v -0.061628 -1.681631 -1.296290
v -0.061649 -1.683784 -1.297429
v -0.061668 -1.685729 -1.300268
v -0.145035 -1.632218 -1.279214
v -0.124161 -1.559599 -1.307873
v -0.084043 -1.451627 -1.307607
v -0.052941 -1.324189 -1.312189
v -0.052941 -1.335952 -1.329794
v -0.052941 -1.331269 -1.310781
v -0.052941 -1.368321 -1.318151
v -0.052941 -1.371374 -1.302804
v -0.062414 -1.362680 -1.289793
v -0.062414 -1.347332 -1.286740
v -0.052941 -1.675094 -1.333925
v -0.052941 -1.657489 -1.322162
v -0.062414 -1.349931 -1.318772
v -0.062414 -1.349931 -1.318772
v -0.062414 -1.352869 -1.317722
v -0.062414 -1.356825 -1.300102
v -0.052941 -1.691849 -1.323792
v -0.052941 -1.676502 -1.326845
v -0.062414 -1.678359 -1.317506
v -0.062414 -1.678359 -1.317506
v -0.062414 -1.678899 -1.317917
v -0.062414 -1.678899 -1.317917
v -0.062414 -1.675286 -1.315150
v -0.062414 -1.675286 -1.315150
v -0.062414 -1.344957 -1.311159
v -0.062414 -1.345642 -1.314800
v -0.062414 -1.345808 -1.315044
v -0.062414 -1.347665 -1.317627
v -0.062414 -1.686312 -1.302903
v -0.062414 -1.686312 -1.302903
v -0.062414 -1.686491 -1.303894
v -0.062414 -1.686491 -1.303894
v -0.062414 -1.349300 -1.296633
v -0.062414 -1.347665 -1.297495
v -0.062414 -1.345184 -1.302692
v -0.062414 -1.345642 -1.300321
v -0.052941 -1.366690 -1.283791
v -0.052941 -1.345924 -1.279660
v -0.061537 -1.672247 -1.311379
v -0.076643 -1.362347 -1.295992
v -0.062414 -1.682521 -1.296586
v -0.062414 -1.682521 -1.296586
v -0.062414 -1.683855 -1.297298
v -0.062414 -1.683855 -1.297298
v -0.062414 -1.685852 -1.314816
v -0.062414 -1.685852 -1.314816
v -0.062414 -1.686491 -1.311242
v -0.062414 -1.686491 -1.311242
v -0.052941 -1.347332 -1.286740
v -0.052941 -1.334321 -1.295434
v -0.062414 -1.331269 -1.310781
v -0.062414 -1.339962 -1.323792
v -0.062414 -1.334321 -1.295434
v -0.052941 -1.684479 -1.286740
v -0.052941 -1.663491 -1.318151
v -0.062414 -1.691849 -1.323792
v -0.062414 -1.676502 -1.326845
v -0.062414 -1.700543 -1.310781
v -0.062414 -1.697490 -1.295434
v -0.062414 -1.683855 -1.317839
v -0.062414 -1.683855 -1.317839
v -0.062414 -1.681676 -1.319001
v -0.062414 -1.681676 -1.319001
v -0.062414 -1.672644 -1.312035
v -0.062414 -1.672644 -1.312035
v -0.062414 -1.672148 -1.311449
v -0.062414 -1.672148 -1.311449
v -0.062414 -1.670808 -1.307570
v -0.062414 -1.670808 -1.307570
v -0.062414 -1.359453 -1.312226
v -0.062414 -1.356825 -1.315025
v -0.062414 -1.353411 -1.317301
v -0.062414 -1.346618 -1.307728
v -0.062414 -1.684780 -1.307568
v -0.062414 -1.684780 -1.307568
v -0.062414 -1.684780 -1.307568
v -0.062414 -1.685821 -1.300178
v -0.062414 -1.685821 -1.300178
v -0.062414 -1.675721 -1.299654
v -0.062414 -1.675721 -1.299654
v -0.062414 -1.675286 -1.299988
v -0.062414 -1.675286 -1.299988
v -0.062414 -1.356072 -1.299683
v -0.062414 -1.346711 -1.307561
v -0.062414 -1.344957 -1.303962
v -0.052941 -1.356718 -1.333925
v -0.052941 -1.374323 -1.322162
v -0.062414 -1.355310 -1.326845
v -0.062414 -1.368321 -1.318151
v -0.052941 -1.700543 -1.310781
v -0.052941 -1.697490 -1.295434
v -0.062414 -1.669132 -1.289793
v -0.062414 -1.684479 -1.286740
v -0.061658 -1.684699 -1.307564
v -0.061658 -1.684699 -1.307564
v -0.061674 -1.686391 -1.303936
v -0.061674 -1.686391 -1.311191
v -0.058047 -1.679023 -1.312773
v -0.061628 -1.681631 -1.318837
v -0.058047 -1.679023 -1.301982
v -0.125999 -1.671693 -1.330966
v -0.125999 -1.671693 -1.284906
v -0.145035 -1.632218 -1.337031
v -0.076643 -1.362347 -1.319154
v -0.052941 -1.328320 -1.291423
v -0.052941 -1.378453 -1.301396
v -0.052941 -1.362680 -1.289793
v -0.062414 -1.371374 -1.302804
v -0.052941 -1.695860 -1.329794
v -0.052941 -1.707623 -1.312189
v -0.052941 -1.703492 -1.291423
v -0.052941 -1.685887 -1.279660
v -0.052941 -1.665121 -1.283791
v -0.052941 -1.653358 -1.301396
v -0.062414 -1.660438 -1.302804
v -0.062414 -1.663491 -1.318151
v -0.062414 -1.678899 -1.297221
v -0.062414 -1.678899 -1.297221
v -0.062414 -1.681676 -1.296136
v -0.062414 -1.681676 -1.296136
v -0.089363 -1.747221 -0.884698
v -0.180209 -1.640904 -0.884698
v -0.184880 -1.641903 -0.884698
v -0.188460 -1.643130 -0.884698
v -0.195081 -1.647986 -0.884698
v -0.192145 -1.644463 -0.884698
v -0.197824 -1.642866 -0.884698
v -0.179881 -1.640764 -0.884698
v -0.110411 -1.713229 -0.884615
v -0.105028 -1.731141 -0.884669
v -0.041066 -1.750965 -0.884698
v -0.086496 -1.750485 -0.884698
v -0.184839 -1.641637 -0.884698
v -0.109468 -1.710044 -0.856473
v -0.087988 -1.565674 -0.715358
v -0.092740 -1.565631 -0.731821
v -0.091399 -1.559579 -0.732553
v -0.088036 -1.560277 -0.715770
v -0.089788 -1.553653 -0.733220
v -0.089987 -1.545446 -0.733581
v -0.088071 -1.546613 -0.717765
v -0.088086 -1.556881 -0.716091
v -0.092361 -1.489122 -0.748155
v -0.088297 -1.482853 -0.743485
v -0.089441 -1.622582 -0.736816
v -0.101731 -1.471710 -0.785242
v -0.108159 -1.464988 -0.795948
v -0.097868 -1.453203 -0.788201
v -0.096695 -1.460697 -0.778061
v -0.100604 -1.490562 -0.757666
v -0.132432 -1.530874 -0.841951
v -0.129279 -1.534190 -0.833698
v -0.137912 -1.549269 -0.847086
v -0.140507 -1.545361 -0.849755
v -0.123082 -1.572764 -0.814360
v -0.125357 -1.562277 -0.817955
v -0.139143 -1.554082 -0.852930
v -0.143596 -1.551731 -0.853595
v -0.100206 -1.535909 -0.746923
v -0.100402 -1.543564 -0.746609
v -0.151632 -1.677954 -0.870313
v -0.136890 -1.676992 -0.871732
v -0.120297 -1.542425 -0.818312
v -0.115008 -1.543717 -0.808619
v -0.117564 -1.550357 -0.813161
v -0.127321 -1.550318 -0.831409
v -0.103499 -1.550506 -0.744675
v -0.120510 -1.555785 -0.815267
v -0.143624 -1.574358 -0.846141
v -0.092113 -1.572074 -0.731660
v -0.087884 -1.570668 -0.715040
v -0.103459 -1.573149 -0.745972
v -0.151246 -1.609510 -0.846195
v -0.123294 -1.631595 -0.823689
v -0.100080 -1.624436 -0.753187
v -0.089811 -1.632539 -0.740158
v -0.103525 -1.635271 -0.753425
v -0.121418 -1.639284 -0.816646
v -0.172715 -1.678970 -0.868565
v -0.090928 -1.537896 -0.733850
v -0.105544 -1.557793 -0.744076
v -0.105070 -1.565661 -0.744924
v -0.153149 -1.574293 -0.856062
v -0.102037 -1.425183 -0.861820
v -0.089183 -1.409548 -0.859217
v -0.088898 -1.413978 -0.837100
v -0.102208 -1.431016 -0.838923
v -0.114922 -1.443004 -0.864486
v -0.116915 -1.445872 -0.842928
v -0.144691 -1.538072 -0.874863
v -0.138033 -1.526484 -0.873799
v -0.138729 -1.526339 -0.862000
v -0.143225 -1.538792 -0.864296
v -0.152426 -1.547116 -0.875441
v -0.149559 -1.548467 -0.865601
v -0.166153 -1.561812 -0.874680
v -0.160468 -1.564412 -0.865051
v -0.088753 -1.594904 -0.732461
v -0.088248 -1.587481 -0.732404
v -0.087957 -1.586236 -0.715054
v -0.088032 -1.594078 -0.715682
v -0.104749 -1.596906 -0.745420
v -0.103991 -1.588639 -0.745288
v -0.146268 -1.591540 -0.846590
v -0.148719 -1.600446 -0.847239
v -0.188237 -1.585528 -0.872147
v -0.174582 -1.589217 -0.863064
v -0.159796 -1.590721 -0.854113
v -0.194846 -1.592146 -0.868485
v -0.179173 -1.596889 -0.860219
v -0.163471 -1.598981 -0.852329
v -0.101706 -1.685297 -0.801991
v -0.110663 -1.700606 -0.825067
v -0.133630 -1.670067 -0.857380
v -0.143923 -1.670188 -0.858529
v -0.138282 -1.659597 -0.853413
v -0.129151 -1.659920 -0.850446
v -0.168926 -1.667159 -0.856721
v -0.163773 -1.655805 -0.854614
v -0.088862 -1.436715 -0.789830
v -0.094997 -1.448064 -0.799035
v -0.098055 -1.441671 -0.814952
v -0.088821 -1.431776 -0.797914
v -0.108816 -1.459556 -0.808762
v -0.110915 -1.453968 -0.824048
v -0.135918 -1.528078 -0.851276
v -0.140438 -1.540422 -0.854942
v -0.145997 -1.549702 -0.856576
v -0.150163 -1.566313 -0.857346
v -0.141947 -1.565838 -0.846576
v -0.166935 -1.608133 -0.849399
v -0.179006 -1.660190 -0.858553
v -0.171096 -1.651233 -0.859723
v -0.187600 -1.673371 -0.868076
v -0.089719 -1.601979 -0.733132
v -0.088148 -1.599697 -0.716245
v -0.102541 -1.605212 -0.747646
v -0.088359 -1.646161 -0.729053
v -0.088664 -1.654392 -0.733093
v -0.089409 -1.650005 -0.741938
v -0.089632 -1.663894 -0.750906
v -0.097061 -1.657799 -0.763884
v -0.088999 -1.443933 -0.780856
v -0.089089 -1.451712 -0.771217
v -0.130672 -1.554823 -0.833377
v -0.129265 -1.552276 -0.831505
v -0.142247 -1.559289 -0.852602
v -0.148003 -1.558394 -0.857923
v -0.159400 -1.554478 -0.875338
v -0.156178 -1.556774 -0.865880
v -0.088219 -1.540390 -0.718781
v -0.112980 -1.538630 -0.807885
v -0.170864 -1.633373 -0.846450
v -0.156311 -1.631244 -0.845298
v -0.158125 -1.643409 -0.847235
v -0.169074 -1.645172 -0.850991
v -0.123534 -1.646255 -0.827853
v -0.128882 -1.642195 -0.836682
v -0.090373 -1.641404 -0.742360
v -0.088250 -1.639280 -0.726195
v -0.103067 -1.646401 -0.757314
v -0.091345 -1.530175 -0.734623
v -0.088148 -1.533246 -0.720449
v -0.100204 -1.527780 -0.747466
v -0.124469 -1.538653 -0.824658
v -0.111655 -1.531164 -0.809346
v -0.134502 -1.547446 -0.835337
v -0.132503 -1.557399 -0.842784
v -0.200447 -1.604116 -0.864583
v -0.196361 -1.637349 -0.868353
v -0.194816 -1.646643 -0.872935
v -0.184277 -1.644360 -0.877160
v -0.182513 -1.643593 -0.878591
v -0.179802 -1.643770 -0.877510
v -0.180080 -1.644888 -0.874929
v -0.184541 -1.645025 -0.875659
v -0.180065 -1.645779 -0.872370
v -0.193272 -1.646956 -0.880265
v -0.193699 -1.653269 -0.876756
v -0.185402 -1.648462 -0.869611
v -0.184951 -1.646221 -0.873063
v -0.180612 -1.646474 -0.870676
v -0.180642 -1.647153 -0.869265
v -0.180970 -1.646042 -0.870705
v -0.103402 -1.726999 -0.853379
v -0.094103 -1.690248 -0.783629
v -0.098113 -1.709049 -0.812716
v -0.091187 -1.677287 -0.767663
v -0.103227 -1.674490 -0.780714
v -0.126496 -1.653582 -0.838753
v -0.133879 -1.648986 -0.846230
v -0.159121 -1.648552 -0.856764
v -0.167162 -1.647498 -0.857003
v -0.088643 -1.686986 -0.753624
v -0.089258 -1.718276 -0.793910
v -0.088548 -1.693944 -0.759932
v -0.089853 -1.744686 -0.858424
v -0.084046 -1.556744 -0.714892
v -0.084068 -1.546504 -0.716461
v -0.041066 -1.546527 -0.716432
v -0.041066 -1.556758 -0.714881
v -0.084190 -1.481803 -0.742610
v -0.041066 -1.481715 -0.742456
v -0.083951 -1.570652 -0.713807
v -0.085787 -1.406807 -0.858732
v -0.041066 -1.406659 -0.858751
v -0.041066 -1.411816 -0.836469
v -0.085098 -1.411856 -0.836472
v -0.083957 -1.586227 -0.713843
v -0.041066 -1.586227 -0.713737
v -0.085023 -1.434924 -0.788640
v -0.085187 -1.429795 -0.796641
v -0.041066 -1.429652 -0.796580
v -0.041066 -1.434840 -0.788573
v -0.084129 -1.599749 -0.715079
v -0.041066 -1.599741 -0.715019
v -0.084558 -1.655005 -0.731860
v -0.084342 -1.646618 -0.727931
v -0.041066 -1.646627 -0.727892
v -0.041066 -1.655014 -0.731841
v -0.085083 -1.450051 -0.769608
v -0.085376 -1.441881 -0.779338
v -0.041066 -1.441803 -0.779212
v -0.041066 -1.450004 -0.769590
v -0.084189 -1.540157 -0.717723
v -0.084217 -1.639666 -0.725125
v -0.084137 -1.533046 -0.719414
v -0.041066 -1.533067 -0.719403
v -0.087490 -1.747983 -0.857835
v -0.041066 -1.748338 -0.857827
v -0.041058 -1.722180 -0.791266
v -0.085516 -1.722039 -0.791245
v -0.041066 -1.694229 -0.758709
v -0.084542 -1.694846 -0.758109
v -0.041066 -1.686294 -0.751930
v -0.084603 -1.686831 -0.751030
v -0.137431 -1.557324 -0.843138
v -0.136887 -1.564364 -0.836953
v -0.137535 -1.573596 -0.835559
v -0.137540 -1.591341 -0.835936
v -0.138114 -1.600283 -0.837269
v -0.139471 -1.609426 -0.838053
v -0.143357 -1.629615 -0.843369
v -0.147299 -1.640376 -0.847564
v -0.150177 -1.648647 -0.856721
v -0.154552 -1.658219 -0.853556
v -0.158631 -1.669902 -0.857305
v -0.161643 -1.678252 -0.869235
v -0.126429 -1.552700 -0.844607
v -0.127815 -1.550105 -0.842405
v -0.123649 -1.550684 -0.832122
v -0.125367 -1.552310 -0.833701
v -0.126292 -1.548863 -0.837187
v -0.124716 -1.553930 -0.838759
v -0.134467 -1.554358 -0.850908
v -0.130553 -1.556566 -0.841774
v -0.126304 -1.551502 -0.832833
v -0.132696 -1.549121 -0.836518
v -0.134965 -1.549686 -0.844415
v -0.150880 -1.670220 -0.857979
v -0.146418 -1.659087 -0.853699
v -0.140536 -1.646135 -0.854768
v -0.137529 -1.640261 -0.844231
v -0.132248 -1.629738 -0.837007
v -0.130173 -1.609151 -0.828078
v -0.130673 -1.600073 -0.825631
v -0.131126 -1.591202 -0.824140
v -0.132499 -1.572977 -0.824980
v -0.133339 -1.563949 -0.829544
v -0.134926 -1.556123 -0.837658
v -0.111104 -1.710126 -0.915288
v -0.087988 -1.565674 -1.056553
v -0.088036 -1.560277 -1.056141
v -0.089115 -1.560240 -1.038270
v -0.092740 -1.565631 -1.040090
v -0.089064 -1.553989 -1.038465
v -0.089470 -1.545492 -1.038235
v -0.088297 -1.482853 -1.028426
v -0.092361 -1.489122 -1.023755
v -0.089441 -1.622582 -1.035095
v -0.101731 -1.471710 -0.986669
v -0.096695 -1.460697 -0.993850
v -0.097868 -1.453203 -0.983710
v -0.108159 -1.464988 -0.975962
v -0.100604 -1.490562 -1.014245
v -0.132432 -1.530874 -0.929959
v -0.140507 -1.545361 -0.922156
v -0.137912 -1.549269 -0.924825
v -0.129279 -1.534190 -0.938213
v -0.125357 -1.562277 -0.953956
v -0.143596 -1.551731 -0.918316
v -0.139143 -1.554082 -0.918980
v -0.096016 -1.544187 -1.023074
v -0.097153 -1.536035 -1.023904
v -0.151632 -1.677954 -0.901598
v -0.136890 -1.676992 -0.900178
v -0.120297 -1.542425 -0.953598
v -0.127321 -1.550318 -0.940502
v -0.117564 -1.550357 -0.958750
v -0.115008 -1.543717 -0.963292
v -0.099626 -1.551340 -1.025464
v -0.120510 -1.555785 -0.956644
v -0.137535 -1.573596 -0.936352
v -0.132499 -1.572977 -0.946930
v -0.087884 -1.570668 -1.056871
v -0.089219 -1.571353 -1.039011
v -0.100642 -1.572822 -1.025668
v -0.139173 -1.609307 -0.934159
v -0.129952 -1.609035 -0.944106
v -0.122022 -1.631612 -0.947915
v -0.096343 -1.624926 -1.016332
v -0.089811 -1.632539 -1.031753
v -0.103525 -1.635271 -1.018486
v -0.119307 -1.638993 -0.955361
v -0.161643 -1.678252 -0.902675
v -0.127357 -1.641845 -0.932747
v -0.122650 -1.646205 -0.943593
v -0.102390 -1.565609 -1.026779
v -0.102138 -1.558199 -1.027020
v -0.153149 -1.574293 -0.915849
v -0.102037 -1.425183 -0.910090
v -0.089183 -1.409548 -0.912694
v -0.114922 -1.443004 -0.907425
v -0.144309 -1.537430 -0.896605
v -0.138497 -1.525822 -0.897705
v -0.151377 -1.547047 -0.896108
v -0.164749 -1.562481 -0.896486
v -0.088753 -1.594904 -1.039449
v -0.088032 -1.594078 -1.056229
v -0.087957 -1.586236 -1.056857
v -0.088248 -1.587481 -1.039507
v -0.101829 -1.596806 -1.025689
v -0.100309 -1.588551 -1.025264
v -0.137402 -1.591357 -0.936246
v -0.137793 -1.600230 -0.935140
v -0.130553 -1.600004 -0.946473
v -0.131089 -1.591209 -0.947830
v -0.184067 -1.586005 -0.897832
v -0.159616 -1.590752 -0.917923
v -0.192108 -1.593432 -0.901442
v -0.161756 -1.599830 -0.915687
v -0.102189 -1.685762 -0.969609
v -0.106291 -1.679547 -0.956909
v -0.112221 -1.690688 -0.936277
v -0.110822 -1.700438 -0.946599
v -0.133630 -1.670067 -0.914531
v -0.129151 -1.659920 -0.921465
v -0.138282 -1.659597 -0.918497
v -0.143923 -1.670188 -0.913382
v -0.150880 -1.670220 -0.913932
v -0.146418 -1.659087 -0.918211
v -0.154552 -1.658219 -0.918355
v -0.158631 -1.669902 -0.914605
v -0.088862 -1.436715 -0.982081
v -0.088821 -1.431776 -0.973996
v -0.098055 -1.441671 -0.956959
v -0.094997 -1.448064 -0.972876
v -0.108816 -1.459556 -0.963149
v -0.110915 -1.453968 -0.947863
v -0.135918 -1.528078 -0.920635
v -0.140438 -1.540422 -0.916969
v -0.145997 -1.549702 -0.915335
v -0.143624 -1.574358 -0.925769
v -0.141947 -1.565838 -0.925335
v -0.150163 -1.566313 -0.914564
v -0.145750 -1.591603 -0.925665
v -0.145695 -1.600977 -0.921562
v -0.165328 -1.609359 -0.918467
v -0.148871 -1.610434 -0.922063
v -0.168926 -1.667159 -0.915190
v -0.163773 -1.655805 -0.917297
v -0.171096 -1.651233 -0.912187
v -0.179006 -1.660190 -0.913357
v -0.187600 -1.673371 -0.903835
v -0.172715 -1.678970 -0.903345
v -0.089719 -1.601979 -1.038778
v -0.088148 -1.599697 -1.055666
v -0.100328 -1.604955 -1.023576
v -0.088359 -1.646161 -1.042857
v -0.089409 -1.650005 -1.029973
v -0.088664 -1.654392 -1.038818
v -0.095722 -1.657185 -1.007326
v -0.089632 -1.663894 -1.021005
v -0.089089 -1.451712 -1.000694
v -0.088999 -1.443933 -0.991054
v -0.130672 -1.554823 -0.938534
v -0.129265 -1.552276 -0.940405
v -0.137431 -1.557324 -0.928772
v -0.136887 -1.564364 -0.934958
v -0.133339 -1.563949 -0.942367
v -0.134926 -1.556123 -0.934253
v -0.148003 -1.558394 -0.913988
v -0.142247 -1.559289 -0.919309
v -0.158460 -1.554791 -0.896054
v -0.112980 -1.538630 -0.964026
v -0.156311 -1.631244 -0.926612
v -0.170864 -1.633373 -0.925461
v -0.169074 -1.645172 -0.919035
v -0.158125 -1.643409 -0.924676
v -0.137577 -1.640336 -0.927625
v -0.132243 -1.629753 -0.934905
v -0.143357 -1.629615 -0.928541
v -0.147299 -1.640376 -0.924346
v -0.088250 -1.639280 -1.045715
v -0.090373 -1.641404 -1.029550
v -0.103067 -1.646401 -1.014596
v -0.109723 -1.658140 -0.989233
v -0.088148 -1.533246 -1.051462
v -0.091345 -1.530175 -1.037287
v -0.097767 -1.528088 -1.023767
v -0.111655 -1.531164 -0.962565
v -0.124469 -1.538653 -0.947253
v -0.134502 -1.547446 -0.936574
v -0.132503 -1.557399 -0.929127
v -0.196919 -1.605496 -0.903728
v -0.196361 -1.637349 -0.903558
v -0.194816 -1.646643 -0.898975
v -0.184277 -1.644360 -0.894750
v -0.180080 -1.644888 -0.896982
v -0.179802 -1.643770 -0.894400
v -0.182513 -1.643593 -0.893319
v -0.184541 -1.645025 -0.896251
v -0.180065 -1.645779 -0.899541
v -0.193272 -1.646956 -0.891646
v -0.193699 -1.653269 -0.895155
v -0.185402 -1.648462 -0.902300
v -0.180642 -1.647153 -0.902646
v -0.180612 -1.646474 -0.901235
v -0.184951 -1.646221 -0.898848
v -0.180970 -1.646042 -0.901205
v -0.103071 -1.726427 -0.918435
v -0.092719 -1.690714 -0.985513
v -0.097516 -1.708671 -0.957780
v -0.100271 -1.672831 -0.989038
v -0.090856 -1.677709 -1.003567
v -0.112816 -1.671280 -0.975843
v -0.126540 -1.653671 -0.932960
v -0.134013 -1.651026 -0.925456
v -0.150177 -1.648647 -0.919121
v -0.140536 -1.648039 -0.917143
v -0.168265 -1.645878 -0.914907
v -0.159121 -1.648552 -0.917508
v -0.088643 -1.686986 -1.018287
v -0.089258 -1.718276 -0.978001
v -0.088548 -1.693944 -1.011978
v -0.089853 -1.744686 -0.913486
v -0.041066 -1.481715 -1.029454
v -0.084190 -1.481803 -1.029301
v -0.083951 -1.570652 -1.058104
v -0.085787 -1.406807 -0.913178
v -0.041066 -1.406659 -0.913160
v -0.041066 -1.586227 -1.058174
v -0.083957 -1.586227 -1.058068
v -0.085023 -1.434924 -0.983270
v -0.041066 -1.434840 -0.983338
v -0.041066 -1.429652 -0.975331
v -0.085187 -1.429795 -0.975270
v -0.084129 -1.599749 -1.056831
v -0.041066 -1.599741 -1.056892
v -0.084558 -1.655005 -1.040050
v -0.041066 -1.655014 -1.040070
v -0.041066 -1.646627 -1.044019
v -0.084342 -1.646618 -1.043980
v -0.085083 -1.450051 -1.002303
v -0.041066 -1.450004 -1.002321
v -0.041066 -1.441803 -0.992698
v -0.085376 -1.441881 -0.992573
v -0.041066 -1.533067 -1.052507
v -0.084137 -1.533046 -1.052497
v -0.041066 -1.748338 -0.914084
v -0.087490 -1.747983 -0.914076
v -0.041058 -1.722180 -0.980645
v -0.085516 -1.722039 -0.980666
v -0.041066 -1.694229 -1.013202
v -0.084542 -1.694846 -1.013802
v -0.084603 -1.686831 -1.020880
v -0.041066 -1.686294 -1.019981
v -0.124716 -1.553930 -0.933151
v -0.125367 -1.552310 -0.938210
v -0.123649 -1.550684 -0.939789
v -0.126292 -1.548863 -0.934723
v -0.127815 -1.550105 -0.929506
v -0.126429 -1.552700 -0.927304
v -0.130553 -1.556566 -0.930137
v -0.126304 -1.551502 -0.939078
v -0.132696 -1.549121 -0.935392
v -0.134965 -1.549686 -0.927496
v -0.134467 -1.554358 -0.921002
v -0.135545 -1.554703 -0.842876
v -0.135498 -1.551481 -0.843138
v -0.134639 -1.554946 -0.838698
v -0.134376 -1.552158 -0.837997
v -0.134793 -1.552532 -0.839745
v -0.135520 -1.553172 -0.843312
v -0.136111 -1.553307 -0.844773
v -0.135771 -1.555674 -0.843558
v -0.135189 -1.556264 -0.841070
v -0.134541 -1.549627 -0.839049
v -0.135174 -1.549343 -0.841651
v -0.135135 -1.551034 -0.841624
v -0.135888 -1.550564 -0.844035
v -0.134298 -1.547263 -0.842046
v -0.135140 -1.549122 -0.845863
v -0.135502 -1.553603 -0.846998
v -0.135043 -1.557380 -0.844925
v -0.133227 -1.547702 -0.848271
v -0.133840 -1.554035 -0.849660
v -0.133350 -1.559319 -0.846597
v -0.132035 -1.560988 -0.841098
v -0.134095 -1.558533 -0.840957
v -0.130479 -1.558165 -0.835818
v -0.131707 -1.544484 -0.842966
v -0.130808 -1.546782 -0.837089
v -0.129754 -1.552016 -0.834183
v -0.133309 -1.548434 -0.838072
v -0.132580 -1.551975 -0.835893
v -0.133032 -1.556405 -0.837146
v -0.135545 -1.554703 -0.929146
v -0.135498 -1.551481 -0.928883
v -0.134639 -1.554946 -0.933323
v -0.134376 -1.552158 -0.934024
v -0.134793 -1.552532 -0.932276
v -0.135520 -1.553172 -0.928709
v -0.136111 -1.553307 -0.927248
v -0.135771 -1.555674 -0.928463
v -0.135189 -1.556264 -0.930951
v -0.134541 -1.549627 -0.932972
v -0.135174 -1.549343 -0.930370
v -0.135135 -1.551034 -0.930397
v -0.135888 -1.550564 -0.927985
v -0.134298 -1.547263 -0.929974
v -0.135140 -1.549122 -0.926158
v -0.135502 -1.553603 -0.925023
v -0.135043 -1.557380 -0.927096
v -0.133227 -1.547702 -0.923750
v -0.133840 -1.554035 -0.922361
v -0.133350 -1.559319 -0.925424
v -0.132035 -1.560988 -0.930923
v -0.134095 -1.558533 -0.931064
v -0.130479 -1.558165 -0.936203
v -0.131707 -1.544484 -0.929055
v -0.130808 -1.546782 -0.934932
v -0.129754 -1.552016 -0.937838
v -0.133309 -1.548434 -0.933949
v -0.132580 -1.551975 -0.936127
v -0.133032 -1.556405 -0.934875
v -0.174235 -1.716650 -0.931860
v -0.174235 -1.729416 -0.925355
v -0.174235 -1.739547 -0.915224
v -0.174235 -1.746052 -0.902457
v -0.174235 -1.746052 -0.874155
v -0.174235 -1.739547 -0.861389
v -0.174235 -1.729416 -0.851258
v -0.174235 -1.716650 -0.844753
v -0.174235 -1.702499 -0.842511
v -0.174235 -1.688347 -0.844753
v -0.174235 -1.675581 -0.851258
v -0.174235 -1.665449 -0.861389
v -0.174235 -1.658945 -0.874155
v -0.174235 -1.656703 -0.888306
v -0.174235 -1.658945 -0.902457
v -0.174235 -1.665449 -0.915224
v -0.174235 -1.675581 -0.925355
v -0.174235 -1.688347 -0.931860
v -0.174235 -1.702499 -0.934101
v -0.182331 -1.717686 -0.935049
v -0.182331 -1.731387 -0.928068
v -0.182331 -1.742260 -0.917195
v -0.182331 -1.749241 -0.903494
v -0.182331 -1.749241 -0.873119
v -0.182331 -1.742260 -0.859418
v -0.182331 -1.731387 -0.848545
v -0.182331 -1.717686 -0.841564
v -0.182331 -1.702499 -0.839158
v -0.182331 -1.687311 -0.841564
v -0.182331 -1.673610 -0.848545
v -0.182331 -1.662736 -0.859418
v -0.182331 -1.655756 -0.873119
v -0.182331 -1.653350 -0.888306
v -0.182331 -1.655756 -0.903494
v -0.182331 -1.662737 -0.917195
v -0.182331 -1.673610 -0.928068
v -0.182331 -1.687311 -0.935049
v -0.182331 -1.702499 -0.937455
v -0.185684 -1.720188 -0.942748
v -0.185684 -1.736145 -0.934618
v -0.185684 -1.748810 -0.921953
v -0.185684 -1.756941 -0.905996
v -0.185684 -1.756941 -0.870617
v -0.185684 -1.748810 -0.854659
v -0.185684 -1.736145 -0.841995
v -0.185684 -1.720188 -0.833865
v -0.185684 -1.702498 -0.831063
v -0.185684 -1.684809 -0.833865
v -0.185684 -1.668851 -0.841995
v -0.185684 -1.656187 -0.854659
v -0.185684 -1.648056 -0.870617
v -0.185684 -1.645255 -0.888306
v -0.185684 -1.648056 -0.905996
v -0.185684 -1.656187 -0.921953
v -0.185684 -1.668851 -0.934618
v -0.185684 -1.684809 -0.942748
v -0.185684 -1.702499 -0.945550
v -0.182331 -1.722689 -0.950448
v -0.182331 -1.740904 -0.941167
v -0.182331 -1.755359 -0.926712
v -0.182331 -1.764640 -0.908497
v -0.182331 -1.764640 -0.868115
v -0.182331 -1.755359 -0.849901
v -0.182331 -1.740904 -0.835446
v -0.182331 -1.722689 -0.826165
v -0.182331 -1.702498 -0.822967
v -0.182331 -1.682307 -0.826165
v -0.182331 -1.664093 -0.835446
v -0.182331 -1.649638 -0.849901
v -0.182331 -1.640357 -0.868115
v -0.182331 -1.637159 -0.888306
v -0.182331 -1.640357 -0.908497
v -0.182331 -1.649638 -0.926712
v -0.182331 -1.664093 -0.941167
v -0.182331 -1.682307 -0.950447
v -0.182331 -1.702499 -0.953645
v -0.174235 -1.723726 -0.953637
v -0.174235 -1.742875 -0.943880
v -0.174235 -1.758072 -0.928683
v -0.174235 -1.767829 -0.909533
v -0.174235 -1.767829 -0.867079
v -0.174235 -1.758072 -0.847930
v -0.174235 -1.742875 -0.832733
v -0.174235 -1.723726 -0.822976
v -0.174235 -1.702498 -0.819614
v -0.174235 -1.681271 -0.822976
v -0.174235 -1.662122 -0.832733
v -0.174235 -1.646925 -0.847930
v -0.174235 -1.637168 -0.867079
v -0.174235 -1.633806 -0.888306
v -0.174235 -1.637168 -0.909533
v -0.174235 -1.646925 -0.928682
v -0.174235 -1.662122 -0.943880
v -0.174235 -1.681271 -0.953637
v -0.174235 -1.702499 -0.956999
v -0.166140 -1.722689 -0.950448
v -0.166140 -1.740904 -0.941167
v -0.166140 -1.755359 -0.926712
v -0.166140 -1.764640 -0.908497
v -0.166140 -1.764640 -0.868115
v -0.166140 -1.755359 -0.849901
v -0.166140 -1.740904 -0.835446
v -0.166140 -1.722689 -0.826165
v -0.166140 -1.702499 -0.822967
v -0.166140 -1.682307 -0.826165
v -0.166140 -1.664093 -0.835446
v -0.166140 -1.649638 -0.849901
v -0.166140 -1.640357 -0.868115
v -0.166140 -1.637159 -0.888306
v -0.166140 -1.640357 -0.908497
v -0.166140 -1.649638 -0.926712
v -0.166140 -1.664093 -0.941167
v -0.166140 -1.682307 -0.950447
v -0.166140 -1.702499 -0.953645
v -0.162786 -1.720188 -0.942748
v -0.162786 -1.736145 -0.934618
v -0.162786 -1.748810 -0.921953
v -0.162786 -1.756941 -0.905996
v -0.162786 -1.756941 -0.870617
v -0.162786 -1.748810 -0.854659
v -0.162786 -1.736145 -0.841995
v -0.162786 -1.720188 -0.833865
v -0.162786 -1.702499 -0.831063
v -0.162786 -1.684809 -0.833865
v -0.162786 -1.668851 -0.841995
v -0.162786 -1.656187 -0.854659
v -0.162786 -1.648056 -0.870617
v -0.162786 -1.645255 -0.888306
v -0.162786 -1.648056 -0.905996
v -0.162786 -1.656187 -0.921953
v -0.162786 -1.668851 -0.934618
v -0.162786 -1.684809 -0.942748
v -0.162786 -1.702499 -0.945550
v -0.166140 -1.717686 -0.935049
v -0.166140 -1.731387 -0.928068
v -0.166140 -1.742260 -0.917195
v -0.166140 -1.749241 -0.903494
v -0.166140 -1.749241 -0.873119
v -0.166140 -1.742260 -0.859418
v -0.166140 -1.731387 -0.848545
v -0.166140 -1.717686 -0.841564
v -0.166140 -1.702499 -0.839158
v -0.166140 -1.687311 -0.841564
v -0.166140 -1.673610 -0.848545
v -0.166140 -1.662736 -0.859418
v -0.166140 -1.655756 -0.873119
v -0.166140 -1.653350 -0.888306
v -0.166140 -1.655756 -0.903494
v -0.166140 -1.662737 -0.917195
v -0.166140 -1.673610 -0.928068
v -0.166140 -1.687311 -0.935049
v -0.166140 -1.702499 -0.937455
v -0.174235 -1.735943 -0.897555
v -0.174235 -1.736525 -0.888306
v -0.189805 -1.742214 -0.898971
v -0.190874 -1.743586 -0.888306
v -0.174235 -1.735943 -0.879058
v -0.189805 -1.742214 -0.877641
v -0.196287 -1.757435 -0.902404
v -0.197367 -1.760203 -0.888306
v -0.196287 -1.757435 -0.874209
v -0.189805 -1.772656 -0.905836
v -0.190339 -1.776286 -0.888306
v -0.189805 -1.772656 -0.870776
v -0.174235 -1.778927 -0.907253
v -0.174235 -1.782810 -0.888306
v -0.174235 -1.778927 -0.869360
v -0.158665 -1.772656 -0.905836
v -0.158131 -1.776286 -0.888306
v -0.158666 -1.772656 -0.870776
v -0.152183 -1.757435 -0.902404
v -0.151103 -1.760203 -0.888306
v -0.152183 -1.757435 -0.874209
v -0.158666 -1.742214 -0.898971
v -0.157596 -1.743586 -0.888306
v -0.158666 -1.742214 -0.877641
v -0.132033 -2.977722 -0.028527
v -0.132033 -3.027425 -0.028527
v -0.132267 -2.985650 -0.119183
v -0.132267 -3.021241 -0.120545
v -0.132267 -2.975388 -0.175936
v -0.132267 -3.030665 -0.177943
v -0.132267 -2.987524 -0.217935
v -0.132267 -3.019609 -0.219100
v -0.132267 -2.975925 -0.250717
v -0.132267 -3.034450 -0.252843
v -0.132267 -2.982015 -0.286973
v -0.132267 -3.028359 -0.288656
v -0.132267 -2.982555 -0.357655
v -0.132267 -3.028899 -0.359338
v -0.132267 -2.973478 -0.400329
v -0.132267 -3.035816 -0.402592
v -0.132267 -2.984654 -0.450628
v -0.132267 -3.024640 -0.452080
v -0.132267 -2.986274 -0.482504
v -0.132267 -3.026261 -0.483956
v -0.132267 -2.977006 -0.491869
v -0.132267 -3.035528 -0.493994
v -0.132267 -2.978087 -0.694215
v -0.132267 -3.036609 -0.696340
v -0.132267 -2.988821 -0.738896
v -0.132267 -3.029116 -0.740359
v -0.132267 -2.977111 -0.762051
v -0.132267 -3.039745 -0.764325
v -0.132267 -2.977111 -0.868767
v -0.132267 -3.039745 -0.871042
v -0.132267 -2.999612 -0.959670
v -0.132267 -3.017244 -0.960310
v -0.145540 -2.977722 -0.028513
v -0.145540 -3.027425 -0.028513
v -0.145423 -2.985650 -0.119183
v -0.145423 -3.021241 -0.120545
v -0.145423 -2.975388 -0.175936
v -0.145423 -3.030665 -0.177943
v -0.145423 -2.987524 -0.217935
v -0.145423 -3.019609 -0.219100
v -0.145423 -2.975925 -0.250717
v -0.145423 -3.034450 -0.252843
v -0.145423 -2.982015 -0.286973
v -0.145423 -3.028359 -0.288656
v -0.145423 -2.982555 -0.357655
v -0.145423 -3.028899 -0.359338
v -0.145423 -2.973478 -0.400329
v -0.145423 -3.035816 -0.402592
v -0.145423 -2.984654 -0.450628
v -0.145423 -3.024640 -0.452080
v -0.145423 -2.986274 -0.482504
v -0.145423 -3.026261 -0.483956
v -0.145423 -2.977006 -0.491869
v -0.145423 -3.035528 -0.493994
v -0.145423 -2.978087 -0.694215
v -0.145423 -3.036609 -0.696340
v -0.145423 -2.988821 -0.738896
v -0.145423 -3.029116 -0.740359
v -0.145423 -2.977111 -0.762051
v -0.145423 -3.039745 -0.764325
v -0.145423 -2.977111 -0.868767
v -0.145423 -3.039745 -0.871042
v -0.145423 -2.999612 -0.959670
v -0.145423 -3.017244 -0.960310
v -0.155178 -2.977722 -0.018793
v -0.155178 -3.027485 -0.018793
v -0.155150 -2.977722 -0.005190
v -0.155150 -3.027485 -0.005190
v -0.145513 -2.977722 0.004409
v -0.145513 -3.027485 0.004409
v -0.131910 -2.977722 0.004381
v -0.131910 -3.027485 0.004381
v -0.122311 -2.977722 -0.005256
v -0.122311 -3.027485 -0.005256
v -0.122339 -2.977722 -0.018859
v -0.122339 -3.027485 -0.018859
v -0.131911 -3.027421 -0.031185
v -0.145663 -3.027421 -0.031171
v -0.145663 -2.977722 -0.031171
v -0.131911 -2.977722 -0.031185
v -0.155844 -2.977722 -0.020381
v -0.155812 -2.977722 -0.003585
v -0.155812 -3.027488 -0.003583
v -0.155844 -3.027483 -0.020381
v -0.145634 -2.977722 0.007067
v -0.145634 -3.027489 0.007067
v -0.131787 -2.977722 0.007039
v -0.121646 -2.977722 -0.003667
v -0.121646 -3.027488 -0.003666
v -0.131787 -3.027489 0.007039
v -0.121677 -2.977722 -0.020464
v -0.121677 -3.027483 -0.020464
v -0.131943 -3.072479 -0.030599
v -0.145631 -3.072478 -0.030585
v -0.145631 -2.932665 -0.030474
v -0.131943 -2.932665 -0.030488
v -0.155713 -2.932838 -0.020070
v -0.155682 -2.932837 -0.003900
v -0.155683 -3.072372 -0.004011
v -0.155713 -3.072368 -0.020180
v -0.145602 -2.932665 0.006369
v -0.145602 -3.072546 0.006259
v -0.131819 -2.932665 0.006342
v -0.121776 -2.932838 -0.003978
v -0.121775 -3.072371 -0.004089
v -0.131819 -3.072545 0.006231
v -0.121806 -2.932837 -0.020149
v -0.121807 -3.072370 -0.020259
v -0.131787 -3.027489 0.021733
v -0.145634 -3.027489 0.021762
v -0.145634 -2.977722 0.021762
v -0.131787 -2.977722 0.021733
v -0.131819 -3.072545 0.020926
v -0.145602 -3.072546 0.020954
v -0.145602 -2.932665 0.021064
v -0.131819 -2.932665 0.021036
v -0.145634 -3.027489 0.021762
v -0.145635 -3.027488 0.007039
v -0.145635 -2.977721 0.007039
v -0.145603 -3.072545 0.006342
v -0.145602 -2.932665 0.006231
v -0.145635 -2.977721 0.021733
v -0.145635 -3.027488 0.021733
v -0.145602 -2.932665 0.020926
v -0.145603 -3.072545 0.021036
v -0.189188 -2.977721 0.007039
v -0.189156 -2.932665 0.006231
v -0.189188 -3.027488 0.007039
v -0.189156 -3.072545 0.006342
v -0.189188 -2.977721 0.021733
v -0.189156 -2.932665 0.020926
v -0.189188 -3.027488 0.021733
v -0.189156 -3.072545 0.021036
v -0.145635 -2.977721 0.021733
v -0.145635 -2.977721 0.007039
v -0.189188 -2.977721 0.021733
v -0.189188 -2.977721 0.007039
v -0.199974 -3.039037 0.010627
v -0.199959 -3.060997 0.010287
v -0.199974 -3.039037 0.017788
v -0.199959 -3.060997 0.017449
v -0.198545 -2.965475 0.010813
v -0.198531 -2.944911 0.010444
v -0.198545 -2.965475 0.017520
v -0.198531 -2.944911 0.017151
v -0.127675 0.033567 -0.028950
v -0.127675 -0.016136 -0.028950
v -0.127909 0.025639 -0.119606
v -0.127909 -0.009952 -0.120969
v -0.127909 0.035901 -0.176360
v -0.127909 -0.019376 -0.178367
v -0.127909 0.023765 -0.218359
v -0.127909 -0.008320 -0.219524
v -0.127909 0.035364 -0.251141
v -0.127909 -0.023160 -0.253266
v -0.127909 0.029274 -0.287396
v -0.127909 -0.017070 -0.289079
v -0.127909 0.028734 -0.358079
v -0.127909 -0.017610 -0.359761
v -0.127909 0.037811 -0.400752
v -0.127909 -0.024527 -0.403016
v -0.127909 0.026635 -0.451051
v -0.127909 -0.013351 -0.452503
v -0.127909 0.025015 -0.482928
v -0.127909 -0.014971 -0.484380
v -0.127909 0.034283 -0.492293
v -0.127909 -0.024239 -0.494418
v -0.127909 0.033202 -0.694638
v -0.127909 -0.025320 -0.696763
v -0.127909 0.022469 -0.739319
v -0.127909 -0.017827 -0.740782
v -0.127909 0.034178 -0.762474
v -0.127909 -0.028456 -0.764749
v -0.127909 0.034178 -0.869191
v -0.127909 -0.028456 -0.871465
v -0.127909 0.011677 -0.960093
v -0.127909 -0.005955 -0.960733
v -0.141181 0.033567 -0.028936
v -0.141181 -0.016136 -0.028936
v -0.141065 0.025639 -0.119606
v -0.141065 -0.009952 -0.120968
v -0.141065 0.035901 -0.176360
v -0.141065 -0.019376 -0.178367
v -0.141065 0.023765 -0.218359
v -0.141065 -0.008320 -0.219524
v -0.141065 0.035364 -0.251141
v -0.141065 -0.023160 -0.253266
v -0.141065 0.029274 -0.287396
v -0.141065 -0.017070 -0.289079
v -0.141065 0.028734 -0.358079
v -0.141065 -0.017610 -0.359761
v -0.141065 0.037811 -0.400752
v -0.141065 -0.024527 -0.403016
v -0.141065 0.026635 -0.451051
v -0.141065 -0.013351 -0.452503
v -0.141065 0.025015 -0.482928
v -0.141065 -0.014971 -0.484380
v -0.141065 0.034283 -0.492293
v -0.141065 -0.024239 -0.494418
v -0.141065 0.033202 -0.694638
v -0.141065 -0.025320 -0.696763
v -0.141065 0.022469 -0.739319
v -0.141065 -0.017827 -0.740782
v -0.141065 0.034178 -0.762474
v -0.141065 -0.028456 -0.764749
v -0.141065 0.034178 -0.869191
v -0.141065 -0.028456 -0.871465
v -0.141065 0.011677 -0.960093
v -0.141065 -0.005955 -0.960733
v -0.150819 0.033567 -0.019216
v -0.150819 -0.016196 -0.019216
v -0.150792 0.033567 -0.005614
v -0.150792 -0.016196 -0.005614
v -0.141154 0.033567 0.003985
v -0.141154 -0.016196 0.003985
v -0.127552 0.033567 0.003958
v -0.127552 -0.016196 0.003958
v -0.117953 0.033567 -0.005680
v -0.117953 -0.016196 -0.005680
v -0.117980 0.033567 -0.019282
v -0.117980 -0.016196 -0.019282
v -0.127553 -0.016131 -0.031608
v -0.141305 -0.016131 -0.031594
v -0.141305 0.033567 -0.031594
v -0.127553 0.033567 -0.031608
v -0.151485 0.033567 -0.020804
v -0.151454 0.033567 -0.004008
v -0.151454 -0.016199 -0.004007
v -0.151485 -0.016193 -0.020804
v -0.141276 0.033567 0.006644
v -0.141276 -0.016200 0.006644
v -0.127429 0.033567 0.006616
v -0.117287 0.033567 -0.004091
v -0.117288 -0.016199 -0.004089
v -0.127429 -0.016200 0.006616
v -0.117318 0.033567 -0.020888
v -0.117318 -0.016193 -0.020887
v -0.127585 -0.061190 -0.031022
v -0.141273 -0.061189 -0.031008
v -0.141272 0.078624 -0.030897
v -0.127585 0.078624 -0.030911
v -0.151355 0.078451 -0.020493
v -0.151324 0.078453 -0.004323
v -0.151324 -0.061083 -0.004434
v -0.151355 -0.061079 -0.020603
v -0.141244 0.078624 0.005946
v -0.141244 -0.061256 0.005836
v -0.127461 0.078624 0.005918
v -0.117418 0.078451 -0.004402
v -0.117417 -0.061082 -0.004513
v -0.127461 -0.061256 0.005808
v -0.117448 0.078453 -0.020572
v -0.117449 -0.061080 -0.020682
v -0.127429 -0.016200 0.021310
v -0.141276 -0.016200 0.021338
v -0.141276 0.033567 0.021338
v -0.127429 0.033567 0.021310
v -0.127461 -0.061256 0.020503
v -0.141244 -0.061256 0.020530
v -0.141244 0.078624 0.020641
v -0.127461 0.078624 0.020613
v -0.141276 -0.016200 0.021338
v -0.141277 -0.016199 0.006615
v -0.141277 0.033568 0.006615
v -0.141244 -0.061256 0.005918
v -0.141244 0.078624 0.005808
v -0.141277 0.033568 0.021310
v -0.141277 -0.016199 0.021310
v -0.141244 0.078624 0.020502
v -0.141244 -0.061256 0.020613
v -0.184830 0.033568 0.006615
v -0.184798 0.078624 0.005808
v -0.184830 -0.016199 0.006615
v -0.184798 -0.061256 0.005918
v -0.184830 0.033568 0.021310
v -0.184798 0.078624 0.020502
v -0.184830 -0.016199 0.021310
v -0.184798 -0.061256 0.020613
v -0.141277 0.033568 0.021310
v -0.141277 0.033568 0.006615
v -0.184830 0.033568 0.021310
v -0.184830 0.033568 0.006615
v -0.195616 -0.027748 0.010203
v -0.195600 -0.049707 0.009863
v -0.195616 -0.027748 0.017365
v -0.195600 -0.049707 0.017025
v -0.194187 0.045814 0.010390
v -0.194172 0.066379 0.010021
v -0.194187 0.045814 0.017097
v -0.194172 0.066379 0.016728
vn -0.0000 -0.0000 1.0000
vn -0.1408 0.0625 0.9881
vn -0.0319 -0.1507 0.9881
vn 0.1291 0.0840 0.9881
vn -0.1507 0.0319 0.9881
vn -0.0625 0.1408 0.9881
vn 0.1408 -0.0625 0.9881
vn 0.1291 -0.0840 0.9881
vn 0.1828 0.0811 0.9798
vn -0.2685 -0.2640 0.9264
vn 0.1677 0.1090 0.9798
vn -0.1956 -0.0415 0.9798
vn 0.1090 -0.1677 0.9798
vn -0.0811 -0.1828 0.9798
vn 0.0811 0.1828 0.9798
vn -0.1956 0.0415 0.9798
vn 0.1828 -0.0811 0.9798
vn -0.0000 1.0000 -0.0000
vn -0.1291 0.0840 -0.9881
vn 0.0319 -0.1507 -0.9881
vn -0.1291 -0.0840 -0.9881
vn -0.1392 -0.0652 -0.9881
vn 0.0788 -0.0095 -0.9968
vn 0.1828 0.0624 -0.9812
vn 0.1140 -0.1507 -0.9820
vn 0.0832 -0.0000 -0.9965
vn 0.3068 -0.2678 -0.9133
vn 0.1077 0.0015 -0.9942
vn -0.1303 0.0863 -0.9877
vn 0.3061 -0.0415 -0.9511
vn -0.0548 0.1090 -0.9925
vn 0.3061 0.0415 -0.9511
vn -0.0801 0.1874 -0.9790
vn 0.1136 0.0059 -0.9935
vn 0.1353 -0.1731 -0.9756
vn 0.1956 0.0415 -0.9798
vn -0.0000 -0.0000 -1.0000
vn -0.1677 0.1090 -0.9798
vn -0.0000 -1.0000 -0.0000
vn -0.1677 -0.9798 -0.1090
vn 0.0335 0.9992 -0.0194
vn 0.1586 0.9283 0.3363
vn 0.3939 0.9031 -0.1709
vn 1.0000 -0.0000 -0.0000
vn -0.9881 -0.1291 -0.0840
vn -0.9881 0.1507 0.0319
vn -0.9881 0.1291 -0.0840
vn 0.9881 -0.0319 -0.1507
vn 0.9881 0.1291 0.0840
vn 0.9881 -0.1291 0.0840
vn -0.1090 0.9798 -0.1677
vn 0.1507 -0.9881 -0.0319
vn -1.0000 -0.0000 -0.0000
vn -0.9881 -0.0319 0.1507
vn 0.0415 0.9798 -0.1956
vn 0.1677 -0.9798 0.1090
vn 0.0415 -0.9798 -0.1956
vn -0.9798 -0.1956 0.0415
vn -0.9798 0.1677 -0.1090
vn -0.9798 -0.1090 -0.1677
vn -0.0203 0.9995 -0.0243
vn -0.0151 0.9998 -0.0126
vn -0.0185 0.9998 -0.0110
vn -0.1507 -0.9881 0.0319
vn -0.0840 -0.9881 -0.1291
vn 0.9798 0.1677 0.1090
vn 0.9798 -0.1956 -0.0414
vn 0.9798 0.1956 -0.0415
vn 0.9798 -0.1090 0.1677
vn 0.9798 -0.1956 -0.0415
vn -0.1237 0.9288 -0.3493
vn 0.0252 0.9997 -0.0028
vn 0.0197 0.9998 -0.0000
vn -0.0414 -0.9798 0.1956
vn -0.1676 -0.9798 -0.1090
vn -0.0840 0.9881 -0.1291
vn 0.0319 0.9881 -0.1507
vn 0.0840 0.9881 0.1291
vn 0.1676 -0.9798 0.1090
vn 0.0414 -0.9798 -0.1956
vn -0.9264 0.3479 -0.1441
vn 0.9264 0.3479 0.1441
vn -0.0000 -0.3197 -0.9475
vn -0.0000 -0.5111 -0.8595
vn -0.0000 -0.9013 -0.4331
vn -0.0000 -0.9890 0.1477
vn -0.0000 0.7030 0.7112
vn -0.0000 0.4779 -0.8784
vn -0.0000 0.4779 0.8784
vn -0.0000 0.7030 -0.7112
vn -0.0000 0.9969 -0.0784
vn -0.0000 0.8345 -0.5510
vn -0.0000 0.9197 -0.3926
vn -0.0000 0.9719 -0.2352
vn -0.0000 0.9197 0.3926
vn -0.0000 0.8345 0.5510
vn -0.0000 -0.7030 -0.7112
vn -0.0000 -0.4780 0.8784
vn -0.0000 -0.4780 -0.8784
vn -0.0000 -0.7030 0.7112
vn -0.0000 -0.9969 0.0784
vn -0.0000 -0.8345 0.5510
vn -0.0000 -0.9969 -0.0784
vn -0.0000 -0.9969 -0.0783
vn -0.0000 -0.9197 0.3926
vn -0.0000 -0.9719 -0.2352
vn -0.0000 -0.9719 0.2352
vn -0.0000 -0.9197 -0.3926
vn -0.0000 -0.8345 -0.5510
vn -0.7071 -0.0000 -0.7071
vn -0.0000 0.8966 0.4427
vn -0.0000 -0.6722 -0.7404
vn -0.0000 -0.8966 0.4427
vn -0.0000 -0.8966 -0.4427
vn -0.0000 -0.9890 -0.1477
vn -0.0000 -0.6722 0.7404
vn -0.0000 0.9890 0.1477
vn -0.0000 0.6722 -0.7404
vn -0.0000 0.9890 -0.1477
vn -0.0000 0.6722 0.7404
vn -0.0000 0.8966 -0.4427
vn -0.0000 -0.6742 -0.7385
vn -0.0000 0.9969 0.0784
vn -0.0000 0.9719 0.2352
vn -0.0000 0.9013 0.4331
vn -0.0000 0.6742 0.7385
vn -0.0000 0.9648 0.2631
vn -0.0000 0.8047 0.5937
vn -0.0000 -0.9648 -0.2631
vn -0.0000 -0.9961 -0.0882
vn -0.0000 -0.8047 -0.5937
vn -0.0000 0.5111 0.8595
vn -0.0000 0.3197 0.9475
vn -0.0000 0.9961 0.0882
vn 0.0005 -0.0000 -1.0000
vn -0.1315 -0.0817 -0.9879
vn 0.0450 -0.1702 -0.9844
vn -0.0000 -0.0212 -0.9998
vn 0.1010 0.1204 -0.9876
vn 0.1956 -0.0415 -0.9798
vn 0.1090 0.1677 -0.9798
vn 0.4012 -0.1294 -0.9068
vn 0.0311 0.0142 -0.9994
vn -0.0210 0.1739 -0.9845
vn -0.1507 -0.0319 -0.9881
vn 0.2200 0.1676 -0.9610
vn -0.0000 0.9957 0.0922
vn -0.0000 0.9658 0.2594
vn -0.0000 0.0004 -1.0000
vn 0.1507 0.0319 -0.9881
vn 0.1408 0.0625 -0.9881
vn -0.9798 0.1097 0.1672
vn -0.9881 -0.1507 -0.0319
vn -0.9798 0.1676 -0.1090
vn -0.9798 -0.0415 -0.1956
vn -0.9881 0.0840 0.1291
vn -0.9798 -0.0416 0.1956
vn -0.9798 -0.1954 -0.0425
vn -0.9798 -0.1956 -0.0415
vn -0.9798 -0.0415 0.1956
vn -0.9264 -0.3488 0.1419
vn -0.9264 -0.1434 -0.3482
vn -0.9881 0.1303 0.0822
vn -0.0000 -0.0178 -0.9998
vn -0.0000 -0.0144 -0.9999
vn -0.0000 0.0018 -1.0000
vn 0.3479 -0.1364 -0.9276
vn -0.1441 -0.3402 -0.9293
vn -0.0000 -0.0080 -1.0000
vn -0.1676 0.1090 -0.9798
vn -0.0000 0.0022 -1.0000
vn -0.0000 0.0051 -1.0000
vn -0.0415 -0.1956 -0.9798
vn -0.0319 0.1507 -0.9881
vn 0.0415 -0.1956 -0.9798
vn -0.1956 -0.0415 -0.9798
vn -0.0840 0.1082 -0.9906
vn -0.1677 0.0979 -0.9810
vn -0.1956 -0.0357 -0.9800
vn 0.0415 -0.1899 -0.9809
vn 0.9798 -0.1956 0.0415
vn 0.9798 -0.0415 -0.1956
vn 0.9881 0.0850 0.1285
vn 0.9798 0.1684 0.1078
vn 0.9881 -0.1507 0.0319
vn 0.9798 0.1090 -0.1676
vn 0.9798 -0.0415 0.1956
vn 0.9798 -0.1958 0.0405
vn 0.9798 -0.0413 -0.1957
vn 0.9264 -0.1448 0.3476
vn 0.9264 -0.3470 -0.1462
vn 0.9798 0.1090 -0.1677
vn 0.9881 0.0319 0.1507
vn -0.8162 -0.4037 -0.4134
vn -0.9999 0.0024 0.0122
vn -0.9998 -0.0104 0.0142
vn -0.8167 0.1105 0.5663
vn -1.0000 0.0058 -0.0029
vn -1.0000 0.0061 0.0007
vn -0.8166 0.2170 -0.5349
vn -1.0000 0.0026 -0.0006
vn -0.9999 0.0106 0.0034
vn -0.9998 0.0152 -0.0101
vn -0.9996 -0.0267 0.0132
vn -0.8163 0.3160 -0.4835
vn -0.9999 0.0124 0.0086
vn -0.8166 -0.2170 -0.5349
vn -0.9999 -0.0106 0.0034
vn -0.8167 -0.1105 0.5663
vn -1.0000 -0.0060 0.0001
vn -0.9989 0.0459 0.0132
vn -0.8167 -0.1105 -0.5663
vn -1.0000 -0.0061 -0.0007
vn -0.9992 -0.0396 0.0067
vn -0.9988 0.0418 0.0252
vn -0.8162 0.4037 -0.4134
vn -0.9996 0.0266 -0.0132
vn -0.9990 -0.0448 -0.0023
vn -0.8166 -0.2170 0.5349
vn -0.8164 0.5314 -0.2263
vn -0.9999 -0.0033 0.0167
vn -0.9989 -0.0460 -0.0134
vn -0.8163 -0.3160 0.4835
vn -0.8166 0.5654 -0.1159
vn -0.9999 -0.0087 0.0096
vn -0.8162 -0.4765 0.3267
vn -0.9998 -0.0048 -0.0174
vn -0.9993 0.0031 0.0376
vn -0.9989 -0.0319 -0.0353
vn -0.8166 0.5654 0.1158
vn -0.9999 -0.0099 -0.0101
vn -0.9991 -0.0178 -0.0396
vn -0.8164 -0.5313 0.2263
vn -0.9997 -0.0139 0.0215
vn -0.8168 -0.5770 -0.0000
vn -0.9999 0.0127 -0.0000
vn -0.9998 -0.0155 0.0144
vn -0.8164 0.5313 0.2263
vn -0.9995 0.0082 -0.0304
vn -0.8162 0.4037 0.4134
vn -0.9998 0.0101 -0.0150
vn -0.8164 -0.5314 -0.2263
vn -0.9999 0.0020 0.0156
vn -0.8163 0.3160 0.4835
vn -0.9999 0.0126 -0.0077
vn -0.8167 0.1104 -0.5664
vn -0.8192 -0.3231 -0.4738
vn -0.8189 -0.1139 0.5626
vn -0.8193 0.4802 0.3132
vn -0.8190 -0.2232 -0.5286
vn -0.8190 -0.2232 0.5286
vn -0.8193 0.4099 0.4009
vn -0.8189 -0.1140 -0.5626
vn -0.8192 -0.3231 0.4738
vn -0.8190 0.2232 0.5286
vn -0.8188 -0.0000 -0.5741
vn -0.8193 -0.4099 0.4009
vn -0.8189 0.1140 0.5626
vn -0.8190 0.2232 -0.5286
vn -0.8193 -0.4802 0.3132
vn -0.8188 -0.0000 0.5741
vn -0.8192 -0.5319 0.2146
vn -0.8192 0.3232 -0.4738
vn -0.8189 -0.5634 0.1091
vn -0.8193 0.4099 -0.4009
vn -0.8193 0.4802 -0.3132
vn -0.8188 -0.5741 -0.0000
vn -0.8189 0.5634 -0.1091
vn -0.8189 -0.5634 -0.1090
vn -0.8188 0.5741 -0.0000
vn -0.8192 -0.5319 -0.2147
vn -0.8189 0.5634 0.1090
vn -0.8193 -0.4802 -0.3132
vn -0.8192 0.5319 0.2147
vn -0.0000 0.5556 -0.8315
vn -0.0000 0.9808 -0.1951
vn -0.0000 -0.9808 0.1951
vn -0.0000 -0.8315 -0.5556
vn -0.0000 0.1951 0.9808
vn -0.0000 -0.5556 0.8315
vn -0.0000 0.8315 0.5556
vn -0.0000 -0.1951 -0.9808
vn -0.4715 -0.6944 0.5437
vn -0.4702 -0.8826 0.0063
vn -0.4854 -0.6513 -0.5832
vn -0.0000 -0.9808 -0.1951
vn -0.0000 -0.5556 -0.8315
vn -0.0000 0.8315 -0.5556
vn -0.0000 0.9808 0.1951
vn -0.0000 0.5556 0.8315
vn -0.0000 -0.1951 0.9808
vn -0.0000 -0.8315 0.5556
vn -0.0000 0.1951 -0.9808
vn 0.9356 -0.3502 0.0443
vn 0.9444 -0.3288 0.0025
vn 0.9130 -0.4079 0.0061
vn 0.9359 -0.3490 -0.0483
vn 0.9488 -0.3143 0.0307
vn 0.9138 -0.3632 0.1820
vn 0.9387 -0.3273 -0.1082
vn 0.6331 -0.5599 0.5345
vn 0.9071 -0.3039 -0.2914
vn -0.2349 -0.6074 0.7589
vn 0.8781 -0.2305 -0.4193
vn 0.2497 0.6955 0.6737
vn 0.3651 0.0216 -0.9307
vn 0.5122 0.4188 -0.7498
vn 0.5288 0.5976 -0.6026
vn 0.8844 0.4567 0.0960
vn 0.9034 0.3835 -0.1916
vn 0.9249 0.3796 0.0238
vn 0.9246 0.3809 -0.0009
vn 0.9317 0.3632 -0.0001
vn 0.9249 0.3794 -0.0238
vn 0.9009 0.3889 0.1925
vn 0.8853 0.4556 -0.0929
vn 0.5180 0.6033 0.6064
vn 0.3424 0.6829 -0.6453
vn 0.4833 0.4321 0.7614
vn -0.7907 0.0482 -0.6103
vn 0.3440 0.0197 0.9388
vn 0.6424 -0.5950 -0.4831
vn 0.9094 -0.2536 0.3298
vn 0.9189 -0.2715 0.2862
vn 0.9375 -0.3310 0.1077
vn 0.9158 -0.3576 -0.1829
vn 0.9491 -0.3132 -0.0324
vn 0.1238 -0.9821 -0.1417
vn 0.0991 -0.9019 -0.4204
vn 0.0994 -0.9019 -0.4204
vn 0.1224 -0.9819 0.1447
vn 0.0939 -0.9024 0.4206
vn 0.1245 -0.9858 0.1126
vn 0.1312 -0.9254 -0.3555
vn 0.1334 -0.9137 -0.3837
vn 0.1911 -0.6497 -0.7358
vn 0.1950 -0.6593 -0.7262
vn 0.2067 -0.0680 -0.9760
vn 0.1618 0.4757 -0.8646
vn 0.1475 0.6009 -0.7856
vn 0.1428 0.6794 -0.7197
vn 0.1377 0.7557 -0.6402
vn 0.1369 0.8600 -0.4916
vn 0.1368 0.8619 -0.4884
vn 0.1379 0.9904 -0.0013
vn 0.1379 0.9904 0.0015
vn 0.1293 0.9373 0.3238
vn 0.1302 0.8615 0.4909
vn 0.1333 0.6809 0.7202
vn 0.1380 0.6023 0.7863
vn 0.1507 0.4783 0.8652
vn 0.1950 -0.0677 0.9785
vn 0.1970 -0.4614 0.8650
vn 0.1877 -0.6505 0.7360
vn 0.1863 -0.6597 0.7281
vn 0.1588 -0.9105 0.3819
vn 0.1574 -0.9168 0.3670
vn 0.1406 -0.9744 0.1756
vn 0.1257 -0.9855 -0.1140
vn -0.0781 -0.9895 -0.1215
vn -0.6339 -0.7735 0.0001
vn -0.0888 -0.9960 0.0003
vn -0.0792 -0.9895 0.1212
vn -0.6270 -0.7699 0.1189
vn -0.0361 -0.9284 -0.3699
vn -0.5653 -0.7407 -0.3631
vn 0.0406 -0.6905 -0.7222
vn -0.3837 -0.5871 -0.7128
vn -0.2160 -0.4307 -0.8762
vn 0.1679 -0.1310 -0.9771
vn 0.4183 0.2358 -0.8772
vn 0.2355 0.4412 -0.8660
vn 0.5568 0.3973 -0.7294
vn 0.2538 0.6443 -0.7214
vn 0.6781 0.5241 -0.5152
vn 0.2792 0.8214 -0.4973
vn 0.7861 0.6181 -0.0000
vn 0.3036 0.9528 0.0001
vn 0.2722 0.8235 0.4977
vn 0.6739 0.5292 0.5156
vn 0.2448 0.6465 0.7226
vn 0.5511 0.4036 0.7304
vn 0.2254 0.4439 0.8673
vn 0.4118 0.2427 0.8783
vn 0.1576 -0.1297 0.9789
vn 0.3474 0.1651 0.9231
vn 0.0335 -0.6899 0.7232
vn -0.2216 -0.4262 0.8771
vn -0.3880 -0.5837 0.7132
vn -0.5673 -0.7391 0.3632
vn -0.0399 -0.9282 0.3700
vn -0.6264 -0.7703 -0.1190
vn -0.9928 -0.1196 0.0011
vn -0.9867 -0.1168 0.1133
vn -0.9214 -0.1112 -0.3724
vn -0.6786 -0.0863 -0.7295
vn -0.4612 -0.0640 -0.8850
vn 0.3539 0.1579 -0.9218
vn 0.4671 0.0398 -0.8833
vn 0.6806 0.0523 -0.7308
vn 0.8593 0.0505 -0.5090
vn 0.9985 0.0555 -0.0013
vn 0.8597 0.0514 0.5082
vn 0.6805 0.0529 0.7308
vn 0.4671 0.0404 0.8833
vn 0.3645 0.0308 0.9307
vn -0.6792 -0.0860 0.7289
vn -0.9217 -0.1110 0.3716
vn -0.9865 -0.1168 -0.1145
vn -0.9238 0.3619 -0.1250
vn -0.9336 0.3583 -0.0000
vn -0.9240 0.3612 0.1251
vn -0.8554 0.3607 -0.3718
vn -0.6089 0.3034 -0.7330
vn -0.0457 0.1327 -0.9901
vn 0.4877 -0.0659 -0.8705
vn 0.6755 -0.1393 -0.7241
vn 0.8442 -0.2004 -0.4972
vn 0.9701 -0.2428 0.0003
vn 0.8430 -0.2045 0.4975
vn 0.6740 -0.1448 0.7244
vn 0.4860 -0.0720 0.8710
vn -0.0478 0.1264 0.9908
vn -0.4614 -0.0634 0.8849
vn -0.6105 0.2991 0.7334
vn -0.8562 0.3585 0.3719
vn -0.8642 0.4867 -0.1279
vn -0.7934 0.4381 -0.4225
vn -0.8645 0.4860 0.1279
vn -0.7959 0.4731 -0.3778
vn -0.5571 0.3741 -0.7414
vn -0.0113 0.1149 -0.9933
vn 0.4740 -0.1459 -0.8684
vn 0.6483 -0.2409 -0.7223
vn 0.8078 -0.3215 -0.4940
vn 0.9258 -0.3781 0.0001
vn 0.8066 -0.3243 0.4942
vn 0.6465 -0.2450 0.7225
vn 0.4718 -0.1507 0.8687
vn -0.0139 0.1096 0.9939
vn -0.5593 0.3703 0.7417
vn -0.7969 0.4712 0.3779
vn -0.8725 0.4712 -0.1291
vn -0.8857 0.4643 0.0001
vn -0.7946 0.4360 0.4226
vn -0.8729 0.4704 0.1290
vn -0.8020 0.4601 -0.3810
vn -0.5565 0.3648 -0.7465
vn 0.0037 0.1121 -0.9937
vn 0.4823 -0.1334 -0.8658
vn 0.6568 -0.2241 -0.7200
vn 0.8176 -0.3010 -0.4907
vn 0.9351 -0.3543 -0.0000
vn 0.8166 -0.3038 0.4908
vn 0.6551 -0.2282 0.7203
vn 0.4802 -0.1383 0.8662
vn 0.0010 0.1065 0.9943
vn -0.5588 0.3606 0.7468
vn -0.8032 0.4580 0.3810
vn -0.9539 0.2673 -0.1363
vn -0.9654 0.2609 -0.0004
vn -0.9540 0.2667 0.1369
vn -0.8846 0.2639 -0.3846
vn -0.6201 0.2109 -0.7556
vn 0.0024 0.0638 -0.9980
vn 0.5009 -0.0708 -0.8626
vn 0.6862 -0.1213 -0.7172
vn 0.8581 -0.1645 -0.4864
vn 0.9810 -0.1940 0.0003
vn 0.8576 -0.1662 0.4867
vn 0.6855 -0.1238 0.7174
vn 0.5001 -0.0739 0.8628
vn 0.0015 0.0600 0.9982
vn -0.6207 0.2080 0.7560
vn -0.8849 0.2624 0.3849
vn -0.9056 0.0350 -0.4227
vn -0.9056 0.0347 0.4227
vn -0.9907 0.0395 0.1299
vn -0.9232 0.0400 -0.3821
vn -0.6607 0.0337 -0.7499
vn -0.0424 0.0141 -0.9990
vn 0.4958 -0.0065 -0.8684
vn 0.6921 -0.0146 -0.7216
vn 0.8705 -0.0214 -0.4916
vn 0.9997 -0.0259 -0.0000
vn 0.8705 -0.0218 0.4916
vn 0.6921 -0.0151 0.7217
vn 0.4958 -0.0072 0.8684
vn -0.0425 0.0134 0.9990
vn -0.6608 0.0331 0.7498
vn -0.9233 0.0397 0.3821
vn -0.9907 0.0396 -0.1299
vn -0.9985 0.0545 -0.0000
vn -0.9904 0.0555 0.1267
vn -0.9248 0.0544 -0.3766
vn -0.6699 0.0432 -0.7412
vn -0.0717 0.0163 -0.9973
vn 0.4887 -0.0106 -0.8724
vn 0.6886 -0.0181 -0.7249
vn 0.8676 -0.0234 -0.4967
vn 0.9996 -0.0274 -0.0000
vn 0.8676 -0.0238 0.4967
vn 0.6886 -0.0187 0.7249
vn 0.4887 -0.0113 0.8724
vn -0.0717 0.0155 0.9973
vn -0.6699 0.0426 0.7412
vn -0.9248 0.0541 0.3766
vn -0.9904 0.0555 -0.1267
vn -0.8755 0.4832 -0.0015
vn -0.8703 0.4775 0.1206
vn -0.8162 0.4499 -0.3626
vn -0.6073 0.3386 -0.7187
vn -0.4063 0.2319 -0.8838
vn 0.4278 -0.1952 -0.8825
vn 0.6228 -0.2763 -0.7319
vn 0.7935 -0.3346 -0.5083
vn 0.9237 -0.3830 -0.0038
vn 0.7904 -0.3375 0.5113
vn 0.6215 -0.2855 0.7295
vn 0.4233 -0.1975 0.8842
vn 0.3360 -0.1535 0.9293
vn -0.4064 0.2345 0.8831
vn -0.6068 0.3385 0.7192
vn -0.8161 0.4504 0.3621
vn -0.8708 0.4770 -0.1190
vn -0.6369 0.7706 0.0237
vn -0.5959 0.7145 0.3667
vn -0.6327 0.7687 0.0942
vn -0.6058 0.7439 -0.2821
vn -0.5553 0.6832 -0.4742
vn -0.4941 0.6096 -0.6198
vn -0.3386 0.4225 -0.8408
vn 0.3364 -0.1526 -0.9293
vn 0.3704 -0.3889 -0.8435
vn 0.4946 -0.5164 -0.6991
vn 0.5159 -0.5186 -0.6819
vn 0.5908 -0.5544 -0.5861
vn -0.3398 -0.8791 0.3342
vn 0.4988 -0.4823 0.7201
vn 0.5022 -0.4788 0.7201
vn 0.3648 -0.3726 0.8533
vn 0.3029 -0.3213 0.8973
vn -0.3489 0.4218 0.8369
vn -0.4990 0.6104 0.6151
vn -0.6055 0.7408 0.2908
vn -0.6283 0.7650 0.1416
vn -0.6314 0.7696 -0.0951
vn 0.1279 0.9374 0.3240
vn 0.1958 -0.6677 -0.7182
vn 0.2074 -0.0462 -0.9772
vn 0.1846 -0.6622 0.7262
vn 0.1576 -0.9171 0.3662
vn 0.1368 0.6019 0.7868
vn 0.1370 0.8614 -0.4890
vn 0.1378 0.9905 0.0014
vn 0.1229 -0.9819 0.1439
vn 0.1952 -0.0452 0.9797
vn 0.1411 -0.9743 0.1753
vn 0.1935 -0.4622 0.8654
vn 0.1470 0.5998 -0.7865
vn 0.1362 0.7554 -0.6410
vn 0.1616 -0.9203 -0.3563
vn 0.1249 -0.9821 -0.1408
vn 0.1068 -0.9943 -0.0016
vn 0.1603 0.4909 -0.8563
vn 0.1335 0.6856 0.7156
vn -0.8157 0.2381 0.5272
vn -0.9091 0.0792 0.4089
vn -0.9093 0.0691 0.4103
vn -0.7183 0.0607 0.6931
vn -0.8660 0.0387 0.4985
vn -0.2443 0.0538 0.9682
vn -0.8671 0.1379 0.4787
vn -0.7612 0.0967 0.6413
vn -0.9016 -0.0091 0.4324
vn -0.0032 0.5360 0.8442
vn -0.1266 0.3204 0.9388
vn -0.0000 0.3141 0.9494
vn -0.8760 0.1591 0.4553
vn -0.9079 0.0828 0.4108
vn -0.9183 0.1592 0.3624
vn -0.7086 0.6931 -0.1319
vn -0.8102 0.5185 -0.2733
vn -0.7910 0.5981 -0.1288
vn -0.6143 0.4105 -0.6739
vn -0.9487 0.0260 -0.3152
vn -0.8228 0.2227 -0.5229
vn -0.8434 0.4594 0.2785
vn -0.8761 0.2942 0.3820
vn -0.9555 0.2720 0.1141
vn -0.8891 0.4577 0.0106
vn -0.9336 0.3582 0.0035
vn -0.6764 -0.0976 0.7301
vn -0.7018 -0.3797 0.6027
vn -0.9410 0.2409 0.2375
vn -0.8195 0.1382 0.5561
vn -0.8672 0.4206 0.2667
vn -0.6528 -0.0839 0.7529
vn -0.9135 0.2342 0.3327
vn -0.8075 0.3354 0.4852
vn -0.8721 0.2540 0.4182
vn -0.1499 -0.9020 -0.4050
vn -0.6791 -0.5612 0.4733
vn -0.6791 -0.5612 -0.4733
vn -0.8491 0.0649 0.5243
vn -0.9111 0.2187 0.3493
vn -0.8768 -0.0385 0.4794
vn -0.9507 -0.1019 0.2928
vn -0.8611 0.0251 0.5078
vn -0.8687 -0.1622 0.4681
vn -0.8453 0.3994 0.3550
vn -0.8696 0.2150 0.4444
vn -0.7661 -0.0599 0.6400
vn -0.8870 -0.0926 0.4525
vn -0.8972 -0.0914 0.4322
vn -0.8437 -0.3833 0.3758
vn -0.9189 -0.1440 0.3673
vn -0.8367 0.0374 0.5464
vn -0.8803 -0.0879 0.4663
vn -0.4264 0.4468 0.7865
vn -0.5653 0.2860 0.7737
vn -0.6322 0.3180 0.7065
vn -0.8292 -0.3739 0.4155
vn -0.9487 -0.0719 0.3079
vn -0.8271 -0.2660 0.4952
vn -0.0870 -0.0553 0.9947
vn -0.2725 0.2630 0.9255
vn -0.3560 -0.1280 0.9257
vn -0.8597 0.1060 0.4996
vn -0.8289 -0.4369 0.3494
vn -0.9160 -0.0383 0.3994
vn -0.9153 0.0313 0.4015
vn -0.8538 0.5064 -0.1205
vn -0.9383 0.3385 -0.0709
vn -0.6209 0.6423 -0.4495
vn -0.3867 0.1673 -0.9069
vn -0.6475 0.5666 -0.5097
vn -0.7953 0.6022 0.0695
vn -0.6576 0.7088 0.2553
vn -0.7052 0.7051 0.0740
vn -0.7657 0.5872 0.2627
vn -0.7934 0.4437 0.4167
vn -0.8776 0.4258 0.2203
vn -0.8305 0.5499 0.0885
vn -0.7824 0.4936 0.3796
vn -0.7459 0.6510 0.1406
vn -0.6707 -0.3353 0.6616
vn -0.8512 -0.3799 0.3621
vn -0.8815 -0.3595 0.3061
vn -0.7171 0.0202 0.6967
vn -0.9016 -0.1225 0.4148
vn -0.8265 -0.1242 0.5491
vn -0.7824 -0.0363 0.6217
vn -0.8953 0.0643 0.4408
vn -0.7194 0.6748 0.1649
vn -0.7068 0.6146 -0.3504
vn -0.7366 0.6264 0.2549
vn -0.1450 0.1161 0.9826
vn -0.6475 0.1157 0.7532
vn -0.4306 0.2949 0.8530
vn -0.3159 0.4965 0.8085
vn -0.6308 0.6975 0.3400
vn -0.6719 0.6189 0.4070
vn -0.3207 0.3639 0.8745
vn -0.5625 -0.5061 0.6538
vn -0.2523 -0.2940 0.9219
vn 0.0101 -0.6781 0.7349
vn 0.0425 -0.6375 0.7693
vn -0.0347 -0.0132 0.9993
vn -0.0397 -0.5898 0.8066
vn -0.7424 0.5854 0.3259
vn -0.8437 0.4959 0.2055
vn -0.7194 0.5904 0.3659
vn -0.8091 0.4970 0.3137
vn -0.8566 0.3902 0.3375
vn -0.7164 -0.2191 0.6624
vn -0.8659 0.4565 0.2047
vn -0.0032 0.5360 -0.8442
vn -0.6790 0.1967 -0.7073
vn -0.1554 0.5344 -0.8308
vn -0.8425 0.2359 0.4843
vn -0.8914 0.3346 0.3058
vn -0.7955 0.1421 0.5890
vn -0.5055 0.1660 0.8467
vn -0.7723 -0.6352 0.0041
vn -0.8581 -0.2283 0.4600
vn -0.8254 0.2176 -0.5210
vn -0.9723 0.0849 -0.2179
vn -0.9540 0.0420 -0.2967
vn -0.9768 0.0358 -0.2113
vn -0.9208 0.0571 -0.3857
vn -0.7882 0.4937 0.3673
vn -0.9636 -0.1299 0.2335
vn -0.7675 -0.0927 0.6343
vn -0.8996 -0.0328 0.4355
vn -0.8329 0.2566 0.4904
vn -0.8596 0.1461 0.4897
vn -0.7640 -0.0025 0.6452
vn -0.8727 -0.1159 0.4744
vn -0.3644 0.1325 0.9218
vn -0.7588 -0.2577 0.5982
vn -0.9490 -0.1335 0.2855
vn -0.7833 -0.2850 0.5525
vn -0.9750 0.0265 0.2204
vn -0.9622 -0.1550 0.2240
vn -0.8717 0.3409 0.3521
vn -0.7012 0.5553 0.4472
vn -0.7740 0.6236 0.1094
vn -0.8288 0.4823 0.2836
vn -0.8876 0.1965 0.4166
vn -0.5864 0.7944 0.1582
vn -0.5988 0.7350 0.3182
vn -0.7247 0.3027 0.6191
vn -0.7021 0.2035 0.6824
vn -0.6556 0.4925 0.5724
vn -0.7425 0.1120 0.6604
vn -0.9083 0.2566 0.3305
vn 0.0043 -0.5691 0.8223
vn -0.5418 -0.4263 0.7244
vn -0.3471 -0.1755 0.9213
vn -0.0412 -0.5570 0.8295
vn -0.8861 -0.0983 0.4530
vn -0.8241 0.2526 0.5069
vn -0.7474 0.0961 0.6574
vn -0.6139 0.4099 0.6746
vn -0.9837 -0.1099 0.1425
vn -0.7034 0.2239 0.6747
vn -0.8107 0.1005 0.5767
vn -0.8496 -0.2675 0.4545
vn -0.5038 -0.0002 0.8638
vn -0.2583 0.9606 0.1024
vn -0.8966 0.0890 -0.4339
vn -0.8942 -0.1289 -0.4287
vn -0.8343 -0.0204 -0.5509
vn -0.7166 -0.1696 -0.6765
vn -0.7574 -0.0100 -0.6529
vn -0.8661 -0.1219 -0.4848
vn -0.3206 -0.7038 0.6339
vn -0.5355 -0.8312 0.1494
vn -0.3979 -0.5253 0.7521
vn -0.4032 0.6667 0.6269
vn -0.7010 0.4904 0.5178
vn 0.0443 -0.9424 -0.3315
vn 0.0629 -0.9599 0.2731
vn 0.0443 -0.9424 0.3315
vn -0.2500 0.9148 -0.3172
vn -0.0756 0.9347 -0.3474
vn -0.0686 0.9342 -0.3502
vn -0.1807 0.9824 0.0477
vn -0.1202 0.9269 0.3554
vn -0.0921 0.9197 0.3817
vn -0.9254 0.0687 0.3726
vn -0.5417 0.5576 0.6290
vn -0.2057 0.8894 0.4083
vn -0.3822 0.8137 0.4379
vn -0.5351 0.8436 0.0445
vn -0.1144 0.9293 0.3513
vn -0.2483 0.8961 0.3680
vn -0.8535 0.2063 0.4785
vn -0.8951 0.4349 -0.0983
vn -0.8592 -0.3025 0.4125
vn -0.7773 0.5952 -0.2039
vn -0.3286 0.9387 0.1041
vn -0.0033 0.9843 -0.1762
vn -0.3264 0.9305 -0.1664
vn -0.9272 -0.1214 -0.3542
vn -0.9167 0.1952 -0.3486
vn -0.2752 0.8606 -0.4285
vn -0.0031 0.8942 -0.4477
vn -0.1393 -0.1650 0.9764
vn 0.1287 -0.9914 -0.0255
vn 0.1734 -0.9846 -0.0225
vn -0.0688 -0.9974 0.0218
vn -0.1348 0.2015 0.9702
vn -0.6190 0.4123 0.6684
vn -0.8832 0.2369 0.4047
vn 0.9947 -0.0467 0.0920
vn 0.9947 -0.0467 -0.0921
vn 0.7565 0.6533 0.0311
vn -0.8554 -0.3306 0.3986
vn -0.8329 -0.5147 0.2034
vn -0.9888 -0.1481 0.0153
vn -0.8665 -0.4991 -0.0014
vn -0.8421 -0.4224 0.3355
vn -0.9032 -0.3252 0.2803
vn -0.9051 -0.2338 0.3551
vn -0.0018 0.7073 0.7069
vn -0.1557 0.5354 0.8302
vn -0.7921 -0.2343 0.5637
vn -0.4011 -0.4083 0.8200
vn -0.0282 -0.3703 0.9285
vn -0.8889 0.0667 0.4532
vn -0.4181 -0.5335 -0.7352
vn -0.7188 -0.3565 -0.5968
vn -0.2818 -0.3176 -0.9054
vn -0.8498 -0.4450 0.2825
vn -0.7884 -0.5949 0.1566
vn -0.7382 -0.6746 0.0019
vn -0.0004 0.1829 0.9831
vn -0.5636 0.1388 0.8143
vn -0.2557 0.9154 0.3108
vn -0.0024 0.9936 0.1128
vn -0.1452 -0.0433 -0.9885
vn -0.0018 -0.1799 -0.9837
vn -0.1366 -0.1706 -0.9758
vn -0.2491 0.7969 0.5504
vn -0.0024 0.8785 0.4777
vn -0.2783 0.8457 0.4553
vn -0.0007 -0.4841 0.8750
vn -0.1294 -0.3808 0.9156
vn -0.1560 -0.4683 0.8697
vn -0.2119 -0.5752 0.7901
vn -0.2562 0.6816 0.6854
vn -0.0020 0.7824 0.6228
vn -0.2960 0.7485 0.5935
vn 0.0018 -0.1779 0.9841
vn -0.0874 -0.3243 0.9419
vn 0.0075 0.0011 -1.0000
vn -0.1238 0.0746 -0.9895
vn 0.0155 -0.5922 -0.8057
vn -0.1561 -0.4683 -0.8697
vn -0.0007 -0.4841 -0.8750
vn 0.0015 0.0947 0.9955
vn -0.1428 0.0327 0.9892
vn -0.1423 -0.0407 0.9890
vn -0.6776 0.5225 0.5176
vn -0.4003 -0.9164 0.0030
vn -0.0077 -0.9727 0.2320
vn -0.4515 -0.8685 0.2046
vn -0.4080 -0.7875 0.4619
vn 0.0031 -0.8596 0.5109
vn -0.2073 -0.7001 0.6833
vn 0.0198 -0.7061 0.7078
vn -0.7760 -0.4462 0.4457
vn -0.7410 -0.2025 0.6403
vn -0.7829 -0.0435 -0.6206
vn -0.7670 -0.0912 -0.6351
vn -0.7521 -0.0299 -0.6583
vn -0.7769 -0.0202 -0.6293
vn 0.0424 -0.6375 -0.7693
vn 0.0629 -0.9599 -0.2731
vn -0.0397 -0.5898 -0.8066
vn -0.5120 0.2505 -0.8217
vn -0.9220 0.0057 -0.3871
vn -0.9671 -0.0363 -0.2519
vn -0.8019 -0.3678 -0.4708
vn -0.9741 -0.1287 -0.1860
vn -0.7833 -0.2850 -0.5524
vn -0.9345 0.0108 -0.3558
vn -0.8986 -0.4301 0.0867
vn -0.4189 -0.8748 0.2436
vn 0.0155 -0.5922 0.8057
vn -0.7969 -0.3705 0.4772
vn -0.9340 0.0085 -0.3572
vn -0.8844 0.2119 -0.4159
vn -0.7182 -0.3635 0.5933
vn -0.0384 -0.1033 0.9939
vn -0.0108 -0.2792 0.9602
vn -0.5364 0.0227 0.8436
vn -0.6554 -0.0376 0.7544
vn -0.8309 -0.0185 0.5561
vn -0.9039 0.0891 -0.4184
vn -0.8746 0.1609 -0.4573
vn -0.8785 0.2830 -0.3849
vn -0.8590 -0.2563 -0.4432
vn -0.1499 -0.9020 0.4050
vn -0.7294 0.6146 -0.3005
vn -0.6914 0.3514 -0.6312
vn -0.2115 0.9133 0.3481
vn -0.3310 0.9429 0.0364
vn -0.2683 0.9627 0.0354
vn -0.8337 0.2643 0.4849
vn -0.1325 0.0685 0.9888
vn -0.2218 -0.4366 0.8719
vn -0.5352 0.7939 -0.2885
vn -0.5638 -0.8211 0.0893
vn -0.7706 -0.0028 0.6373
vn -0.3902 0.9207 0.0091
vn -0.9403 0.3392 -0.0287
vn -0.1469 0.7766 -0.6126
vn -0.8603 -0.0583 -0.5064
vn -0.3404 -0.9220 0.1847
vn -0.3430 -0.8454 0.4094
vn -0.3341 -0.8718 0.3583
vn -0.4895 0.1844 0.8523
vn -0.8945 0.0094 -0.4469
vn -0.7098 0.0409 -0.7032
vn -0.9231 0.1535 -0.3527
vn -0.8434 0.4594 -0.2785
vn -0.8717 0.3409 -0.3521
vn -0.7809 0.2113 -0.5878
vn -0.8952 0.1509 -0.4193
vn -0.7018 -0.3797 -0.6027
vn -0.8136 0.1628 -0.5582
vn -0.8882 0.3697 -0.2727
vn -0.8752 0.4174 -0.2447
vn -0.6528 -0.0839 -0.7529
vn -0.8165 0.4104 -0.4060
vn -0.9039 0.2163 -0.3691
vn -0.8491 0.0649 -0.5243
vn -0.9047 0.2071 -0.3723
vn -0.9837 -0.1099 -0.1424
vn -0.9139 0.0883 -0.3963
vn -0.9537 0.0129 -0.3005
vn -0.8287 -0.3564 -0.4316
vn -0.8933 -0.1224 -0.4324
vn -0.8407 0.3928 -0.3727
vn -0.8552 0.2195 -0.4695
vn -0.8619 -0.1541 -0.4832
vn -0.8505 0.0686 -0.5215
vn -0.8112 -0.3765 -0.4475
vn -0.9441 -0.0218 -0.3290
vn -0.9731 -0.0648 -0.2209
vn -0.0966 0.0398 -0.9945
vn -0.2655 0.3312 -0.9054
vn -0.4757 0.2179 -0.8522
vn -0.9703 -0.0733 -0.2305
vn -0.8634 0.2531 -0.4365
vn -0.5242 0.0771 -0.8481
vn -0.8779 -0.2905 -0.3807
vn -0.9250 0.0785 -0.3718
vn -0.8568 -0.0383 -0.5142
vn -0.7021 -0.0574 -0.7098
vn -0.7392 0.3232 -0.5909
vn -0.7966 0.1395 -0.5882
vn -0.9080 -0.2806 -0.3112
vn -0.9255 -0.3248 -0.1947
vn -0.8421 -0.4239 -0.3334
vn -0.5276 -0.5003 -0.6865
vn -0.2634 -0.3018 -0.9163
vn -0.6321 -0.3997 -0.6639
vn -0.0770 -0.1692 -0.9826
vn 0.0141 -0.1943 -0.9808
vn -0.8437 0.4959 -0.2055
vn -0.7383 0.5993 -0.3095
vn -0.7194 0.5904 -0.3659
vn -0.8701 0.4176 -0.2619
vn -0.8337 0.2643 -0.4849
vn -0.6416 -0.0254 -0.7666
vn -0.2400 -0.3906 -0.8887
vn -0.5528 0.1402 -0.8214
vn -0.2935 -0.0213 -0.9557
vn -0.9258 -0.0196 -0.3775
vn -0.8221 -0.0355 -0.5683
vn -0.7468 -0.2315 -0.6235
vn -0.9522 -0.1384 -0.2725
vn -0.9831 0.0877 -0.1604
vn -0.7012 0.5552 -0.4472
vn -0.6776 0.5225 -0.5176
vn -0.7740 0.6236 -0.1094
vn -0.8363 0.3612 -0.4125
vn -0.8288 0.4823 -0.2836
vn -0.5864 0.7944 -0.1582
vn -0.8876 0.1965 -0.4166
vn -0.5988 0.7350 -0.3182
vn -0.7247 0.3027 -0.6191
vn -0.9293 0.3552 0.1015
vn -0.8990 0.2470 -0.3618
vn -0.0702 -0.5105 -0.8570
vn -0.3738 -0.0830 -0.9238
vn -0.3865 -0.1233 -0.9140
vn -0.8861 -0.0983 -0.4530
vn -0.8728 -0.2538 -0.4170
vn -0.7650 -0.4844 -0.4245
vn -0.8457 0.3023 -0.4399
vn -0.8107 0.1005 -0.5767
vn -0.8496 -0.2675 -0.4545
vn -0.5039 -0.0002 -0.8638
vn -0.2583 0.9606 -0.1024
vn -0.3554 -0.7632 -0.5397
vn -0.8451 -0.1982 -0.4965
vn -0.4479 0.6379 -0.6265
vn -0.4531 -0.6994 -0.5527
vn -0.1420 0.9451 -0.2942
vn -0.5417 0.5576 -0.6290
vn -0.2057 0.8894 -0.4083
vn -0.7182 0.5914 -0.3668
vn -0.3822 0.8137 -0.4379
vn -0.1144 0.9293 -0.3513
vn -0.8479 -0.4278 -0.3132
vn -0.0806 -0.9962 -0.0337
vn -0.8568 0.1877 -0.4802
vn -0.8177 -0.5348 -0.2128
vn -0.8854 -0.4495 -0.1187
vn -0.8335 -0.4318 -0.3446
vn -0.9189 -0.2790 -0.2789
vn -0.9448 -0.1979 -0.2610
vn -0.7541 -0.4468 -0.4814
vn -0.0018 0.7073 -0.7069
vn -0.8662 -0.2418 -0.4374
vn -0.7216 -0.2005 -0.6626
vn -0.0419 -0.4665 -0.8835
vn 0.0711 -0.3623 -0.9293
vn -0.2016 -0.4150 -0.8872
vn -0.9342 -0.2007 -0.2949
vn -0.8396 0.2652 -0.4740
vn -0.8888 0.0668 -0.4534
vn -0.2555 0.8987 -0.3564
vn -0.8673 -0.4164 -0.2728
vn -0.7904 -0.4393 -0.4269
vn -0.7955 -0.5853 -0.1566
vn -0.0010 -0.3465 -0.9380
vn -0.1443 -0.3404 -0.9291
vn -0.2491 0.7969 -0.5504
vn -0.0025 0.8212 -0.5706
vn -0.2119 -0.5752 -0.7901
vn -0.2562 0.6816 -0.6855
vn -0.0020 0.7824 -0.6228
vn -0.2960 0.7485 -0.5935
vn -0.0076 -0.9736 -0.2279
vn -0.0106 -0.9999 0.0041
vn -0.4080 -0.7875 -0.4619
vn 0.0031 -0.8596 -0.5109
vn -0.2073 -0.7001 -0.6833
vn 0.0198 -0.7061 -0.7078
vn -0.4509 -0.8695 -0.2017
vn -0.2413 -0.3571 -0.9023
vn -0.0690 0.9344 0.3494
vn -0.4316 -0.8705 -0.2366
vn -0.4727 0.0461 -0.8800
vn -0.5440 -0.8202 -0.1772
vn 0.0101 -0.6781 -0.7349
vn -0.7706 -0.0028 -0.6373
vn -0.5638 -0.8211 -0.0893
vn -0.5352 0.7939 0.2886
vn -0.3902 0.9207 -0.0091
vn -0.1469 0.7766 0.6126
vn -0.8603 -0.0583 0.5064
vn -0.3403 -0.9220 -0.1847
vn -0.3430 -0.8454 -0.4094
vn -0.3341 -0.8718 -0.3583
vn -0.4895 0.1844 -0.8523
vn -0.9721 0.0841 0.2192
vn -0.9890 -0.0252 -0.1459
vn -0.9552 -0.2954 -0.0156
vn -0.9770 0.0355 0.2105
vn -0.8313 -0.1743 0.5278
vn -0.8467 0.3214 0.4239
vn -0.9512 -0.0333 0.3069
vn -0.9209 0.2964 0.2533
vn -0.9688 0.2436 -0.0457
vn -0.9539 0.0449 0.2968
vn -0.8467 0.4287 -0.3152
vn -0.8865 -0.0509 -0.4599
vn -0.8601 -0.0772 -0.5042
vn -0.8601 -0.4858 -0.1558
vn -0.8302 -0.5126 -0.2192
vn -0.7709 -0.5776 0.2685
vn -0.5949 0.5579 0.5787
vn -0.5911 0.0758 0.8030
vn -0.5299 0.0866 0.8436
vn -0.6581 -0.3441 0.6697
vn -0.6297 -0.3691 0.6836
vn -0.8343 0.1308 0.5356
vn -0.7433 -0.6163 0.2601
vn -0.6325 0.5003 0.5913
vn -0.8227 0.5610 0.0920
vn -0.7181 0.6907 0.0857
vn -0.9165 -0.2170 0.3362
vn -0.9890 -0.0253 0.1459
vn -0.8403 0.2839 -0.4620
vn -0.8480 -0.2404 -0.4723
vn -0.9511 -0.0337 -0.3070
vn -0.9240 0.2710 -0.2696
vn -0.9754 0.0021 -0.2205
vn -0.9536 0.2911 -0.0773
vn -0.8475 0.4449 0.2894
vn -0.8865 -0.0510 0.4600
vn -0.9581 -0.2381 -0.1595
vn -0.8580 -0.4724 0.2014
vn -0.8580 -0.0839 0.5067
vn -0.8278 -0.5178 0.2161
vn -0.7709 -0.5776 -0.2685
vn -0.7412 -0.6154 -0.2684
vn -0.6018 0.0542 -0.7968
vn -0.5972 0.5267 -0.6050
vn -0.5357 0.0565 -0.8425
vn -0.6581 -0.3441 -0.6697
vn -0.8699 0.1427 -0.4721
vn -0.6604 0.4500 -0.6012
vn -0.7992 0.5967 -0.0719
vn -0.7119 0.6932 -0.1122
vn -0.8125 0.4503 0.3703
vn -0.9229 -0.2016 -0.3282
vn -0.0000 0.3090 0.9510
vn -0.7412 0.3946 0.5431
vn -0.0000 0.5878 0.8090
vn 0.0039 0.8047 0.5936
vn -0.7412 0.5398 0.3991
vn -0.0078 -0.8108 -0.5852
vn 0.6639 -0.6618 -0.3483
vn -0.0000 -0.8910 -0.4540
vn -0.7334 0.6797 0.0121
vn -0.7694 0.6387 0.0069
vn -0.7422 0.6698 -0.0215
vn -0.7419 0.6017 0.2957
vn -0.0000 0.8910 0.4540
vn -0.0029 0.8122 -0.5834
vn -0.7411 0.3946 -0.5432
vn -0.0000 0.5878 -0.8090
vn -0.0000 0.3090 -0.9511
vn -0.7411 0.2075 -0.6385
vn -0.7412 -0.0000 -0.6712
vn -0.0000 -0.3090 -0.9511
vn -0.7411 -0.2075 -0.6386
vn -0.7412 -0.3946 -0.5431
vn -0.0000 -0.5878 -0.8090
vn -0.0000 -0.8090 -0.5878
vn -0.7412 -0.5430 -0.3946
vn -0.0000 -0.9511 -0.3090
vn -0.7412 -0.6385 -0.2074
vn -0.7412 -0.6713 -0.0000
vn -0.7412 -0.6385 0.2074
vn -0.0000 -0.9511 0.3090
vn -0.0000 -0.8090 0.5878
vn -0.7412 -0.5431 0.3946
vn -0.7412 -0.3946 0.5431
vn -0.0000 -0.5878 0.8090
vn -0.7411 -0.2075 0.6386
vn -0.0000 -0.3090 0.9511
vn -0.7413 -0.0000 0.6711
vn -0.7282 0.1916 0.6580
vn -0.9978 -0.0207 -0.0636
vn -0.9978 -0.0392 -0.0540
vn -0.9978 -0.0537 -0.0397
vn -0.7370 0.6023 -0.3068
vn -0.9974 -0.0487 0.0525
vn -0.7249 0.5721 -0.3837
vn -0.0000 0.8910 -0.4540
vn -0.9978 -0.0393 0.0540
vn -0.9978 -0.0207 0.0636
vn -0.9978 -0.0000 0.0669
vn -0.9978 0.0206 0.0634
vn -0.9978 0.0393 0.0541
vn -0.9978 0.0541 0.0393
vn -0.9978 0.0635 0.0207
vn -0.9978 0.0668 -0.0000
vn -0.9978 0.0637 -0.0208
vn -0.9978 0.0540 -0.0392
vn -0.9978 0.0392 -0.0540
vn -0.9978 0.0207 -0.0636
vn -0.9978 -0.0000 -0.0667
vn -0.6738 -0.2283 -0.7028
vn -0.6738 -0.4343 -0.5978
vn -0.6738 -0.5942 -0.4393
vn -0.6696 -0.6618 0.3372
vn 0.0057 -0.8076 0.5897
vn -0.6973 -0.5665 0.4392
vn -0.9988 -0.0219 0.0430
vn -0.6731 -0.7180 -0.1773
vn -0.6583 -0.7527 -0.0000
vn -0.6731 -0.7180 0.1773
vn -0.6639 -0.6618 -0.3483
vn -0.9968 -0.0646 -0.0477
vn -0.6738 -0.4344 0.5978
vn -0.6738 -0.2283 0.7028
vn -0.6738 -0.0000 0.7389
vn -0.6738 0.2283 0.7027
vn -0.6738 0.4344 0.5978
vn -0.6738 0.5978 0.4343
vn -0.6738 0.7028 0.2283
vn -0.6738 0.7389 -0.0000
vn -0.6737 0.7028 -0.2284
vn -0.6737 0.5978 -0.4344
vn -0.6738 0.4343 -0.5978
vn -0.6738 0.2283 -0.7028
vn -0.6738 -0.0000 -0.7389
vn 0.7420 0.6017 0.2957
vn -0.0000 -0.9781 -0.2079
vn -0.0000 -0.9781 0.2079
vn -0.0000 0.3090 0.9511
vn -0.0000 0.8090 0.5878
vn -0.0000 0.9511 0.3090
vn -0.0000 0.9511 -0.3090
vn -0.0000 0.8090 -0.5878
vn 0.6737 -0.2283 -0.7028
vn 0.6738 -0.4343 -0.5978
vn 0.6738 -0.5942 -0.4393
vn 0.6673 -0.7444 -0.0239
vn 0.6731 -0.7180 -0.1773
vn 0.6731 -0.7180 0.1773
vn 0.7068 -0.5714 0.4171
vn 0.6738 -0.4343 0.5978
vn 0.6738 -0.2283 0.7027
vn 0.6737 -0.0000 0.7390
vn 0.6737 0.2284 0.7028
vn 0.6738 0.4343 0.5978
vn 0.6738 0.5978 0.4343
vn 0.6738 0.7028 0.2283
vn 0.6738 0.7389 -0.0000
vn 0.6737 0.7028 -0.2284
vn 0.6737 0.5978 -0.4344
vn 0.6738 0.4343 -0.5978
vn 0.6737 0.2284 -0.7028
vn 0.6738 -0.0000 -0.7389
vn 0.9978 -0.0392 -0.0540
vn 0.9978 -0.0537 -0.0397
vn 0.6696 -0.6618 0.3372
vn 0.9958 -0.0834 -0.0386
vn 0.9978 -0.0393 0.0541
vn 0.9978 -0.0206 0.0635
vn 0.9978 -0.0000 0.0670
vn 0.9978 0.0206 0.0636
vn 0.9978 0.0392 0.0540
vn 0.9978 0.0541 0.0393
vn 0.9978 0.0636 0.0207
vn 0.9978 0.0668 -0.0000
vn 0.9978 0.0637 -0.0207
vn 0.9978 0.0540 -0.0392
vn 0.9978 0.0392 -0.0540
vn 0.9978 0.0207 -0.0636
vn 0.9978 -0.0000 -0.0667
vn 0.9990 0.0166 -0.0408
vn 0.7412 0.3946 0.5431
vn 0.7412 0.5398 0.3991
vn 0.9968 -0.0646 -0.0477
vn -0.9946 -0.0477 -0.0923
vn 0.7100 0.5639 -0.4218
vn 0.7412 0.3946 -0.5431
vn 0.7412 0.2075 -0.6385
vn 0.7412 -0.0000 -0.6712
vn 0.7412 -0.2074 -0.6385
vn 0.7411 -0.3946 -0.5432
vn 0.7412 -0.5430 -0.3946
vn 0.7412 -0.6385 -0.2074
vn 0.7412 -0.6713 -0.0000
vn 0.7412 -0.6385 0.2074
vn 0.7411 -0.5432 0.3946
vn 0.7413 -0.3945 0.5430
vn 0.7411 -0.2075 0.6385
vn 0.7412 -0.0000 0.6713
vn 0.7249 0.2329 0.6483
vn 0.7333 0.6797 0.0122
vn -0.0000 0.9980 0.0629
vn 0.7334 0.6797 -0.0121
vn 0.9982 -0.0222 0.0563
vn -0.1710 0.3886 -0.9054
vn -0.0000 0.4526 -0.8917
vn -0.1799 0.4172 -0.8908
vn -0.3044 0.2227 -0.9261
vn -0.3418 0.2478 -0.9065
vn -0.2699 -0.0427 -0.9619
vn -0.3049 -0.0440 -0.9514
vn -0.0000 -0.1874 -0.9823
vn -0.0000 -0.2013 -0.9795
vn 0.3049 -0.0439 -0.9514
vn 0.2699 -0.0426 -0.9619
vn 0.3418 0.2476 -0.9066
vn 0.3044 0.2227 -0.9261
vn 0.1799 0.4172 -0.8908
vn 0.1709 0.3886 -0.9054
vn 0.1709 0.3886 0.9054
vn -0.0000 0.4526 0.8917
vn 0.1799 0.4172 0.8908
vn 0.3045 0.2223 0.9262
vn 0.3417 0.2481 0.9065
vn 0.2699 -0.0426 0.9619
vn 0.3050 -0.0438 0.9513
vn -0.0000 -0.1874 0.9823
vn -0.0000 -0.2013 0.9795
vn -0.3050 -0.0438 0.9513
vn -0.2702 -0.0422 0.9619
vn -0.3417 0.2481 0.9065
vn -0.3045 0.2223 0.9262
vn -0.1799 0.4172 0.8908
vn -0.1709 0.3886 0.9054
vn 0.7370 0.6022 -0.3068
vn -0.9721 -0.0721 0.2234
vn -0.0000 -0.9862 0.1657
vn -0.0000 0.9858 0.1676
vn -0.0000 0.9858 0.1677
vn -0.0000 -0.8924 -0.4513
vn -0.0000 -0.9427 -0.3336
vn -0.0000 0.9141 -0.4054
vn -0.0000 0.9154 -0.4026
vn -1.0000 -0.0000 0.0020
vn -0.0000 -0.9723 0.2336
vn -0.0000 -0.9607 0.2776
vn -0.0000 0.9858 0.1678
vn -0.0000 -1.0000 0.0053
vn 1.0000 -0.0000 0.0013
vn 1.0000 -0.0000 0.0006
vn -0.0000 -0.0363 0.9993
vn -0.0000 1.0000 -0.0076
vn -0.0000 0.9697 0.2444
vn -0.0000 -1.0000 0.0076
vn -0.0000 -0.9707 0.2403
vn -0.7057 -0.0000 0.7085
vn -0.0000 0.9875 -0.1579
vn -0.0000 -0.9781 -0.2081
vn -0.0000 0.9754 0.2203
vn -0.0000 -0.9762 0.2169
vn -0.0000 0.9987 -0.0508
vn -0.0000 -0.9987 0.0508
vn -0.0000 0.9978 0.0670
vn 0.0001 0.9977 0.0670
vn -0.0000 0.7347 -0.6784
vn -0.0000 -0.9962 0.0871
vn 0.0001 -0.9962 0.0871
vn -0.0000 -0.7108 -0.7034
vn -0.0000 0.9868 -0.1620
vn -0.0000 1.0000 -0.0053
vn -0.0000 -0.9840 -0.1779
vn -1.0000 -0.0000 0.0026
vn -1.0000 -0.0000 0.0013
vn -1.0000 -0.0000 0.0012
vn 0.7085 -0.0000 0.7057
vn 0.7061 -0.0000 -0.7081
vn 1.0000 -0.0000 -0.0020
vn 0.0020 -0.0000 1.0000
vn -0.7101 -0.0000 -0.7041
vn -0.0010 -0.0000 -1.0000
vn -0.0000 -1.0000 -0.0001
vn -0.0000 -1.0000 0.0001
vn -0.0000 1.0000 0.0014
vn -0.0034 1.0000 0.0020
vn -0.0005 1.0000 0.0013
vn -0.0004 1.0000 0.0017
vn -0.0007 1.0000 0.0003
vn -0.0012 1.0000 0.0016
vn -0.0000 1.0000 0.0015
vn -0.0001 1.0000 0.0009
vn -0.0005 1.0000 0.0019
vn 0.0042 1.0000 0.0016
vn -0.0000 1.0000 0.0011
vn -0.0032 1.0000 0.0012
vn 0.0008 1.0000 0.0022
vn 0.0006 1.0000 0.0001
vn 0.0014 1.0000 0.0015
vn 0.0035 1.0000 0.0008
vn 0.7241 -0.0120 0.6896
vn 0.7186 -0.0095 0.6954
vn 0.7167 -0.0086 0.6973
vn 1.0000 0.0029 -0.0019
vn 1.0000 0.0029 -0.0018
vn 0.0027 1.0000 -0.0031
vn 0.0005 1.0000 0.0081
vn -0.0028 1.0000 0.0030
vn 0.0023 -1.0000 0.0009
vn 0.0004 -1.0000 -0.0041
vn -0.0023 -1.0000 -0.0041
vn -1.0000 0.0029 0.0019
vn 1.0000 -0.0029 -0.0019
vn -0.0010 0.0155 -0.9999
vn -1.0000 -0.0029 0.0019
vn 0.7215 -0.0087 -0.6924
vn 0.7160 -0.0061 -0.6981
vn 0.7233 -0.0095 -0.6905
vn -0.7255 -0.0086 -0.6882
vn -0.7200 -0.0061 -0.6939
vn -0.7182 -0.0052 -0.6958
vn 0.7215 0.0104 -0.6924
vn 0.7160 0.0078 -0.6981
vn 0.7141 0.0070 -0.7000
vn -0.7212 0.0104 0.6927
vn -0.7156 0.0078 0.6985
vn -0.7137 0.0070 0.7004
vn -0.7211 -0.0121 0.6927
vn -0.7156 -0.0096 0.6985
vn -0.7229 -0.0129 0.6908
vn -0.7255 0.0103 -0.6881
vn -0.7200 0.0078 -0.6939
vn -0.7273 0.0111 -0.6862
vn -0.0003 1.0000 -0.0049
vn -0.0000 0.9999 -0.0101
vn -0.0010 -0.0130 -0.9999
vn 0.7241 0.0103 0.6896
vn 0.7186 0.0078 0.6954
vn 0.7260 0.0112 0.6877
vn 0.0020 -0.0179 0.9998
vn 0.0020 0.0155 0.9999
vn -1.0000 0.0004 -0.0000
vn -1.0000 0.0007 -0.0000
vn -0.0000 -1.0000 -0.0093
vn -1.0000 -0.0007 -0.0000
vn 1.0000 0.0004 -0.0000
vn -0.0020 -0.0000 -1.0000
vn 1.0000 -0.0007 -0.0000
vn 1.0000 0.0007 -0.0000
vn -1.0000 -0.0004 -0.0000
vn -0.0000 0.0155 -0.9999
vn -0.0000 -0.0179 -0.9998
vn -0.0000 0.0179 0.9998
vn -0.0000 -0.0155 0.9999
vn -0.7303 -0.6831 -0.0000
vn -0.3294 -0.0148 0.9441
vn -0.3294 0.0144 -0.9441
vn -0.7940 0.6079 -0.0000
vn -0.3922 0.0168 0.9197
vn -0.3922 -0.0162 -0.9197
vn -0.0000 1.0000 0.0016
vn -0.0035 1.0000 0.0019
vn -0.0006 1.0000 0.0012
vn -0.0002 1.0000 0.0018
vn -0.0010 1.0000 0.0005
vn -0.0013 1.0000 0.0016
vn -0.0003 1.0000 0.0010
vn -0.0005 1.0000 0.0018
vn 0.0044 1.0000 0.0021
vn 0.0003 1.0000 0.0012
vn 0.0044 1.0000 0.0020
vn -0.0031 1.0000 0.0011
vn 0.0011 1.0000 0.0022
vn 0.0009 1.0000 0.0002
vn 0.0038 1.0000 0.0009
vn 0.0003 -1.0000 -0.0041
vn -0.7201 -0.0061 -0.6939
vn 0.7159 0.0078 -0.6981
vn 0.7259 0.0112 0.6877
vn -0.0625 0.2137 0.9749
vn -0.0625 -0.1408 0.9881
vn -0.2646 -0.2679 0.9264
vn -0.1956 0.0414 0.9798
vn 0.1827 -0.0811 0.9798
vn 0.1827 -0.9798 0.0811
vn -0.1956 -0.0414 0.9798
vn 0.0840 0.1291 -0.9881
vn -0.0007 -0.0037 -1.0000
vn -0.0014 0.1081 -0.9941
vn 0.1441 0.3479 -0.9264
vn 0.0831 0.0083 -0.9965
vn 0.0824 0.0060 -0.9966
vn -0.0547 0.0979 -0.9937
vn 0.1140 -0.0000 -0.9935
vn -0.0000 0.0059 -1.0000
vn 0.1090 0.1676 -0.9798
vn 0.0009 0.0026 -1.0000
vn 0.1530 -0.1899 -0.9698
vn -0.1828 -0.0811 -0.9798
vn -0.0000 -0.0019 -1.0000
vn 0.0811 -0.1828 -0.9798
vn -0.0415 -0.9798 0.1956
vn 0.9881 0.1507 -0.0319
vn -0.0414 0.9798 0.1956
vn 0.0840 -0.9881 0.1291
vn -0.0415 0.9798 0.1956
vn 0.1090 0.9798 0.1677
vn -0.9798 0.1956 0.0415
vn -0.0074 0.9995 -0.0292
vn -0.0227 0.9995 -0.0215
vn -0.0340 0.9992 -0.0221
vn -0.0095 0.9999 -0.0040
vn 0.9798 -0.1090 0.1676
vn 0.9798 0.1676 0.1090
vn -0.3223 0.9362 0.1404
vn -0.0319 0.9881 0.1507
vn 0.1090 0.9798 0.1676
vn 0.9264 -0.3479 -0.1441
vn -0.0000 -0.9969 0.0783
vn -0.0826 -0.0357 -0.9959
vn 0.1132 0.0032 -0.9936
vn -0.1828 0.0811 -0.9798
vn 0.2110 0.0632 -0.9754
vn 0.0839 -0.0172 -0.9963
vn 0.0625 0.1408 0.9881
vn -0.1090 -0.1676 -0.9798
vn 0.2201 0.1567 -0.9628
vn 0.1159 -0.0067 -0.9932
vn 0.2718 0.8896 -0.3671
vn -0.0465 -0.0840 -0.9954
vn 0.0034 -0.1677 -0.9858
vn 0.0625 0.1408 -0.9881
vn -0.9798 0.1669 -0.1102
vn -0.9798 0.1090 0.1676
vn -0.9798 0.1090 0.1677
vn -0.9881 0.0319 -0.1507
vn -0.9881 0.0830 -0.1298
vn 0.1291 0.0630 -0.9896
vn 0.1090 0.1565 -0.9816
vn 0.9881 0.1280 -0.0857
vn 0.9798 0.1083 -0.1681
vn 0.9881 0.0840 -0.1291
vn -0.8162 -0.4765 -0.3267
vn -0.8166 0.2170 0.5349
vn -0.8163 -0.3160 -0.4835
vn -0.8168 -0.0000 0.5770
vn -0.8162 0.4765 -0.3268
vn -0.8168 -0.0000 -0.5770
vn -0.8162 -0.4037 0.4134
vn -0.8168 0.5770 -0.0000
vn -0.8166 -0.5654 0.1158
vn -0.8162 0.4765 0.3268
vn -0.8166 -0.5654 -0.1158
vn -0.8192 0.3232 0.4738
vn -0.8189 0.1140 -0.5626
vn -0.8192 0.5319 -0.2146
vn -0.8193 -0.4099 -0.4009
vn -0.8487 -0.0576 0.5258
vn -0.5866 -0.5304 -0.6120
vn 0.0942 -0.9023 0.4206
vn 0.1301 0.8620 0.4900
vn 0.3646 0.0303 -0.9307
vn 0.3039 -0.3207 -0.8971
vn -0.3164 0.3877 0.8658
vn 0.1302 0.8616 0.4907
vn 0.1492 0.4927 0.8573
vn 0.1422 0.6855 -0.7141
vn -0.0436 0.2200 -0.9745
vn -0.0001 0.2610 -0.9653
vn -0.0009 0.9480 0.3183
vn -0.0025 0.8212 0.5706
vn -0.0009 -0.3466 0.9380
vn -0.0025 -0.0279 0.9996
vn -0.9403 0.3392 0.0287
vn -0.9753 0.0019 0.2210
vn -0.8115 0.4533 -0.3688
vn -0.6229 -0.3660 -0.6914
vn -0.0000 0.9980 -0.0629
vn -0.9977 -0.0604 0.0309
vn -0.0000 -0.8910 0.4540
vn -0.9959 -0.0398 0.0815
vn 0.9977 -0.0604 0.0309
vn -0.0000 0.4364 -0.8998
vn -0.0000 0.4364 0.8997
vn 0.0014 1.0000 0.0016
vn 0.7259 -0.0128 0.6877
vn -0.0170 0.9999 -0.0000
vn 0.0169 0.9999 -0.0000
vn -0.0000 0.9999 0.0166
vn -0.0111 -0.9999 -0.0002
vn -0.0004 -1.0000 0.0050
vn -0.0000 -0.9999 0.0105
vn 0.0172 -0.9999 -0.0001
vn 1.0000 -0.0029 -0.0018
vn 0.7141 -0.0053 -0.7000
vn -0.7273 -0.0094 -0.6863
vn 0.7233 0.0112 -0.6905
vn -0.7230 0.0112 0.6908
vn -0.7137 -0.0087 0.7004
vn -0.7182 0.0069 -0.6958
vn 0.7167 0.0069 0.6974
vn -0.0000 -0.9999 0.0106
vn 0.0173 -0.9999 -0.0001
vt 0.430943 0.854773
vt 0.430965 0.879957
vt 0.419486 0.886583
vt 0.435947 0.861399
vt 0.435963 0.879957
vt 0.509163 0.861399
vt 0.509179 0.879957
vt 0.512746 0.879957
vt 0.513196 0.861399
vt 0.538732 0.877428
vt 0.513087 0.886583
vt 0.546018 0.863928
vt 0.538720 0.863928
vt 0.809402 0.863928
vt 0.809418 0.881630
vt 0.816712 0.877428
vt 0.816701 0.863928
vt 0.830208 0.854773
vt 0.816721 0.886583
vt 0.551076 0.137658
vt 0.564059 0.105776
vt 0.564059 0.118480
vt 0.418538 0.893950
vt 0.413536 0.900000
vt 0.413538 0.893950
vt 0.418530 0.912507
vt 0.490622 0.906605
vt 0.491764 0.912507
vt 0.495800 0.906606
vt 0.495850 0.912507
vt 0.520183 0.906602
vt 0.521327 0.909978
vt 0.528633 0.906602
vt 0.528627 0.909978
vt 0.792083 0.896479
vt 0.529796 0.900042
vt 0.528652 0.896536
vt 0.799377 0.909978
vt 0.792079 0.906588
vt 0.799379 0.906588
vt 0.812891 0.900000
vt 0.812907 0.887325
vt 0.812893 0.919132
vt 0.446159 0.080627
vt 0.459164 0.071467
vt 0.459164 0.080627
vt 0.259663 0.185821
vt 0.271095 0.192462
vt 0.259664 0.192465
vt 0.532204 0.265893
vt 0.519200 0.254427
vt 0.532205 0.254427
vt 0.520167 0.387504
vt 0.525157 0.374503
vt 0.525157 0.387506
vt 0.595664 0.427527
vt 0.590674 0.414521
vt 0.595664 0.414522
vt 0.614391 0.418723
vt 0.601386 0.414518
vt 0.614391 0.414518
vt 0.788282 0.275535
vt 0.776830 0.271584
vt 0.788282 0.271584
vt 0.675332 0.071528
vt 0.662330 0.075560
vt 0.662330 0.071481
vt 0.065149 0.200694
vt 0.052144 0.191534
vt 0.065150 0.191534
vt 0.722694 0.124469
vt 0.690811 0.111486
vt 0.722694 0.111486
vt 0.712061 0.002863
vt 0.725042 0.076083
vt 0.712061 0.076088
vt 0.380261 0.242993
vt 0.393784 0.255973
vt 0.380267 0.255973
vt 0.852272 0.242996
vt 0.839266 0.252156
vt 0.839266 0.242996
vt 0.573369 0.412248
vt 0.584820 0.403088
vt 0.584820 0.412248
vt 0.513485 0.267409
vt 0.499967 0.254426
vt 0.513484 0.254426
vt 0.614109 0.237280
vt 0.601103 0.244567
vt 0.601106 0.237280
vt 0.267263 0.205128
vt 0.259660 0.211061
vt 0.706514 0.134358
vt 0.719519 0.140987
vt 0.706514 0.140987
vt 0.619832 0.237279
vt 0.627119 0.250285
vt 0.619832 0.250284
vt 0.839265 0.236175
vt 0.850705 0.162952
vt 0.852248 0.236175
vt 0.390953 0.311608
vt 0.384324 0.324613
vt 0.384324 0.311608
vt 0.869444 0.250276
vt 0.857993 0.242990
vt 0.869445 0.242990
vt 0.353086 0.137921
vt 0.341635 0.134360
vt 0.353087 0.134360
vt 0.951762 0.002866
vt 0.938782 0.266291
vt 0.938782 0.002872
vt 0.272643 0.217703
vt 0.259660 0.217703
vt 0.976499 0.890518
vt 0.965066 0.643435
vt 0.976499 0.643434
vt 0.284959 0.271586
vt 0.280753 0.284590
vt 0.280753 0.271586
vt 0.682731 0.261719
vt 0.686682 0.248714
vt 0.686682 0.261720
vt 0.402457 0.191539
vt 0.409743 0.204545
vt 0.402457 0.204542
vt 0.646538 0.414518
vt 0.650489 0.427523
vt 0.646538 0.427523
vt 0.902143 0.372987
vt 0.915147 0.368782
vt 0.915147 0.372987
vt 0.612391 0.048604
vt 0.623857 0.061611
vt 0.612391 0.061607
vt 0.228601 0.425961
vt 0.241606 0.429912
vt 0.228601 0.429912
vt 0.279522 0.338683
vt 0.290975 0.334478
vt 0.290974 0.338683
vt 0.651924 0.084452
vt 0.626262 0.071471
vt 0.651918 0.071471
vt 0.034996 0.191541
vt 0.046428 0.217195
vt 0.034996 0.217196
vt 0.412502 0.088236
vt 0.418138 0.076905
vt 0.418264 0.088103
vt 0.412333 0.055894
vt 0.412375 0.077038
vt 0.812069 0.164601
vt 0.803771 0.037166
vt 0.812069 0.037166
vt 0.021337 0.161259
vt 0.314005 0.145801
vt 0.301655 0.161259
vt 0.011154 0.574808
vt 0.002860 0.294454
vt 0.011154 0.294457
vt 0.009031 0.288448
vt 0.008974 0.145912
vt 0.314063 0.288448
vt 0.301706 0.288448
vt 0.154776 0.345911
vt 0.163075 0.473338
vt 0.154776 0.473338
vt 0.583457 0.081080
vt 0.595379 0.351793
vt 0.583457 0.342198
vt 0.674441 0.172205
vt 0.668671 0.149092
vt 0.674439 0.149093
vt 0.713014 0.239035
vt 0.715204 0.227028
vt 0.715203 0.239035
vt 0.468189 0.071527
vt 0.595379 0.071476
vt 0.468189 0.351845
vt 0.468189 0.342245
vt 0.707293 0.276824
vt 0.703949 0.180103
vt 0.707293 0.180104
vt 0.956936 0.385935
vt 0.960278 0.631934
vt 0.956936 0.631936
vt 0.957484 0.117210
vt 0.960826 0.378291
vt 0.957485 0.378294
vt 0.274887 0.108757
vt 0.282387 0.002856
vt 0.282433 0.118124
vt 0.028814 0.012223
vt 0.021315 0.118124
vt 0.021269 0.002856
vt 0.274848 0.012223
vt 0.028853 0.108757
vt 0.938777 0.277296
vt 0.942121 0.392778
vt 0.938777 0.392778
vt 0.573375 0.088617
vt 0.576716 0.334681
vt 0.573375 0.334680
vt 0.779196 0.403090
vt 0.682482 0.406434
vt 0.682482 0.403090
vt 0.561650 0.288730
vt 0.446160 0.292073
vt 0.446160 0.288730
vt 0.240049 0.699954
vt 0.002859 0.688966
vt 0.248892 0.688966
vt 0.248932 0.785500
vt 0.240080 0.774512
vt 0.011741 0.774512
vt 0.011711 0.699954
vt 0.002898 0.785500
vt 0.115028 0.703851
vt 0.014877 0.770616
vt 0.014850 0.703851
vt 0.115055 0.770616
vt 0.236940 0.770616
vt 0.849606 0.156166
vt 0.855496 0.151546
vt 0.855388 0.156115
vt 0.342967 0.271583
vt 0.347559 0.333204
vt 0.342967 0.333204
vt 0.616976 0.161802
vt 0.627279 0.157300
vt 0.627156 0.161868
vt 0.839330 0.151536
vt 0.849714 0.151598
vt 0.611522 0.157290
vt 0.617099 0.157234
vt 0.484864 0.413469
vt 0.490436 0.408892
vt 0.490436 0.413464
vt 0.507122 0.413384
vt 0.501566 0.408852
vt 0.507122 0.408812
vt 0.496004 0.413450
vt 0.501566 0.413424
vt 0.164090 0.334475
vt 0.063929 0.339045
vt 0.063925 0.334475
vt 0.496004 0.408878
vt 0.411696 0.361338
vt 0.407123 0.294449
vt 0.411696 0.294449
vt 0.468120 0.413424
vt 0.473706 0.408878
vt 0.473706 0.413450
vt 0.027054 0.173239
vt 0.127246 0.168670
vt 0.127244 0.173239
vt 0.462527 0.413384
vt 0.468120 0.408852
vt 0.261214 0.171296
vt 0.171165 0.168665
vt 0.271343 0.168665
vt 0.173285 0.171296
vt 0.171192 0.235430
vt 0.261239 0.232799
vt 0.173309 0.232799
vt 0.261125 0.229866
vt 0.271371 0.235430
vt 0.245501 0.202048
vt 0.248065 0.196484
vt 0.247629 0.202048
vt 0.247452 0.214181
vt 0.251802 0.218739
vt 0.250031 0.220205
vt 0.255484 0.224302
vt 0.253991 0.226189
vt 0.260024 0.232139
vt 0.261103 0.174229
vt 0.260000 0.171956
vt 0.253971 0.177907
vt 0.255466 0.179793
vt 0.250016 0.183890
vt 0.251788 0.185356
vt 0.247442 0.189914
vt 0.249412 0.190920
vt 0.245976 0.195972
vt 0.237668 0.418123
vt 0.231592 0.418603
vt 0.206917 0.345931
vt 0.719507 0.151993
vt 0.714955 0.146021
vt 0.719542 0.145887
vt 0.694561 0.373375
vt 0.782475 0.368786
vt 0.782479 0.373375
vt 0.415628 0.036097
vt 0.416824 0.031523
vt 0.416824 0.036120
vt 0.719519 0.153215
vt 0.714920 0.152128
vt 0.757379 0.025738
vt 0.763269 0.030334
vt 0.757379 0.030330
vt 0.787353 0.025747
vt 0.781272 0.030339
vt 0.781271 0.025747
vt 0.763268 0.025743
vt 0.769216 0.030337
vt 0.793446 0.025746
vt 0.787353 0.030339
vt 0.775220 0.025746
vt 0.769215 0.025745
vt 0.799532 0.025744
vt 0.793446 0.030338
vt 0.775220 0.030338
vt 0.805599 0.030334
vt 0.799532 0.030336
vt 0.732727 0.264738
vt 0.820669 0.260149
vt 0.820667 0.264738
vt 0.811640 0.025738
vt 0.805598 0.025742
vt 0.601103 0.322480
vt 0.640049 0.254880
vt 0.662303 0.267917
vt 0.234977 0.706257
vt 0.235002 0.768209
vt 0.165291 0.768209
vt 0.159350 0.770616
vt 0.165266 0.706257
vt 0.236913 0.703851
vt 0.171624 0.759488
vt 0.173075 0.761152
vt 0.171606 0.714978
vt 0.159323 0.703851
vt 0.178953 0.725227
vt 0.173056 0.713315
vt 0.180755 0.737233
vt 0.177115 0.726106
vt 0.177124 0.748361
vt 0.178784 0.737233
vt 0.178963 0.749240
vt 0.601105 0.349120
vt 0.613752 0.345993
vt 0.613751 0.349187
vt 0.535863 0.107963
vt 0.527916 0.105776
vt 0.535793 0.105776
vt 0.268042 0.089730
vt 0.265854 0.020010
vt 0.268042 0.020011
vt 0.715198 0.250899
vt 0.713009 0.250899
vt 0.713009 0.202972
vt 0.715203 0.214978
vt 0.713014 0.214978
vt 0.730795 0.181197
vt 0.728607 0.111497
vt 0.730795 0.111495
vt 0.713015 0.227028
vt 0.653664 0.096320
vt 0.651478 0.088781
vt 0.653664 0.088708
vt 0.029278 0.253614
vt 0.027089 0.191543
vt 0.029278 0.191543
vt 0.494235 0.222199
vt 0.492585 0.282072
vt 0.492560 0.220120
vt 0.557136 0.222199
vt 0.562271 0.220120
vt 0.557159 0.279992
vt 0.494259 0.279992
vt 0.554486 0.227177
vt 0.553232 0.225739
vt 0.554506 0.275014
vt 0.562296 0.282072
vt 0.547019 0.263862
vt 0.553252 0.276453
vt 0.545104 0.251096
vt 0.548608 0.263102
vt 0.548599 0.239089
vt 0.546807 0.251096
vt 0.547009 0.238330
vt 0.365535 0.529419
vt 0.394431 0.478551
vt 0.407197 0.476635
vt 0.179009 0.183300
vt 0.241918 0.180107
vt 0.241917 0.183300
vt 0.626552 0.346013
vt 0.626552 0.349208
vt 0.504449 0.088730
vt 0.507640 0.092704
vt 0.504449 0.092596
vt 0.179007 0.194732
vt 0.236908 0.191537
vt 0.236908 0.194732
vt 0.639333 0.345993
vt 0.639332 0.349187
vt 0.613538 0.042980
vt 0.616729 0.047073
vt 0.613538 0.046977
vt 0.372915 0.105792
vt 0.376108 0.168682
vt 0.372915 0.168685
vt 0.651917 0.345925
vt 0.651916 0.349120
vt 0.283893 0.345913
vt 0.275595 0.473347
vt 0.275595 0.345912
vt 0.424976 0.307894
vt 0.440437 0.015228
vt 0.440437 0.295536
vt 0.930480 0.420242
vt 0.922186 0.700589
vt 0.922186 0.420238
vt 0.567652 0.002858
vt 0.567652 0.015215
vt 0.567652 0.307878
vt 0.567652 0.295522
vt 0.091232 0.380216
vt 0.082933 0.507643
vt 0.082933 0.380216
vt 0.048589 0.294456
vt 0.319298 0.306380
vt 0.058190 0.306381
vt 0.418268 0.037239
vt 0.418095 0.055760
vt 0.328910 0.421671
vt 0.319311 0.421671
vt 0.048603 0.421671
vt 0.058203 0.421671
vt 0.787247 0.383556
vt 0.690528 0.380213
vt 0.787248 0.380213
vt 0.016862 0.557608
vt 0.020204 0.311603
vt 0.020204 0.557605
vt 0.991543 0.263959
vt 0.994885 0.002872
vt 0.994885 0.263956
vt 0.297762 0.570886
vt 0.191840 0.578439
vt 0.201209 0.570896
vt 0.201209 0.324872
vt 0.307131 0.317318
vt 0.297762 0.324861
vt 0.307131 0.578427
vt 0.108433 0.495699
vt 0.111777 0.380217
vt 0.111777 0.495699
vt 0.951222 0.277297
vt 0.947881 0.523359
vt 0.947881 0.277295
vt 0.688205 0.659887
vt 0.691548 0.563173
vt 0.691548 0.659887
vt 0.292248 0.284161
vt 0.295592 0.168672
vt 0.295592 0.284161
vt 0.245981 0.208124
vt 0.249421 0.213175
vt 0.248069 0.207611
vt 0.479288 0.408892
vt 0.479287 0.413464
vt 0.856729 0.145115
vt 0.850137 0.145115
vt 0.839257 0.002857
vt 0.323958 0.161950
vt 0.374424 0.194852
vt 0.397388 0.207650
vt 0.389376 0.215072
vt 0.356105 0.178164
vt 0.381089 0.185608
vt 0.335111 0.165707
vt 0.361232 0.167520
vt 0.517201 0.394263
vt 0.539280 0.410680
vt 0.511989 0.403343
vt 0.494261 0.383226
vt 0.486837 0.391241
vt 0.407201 0.262775
vt 0.419496 0.288448
vt 0.409489 0.288448
vt 0.400425 0.238008
vt 0.416854 0.260082
vt 0.409502 0.232796
vt 0.338581 0.154078
vt 0.541973 0.401026
vt 0.567652 0.413307
vt 0.474037 0.368285
vt 0.464791 0.374954
vt 0.457346 0.349976
vt 0.446699 0.355108
vt 0.444885 0.328989
vt 0.433255 0.332464
vt 0.441128 0.317838
vt 0.567652 0.317824
vt 0.646403 0.547074
vt 0.649468 0.568478
vt 0.646379 0.568490
vt 0.612052 0.403227
vt 0.629573 0.406195
vt 0.611980 0.406314
vt 0.646378 0.524069
vt 0.649492 0.547061
vt 0.649394 0.587477
vt 0.646304 0.587489
vt 0.680169 0.189348
vt 0.685935 0.214244
vt 0.680168 0.214242
vt 0.685930 0.239993
vt 0.680162 0.239991
vt 0.685935 0.166239
vt 0.685937 0.189350
vt 0.680162 0.145800
vt 0.680167 0.166237
vt 0.532362 0.088824
vt 0.513973 0.094414
vt 0.513840 0.088652
vt 0.553506 0.088782
vt 0.532495 0.094587
vt 0.564704 0.088655
vt 0.553640 0.094544
vt 0.692461 0.162946
vt 0.698229 0.289689
vt 0.692461 0.289688
vt 0.102715 0.506954
vt 0.096948 0.380212
vt 0.102715 0.380212
vt 0.674434 0.222848
vt 0.668671 0.197097
vt 0.674439 0.197099
vt 0.668666 0.128655
vt 0.674434 0.128656
vt 0.668673 0.172203
vt 0.811002 0.673303
vt 0.803758 0.788215
vt 0.803758 0.661499
vt 0.849267 0.701231
vt 0.869042 0.714739
vt 0.863205 0.720160
vt 0.832107 0.685532
vt 0.854124 0.694478
vt 0.812360 0.673763
vt 0.835844 0.677754
vt 0.049596 0.607669
vt 0.028592 0.594304
vt 0.053406 0.601057
vt 0.070959 0.617915
vt 0.076385 0.612078
vt 0.879704 0.764496
vt 0.889091 0.788250
vt 0.881804 0.788247
vt 0.873451 0.741525
vt 0.886817 0.762531
vt 0.880063 0.737719
vt 0.814891 0.665266
vt 0.026623 0.601416
vt 0.002869 0.592030
vt 0.089885 0.631853
vt 0.096642 0.626996
vt 0.105579 0.649012
vt 0.113360 0.645275
vt 0.117340 0.668758
vt 0.125840 0.666228
vt 0.117799 0.670117
vt 0.129602 0.677360
vt 0.002860 0.677360
vt 0.002861 0.670117
vt 0.513664 0.102006
vt 0.561261 0.180969
vt 0.492559 0.204692
vt 0.591410 0.002867
vt 0.659620 0.065307
vt 0.619327 0.041128
vt 0.591900 0.406236
vt 0.591972 0.403150
vt 0.590528 0.406219
vt 0.590600 0.403132
vt 0.732893 0.615672
vt 0.729778 0.592679
vt 0.732867 0.592667
vt 0.729705 0.568913
vt 0.732794 0.568901
vt 0.732868 0.637088
vt 0.729803 0.615684
vt 0.732794 0.656087
vt 0.729779 0.637101
vt 0.238524 0.440602
vt 0.256190 0.437405
vt 0.256116 0.440491
vt 0.218444 0.440515
vt 0.238597 0.437515
vt 0.217072 0.440497
vt 0.218517 0.437428
vt 0.951034 0.649517
vt 0.947945 0.534586
vt 0.951034 0.534586
vt 0.452635 0.331849
vt 0.567566 0.328760
vt 0.567566 0.331849
vt 0.646304 0.500303
vt 0.649467 0.524056
vt 0.790928 0.906588
vt 0.792076 0.914180
vt 0.418535 0.900000
vt 0.418540 0.890002
vt 0.491790 0.894006
vt 0.792082 0.900000
vt 0.799383 0.896479
vt 0.799382 0.900000
vt 0.495745 0.900038
vt 0.495697 0.887381
vt 0.521352 0.896536
vt 0.491782 0.900038
vt 0.495694 0.894006
vt 0.418532 0.906588
vt 0.413530 0.912507
vt 0.413533 0.906588
vt 0.521345 0.900042
vt 0.528645 0.900042
vt 0.985705 0.002869
vt 0.957571 0.031416
vt 0.957485 0.002982
vt 0.985791 0.031303
vt 0.957602 0.058791
vt 0.985821 0.058679
vt 0.957572 0.084048
vt 0.985792 0.083936
vt 0.957485 0.106215
vt 0.729667 0.105411
vt 0.709904 0.077425
vt 0.730218 0.077211
vt 0.709353 0.105624
vt 0.686916 0.077423
vt 0.686365 0.105622
vt 0.662136 0.077206
vt 0.875960 0.685280
vt 0.904163 0.380226
vt 0.904163 0.685292
vt 0.413541 0.887325
vt 0.402048 0.900000
vt 0.402040 0.919132
vt 0.402045 0.906588
vt 0.700251 0.979462
vt 0.699103 0.984341
vt 0.699101 0.979449
vt 0.598617 0.978316
vt 0.597468 0.983208
vt 0.597466 0.978316
vt 0.707552 0.984354
vt 0.700253 0.984354
vt 0.592469 0.983208
vt 0.592467 0.978316
vt 0.969818 0.978316
vt 0.970971 0.983208
vt 0.969820 0.983208
vt 0.707550 0.979462
vt 0.708702 0.984347
vt 0.970969 0.978316
vt 0.978270 0.983208
vt 0.674655 0.979361
vt 0.670694 0.984253
vt 0.670692 0.979361
vt 0.581757 0.983208
vt 0.580981 0.978316
vt 0.979418 0.978316
vt 0.978268 0.978316
vt 0.676800 0.984235
vt 0.674657 0.984253
vt 0.669542 0.979337
vt 0.598619 0.983208
vt 0.669544 0.984229
vt 0.676798 0.979343
vt 0.991775 0.978316
vt 0.979420 0.983208
vt 0.708700 0.979455
vt 0.778599 0.931894
vt 0.774639 0.925307
vt 0.778602 0.925307
vt 0.779750 0.931895
vt 0.850698 0.925345
vt 0.850695 0.931932
vt 0.772493 0.931895
vt 0.774636 0.931894
vt 0.750186 0.931891
vt 0.772496 0.925307
vt 0.478299 0.931932
vt 0.479452 0.925345
vt 0.479450 0.931932
vt 0.740588 0.925303
vt 0.740585 0.931891
vt 0.471002 0.925345
vt 0.478302 0.925345
vt 0.856845 0.931932
vt 0.867562 0.925345
vt 0.867559 0.931932
vt 0.469849 0.931932
vt 0.470999 0.931932
vt 0.779753 0.925307
vt 0.749035 0.931891
vt 0.750189 0.925303
vt 0.851848 0.925345
vt 0.851846 0.931932
vt 0.457490 0.931932
vt 0.469851 0.925345
vt 0.741736 0.931891
vt 0.749038 0.925303
vt 0.856848 0.925345
vt 0.741738 0.925303
vt 0.941087 0.819151
vt 0.936194 0.818001
vt 0.941087 0.818001
vt 0.942107 0.509286
vt 0.937239 0.510437
vt 0.937214 0.509286
vt 0.942220 0.538844
vt 0.937340 0.539995
vt 0.937327 0.538844
vt 0.941086 0.438364
vt 0.936194 0.437214
vt 0.941086 0.437214
vt 0.941087 0.831507
vt 0.936194 0.819151
vt 0.942233 0.547293
vt 0.942233 0.539994
vt 0.941086 0.432215
vt 0.936194 0.432215
vt 0.942226 0.548443
vt 0.937340 0.547293
vt 0.942132 0.510436
vt 0.937239 0.514399
vt 0.936194 0.438364
vt 0.942114 0.516541
vt 0.942132 0.514399
vt 0.937221 0.516542
vt 0.941087 0.810702
vt 0.936194 0.809552
vt 0.941087 0.809551
vt 0.937333 0.548444
vt 0.936194 0.810702
vt 0.941087 0.421503
vt 0.936194 0.420730
vt 0.027069 0.183341
vt 0.094424 0.180106
vt 0.094424 0.183341
vt 0.783358 0.782299
vt 0.552014 0.796956
vt 0.566691 0.782299
vt 0.552003 0.700403
vt 0.566684 0.715060
vt 0.798028 0.700402
vt 0.783350 0.715060
vt 0.798038 0.796956
vt 0.314654 0.621723
vt 0.312840 0.431673
vt 0.314654 0.431672
vt 0.337614 0.180101
vt 0.340850 0.247452
vt 0.337614 0.247452
vt 0.034534 0.023240
vt 0.251236 0.020007
vt 0.251235 0.023240
vt 0.136876 0.345910
vt 0.140109 0.562553
vt 0.136876 0.562556
vt 0.047869 0.091128
vt 0.251238 0.104406
vt 0.034572 0.104407
vt 0.034564 0.037167
vt 0.047865 0.050446
vt 0.251231 0.037167
vt 0.237933 0.050446
vt 0.237938 0.091128
vt 0.757372 0.227234
vt 0.798054 0.037161
vt 0.798054 0.227230
vt 0.291423 0.536012
vt 0.289609 0.345913
vt 0.291423 0.345914
vt 0.499949 0.233372
vt 0.540699 0.231557
vt 0.540699 0.233372
vt 0.562801 0.272307
vt 0.560987 0.231555
vt 0.562801 0.231555
vt 0.717923 0.566088
vt 0.713403 0.558838
vt 0.718542 0.559858
vt 0.705550 0.504031
vt 0.713400 0.507792
vt 0.708560 0.509793
vt 0.750388 0.548771
vt 0.741822 0.550235
vt 0.744733 0.545888
vt 0.723781 0.559858
vt 0.704203 0.512698
vt 0.752873 0.542784
vt 0.746737 0.541057
vt 0.730788 0.564823
vt 0.728920 0.558838
vt 0.695558 0.512214
vt 0.700498 0.516395
vt 0.747759 0.535929
vt 0.736788 0.562343
vt 0.733761 0.556837
vt 0.697588 0.520742
vt 0.747759 0.530701
vt 0.754140 0.536427
vt 0.738117 0.553932
vt 0.695583 0.525573
vt 0.691950 0.517602
vt 0.752872 0.523590
vt 0.746737 0.525573
vt 0.694561 0.530701
vt 0.689465 0.523590
vt 0.750386 0.517603
vt 0.744731 0.520742
vt 0.688198 0.536427
vt 0.694561 0.535929
vt 0.741820 0.516395
vt 0.695584 0.541057
vt 0.742185 0.507631
vt 0.738115 0.512698
vt 0.697589 0.545888
vt 0.689466 0.542784
vt 0.733758 0.509793
vt 0.695560 0.554160
vt 0.700500 0.550235
vt 0.728918 0.507792
vt 0.736785 0.504031
vt 0.704205 0.553932
vt 0.724415 0.500286
vt 0.723779 0.506772
vt 0.705553 0.562343
vt 0.708562 0.556837
vt 0.717920 0.500286
vt 0.718539 0.506772
vt 0.746780 0.554160
vt 0.719194 0.513182
vt 0.736740 0.545935
vt 0.715323 0.552418
vt 0.715321 0.513950
vt 0.738933 0.542659
vt 0.719196 0.553187
vt 0.711673 0.515458
vt 0.740444 0.539019
vt 0.727017 0.552418
vt 0.708390 0.517647
vt 0.741214 0.535154
vt 0.730665 0.550910
vt 0.703405 0.523709
vt 0.741214 0.531214
vt 0.733948 0.548721
vt 0.740444 0.527350
vt 0.701894 0.527350
vt 0.738932 0.523709
vt 0.701124 0.531214
vt 0.701124 0.535154
vt 0.736739 0.520433
vt 0.703406 0.542659
vt 0.733946 0.517647
vt 0.705600 0.545935
vt 0.730663 0.515458
vt 0.708392 0.548721
vt 0.727015 0.513950
vt 0.711675 0.550910
vt 0.672687 0.235254
vt 0.673689 0.233571
vt 0.672687 0.233571
vt 0.254422 0.433677
vt 0.255433 0.431676
vt 0.254431 0.431674
vt 0.535063 0.113532
vt 0.536035 0.111529
vt 0.535034 0.111536
vt 0.673689 0.231564
vt 0.672687 0.231565
vt 0.786643 0.278366
vt 0.784658 0.277337
vt 0.784652 0.278338
vt 0.788368 0.278338
vt 0.786649 0.277364
vt 0.254431 0.435369
vt 0.255424 0.433680
vt 0.535034 0.115243
vt 0.536064 0.113526
vt 0.634140 0.425956
vt 0.634940 0.427662
vt 0.635582 0.427396
vt 0.632099 0.425956
vt 0.631299 0.427662
vt 0.632365 0.426597
vt 0.632098 0.430874
vt 0.631298 0.429168
vt 0.630656 0.429434
vt 0.634139 0.430874
vt 0.632365 0.430233
vt 0.634939 0.429168
vt 0.635582 0.429434
vt 0.633873 0.426597
vt 0.630656 0.427396
vt 0.633873 0.430233
vt 0.549561 0.438307
vt 0.548082 0.437389
vt 0.548080 0.438300
vt 0.650639 0.158751
vt 0.651529 0.157270
vt 0.650618 0.157276
vt 0.566242 0.437389
vt 0.567725 0.438300
vt 0.567724 0.437388
vt 0.785674 0.415507
vt 0.784208 0.414576
vt 0.784203 0.415487
vt 0.786950 0.415487
vt 0.785680 0.414596
vt 0.550810 0.438300
vt 0.549563 0.437395
vt 0.650618 0.160016
vt 0.651550 0.158745
vt 0.564997 0.437388
vt 0.566242 0.438300
vt 0.823496 0.269613
vt 0.824048 0.268614
vt 0.823692 0.268269
vt 0.826222 0.269037
vt 0.825125 0.268580
vt 0.824934 0.268854
vt 0.826498 0.267557
vt 0.825108 0.267187
vt 0.825179 0.267537
vt 0.822643 0.268371
vt 0.823527 0.267902
vt 0.823683 0.267532
vt 0.824978 0.269889
vt 0.824717 0.268967
vt 0.824432 0.268870
vt 0.825014 0.267885
vt 0.825187 0.268229
vt 0.825645 0.266315
vt 0.824163 0.266039
vt 0.824910 0.266917
vt 0.822919 0.266891
vt 0.824030 0.267178
vt 0.824357 0.266955
vt 0.656328 0.416561
vt 0.657321 0.418262
vt 0.657329 0.416559
vt 0.395008 0.195241
vt 0.394007 0.193244
vt 0.394006 0.195241
vt 0.710507 0.452519
vt 0.709534 0.450505
vt 0.709505 0.452511
vt 0.656319 0.414561
vt 0.657321 0.414559
vt 0.696032 0.448831
vt 0.697061 0.450834
vt 0.697033 0.448823
vt 0.696060 0.450842
vt 0.697033 0.452502
vt 0.395009 0.193244
vt 0.394006 0.191533
vt 0.710536 0.450513
vt 0.709505 0.448821
vt 0.219077 0.432320
vt 0.220851 0.431678
vt 0.218811 0.431678
vt 0.222294 0.433118
vt 0.221651 0.434890
vt 0.222294 0.435156
vt 0.220851 0.436597
vt 0.219077 0.435955
vt 0.218811 0.436597
vt 0.218010 0.434890
vt 0.217368 0.435156
vt 0.218010 0.433384
vt 0.217368 0.433118
vt 0.221651 0.433384
vt 0.674504 0.320059
vt 0.673593 0.318583
vt 0.673592 0.320058
vt 0.602064 0.331532
vt 0.601175 0.330042
vt 0.601153 0.331525
vt 0.417410 0.311610
vt 0.418328 0.313086
vt 0.418322 0.311608
vt 0.637530 0.128688
vt 0.638462 0.130167
vt 0.638441 0.128681
vt 0.637551 0.130174
vt 0.638441 0.131400
vt 0.674504 0.318583
vt 0.673592 0.317318
vt 0.602064 0.328805
vt 0.601153 0.328798
vt 0.417410 0.314346
vt 0.418322 0.314345
vt 0.632019 0.449910
vt 0.632310 0.450276
vt 0.633390 0.449887
vt 0.632403 0.451135
vt 0.632094 0.451266
vt 0.632323 0.452457
vt 0.630814 0.452457
vt 0.631035 0.451122
vt 0.629748 0.451392
vt 0.631285 0.449765
vt 0.631677 0.449711
vt 0.632323 0.448822
vt 0.632504 0.450669
vt 0.632554 0.450951
vt 0.633390 0.451392
vt 0.631827 0.451262
vt 0.631730 0.451260
vt 0.630547 0.450280
vt 0.629748 0.449887
vt 0.630596 0.450237
vt 0.630876 0.449991
vt 0.630815 0.448822
vt 0.667384 0.386064
vt 0.667578 0.386822
vt 0.667270 0.386208
vt 0.667088 0.386221
vt 0.667346 0.387130
vt 0.666952 0.386326
vt 0.667004 0.387240
vt 0.666876 0.386462
vt 0.666674 0.387203
vt 0.666874 0.386570
vt 0.666480 0.387071
vt 0.404586 0.061179
vt 0.404217 0.061710
vt 0.404114 0.061446
vt 0.404074 0.061016
vt 0.404784 0.061207
vt 0.404131 0.060559
vt 0.404999 0.061191
vt 0.404315 0.060217
vt 0.405167 0.061114
vt 0.405257 0.060952
vt 0.404671 0.060060
vt 0.405289 0.060739
vt 0.405130 0.060039
vt 0.405277 0.060540
vt 0.405557 0.060111
vt 0.405232 0.060418
vt 0.405812 0.060234
vt 0.667702 0.386024
vt 0.668399 0.386052
vt 0.668400 0.386286
vt 0.668246 0.386580
vt 0.667547 0.386010
vt 0.667963 0.386802
vt 0.730782 0.015443
vt 0.730853 0.015795
vt 0.730780 0.015794
vt 0.730832 0.038321
vt 0.730760 0.038668
vt 0.730761 0.038316
vt 0.730761 0.037971
vt 0.730832 0.037967
vt 0.730760 0.037677
vt 0.730834 0.037691
vt 0.730764 0.031661
vt 0.730846 0.031446
vt 0.730839 0.031658
vt 0.730840 0.031924
vt 0.730762 0.031924
vt 0.730841 0.031976
vt 0.730846 0.032269
vt 0.606366 0.043315
vt 0.606450 0.043602
vt 0.606451 0.043659
vt 0.606366 0.043665
vt 0.606452 0.044032
vt 0.606367 0.044033
vt 0.606451 0.044276
vt 0.606451 0.044407
vt 0.606366 0.044754
vt 0.606448 0.044765
vt 0.730840 0.021285
vt 0.730757 0.021245
vt 0.730756 0.020932
vt 0.730834 0.020668
vt 0.730758 0.020662
vt 0.730761 0.020582
vt 0.730766 0.020455
vt 0.730779 0.014819
vt 0.730853 0.015081
vt 0.730781 0.015090
vt 0.730853 0.015343
vt 0.730853 0.015439
vt 0.646177 0.381895
vt 0.649872 0.382460
vt 0.646139 0.382429
vt 0.646177 0.382957
vt 0.650097 0.383170
vt 0.646162 0.383495
vt 0.650009 0.383893
vt 0.646118 0.383914
vt 0.649751 0.384454
vt 0.387064 0.271626
vt 0.390374 0.273067
vt 0.387008 0.271940
vt 0.390018 0.273462
vt 0.386951 0.272335
vt 0.389565 0.273972
vt 0.386885 0.272846
vt 0.941019 0.405680
vt 0.940703 0.407987
vt 0.940488 0.405614
vt 0.939954 0.407814
vt 0.939930 0.405586
vt 0.939371 0.405614
vt 0.939203 0.407987
vt 0.938834 0.405680
vt 0.938483 0.408393
vt 0.649565 0.252575
vt 0.652167 0.250920
vt 0.652661 0.251447
vt 0.649635 0.252975
vt 0.653034 0.251848
vt 0.649680 0.253282
vt 0.653314 0.252153
vt 0.646118 0.380947
vt 0.650009 0.381024
vt 0.646162 0.381359
vt 0.650097 0.381744
vt 0.728210 0.360893
vt 0.723886 0.359855
vt 0.728003 0.360170
vt 0.728297 0.359469
vt 0.723992 0.358956
vt 0.728243 0.358745
vt 0.724027 0.358055
vt 0.727990 0.358176
vt 0.724010 0.357362
vt 0.392722 0.276821
vt 0.392183 0.276879
vt 0.391521 0.276946
vt 0.390672 0.277028
vt 0.794945 0.267487
vt 0.797501 0.266354
vt 0.797607 0.267249
vt 0.795149 0.268234
vt 0.797659 0.268188
vt 0.797630 0.269132
vt 0.794963 0.268987
vt 0.797546 0.270037
vt 0.794515 0.269711
vt 0.653282 0.247872
vt 0.654179 0.247973
vt 0.654861 0.248045
vt 0.655380 0.248089
vt 0.727747 0.362152
vt 0.723807 0.361648
vt 0.728068 0.361608
vt 0.723883 0.360742
vt 0.720230 0.360428
vt 0.720387 0.359670
vt 0.720324 0.358885
vt 0.720415 0.358110
vt 0.720578 0.357522
vt 0.391888 0.280217
vt 0.391445 0.280070
vt 0.390901 0.279877
vt 0.390205 0.279624
vt 0.800113 0.266583
vt 0.799922 0.267360
vt 0.799846 0.268173
vt 0.799942 0.268986
vt 0.800152 0.269764
vt 0.653518 0.245034
vt 0.654077 0.244846
vt 0.654502 0.244688
vt 0.723705 0.362353
vt 0.720225 0.361214
vt 0.716593 0.360136
vt 0.716763 0.359499
vt 0.716673 0.358835
vt 0.716764 0.358183
vt 0.716945 0.357690
vt 0.390065 0.283793
vt 0.389711 0.283622
vt 0.389278 0.283400
vt 0.388724 0.283108
vt 0.803635 0.266795
vt 0.803406 0.267451
vt 0.803314 0.268136
vt 0.803423 0.268821
vt 0.803668 0.269476
vt 0.652782 0.245271
vt 0.651849 0.241510
vt 0.652295 0.241292
vt 0.652633 0.241112
vt 0.716722 0.361323
vt 0.716604 0.360798
vt 0.713047 0.359852
vt 0.713180 0.359334
vt 0.713112 0.358794
vt 0.713184 0.358264
vt 0.713324 0.357863
vt 0.388058 0.287352
vt 0.387767 0.287220
vt 0.387411 0.287049
vt 0.386955 0.286823
vt 0.807395 0.267003
vt 0.807219 0.267536
vt 0.807148 0.268093
vt 0.807232 0.268650
vt 0.807421 0.269183
vt 0.651262 0.241787
vt 0.649936 0.237862
vt 0.650303 0.237694
vt 0.650581 0.237554
vt 0.713143 0.360816
vt 0.713054 0.360390
vt 0.709944 0.359583
vt 0.710010 0.359182
vt 0.709994 0.358769
vt 0.710035 0.358360
vt 0.710101 0.358048
vt 0.386608 0.290524
vt 0.386368 0.290468
vt 0.386073 0.290394
vt 0.385696 0.290296
vt 0.810900 0.267217
vt 0.810831 0.267627
vt 0.810804 0.268055
vt 0.810841 0.268484
vt 0.810921 0.268895
vt 0.649453 0.238076
vt 0.648554 0.234513
vt 0.648857 0.234442
vt 0.649087 0.234380
vt 0.709962 0.360323
vt 0.709935 0.359997
vt 0.706295 0.358963
vt 0.706316 0.358568
vt 0.706342 0.358175
vt 0.706363 0.357874
vt 0.386045 0.294253
vt 0.385754 0.294241
vt 0.385381 0.294225
vt 0.814837 0.267595
vt 0.814840 0.268006
vt 0.814847 0.268419
vt 0.814856 0.268814
vt 0.647815 0.230676
vt 0.648209 0.230668
vt 0.648508 0.230658
vt 0.648736 0.230646
vt 0.706230 0.360056
vt 0.706245 0.359746
vt 0.706269 0.359350
vt 0.701663 0.358679
vt 0.701682 0.358301
vt 0.701707 0.357924
vt 0.701730 0.357636
vt 0.386282 0.294260
vt 0.386112 0.298891
vt 0.385833 0.298877
vt 0.385476 0.298857
vt 0.814836 0.267204
vt 0.819463 0.267559
vt 0.819464 0.267953
vt 0.819472 0.268348
vt 0.819485 0.268726
vt 0.647880 0.226043
vt 0.648257 0.226031
vt 0.648544 0.226019
vt 0.648762 0.226005
vt 0.701602 0.359727
vt 0.701615 0.359430
vt 0.701636 0.359050
vt 0.697559 0.358440
vt 0.697508 0.358074
vt 0.697559 0.357715
vt 0.697660 0.357444
vt 0.386339 0.298900
vt 0.385668 0.302869
vt 0.385431 0.302744
vt 0.385127 0.302581
vt 0.819466 0.267183
vt 0.823069 0.267533
vt 0.823017 0.267910
vt 0.823078 0.268287
vt 0.823215 0.268647
vt 0.647506 0.222321
vt 0.647828 0.222166
vt 0.648072 0.222044
vt 0.648257 0.221943
vt 0.697538 0.359443
vt 0.697471 0.359155
vt 0.697465 0.358790
vt 0.639514 0.420334
vt 0.639147 0.422108
vt 0.639155 0.420483
vt 0.639131 0.422108
vt 0.638799 0.422106
vt 0.638796 0.420333
vt 0.638448 0.422106
vt 0.638433 0.420391
vt 0.638425 0.422106
vt 0.638177 0.422107
vt 0.385862 0.302964
vt 0.384301 0.304064
vt 0.384305 0.303780
vt 0.384306 0.303727
vt 0.384314 0.303396
vt 0.823197 0.267172
vt 0.823781 0.267451
vt 0.823653 0.268158
vt 0.646677 0.221854
vt 0.646687 0.221511
vt 0.646688 0.221439
vt 0.646694 0.221136
vt 0.646695 0.220856
vt 0.646694 0.220794
vt 0.646690 0.220635
vt 0.639878 0.420394
vt 0.640117 0.422111
vt 0.639844 0.422108
vt 0.639615 0.422107
vt 0.639493 0.422107
vt 0.939667 0.403092
vt 0.384305 0.271877
vt 0.384301 0.272088
vt 0.643334 0.381428
vt 0.643334 0.381703
vt 0.646872 0.252242
vt 0.649466 0.252050
vt 0.940284 0.403091
vt 0.939911 0.403093
vt 0.643334 0.382767
vt 0.646887 0.252825
vt 0.643334 0.381964
vt 0.646886 0.252905
vt 0.384306 0.272406
vt 0.940340 0.403091
vt 0.643334 0.383111
vt 0.643334 0.382060
vt 0.643334 0.382415
vt 0.384305 0.272354
vt 0.643334 0.383405
vt 0.939179 0.403088
vt 0.165644 0.861442
vt 0.154507 0.859573
vt 0.155150 0.854965
vt 0.148537 0.847427
vt 0.145648 0.851751
vt 0.147120 0.846903
vt 0.149002 0.852702
vt 0.152113 0.848973
vt 0.151162 0.853497
vt 0.137631 0.980710
vt 0.121356 0.993089
vt 0.121362 0.980691
vt 0.146405 0.886135
vt 0.149320 0.877607
vt 0.168034 0.873286
vt 0.184958 0.911329
vt 0.175908 0.924425
vt 0.179173 0.910515
vt 0.167724 0.946775
vt 0.154928 0.951971
vt 0.165487 0.945567
vt 0.173486 0.874741
vt 0.169150 0.877078
vt 0.147091 0.895787
vt 0.172894 0.897419
vt 0.146989 0.899574
vt 0.146870 0.888999
vt 0.141126 0.889703
vt 0.147107 0.892217
vt 0.141837 0.891161
vt 0.170103 0.880860
vt 0.139301 0.891935
vt 0.145513 0.876960
vt 0.148195 0.857717
vt 0.150270 0.858327
vt 0.088131 0.907369
vt 0.091752 0.899836
vt 0.091480 0.906994
vt 0.145059 0.880245
vt 0.143162 0.877919
vt 0.127671 0.852812
vt 0.116272 0.870013
vt 0.124507 0.852405
vt 0.144097 0.856839
vt 0.141186 0.878291
vt 0.138613 0.878945
vt 0.141650 0.845032
vt 0.143921 0.851161
vt 0.139791 0.849622
vt 0.117142 0.851231
vt 0.112875 0.872152
vt 0.137962 0.855082
vt 0.142079 0.856267
vt 0.125082 0.895405
vt 0.131512 0.891675
vt 0.134135 0.892349
vt 0.121219 0.852075
vt 0.129835 0.847682
vt 0.133491 0.853926
vt 0.114283 0.885345
vt 0.120438 0.889976
vt 0.112969 0.889275
vt 0.146183 0.857287
vt 0.117548 0.872970
vt 0.153140 0.854199
vt 0.152331 0.858885
vt 0.143058 0.907048
vt 0.147103 0.907324
vt 0.124738 0.907285
vt 0.123289 0.916109
vt 0.121838 0.907495
vt 0.179273 0.896713
vt 0.184130 0.889547
vt 0.185086 0.895973
vt 0.177942 0.890069
vt 0.135875 0.876763
vt 0.142931 0.896250
vt 0.142811 0.899812
vt 0.139232 0.896508
vt 0.139094 0.899990
vt 0.079694 0.889237
vt 0.064208 0.884809
vt 0.065703 0.876410
vt 0.145807 0.846443
vt 0.126448 0.877919
vt 0.135804 0.854534
vt 0.139500 0.844621
vt 0.137771 0.849095
vt 0.135981 0.900022
vt 0.133174 0.906990
vt 0.133003 0.899916
vt 0.149911 0.846652
vt 0.127088 0.886321
vt 0.126152 0.890721
vt 0.122555 0.895000
vt 0.124283 0.899708
vt 0.121893 0.899315
vt 0.123418 0.890386
vt 0.079347 0.893293
vt 0.082287 0.890224
vt 0.082330 0.894227
vt 0.084343 0.894678
vt 0.087176 0.891609
vt 0.086464 0.895191
vt 0.180136 0.877800
vt 0.175160 0.877812
vt 0.178974 0.875346
vt 0.176128 0.882665
vt 0.171017 0.885468
vt 0.116279 0.877691
vt 0.172115 0.891380
vt 0.134060 0.979950
vt 0.117779 0.967578
vt 0.134038 0.967536
vt 0.139566 0.893310
vt 0.143037 0.893015
vt 0.132397 0.887581
vt 0.124243 0.886021
vt 0.108412 0.902946
vt 0.110665 0.898558
vt 0.118602 0.907826
vt 0.099007 0.869433
vt 0.099247 0.869370
vt 0.099345 0.869935
vt 0.096100 0.905774
vt 0.097956 0.902152
vt 0.097540 0.903298
vt 0.137936 0.844319
vt 0.135759 0.848775
vt 0.136677 0.882729
vt 0.134478 0.880685
vt 0.125256 0.881879
vt 0.123473 0.877526
vt 0.121316 0.885568
vt 0.124520 0.843022
vt 0.121976 0.845963
vt 0.121937 0.843127
vt 0.126842 0.847456
vt 0.117185 0.846521
vt 0.171790 0.871522
vt 0.177166 0.872539
vt 0.140401 0.883405
vt 0.139045 0.884049
vt 0.135919 0.885055
vt 0.137688 0.886078
vt 0.137273 0.887831
vt 0.136998 0.890573
vt 0.136670 0.893046
vt 0.135926 0.896644
vt 0.153722 0.849725
vt 0.147145 0.876892
vt 0.110495 0.885834
vt 0.112027 0.879156
vt 0.115314 0.881521
vt 0.111373 0.882418
vt 0.124212 0.847147
vt 0.147362 0.852198
vt 0.149442 0.847771
vt 0.167905 0.860237
vt 0.141342 0.883830
vt 0.155554 0.850704
vt 0.145664 0.882857
vt 0.142277 0.886547
vt 0.138796 0.890437
vt 0.138150 0.886719
vt 0.134397 0.926274
vt 0.126446 0.928926
vt 0.128098 0.924507
vt 0.116250 0.928936
vt 0.122370 0.925269
vt 0.123517 0.929279
vt 0.109261 0.889214
vt 0.108091 0.899163
vt 0.093013 0.890840
vt 0.098426 0.896783
vt 0.093531 0.892910
vt 0.085597 0.907835
vt 0.083204 0.898776
vt 0.085753 0.899051
vt 0.099223 0.907034
vt 0.100489 0.907520
vt 0.099709 0.908508
vt 0.101918 0.903885
vt 0.100784 0.900855
vt 0.101566 0.900100
vt 0.096473 0.901278
vt 0.097616 0.898195
vt 0.099048 0.897285
vt 0.098749 0.899183
vt 0.098666 0.903351
vt 0.099821 0.897802
vt 0.099549 0.900013
vt 0.118746 0.898773
vt 0.172818 0.909734
vt 0.079476 0.885414
vt 0.139337 0.906919
vt 0.178511 0.993701
vt 0.175000 0.979812
vt 0.174933 0.966939
vt 0.152239 0.948260
vt 0.150079 0.948842
vt 0.155789 0.967187
vt 0.155839 0.979887
vt 0.138202 0.843144
vt 0.104837 0.902727
vt 0.103274 0.902737
vt 0.104599 0.896971
vt 0.154259 0.848646
vt 0.156132 0.849646
vt 0.133247 0.896275
vt 0.164074 0.864665
vt 0.037320 0.955420
vt 0.036848 0.948709
vt 0.040650 0.951815
vt 0.110694 0.854131
vt 0.109335 0.874075
vt 0.057748 0.893867
vt 0.062625 0.902759
vt 0.057307 0.902668
vt 0.059746 0.881224
vt 0.062218 0.871416
vt 0.111450 0.848971
vt 0.149666 0.980736
vt 0.137615 0.993124
vt 0.112752 0.875540
vt 0.108409 0.880639
vt 0.107271 0.886226
vt 0.133365 0.884004
vt 0.112150 0.927353
vt 0.112438 0.930858
vt 0.108246 0.926227
vt 0.055183 0.876470
vt 0.051555 0.895520
vt 0.051012 0.902581
vt 0.114407 0.993057
vt 0.117393 0.980687
vt 0.117389 0.993066
vt 0.171942 0.993479
vt 0.178571 0.980828
vt 0.102329 0.967651
vt 0.098436 0.980001
vt 0.098420 0.967605
vt 0.156631 0.993407
vt 0.159410 0.980762
vt 0.159366 0.993462
vt 0.085301 0.980670
vt 0.087964 0.993128
vt 0.085298 0.993189
vt 0.111291 0.842626
vt 0.121922 0.841887
vt 0.149630 0.993407
vt 0.153306 0.980745
vt 0.153287 0.993500
vt 0.102008 0.980675
vt 0.090122 0.993093
vt 0.102344 0.979997
vt 0.106813 0.967646
vt 0.071013 0.980044
vt 0.081706 0.967500
vt 0.081729 0.980020
vt 0.186334 0.895803
vt 0.186200 0.911502
vt 0.114414 0.980685
vt 0.110390 0.993026
vt 0.105906 0.993024
vt 0.168863 0.859421
vt 0.175219 0.869509
vt 0.030116 0.993420
vt 0.038668 0.980389
vt 0.038601 0.993753
vt 0.059177 0.993341
vt 0.059254 0.980544
vt 0.071518 0.993165
vt 0.071605 0.980648
vt 0.050385 0.895479
vt 0.053580 0.875896
vt 0.058920 0.865152
vt 0.124567 0.841823
vt 0.126623 0.843030
vt 0.126701 0.841829
vt 0.139208 0.962298
vt 0.141665 0.963047
vt 0.137705 0.962556
vt 0.145511 0.960508
vt 0.141348 0.961886
vt 0.084087 0.912219
vt 0.083086 0.908063
vt 0.086279 0.911696
vt 0.148230 0.959518
vt 0.148714 0.954203
vt 0.150929 0.953457
vt 0.111681 0.964069
vt 0.117474 0.960764
vt 0.122320 0.963862
vt 0.139507 0.957295
vt 0.063033 0.894324
vt 0.079139 0.898594
vt 0.178286 0.871877
vt 0.181280 0.877278
vt 0.185360 0.889265
vt 0.074609 0.980663
vt 0.074596 0.993199
vt 0.057825 0.864451
vt 0.060151 0.862740
vt 0.064093 0.865636
vt 0.067503 0.869515
vt 0.154345 0.947565
vt 0.163932 0.942331
vt 0.082420 0.886191
vt 0.084744 0.890833
vt 0.087760 0.888320
vt 0.092654 0.896081
vt 0.122303 0.881459
vt 0.128089 0.882341
vt 0.149193 0.929491
vt 0.146307 0.920881
vt 0.168955 0.929962
vt 0.133356 0.953299
vt 0.101997 0.993071
vt 0.088315 0.899416
vt 0.136134 0.906853
vt 0.134093 0.914591
vt 0.099980 0.900521
vt 0.099520 0.903476
vt 0.100453 0.903593
vt 0.134989 0.888265
vt 0.107557 0.883520
vt 0.090319 0.889647
vt 0.090147 0.892351
vt 0.089343 0.895589
vt 0.074585 0.980663
vt 0.140639 0.884877
vt 0.140942 0.885842
vt 0.139797 0.886988
vt 0.138640 0.886430
vt 0.139886 0.885954
vt 0.140726 0.884505
vt 0.141095 0.884796
vt 0.141960 0.886296
vt 0.140469 0.886932
vt 0.141124 0.888500
vt 0.139173 0.889001
vt 0.085466 0.886513
vt 0.109361 0.877411
vt 0.119252 0.993102
vt 0.145340 0.955164
vt 0.146811 0.960040
vt 0.167860 0.933736
vt 0.173274 0.932286
vt 0.171620 0.935489
vt 0.136653 0.913911
vt 0.146790 0.917969
vt 0.141185 0.917282
vt 0.141837 0.915783
vt 0.143010 0.913897
vt 0.170827 0.921628
vt 0.139310 0.915030
vt 0.147899 0.949497
vt 0.145403 0.930133
vt 0.144986 0.926792
vt 0.143042 0.929181
vt 0.141284 0.923206
vt 0.127605 0.954096
vt 0.116060 0.937000
vt 0.117352 0.933915
vt 0.143975 0.950519
vt 0.141045 0.928754
vt 0.145904 0.950013
vt 0.142002 0.951083
vt 0.137747 0.952285
vt 0.121161 0.954991
vt 0.112574 0.934619
vt 0.129770 0.959214
vt 0.114181 0.921231
vt 0.120191 0.916480
vt 0.121312 0.920943
vt 0.141986 0.843869
vt 0.146213 0.845313
vt 0.129183 0.928337
vt 0.139566 0.913613
vt 0.126138 0.915987
vt 0.143591 0.955808
vt 0.137546 0.957810
vt 0.135574 0.952816
vt 0.127163 0.920547
vt 0.131483 0.915196
vt 0.132403 0.919293
vt 0.063749 0.920993
vt 0.068328 0.925809
vt 0.065341 0.929000
vt 0.078974 0.913492
vt 0.081968 0.916549
vt 0.079374 0.917416
vt 0.086987 0.915196
vt 0.084524 0.916012
vt 0.174924 0.929239
vt 0.179876 0.929235
vt 0.178718 0.931661
vt 0.169910 0.926199
vt 0.110945 0.843972
vt 0.135015 0.918695
vt 0.124171 0.920705
vt 0.089089 0.911200
vt 0.093148 0.913668
vt 0.089909 0.914366
vt 0.135576 0.958134
vt 0.125312 0.925022
vt 0.124766 0.963908
vt 0.122160 0.961072
vt 0.126829 0.959477
vt 0.176954 0.934456
vt 0.175060 0.937478
vt 0.140347 0.923573
vt 0.138509 0.928070
vt 0.139008 0.922985
vt 0.137713 0.920951
vt 0.135917 0.921940
vt 0.137312 0.919194
vt 0.137017 0.916418
vt 0.147061 0.914739
vt 0.147015 0.930197
vt 0.110345 0.920869
vt 0.112665 0.917296
vt 0.115319 0.925073
vt 0.124271 0.959816
vt 0.114429 0.949584
vt 0.117136 0.955979
vt 0.147100 0.954660
vt 0.145587 0.924213
vt 0.142246 0.920481
vt 0.138834 0.916541
vt 0.138159 0.920284
vt 0.108549 0.917203
vt 0.110581 0.908167
vt 0.097559 0.910255
vt 0.093253 0.915668
vt 0.099912 0.906775
vt 0.097007 0.908854
vt 0.098203 0.909827
vt 0.097620 0.905071
vt 0.098128 0.908126
vt 0.098949 0.909393
vt 0.109110 0.947582
vt 0.104398 0.909372
vt 0.168669 0.947601
vt 0.145898 0.961622
vt 0.124323 0.954653
vt 0.057501 0.912173
vt 0.062802 0.911757
vt 0.059384 0.924293
vt 0.061999 0.933505
vt 0.111411 0.958649
vt 0.110482 0.953200
vt 0.146095 0.979918
vt 0.109166 0.932532
vt 0.108802 0.929391
vt 0.111487 0.924199
vt 0.108453 0.923439
vt 0.107700 0.920679
vt 0.107164 0.917282
vt 0.067130 0.918782
vt 0.136614 0.924291
vt 0.133342 0.922917
vt 0.098872 0.907468
vt 0.054903 0.929427
vt 0.058847 0.940490
vt 0.051257 0.910346
vt 0.084398 0.980015
vt 0.084372 0.967558
vt 0.153053 0.967243
vt 0.153092 0.979896
vt 0.112257 0.965373
vt 0.146052 0.967247
vt 0.149734 0.979907
vt 0.149709 0.967152
vt 0.026519 0.967287
vt 0.035072 0.980318
vt 0.026579 0.980365
vt 0.055581 0.967366
vt 0.055658 0.980164
vt 0.067922 0.967543
vt 0.068009 0.980060
vt 0.050113 0.910431
vt 0.049806 0.902526
vt 0.053319 0.930012
vt 0.057782 0.941205
vt 0.122379 0.965073
vt 0.126757 0.963854
vt 0.137943 0.963701
vt 0.100655 0.898835
vt 0.079091 0.921246
vt 0.070755 0.931655
vt 0.178073 0.935091
vt 0.176164 0.938244
vt 0.181003 0.929755
vt 0.179846 0.932233
vt 0.078981 0.908257
vt 0.071000 0.967508
vt 0.060169 0.942842
vt 0.059290 0.943906
vt 0.063972 0.939605
vt 0.067215 0.935548
vt 0.081841 0.919955
vt 0.087445 0.918217
vt 0.084972 0.919742
vt 0.090020 0.916837
vt 0.092334 0.910731
vt 0.108006 0.907319
vt 0.082025 0.912616
vt 0.139804 0.920022
vt 0.140919 0.921115
vt 0.140578 0.922071
vt 0.138630 0.920544
vt 0.140683 0.922483
vt 0.141020 0.922252
vt 0.141966 0.920654
vt 0.140473 0.920075
vt 0.141162 0.918496
vt 0.139195 0.917989
vt 0.098884 0.876534
vt 0.099088 0.876856
vt 0.098725 0.876640
vt 0.099253 0.876049
vt 0.098886 0.875863
vt 0.099711 0.875962
vt 0.099388 0.876598
vt 0.099741 0.876381
vt 0.099524 0.876756
vt 0.099121 0.876611
vt 0.099771 0.877058
vt 0.099025 0.877211
vt 0.098925 0.877720
vt 0.098412 0.876835
vt 0.098002 0.877080
vt 0.098264 0.876142
vt 0.100341 0.875437
vt 0.099398 0.875337
vt 0.099448 0.874822
vt 0.098661 0.875516
vt 0.098334 0.875076
vt 0.099330 0.875771
vt 0.097762 0.876044
vt 0.099938 0.875753
vt 0.100099 0.876426
vt 0.100701 0.876503
vt 0.098652 0.876233
vt 0.099228 0.869125
vt 0.099794 0.870048
vt 0.098971 0.870099
vt 0.099510 0.869399
vt 0.099848 0.869634
vt 0.099581 0.869639
vt 0.099654 0.869250
vt 0.099917 0.868965
vt 0.099186 0.868770
vt 0.098856 0.869319
vt 0.098557 0.869107
vt 0.099116 0.868259
vt 0.098163 0.868841
vt 0.098369 0.869786
vt 0.097866 0.869854
vt 0.099448 0.870650
vt 0.100389 0.870605
vt 0.099467 0.871163
vt 0.098727 0.870430
vt 0.099406 0.870216
vt 0.100007 0.870269
vt 0.100206 0.869610
vt 0.100807 0.869569
vt 0.100271 0.868557
vt 0.098759 0.869719
vt 0.032050 0.897446
vt 0.030014 0.893034
vt 0.032077 0.893284
vt 0.032229 0.889219
vt 0.030064 0.888764
vt 0.023815 0.888327
vt 0.020624 0.884329
vt 0.022962 0.883557
vt 0.044992 0.951515
vt 0.048790 0.948661
vt 0.049320 0.951194
vt 0.049168 0.953802
vt 0.030534 0.884651
vt 0.033026 0.885328
vt 0.032143 0.956643
vt 0.030028 0.952615
vt 0.032094 0.952461
vt 0.032155 0.948229
vt 0.030097 0.948303
vt 0.032211 0.943984
vt 0.030137 0.944019
vt 0.032242 0.939738
vt 0.030150 0.939756
vt 0.030145 0.935507
vt 0.032251 0.935494
vt 0.032245 0.931254
vt 0.030131 0.931264
vt 0.032229 0.927016
vt 0.030111 0.927025
vt 0.030088 0.922788
vt 0.032208 0.922780
vt 0.030065 0.918552
vt 0.032183 0.918547
vt 0.032156 0.914316
vt 0.030042 0.914315
vt 0.030021 0.910077
vt 0.032127 0.910087
vt 0.030004 0.905835
vt 0.032096 0.905864
vt 0.032067 0.901647
vt 0.029995 0.901585
vt 0.029997 0.897318
vt 0.027971 0.897227
vt 0.027988 0.892860
vt 0.027944 0.888414
vt 0.030072 0.961067
vt 0.027789 0.957097
vt 0.029966 0.956926
vt 0.032610 0.960713
vt 0.027994 0.952664
vt 0.028072 0.948307
vt 0.028090 0.944008
vt 0.028082 0.939743
vt 0.028063 0.935495
vt 0.028040 0.931253
vt 0.028016 0.927015
vt 0.027992 0.922778
vt 0.027970 0.918540
vt 0.027951 0.914300
vt 0.027938 0.910056
vt 0.027935 0.905803
vt 0.027946 0.901532
vt 0.025937 0.897198
vt 0.025969 0.892801
vt 0.025874 0.888253
vt 0.024946 0.961781
vt 0.023606 0.956872
vt 0.025677 0.957086
vt 0.053492 0.950858
vt 0.056768 0.946383
vt 0.057482 0.950523
vt 0.057477 0.954779
vt 0.025496 0.883457
vt 0.028040 0.883907
vt 0.025974 0.952611
vt 0.026043 0.948261
vt 0.026036 0.943978
vt 0.026008 0.939724
vt 0.025977 0.935483
vt 0.025947 0.931246
vt 0.025919 0.927010
vt 0.025894 0.922774
vt 0.025873 0.918536
vt 0.025857 0.914294
vt 0.025851 0.910048
vt 0.025860 0.905790
vt 0.025889 0.901514
vt 0.023924 0.892868
vt 0.035245 0.886165
vt 0.060967 0.945679
vt 0.061373 0.950206
vt 0.061738 0.954728
vt 0.023932 0.952480
vt 0.023977 0.948194
vt 0.023948 0.943950
vt 0.023904 0.939719
vt 0.023864 0.935490
vt 0.023828 0.931259
vt 0.023798 0.927027
vt 0.023772 0.922792
vt 0.023752 0.918554
vt 0.023739 0.914312
vt 0.023738 0.910066
vt 0.023756 0.905811
vt 0.023799 0.901540
vt 0.023868 0.897239
vt 0.021782 0.897320
vt 0.021864 0.893028
vt 0.021771 0.888646
vt 0.065278 0.949900
vt 0.065232 0.945621
vt 0.065912 0.954046
vt 0.021584 0.956451
vt 0.021877 0.952275
vt 0.021895 0.948100
vt 0.021848 0.943913
vt 0.021793 0.939710
vt 0.021746 0.935496
vt 0.021707 0.931273
vt 0.021675 0.927044
vt 0.021649 0.922811
vt 0.021629 0.918575
vt 0.021618 0.914334
vt 0.021621 0.910090
vt 0.021645 0.905841
vt 0.021699 0.901585
vt 0.019785 0.893228
vt 0.019750 0.889162
vt 0.020227 0.960540
vt 0.069334 0.949587
vt 0.069403 0.946010
vt 0.069891 0.953046
vt 0.019821 0.952014
vt 0.019814 0.947979
vt 0.019757 0.943855
vt 0.019697 0.939683
vt 0.019647 0.935484
vt 0.019606 0.931268
vt 0.019574 0.927043
vt 0.019547 0.922812
vt 0.019528 0.918577
vt 0.019518 0.914339
vt 0.019522 0.910099
vt 0.019549 0.905858
vt 0.019606 0.901622
vt 0.019695 0.897404
vt 0.036197 0.897752
vt 0.034154 0.893571
vt 0.036222 0.893854
vt 0.034392 0.889739
vt 0.036526 0.890236
vt 0.018872 0.885720
vt 0.052724 0.947531
vt 0.034252 0.956272
vt 0.036257 0.952094
vt 0.034173 0.952262
vt 0.036328 0.948058
vt 0.034236 0.948130
vt 0.036400 0.943906
vt 0.034305 0.943935
vt 0.034347 0.939711
vt 0.036446 0.939703
vt 0.034365 0.935477
vt 0.036465 0.935478
vt 0.036465 0.931246
vt 0.034363 0.931241
vt 0.034350 0.927006
vt 0.036452 0.927014
vt 0.034330 0.922772
vt 0.036432 0.922782
vt 0.034304 0.918542
vt 0.036406 0.918555
vt 0.034274 0.914317
vt 0.036375 0.914335
vt 0.036338 0.910127
vt 0.034239 0.910100
vt 0.034198 0.905898
vt 0.036293 0.905944
vt 0.034154 0.901722
vt 0.036241 0.901806
vt 0.034121 0.897597
vt 0.037297 0.887063
vt 0.040845 0.949246
vt 0.044837 0.949288
vt 0.041199 0.954343
vt 0.019605 0.955868
vt 0.031474 0.882285
vt 0.028789 0.881394
vt 0.025705 0.880784
vt 0.022347 0.880898
vt 0.018981 0.882064
vt 0.016282 0.884961
vt 0.039290 0.885755
vt 0.036701 0.883832
vt 0.036009 0.962654
vt 0.034984 0.960086
vt 0.039166 0.960701
vt 0.036885 0.959236
vt 0.018302 0.962346
vt 0.018492 0.959041
vt 0.021246 0.963800
vt 0.022463 0.961453
vt 0.024381 0.964311
vt 0.027524 0.961598
vt 0.027428 0.964192
vt 0.030333 0.963840
vt 0.036303 0.955907
vt 0.129244 0.878498
vt 0.685693 0.721134
vt 0.680029 0.726424
vt 0.680070 0.721094
vt 0.441653 0.982030
vt 0.428130 0.987435
vt 0.428134 0.982019
vt 0.536054 0.959797
vt 0.543492 0.968813
vt 0.543545 0.959868
vt 0.525573 0.986571
vt 0.522655 0.992015
vt 0.522651 0.986599
vt 0.690758 0.721134
vt 0.685653 0.726464
vt 0.425091 0.987405
vt 0.425096 0.981989
vt 0.550611 0.959846
vt 0.550558 0.968792
vt 0.777525 0.732203
vt 0.767858 0.733896
vt 0.767858 0.732203
vt 0.531244 0.986589
vt 0.525577 0.991987
vt 0.697279 0.721191
vt 0.690718 0.726464
vt 0.419521 0.982004
vt 0.419517 0.987420
vt 0.559165 0.968890
vt 0.559218 0.959945
vt 0.556877 0.986570
vt 0.531248 0.992006
vt 0.274339 0.765207
vt 0.287968 0.773242
vt 0.274248 0.774608
vt 0.288240 0.766511
vt 0.296528 0.775266
vt 0.296933 0.764813
vt 0.302899 0.773032
vt 0.303134 0.766965
vt 0.307833 0.775274
vt 0.308262 0.764207
vt 0.313325 0.774175
vt 0.313664 0.765411
vt 0.324010 0.774177
vt 0.324350 0.765413
vt 0.330444 0.775956
vt 0.330901 0.764168
vt 0.338068 0.773916
vt 0.338361 0.766355
vt 0.342889 0.773657
vt 0.343182 0.766095
vt 0.344288 0.775423
vt 0.344717 0.764357
vt 0.374876 0.775516
vt 0.375305 0.764449
vt 0.381650 0.773551
vt 0.381945 0.765931
vt 0.385128 0.775800
vt 0.385588 0.763956
vt 0.401260 0.775956
vt 0.401719 0.764112
vt 0.415042 0.771834
vt 0.509137 0.992026
vt 0.509133 0.986610
vt 0.302779 0.704507
vt 0.310767 0.703083
vt 0.309673 0.706634
vt 0.521211 0.968657
vt 0.536001 0.968743
vt 0.452957 0.981981
vt 0.441649 0.987446
vt 0.669079 0.726370
vt 0.669119 0.721040
vt 0.497600 0.991986
vt 0.497595 0.986570
vt 0.287126 0.740586
vt 0.285147 0.728996
vt 0.290219 0.730564
vt 0.521265 0.959712
vt 0.512158 0.968633
vt 0.662479 0.726358
vt 0.662519 0.721027
vt 0.501861 0.959578
vt 0.512212 0.959687
vt 0.654673 0.726296
vt 0.654714 0.720965
vt 0.495191 0.959545
vt 0.501808 0.968523
vt 0.649733 0.726268
vt 0.649774 0.720938
vt 0.571231 0.959976
vt 0.590432 0.969142
vt 0.590483 0.959958
vt 0.459267 0.980976
vt 0.453819 0.979506
vt 0.459246 0.979506
vt 0.706059 0.721212
vt 0.720073 0.726674
vt 0.706018 0.726542
vt 0.453839 0.978008
vt 0.459246 0.979477
vt 0.453819 0.979477
vt 0.571178 0.968921
vt 0.393883 0.987397
vt 0.393888 0.981981
vt 0.697238 0.726522
vt 0.017988 0.761260
vt 0.032272 0.752308
vt 0.032557 0.759807
vt 0.041245 0.750053
vt 0.041670 0.761699
vt 0.047923 0.752542
vt 0.048170 0.759302
vt 0.053095 0.750044
vt 0.053545 0.762374
vt 0.058852 0.751268
vt 0.059208 0.761032
vt 0.070052 0.751266
vt 0.070409 0.761030
vt 0.076797 0.749283
vt 0.077276 0.762417
vt 0.084788 0.751557
vt 0.085095 0.759981
vt 0.089842 0.751846
vt 0.090149 0.760271
vt 0.091308 0.749877
vt 0.091758 0.762207
vt 0.123372 0.749774
vt 0.123822 0.762104
vt 0.130472 0.751964
vt 0.130782 0.760453
vt 0.134119 0.749458
vt 0.134600 0.762654
vt 0.151028 0.749283
vt 0.151509 0.762480
vt 0.165475 0.753877
vt 0.299263 0.744328
vt 0.297347 0.732764
vt 0.302356 0.734307
vt 0.298539 0.703537
vt 0.290395 0.711987
vt 0.293488 0.701965
vt 0.543798 0.971734
vt 0.535894 0.973454
vt 0.535894 0.971734
vt 0.294254 0.742786
vt 0.307604 0.717297
vt 0.305616 0.705721
vt 0.310697 0.707276
vt 0.302528 0.715730
vt 0.725211 0.721177
vt 0.723996 0.717012
vt 0.725623 0.721129
vt 0.589875 0.969222
vt 0.725173 0.726688
vt 0.725585 0.726739
vt 0.721301 0.730855
vt 0.719661 0.726722
vt 0.597320 0.969165
vt 0.595606 0.976158
vt 0.597876 0.969251
vt 0.597926 0.959835
vt 0.597369 0.959916
vt 0.723903 0.730855
vt 0.723657 0.730586
vt 0.720113 0.721202
vt 0.721394 0.717012
vt 0.721640 0.717281
vt 0.592092 0.976158
vt 0.592426 0.975708
vt 0.592212 0.952926
vt 0.589928 0.959872
vt 0.595273 0.975706
vt 0.719701 0.721151
vt 0.592545 0.953378
vt 0.595727 0.952926
vt 0.721549 0.730586
vt 0.595392 0.953376
vt 0.723748 0.717280
vt 0.192754 0.832403
vt 0.200639 0.845994
vt 0.192829 0.845930
vt 0.780754 0.727679
vt 0.772036 0.725628
vt 0.780754 0.725589
vt 0.323893 0.728873
vt 0.317253 0.731490
vt 0.305309 0.725980
vt 0.720593 0.753283
vt 0.725302 0.750132
vt 0.736521 0.751357
vt 0.780754 0.717063
vt 0.772035 0.719113
vt 0.772036 0.717101
vt 0.229873 0.845554
vt 0.225940 0.832027
vt 0.229819 0.832026
vt 0.759675 0.724863
vt 0.766598 0.731893
vt 0.759693 0.731893
vt 0.200758 0.845930
vt 0.204690 0.832402
vt 0.204787 0.845930
vt 0.750353 0.739556
vt 0.755506 0.732536
vt 0.755488 0.739565
vt 0.767589 0.739556
vt 0.762411 0.732536
vt 0.767524 0.732553
vt 0.754540 0.724864
vt 0.754606 0.731866
vt 0.762284 0.761398
vt 0.770451 0.757435
vt 0.770409 0.761360
vt 0.771128 0.775835
vt 0.762966 0.771871
vt 0.771122 0.771871
vt 0.771776 0.724864
vt 0.766612 0.724863
vt 0.311917 0.723365
vt 0.319866 0.723233
vt 0.319139 0.725594
vt 0.762426 0.739565
vt 0.217840 0.845627
vt 0.225724 0.832027
vt 0.225724 0.845606
vt 0.744931 0.749158
vt 0.736775 0.754514
vt 0.736775 0.749171
vt 0.311315 0.738834
vt 0.304453 0.728801
vt 0.313550 0.731592
vt 0.449676 0.972580
vt 0.442529 0.974391
vt 0.442518 0.972534
vt 0.601000 0.959853
vt 0.731782 0.750132
vt 0.725303 0.748383
vt 0.731783 0.748383
vt 0.455273 0.931052
vt 0.443565 0.934378
vt 0.455384 0.934118
vt 0.321358 0.741933
vt 0.459534 0.993048
vt 0.453823 0.991190
vt 0.459535 0.991190
vt 0.275827 0.724316
vt 0.266509 0.718862
vt 0.276553 0.721955
vt 0.457591 0.974391
vt 0.449686 0.974438
vt 0.214018 0.757974
vt 0.230803 0.765896
vt 0.214018 0.765896
vt 0.256728 0.718293
vt 0.257455 0.715932
vt 0.284955 0.727004
vt 0.664175 0.641065
vt 0.642736 0.631651
vt 0.664175 0.631651
vt 0.415774 0.974475
vt 0.433741 0.976333
vt 0.415775 0.976333
vt 0.520444 0.971595
vt 0.527590 0.973406
vt 0.520433 0.973452
vt 0.443463 0.922405
vt 0.455305 0.925214
vt 0.455282 0.922145
vt 0.642754 0.649588
vt 0.642736 0.641065
vt 0.663465 0.631386
vt 0.642044 0.622863
vt 0.663483 0.622863
vt 0.237566 0.791185
vt 0.251118 0.825252
vt 0.237566 0.825274
vt 0.749934 0.743347
vt 0.727963 0.741519
vt 0.749934 0.741519
vt 0.750654 0.741482
vt 0.728682 0.739654
vt 0.750654 0.739654
vt 0.694609 0.755499
vt 0.715071 0.762224
vt 0.694595 0.762224
vt 0.411438 0.974438
vt 0.393472 0.972580
vt 0.411438 0.972580
vt 0.715086 0.748071
vt 0.715085 0.755499
vt 0.512539 0.971548
vt 0.728683 0.741482
vt 0.723202 0.740156
vt 0.720164 0.757224
vt 0.720158 0.760501
vt 0.637426 0.647403
vt 0.637418 0.643249
vt 0.723194 0.742825
vt 0.723194 0.741991
vt 0.241247 0.832613
vt 0.642026 0.631386
vt 0.637419 0.625179
vt 0.677261 0.766403
vt 0.682464 0.771541
vt 0.677223 0.771503
vt 0.441653 0.976456
vt 0.428130 0.981861
vt 0.428134 0.976445
vt 0.617896 0.735225
vt 0.612389 0.740598
vt 0.612350 0.735268
vt 0.683914 0.734213
vt 0.680346 0.739571
vt 0.680341 0.734240
vt 0.682501 0.766442
vt 0.687184 0.771541
vt 0.425091 0.981831
vt 0.425096 0.976415
vt 0.607158 0.740585
vt 0.607118 0.735255
vt 0.212067 0.833903
vt 0.215330 0.848900
vt 0.212067 0.848900
vt 0.690854 0.739561
vt 0.683919 0.739543
vt 0.687222 0.766441
vt 0.693260 0.771596
vt 0.419517 0.981846
vt 0.419521 0.976430
vt 0.600785 0.740643
vt 0.600746 0.735313
vt 0.722197 0.734212
vt 0.690849 0.734231
vt 0.274339 0.789688
vt 0.287968 0.797723
vt 0.274248 0.799090
vt 0.288240 0.790993
vt 0.296528 0.799748
vt 0.296933 0.789295
vt 0.302899 0.797514
vt 0.303134 0.791446
vt 0.307833 0.799756
vt 0.308262 0.788689
vt 0.313325 0.798657
vt 0.313664 0.789893
vt 0.324010 0.798659
vt 0.324350 0.789895
vt 0.330444 0.800438
vt 0.330901 0.788650
vt 0.338068 0.798398
vt 0.338361 0.790836
vt 0.342889 0.798138
vt 0.343182 0.790577
vt 0.344288 0.799905
vt 0.344717 0.788838
vt 0.374876 0.799998
vt 0.375305 0.788931
vt 0.381650 0.798033
vt 0.381945 0.790413
vt 0.385128 0.800282
vt 0.385588 0.788437
vt 0.401260 0.800438
vt 0.401719 0.788594
vt 0.415042 0.796315
vt 0.663814 0.739582
vt 0.663809 0.734251
vt 0.704475 0.731380
vt 0.711113 0.734131
vt 0.704476 0.734131
vt 0.628846 0.735174
vt 0.617936 0.740555
vt 0.452957 0.976406
vt 0.441649 0.981872
vt 0.667018 0.771451
vt 0.667056 0.766352
vt 0.649700 0.734212
vt 0.649704 0.739543
vt 0.664236 0.747284
vt 0.668787 0.754713
vt 0.664236 0.754711
vt 0.635549 0.735160
vt 0.628886 0.740504
vt 0.660867 0.771439
vt 0.660905 0.766340
vt 0.643212 0.735095
vt 0.635589 0.740490
vt 0.653593 0.771380
vt 0.653631 0.766281
vt 0.648151 0.735075
vt 0.643252 0.740425
vt 0.648989 0.771354
vt 0.649027 0.766254
vt 0.591851 0.735332
vt 0.577635 0.740793
vt 0.577597 0.735321
vt 0.453819 0.982504
vt 0.459267 0.983973
vt 0.453840 0.983973
vt 0.701480 0.766516
vt 0.714541 0.771742
vt 0.701443 0.771615
vt 0.480327 0.978897
vt 0.485774 0.977428
vt 0.485754 0.978897
vt 0.591890 0.740662
vt 0.393883 0.981822
vt 0.393888 0.976406
vt 0.693298 0.766497
vt 0.017988 0.733984
vt 0.032272 0.725032
vt 0.032557 0.732531
vt 0.041245 0.722777
vt 0.041670 0.734423
vt 0.047923 0.725266
vt 0.048170 0.732026
vt 0.053095 0.722767
vt 0.053545 0.735098
vt 0.058852 0.723992
vt 0.059208 0.733756
vt 0.070052 0.723990
vt 0.070409 0.733754
vt 0.076796 0.722007
vt 0.077276 0.735141
vt 0.084788 0.724280
vt 0.085095 0.732705
vt 0.089842 0.724570
vt 0.090149 0.732994
vt 0.091308 0.722601
vt 0.091758 0.734931
vt 0.123372 0.722498
vt 0.123822 0.734828
vt 0.130472 0.724687
vt 0.130782 0.733177
vt 0.134119 0.722182
vt 0.134600 0.735378
vt 0.151028 0.722007
vt 0.151509 0.735204
vt 0.165475 0.726601
vt 0.653348 0.747286
vt 0.657841 0.754711
vt 0.653348 0.754713
vt 0.205114 0.754671
vt 0.213562 0.743722
vt 0.213562 0.754684
vt 0.460230 0.974615
vt 0.452326 0.976334
vt 0.452326 0.974615
vt 0.657841 0.747284
vt 0.184798 0.743722
vt 0.193284 0.754671
vt 0.184798 0.754684
vt 0.193284 0.743722
vt 0.719329 0.766483
vt 0.718196 0.762498
vt 0.719713 0.766437
vt 0.578047 0.740841
vt 0.719294 0.771755
vt 0.719677 0.771804
vt 0.715685 0.775742
vt 0.714157 0.771788
vt 0.572535 0.740807
vt 0.573804 0.744974
vt 0.572123 0.740858
vt 0.572086 0.735248
vt 0.572498 0.735296
vt 0.718110 0.775742
vt 0.717880 0.775484
vt 0.714577 0.766507
vt 0.715771 0.762498
vt 0.716001 0.762756
vt 0.576406 0.744974
vt 0.576158 0.744705
vt 0.576317 0.731131
vt 0.578008 0.735270
vt 0.574051 0.744704
vt 0.714194 0.766458
vt 0.576070 0.731401
vt 0.573714 0.731131
vt 0.715916 0.775485
vt 0.573963 0.731400
vt 0.717965 0.762755
vt 0.181721 0.832403
vt 0.189606 0.845994
vt 0.181796 0.845930
vt 0.780754 0.731942
vt 0.772036 0.729891
vt 0.780754 0.729852
vt 0.327047 0.718647
vt 0.320408 0.721265
vt 0.308464 0.715755
vt 0.474869 0.984181
vt 0.479000 0.980835
vt 0.488844 0.982136
vt 0.780754 0.723457
vt 0.772035 0.725508
vt 0.772036 0.723496
vt 0.770298 0.748341
vt 0.762173 0.750293
vt 0.762173 0.748368
vt 0.436067 0.919524
vt 0.426978 0.931524
vt 0.436301 0.931319
vt 0.245610 0.833162
vt 0.241679 0.846690
vt 0.241581 0.833163
vt 0.460482 0.991235
vt 0.464695 0.984102
vt 0.464681 0.991245
vt 0.474576 0.991235
vt 0.470341 0.984102
vt 0.474522 0.984119
vt 0.443001 0.919372
vt 0.443169 0.931124
vt 0.285179 0.727601
vt 0.295934 0.725063
vt 0.294253 0.730344
vt 0.771128 0.771792
vt 0.762966 0.767829
vt 0.771122 0.767829
vt 0.419727 0.919883
vt 0.426700 0.919729
vt 0.315071 0.713140
vt 0.323021 0.713008
vt 0.322294 0.715369
vt 0.470353 0.991244
vt 0.496235 0.979702
vt 0.489067 0.975546
vt 0.496224 0.975546
vt 0.217285 0.732352
vt 0.232482 0.724447
vt 0.232482 0.732332
vt 0.201616 0.724430
vt 0.216813 0.732335
vt 0.201616 0.732352
vt 0.434301 0.972580
vt 0.427154 0.974391
vt 0.427143 0.972534
vt 0.569810 0.735259
vt 0.484686 0.980835
vt 0.479001 0.978977
vt 0.484687 0.978977
vt 0.455410 0.937310
vt 0.443702 0.940635
vt 0.455521 0.940376
vt 0.184830 0.724430
vt 0.453823 0.989295
vt 0.459534 0.991153
vt 0.453822 0.991153
vt 0.276609 0.721782
vt 0.267291 0.716328
vt 0.277335 0.719421
vt 0.442217 0.974391
vt 0.434312 0.974438
vt 0.230803 0.749736
vt 0.214018 0.741814
vt 0.230803 0.741814
vt 0.257510 0.715759
vt 0.258237 0.713399
vt 0.285737 0.724470
vt 0.261418 0.703167
vt 0.281149 0.720233
vt 0.258325 0.713189
vt 0.478847 0.973613
vt 0.496813 0.975471
vt 0.478847 0.975471
vt 0.483782 0.971717
vt 0.490929 0.973529
vt 0.483771 0.973575
vt 0.552077 0.973406
vt 0.559208 0.971548
vt 0.559234 0.973406
vt 0.287023 0.701130
vt 0.284242 0.710210
vt 0.749895 0.739565
vt 0.727943 0.732536
vt 0.749914 0.732536
vt 0.496769 0.985629
vt 0.478815 0.992772
vt 0.478803 0.985629
vt 0.231426 0.711564
vt 0.193277 0.708982
vt 0.231426 0.708982
vt 0.293331 0.700903
vt 0.271234 0.691499
vt 0.294059 0.698543
vt 0.754078 0.724051
vt 0.732121 0.717021
vt 0.754093 0.717021
vt 0.515508 0.973490
vt 0.533474 0.975348
vt 0.515508 0.975348
vt 0.732106 0.731815
vt 0.732106 0.724051
vt 0.475877 0.971671
vt 0.270506 0.693859
vt 0.265341 0.690390
vt 0.726656 0.722248
vt 0.726664 0.718822
vt 0.291977 0.705207
vt 0.290622 0.709632
vt 0.184999 0.710828
vt 0.184999 0.709649
vt 0.474935 0.987570
vt 0.727924 0.739565
vt 0.723203 0.734446
vt 0.419458 0.854773
vt 0.430948 0.861399
vt 0.430971 0.886583
vt 0.435943 0.857450
vt 0.509159 0.857450
vt 0.509182 0.883906
vt 0.435967 0.883906
vt 0.513059 0.854773
vt 0.538712 0.854773
vt 0.538740 0.886583
vt 0.546030 0.877428
vt 0.546034 0.881630
vt 0.546014 0.859726
vt 0.809399 0.859726
vt 0.809414 0.877428
vt 0.816693 0.854773
vt 0.830236 0.886583
vt 0.564059 0.125083
vt 0.564059 0.137657
vt 0.551076 0.105776
vt 0.491762 0.916456
vt 0.418528 0.916456
vt 0.419683 0.906588
vt 0.491772 0.906606
vt 0.521323 0.919132
vt 0.495664 0.919132
vt 0.497878 0.906605
vt 0.521333 0.906602
vt 0.528653 0.892333
vt 0.792085 0.892277
vt 0.790931 0.900000
vt 0.792077 0.909978
vt 0.799374 0.919132
vt 0.800529 0.906588
vt 0.812888 0.906588
vt 0.799387 0.887325
vt 0.800532 0.900000
vt 0.446159 0.071467
vt 0.271096 0.185822
vt 0.519198 0.265893
vt 0.520167 0.374501
vt 0.590674 0.427526
vt 0.601386 0.418723
vt 0.776830 0.275535
vt 0.675332 0.075555
vt 0.052144 0.200694
vt 0.690811 0.124469
vt 0.725042 0.002858
vt 0.393779 0.242993
vt 0.852271 0.252156
vt 0.573369 0.403088
vt 0.499968 0.267409
vt 0.614106 0.244567
vt 0.271600 0.198526
vt 0.267264 0.198526
vt 0.272149 0.205128
vt 0.272643 0.211061
vt 0.719519 0.134358
vt 0.627119 0.237279
vt 0.839273 0.162952
vt 0.390953 0.324613
vt 0.857992 0.250276
vt 0.341634 0.138256
vt 0.951762 0.266285
vt 0.963516 0.890519
vt 0.284959 0.284590
vt 0.682731 0.248714
vt 0.409743 0.191542
vt 0.650489 0.414518
vt 0.902143 0.368782
vt 0.623857 0.048609
vt 0.241606 0.425961
vt 0.279523 0.334478
vt 0.626267 0.084452
vt 0.046428 0.191540
vt 0.803771 0.164600
vt 0.002860 0.574805
vt 0.021388 0.288448
vt 0.163075 0.345911
vt 0.468189 0.081127
vt 0.703949 0.276823
vt 0.960278 0.385932
vt 0.960826 0.117207
vt 0.942121 0.277296
vt 0.576716 0.088618
vt 0.779196 0.406434
vt 0.561650 0.292073
vt 0.347559 0.271583
vt 0.839222 0.156105
vt 0.611399 0.161858
vt 0.484864 0.408897
vt 0.164094 0.339045
vt 0.407123 0.361338
vt 0.027056 0.168670
vt 0.462527 0.408812
vt 0.268419 0.345907
vt 0.268419 0.433836
vt 0.267760 0.432622
vt 0.261809 0.426593
vt 0.207576 0.432646
vt 0.206917 0.433861
vt 0.213527 0.426613
vt 0.255826 0.422638
vt 0.219510 0.422653
vt 0.225535 0.420075
vt 0.249801 0.420065
vt 0.243744 0.418599
vt 0.694557 0.368786
vt 0.415628 0.031500
vt 0.714932 0.153350
vt 0.732729 0.260149
vt 0.811641 0.030330
vt 0.667867 0.278158
vt 0.667867 0.322453
vt 0.656740 0.334736
vt 0.645612 0.340245
vt 0.634485 0.341914
vt 0.623357 0.340254
vt 0.612230 0.334754
vt 0.601102 0.278185
vt 0.606666 0.267940
vt 0.612230 0.262299
vt 0.617794 0.258617
vt 0.623357 0.256235
vt 0.628921 0.254884
vt 0.634485 0.254444
vt 0.645612 0.256226
vt 0.651176 0.258603
vt 0.656740 0.262281
vt 0.601105 0.345925
vt 0.527987 0.107963
vt 0.265854 0.089729
vt 0.715198 0.202972
vt 0.728607 0.181199
vt 0.651478 0.096392
vt 0.027089 0.253614
vt 0.419788 0.470402
vt 0.423327 0.466495
vt 0.423327 0.529396
vt 0.365535 0.466519
vt 0.369074 0.470423
vt 0.381665 0.476646
vt 0.179010 0.180107
vt 0.507640 0.088838
vt 0.179007 0.191537
vt 0.616729 0.043076
vt 0.376108 0.105790
vt 0.283893 0.473347
vt 0.425087 0.002874
vt 0.930480 0.700593
vt 0.091232 0.507643
vt 0.328896 0.294456
vt 0.412505 0.037372
vt 0.690527 0.383556
vt 0.016862 0.311606
vt 0.991543 0.002875
vt 0.191840 0.317331
vt 0.108433 0.380217
vt 0.951222 0.523360
vt 0.688205 0.563173
vt 0.292248 0.168672
vt 0.867479 0.002857
vt 0.867479 0.145659
vt 0.856729 0.145659
vt 0.850137 0.145659
vt 0.839257 0.145659
vt 0.324009 0.288448
vt 0.567652 0.403301
vt 0.629645 0.403108
vt 0.685930 0.145801
vt 0.564837 0.094418
vt 0.698229 0.162947
vt 0.096948 0.506954
vt 0.668666 0.222846
vt 0.811002 0.788218
vt 0.002868 0.599317
vt 0.492559 0.089777
vt 0.493917 0.090237
vt 0.530824 0.117705
vt 0.544762 0.136634
vt 0.555008 0.157998
vt 0.563361 0.204721
vt 0.603632 0.023970
vt 0.591869 0.004225
vt 0.706348 0.002854
vt 0.706348 0.073654
vt 0.682593 0.071557
vt 0.638255 0.055063
vt 0.729705 0.656099
vt 0.217145 0.437410
vt 0.947945 0.649517
vt 0.452635 0.328760
vt 0.649394 0.500291
vt 0.529784 0.906602
vt 0.528625 0.914180
vt 0.490631 0.900037
vt 0.419686 0.900000
vt 0.491792 0.890058
vt 0.520195 0.900041
vt 0.497888 0.900038
vt 0.521356 0.887381
vt 0.985705 0.106102
vt 0.661585 0.105405
vt 0.875960 0.380213
vt 0.402054 0.887325
vt 0.413527 0.919132
vt 0.991777 0.983208
vt 0.457493 0.925345
vt 0.936194 0.831508
vt 0.027069 0.180106
vt 0.312840 0.621725
vt 0.340850 0.180101
vt 0.034536 0.020007
vt 0.140109 0.345907
vt 0.757372 0.037165
vt 0.289609 0.536012
vt 0.499949 0.231557
vt 0.560987 0.272307
vt 0.711553 0.564823
vt 0.711550 0.501550
vt 0.724418 0.566088
vt 0.700150 0.507631
vt 0.754139 0.529947
vt 0.742188 0.558743
vt 0.688198 0.529946
vt 0.746778 0.512214
vt 0.691952 0.548771
vt 0.730785 0.501550
vt 0.700153 0.558743
vt 0.723144 0.553187
vt 0.705598 0.520433
vt 0.701895 0.539019
vt 0.723142 0.513182
vt 0.673689 0.235254
vt 0.788374 0.277337
vt 0.255433 0.435371
vt 0.536035 0.115236
vt 0.786955 0.414576
vt 0.550813 0.437389
vt 0.651529 0.160010
vt 0.564998 0.438300
vt 0.824121 0.268654
vt 0.824777 0.268939
vt 0.825167 0.268352
vt 0.825092 0.267164
vt 0.825023 0.267869
vt 0.824409 0.266914
vt 0.824690 0.266810
vt 0.656319 0.418264
vt 0.696032 0.452510
vt 0.395008 0.191533
vt 0.710507 0.448829
vt 0.220585 0.432320
vt 0.220585 0.435955
vt 0.602086 0.330049
vt 0.417416 0.313088
vt 0.637530 0.131407
vt 0.674504 0.317319
vt 0.631900 0.449841
vt 0.632333 0.450323
vt 0.632496 0.451022
vt 0.631415 0.451029
vt 0.630709 0.450995
vt 0.631221 0.449801
vt 0.630461 0.450749
vt 0.630392 0.450522
vt 0.404469 0.061125
vt 0.667792 0.386082
vt 0.730833 0.038669
vt 0.730773 0.031452
vt 0.730765 0.032264
vt 0.606448 0.043303
vt 0.606366 0.044401
vt 0.730834 0.020935
vt 0.730758 0.021287
vt 0.730840 0.020464
vt 0.730853 0.014806
vt 0.390668 0.272752
vt 0.941417 0.408393
vt 0.649751 0.380470
vt 0.794480 0.266778
vt 0.720315 0.361834
vt 0.648155 0.234603
vt 0.638152 0.420563
vt 0.384305 0.304281
vt 0.647223 0.222453
vt 0.640159 0.420566
vt 0.939537 0.403091
vt 0.646882 0.252554
vt 0.646871 0.252199
vt 0.646885 0.253032
vt 0.384315 0.272699
vt 0.940639 0.403088
vt 0.155260 0.956267
vt 0.117790 0.979976
vt 0.099187 0.897200
vt 0.036389 0.952116
vt 0.107100 0.889023
vt 0.171988 0.980804
vt 0.156664 0.980754
vt 0.087969 0.980671
vt 0.071004 0.967508
vt 0.105915 0.980678
vt 0.176319 0.868742
vt 0.030175 0.980342
vt 0.180110 0.874759
vt 0.059235 0.861702
vt 0.098253 0.909926
vt 0.155827 0.957336
vt 0.035005 0.966955
vt 0.124881 0.965099
vt 0.152586 0.847846
vt 0.139905 0.921085
vt 0.099473 0.876360
vt 0.100103 0.877488
vt 0.098377 0.870848
vt 0.045153 0.953728
vt 0.053266 0.954322
vt 0.033887 0.883153
vt 0.033086 0.963083
vt 0.016079 0.959589
vt 0.777525 0.733896
vt 0.556882 0.991986
vt 0.415171 0.768499
vt 0.303873 0.700955
vt 0.452952 0.987397
vt 0.282054 0.739017
vt 0.495138 0.968491
vt 0.453840 0.980976
vt 0.459266 0.978008
vt 0.017892 0.750786
vt 0.165611 0.757592
vt 0.295450 0.713546
vt 0.543798 0.973454
vt 0.200639 0.832414
vt 0.772035 0.727640
vt 0.306125 0.723388
vt 0.323077 0.731466
vt 0.310079 0.729279
vt 0.736534 0.753281
vt 0.731793 0.754517
vt 0.725358 0.754516
vt 0.720580 0.751358
vt 0.780754 0.719152
vt 0.225844 0.845554
vt 0.200811 0.832402
vt 0.750419 0.732553
vt 0.762295 0.757435
vt 0.763002 0.775796
vt 0.771711 0.731866
vt 0.312643 0.721005
vt 0.217915 0.832100
vt 0.744931 0.754525
vt 0.302229 0.736010
vt 0.600950 0.969269
vt 0.443453 0.931311
vt 0.323592 0.734691
vt 0.265782 0.721223
vt 0.457581 0.972534
vt 0.230803 0.757974
vt 0.285682 0.724643
vt 0.433741 0.974475
vt 0.527601 0.971548
vt 0.443486 0.925473
vt 0.664192 0.649588
vt 0.251118 0.791163
vt 0.727963 0.743347
vt 0.393472 0.974438
vt 0.694610 0.748071
vt 0.512528 0.973406
vt 0.723202 0.741047
vt 0.247433 0.832603
vt 0.637411 0.629069
vt 0.215330 0.833903
vt 0.722202 0.739543
vt 0.415171 0.792981
vt 0.711112 0.731380
vt 0.452952 0.981822
vt 0.668787 0.747286
vt 0.648191 0.740405
vt 0.459246 0.982504
vt 0.480347 0.977428
vt 0.017892 0.723509
vt 0.165611 0.730316
vt 0.205114 0.743722
vt 0.460230 0.976334
vt 0.189606 0.832414
vt 0.772035 0.731903
vt 0.309280 0.713162
vt 0.326231 0.721240
vt 0.313234 0.719054
vt 0.488856 0.984180
vt 0.484696 0.985493
vt 0.479049 0.985491
vt 0.474857 0.982137
vt 0.780754 0.725547
vt 0.770298 0.750341
vt 0.245558 0.846690
vt 0.460536 0.984119
vt 0.286842 0.722257
vt 0.763002 0.771754
vt 0.420073 0.931630
vt 0.315798 0.710779
vt 0.489106 0.979662
vt 0.217285 0.724430
vt 0.216813 0.724450
vt 0.569847 0.740869
vt 0.443591 0.937569
vt 0.184831 0.732352
vt 0.266564 0.718689
vt 0.442206 0.972534
vt 0.214018 0.749736
vt 0.286464 0.722109
vt 0.496813 0.973613
vt 0.490940 0.971671
vt 0.552050 0.971548
vt 0.264200 0.694087
vt 0.496781 0.992772
vt 0.193278 0.711564
vt 0.533473 0.973490
vt 0.754078 0.731815
vt 0.475866 0.973529
vt 0.264986 0.691540
vt 0.474941 0.990830
vt 0.723194 0.737655
s 1
g Door.R
g Door_Right.001_Door.002
usemtl Door.002
f 356/1/1 130/2/2 5/3/1
s 2
f 130/2/3 88/4/4 232/5/5
s 3
f 257/6/6 325/7/2 232/5/7
s 4
f 308/8/1 257/6/8 256/9/1
s 5
f 310/10/9 321/11/1 256/9/10
s 6
f 265/12/11 310/10/12 9/13/13
s 7
f 265/12/14 316/14/15 126/15/1
s 8
f 263/16/16 316/14/13 8/17/11
s 9
f 311/18/1 225/19/1 263/16/17
s 10
f 261/20/18 84/21/18 380/22/18
s 11
f 233/23/19 153/24/20 204/25/21
s 12
f 230/26/22 155/27/23 127/28/24
s 13
f 127/28/25 390/29/26 259/30/26
s 14
f 259/30/27 158/31/28 81/32/29
s 15
f 81/32/30 160/33/31 322/34/32
s 16
f 226/35/33 162/36/34 355/37/35
s 17
f 87/38/36 389/39/37 405/40/38
s 18
f 157/41/37 323/42/37 264/43/37
s 19
f 80/44/39 9/45/40 317/46/39
s 20
f 321/47/41 128/48/42 308/49/43
s 21
f 132/50/44 84/51/44 5/52/44
s 22
f 262/53/45 230/54/46 88/55/47
s 23
f 130/56/48 233/57/49 204/58/50
s 24
f 265/59/51 205/60/18 89/61/18
s 25
f 325/62/52 319/63/39 353/64/39
s 26
f 256/65/53 127/66/54 259/67/53
s 27
f 8/68/51 6/69/18 125/70/18
s 28
f 264/71/39 352/72/39 311/73/39
s 29
f 318/74/53 357/75/53 258/76/53
s 30
f 6/77/53 311/78/53 125/79/53
s 31
f 224/80/18 263/81/55 225/82/18
s 32
f 7/83/56 129/84/39 310/85/57
s 33
f 323/86/44 225/87/44 352/88/44
s 34
f 228/89/58 8/90/59 316/91/60
s 35
f 308/49/61 166/92/62 256/93/63
s 36
f 356/94/39 231/95/64 262/96/65
s 37
f 10/97/66 86/98/67 263/99/68
s 38
f 4/100/44 319/101/44 320/102/44
s 39
f 130/103/52 203/104/39 132/105/39
s 40
f 309/106/68 7/107/69 310/108/70
s 41
f 308/109/44 3/110/50 325/111/48
s 42
f 205/112/53 82/113/53 89/114/53
s 43
f 256/93/71 83/115/72 234/116/73
s 44
f 126/117/44 313/118/44 312/119/44
s 45
f 82/120/39 228/121/74 316/122/75
s 46
f 88/123/76 324/124/18 318/125/18
s 47
f 81/126/58 265/127/59 9/128/60
s 48
f 232/129/77 320/130/18 233/131/78
s 49
f 226/132/79 126/133/39 86/134/80
s 50
f 356/135/53 260/136/53 131/137/53
s 51
f 258/138/39 127/139/64 257/140/65
s 52
f 313/141/18 309/142/55 312/143/18
s 53
f 317/144/81 83/145/53 80/146/53
s 54
f 85/147/44 129/148/44 351/149/82
s 55
f 286/150/83 136/151/83 238/152/83
s 56
f 350/153/84 136/151/84 11/154/84
s 57
f 217/155/18 112/156/18 216/157/18
s 58
f 217/158/53 133/159/53 336/160/53
s 59
f 336/161/37 54/162/37 217/163/37
s 58
f 217/158/53 138/164/53 139/165/53
s 60
f 336/160/53 35/166/53 146/167/53
s 61
f 146/168/39 282/169/39 336/170/39
s 62
f 277/171/53 282/172/53 27/173/53
s 63
f 46/174/85 364/175/85 76/176/85
s 64
f 73/177/86 100/178/86 208/179/86
s 62
f 277/171/53 112/180/53 54/181/53
f 27/173/53 143/182/53 306/183/53
s 65
f 299/184/18 134/185/18 300/186/18
s 66
f 249/187/1 304/188/1 299/189/1
s 67
f 27/190/1 276/191/1 277/192/1
s 68
f 134/193/53 39/194/53 276/195/53
f 305/196/53 349/197/53 368/198/53
f 305/196/53 39/194/53 304/199/53
f 135/200/53 276/195/53 349/197/53
s 69
f 277/201/39 39/202/39 334/203/39
s 70
f 300/204/37 135/205/37 248/206/37
s 71
f 248/207/39 305/208/39 249/209/39
s 72
f 306/210/18 349/211/18 27/212/18
s 73
f 12/213/53 249/214/53 299/215/53
f 12/213/53 300/216/53 15/217/53
f 14/218/53 249/214/53 13/219/53
f 14/218/53 300/216/53 248/220/53
f 116/221/53 13/219/53 12/213/53
f 275/222/53 13/219/53 358/223/53
f 274/224/53 18/225/53 14/218/53
f 18/225/53 12/213/53 15/217/53
s 74
f 333/226/87 90/227/87 52/228/87
s 75
f 117/229/18 294/230/18 295/231/18
s 76
f 140/232/88 345/233/88 116/234/88
s 77
f 333/226/89 327/235/89 326/236/89
s 78
f 140/232/90 315/237/90 55/238/90
s 79
f 218/239/91 283/240/91 271/241/91
s 80
f 246/242/92 98/243/92 315/244/92
s 81
f 270/245/93 98/243/93 269/246/93
s 82
f 116/247/1 292/248/1 358/249/1
s 83
f 271/241/94 41/250/94 270/245/94
s 84
f 358/251/39 291/252/39 275/253/39
s 85
f 266/254/95 69/255/95 243/256/95
s 86
f 275/257/37 327/258/37 274/259/37
s 87
f 52/260/96 337/261/96 266/254/96
s 88
f 209/262/53 292/263/53 345/264/53
f 117/265/53 291/266/53 292/263/53
f 56/267/53 291/266/53 295/268/53
f 56/267/53 326/269/53 327/270/53
f 220/271/53 283/272/53 16/273/53
f 119/274/53 337/275/53 346/276/53
f 346/276/53 90/277/53 91/278/53
f 91/278/53 326/269/53 267/279/53
f 209/262/53 55/280/53 284/281/53
f 332/282/53 55/280/53 315/283/53
f 272/284/53 315/283/53 98/285/53
f 273/286/53 98/285/53 41/287/53
f 44/288/53 41/287/53 283/272/53
s 89
f 107/289/53 40/290/53 294/291/53
s 90
f 267/292/97 108/293/97 91/294/97
s 91
f 295/295/1 293/296/1 56/297/1
s 92
f 284/298/98 101/299/98 209/300/98
s 93
f 56/301/99 109/302/99 267/292/99
s 94
f 284/303/100 114/304/100 285/305/100
s 95
f 220/306/101 115/307/101 44/308/101
s 96
f 332/309/102 28/310/102 114/304/102
s 97
f 221/311/103 107/312/103 220/306/104
s 98
f 273/313/105 28/310/105 272/314/105
s 99
f 119/315/106 40/316/106 221/311/106
s 100
f 44/308/107 301/317/107 273/313/107
s 101
f 119/315/108 290/318/108 51/319/108
s 102
f 209/320/37 118/321/37 117/322/37
s 103
f 91/323/109 290/318/109 346/324/109
s 73
f 19/325/110 271/326/53 140/327/53
f 235/328/53 18/225/53 347/329/53
f 348/330/53 18/225/53 19/331/110
f 328/332/53 17/333/53 235/328/53
f 348/330/53 21/334/53 144/335/53
f 328/332/53 22/336/53 20/337/53
f 102/338/53 22/336/53 329/339/53
f 244/340/53 23/341/53 102/338/53
f 244/340/53 25/342/53 24/343/53
f 73/344/53 21/334/53 25/342/53
s 104
f 281/345/111 245/346/111 110/347/111
s 105
f 329/348/112 96/349/112 97/350/112
s 106
f 348/351/37 338/352/37 347/353/37
s 107
f 73/177/113 99/354/113 144/355/113
s 108
f 329/356/114 66/357/114 102/358/114
s 109
f 235/359/1 96/360/1 328/361/1
s 110
f 102/358/115 100/178/115 244/362/115
s 111
f 144/363/116 366/364/116 348/365/116
s 112
f 347/366/18 236/367/18 235/368/18
s 113
f 359/369/53 236/370/53 338/371/53
f 250/372/53 338/371/53 366/373/53
f 335/374/53 236/370/53 26/375/53
f 250/372/53 99/376/53 314/377/53
f 335/374/53 97/378/53 96/379/53
f 110/380/53 97/378/53 281/381/53
f 42/382/53 66/383/53 110/380/53
f 42/382/53 208/384/53 100/385/53
f 237/386/53 99/376/53 208/384/53
s 114
f 360/387/53 45/388/53 245/389/53
s 115
f 26/390/37 303/391/37 335/392/37
s 116
f 110/347/117 45/393/117 42/394/117
s 117
f 314/395/118 147/396/118 250/397/118
s 118
f 359/398/39 302/399/39 26/400/39
s 119
f 42/394/119 223/401/119 237/402/119
s 120
f 335/403/120 74/404/120 281/405/120
s 121
f 250/406/1 360/407/1 359/408/1
s 122
f 237/402/121 307/409/121 314/410/121
s 123
f 120/411/18 367/412/18 369/413/18
s 58
f 145/414/44 367/415/44 361/416/44
s 124
f 30/417/37 361/418/37 367/419/37
s 125
f 367/415/44 148/420/44 369/421/44
s 58
f 36/422/44 361/416/44 370/423/44
s 126
f 296/424/39 370/425/39 361/426/39
s 127
f 296/427/44 111/428/44 214/429/44
s 128
f 350/153/122 47/430/122 60/431/122
s 127
f 111/428/44 120/432/44 371/433/44
f 113/434/44 214/429/44 43/435/44
s 129
f 343/436/18 406/437/18 409/438/18
s 130
f 330/439/1 407/440/1 406/441/1
s 131
f 215/442/1 214/443/1 111/444/1
s 132
f 343/445/44 37/446/44 330/447/44
f 59/448/44 339/449/44 149/450/44
f 37/446/44 59/448/44 330/447/44
f 149/450/44 215/451/44 343/445/44
s 133
f 37/452/39 111/453/39 371/454/39
s 134
f 149/455/37 409/456/37 408/457/37
s 135
f 59/458/39 408/459/39 407/460/39
s 136
f 339/461/18 43/462/18 214/463/18
s 88
f 221/464/53 69/465/53 119/274/53
f 365/466/53 220/271/53 16/273/53
s 137
f 365/467/123 218/239/123 219/468/123
s 138
f 69/255/124 219/468/124 243/256/124
s 58
f 1/469/39 2/470/39 247/471/39
s 60
f 286/472/53 35/166/53 133/159/53
f 123/473/53 241/474/53 76/475/53
f 350/476/53 240/477/53 123/473/53
f 11/478/53 67/479/53 350/476/53
s 58
f 372/480/44 53/481/44 213/482/44
f 92/483/44 213/482/44 212/484/44
s 60
f 287/485/53 65/486/53 288/487/53
f 46/488/53 64/489/53 287/485/53
f 76/475/53 68/490/53 46/488/53
f 286/472/53 242/491/53 11/478/53
s 58
f 373/492/44 38/493/44 53/481/44
f 331/494/44 212/484/44 58/495/44
f 104/496/44 58/495/44 57/497/44
f 29/498/44 57/497/44 210/499/44
f 253/500/44 210/499/44 145/414/44
f 253/500/44 36/422/44 344/501/44
s 139
f 32/502/125 49/503/125 121/504/125
s 140
f 141/505/126 297/506/126 63/507/126
s 141
f 62/508/127 33/509/127 32/502/127
s 142
f 121/504/128 297/510/128 31/511/128
s 143
f 372/512/129 61/513/129 373/514/129
s 144
f 373/514/130 93/515/130 374/516/130
s 145
f 372/512/85 206/517/85 268/518/85
s 146
f 331/519/131 206/517/131 92/520/131
s 147
f 104/521/122 94/522/122 331/523/122
s 148
f 29/524/84 70/525/84 104/521/84
s 149
f 253/526/83 278/527/83 29/524/83
s 150
f 344/528/18 279/529/18 253/530/18
s 151
f 286/531/18 239/532/18 75/533/18
s 152
f 288/534/130 48/535/130 287/536/130
s 153
f 76/176/131 47/537/131 123/538/131
s 154
f 287/536/129 124/539/129 46/174/129
s 155
f 342/540/53 239/541/53 238/542/53
f 31/543/53 364/544/53 121/545/53
f 141/546/53 47/547/53 31/543/53
f 151/548/53 60/549/53 141/546/53
s 156
f 211/550/44 61/551/44 268/552/44
f 122/553/44 268/552/44 206/554/44
s 155
f 62/555/53 375/556/53 137/557/53
f 32/558/53 48/559/53 62/555/53
f 121/545/53 124/560/53 32/558/53
f 342/540/53 136/561/53 151/548/53
s 156
f 207/562/44 93/563/44 61/551/44
f 222/564/44 206/554/44 94/565/44
f 105/566/44 94/565/44 70/567/44
f 340/568/44 70/567/44 278/569/44
f 254/570/44 278/569/44 279/571/44
f 254/570/44 150/572/44 152/573/44
s 157
f 63/574/53 298/575/53 255/576/53
s 158
f 50/577/44 280/578/44 142/579/44
s 159
f 141/505/132 77/580/132 151/581/132
s 160
f 151/581/133 106/582/133 342/583/133
s 161
f 211/584/127 78/585/127 207/586/127
s 162
f 207/586/134 289/587/134 95/588/134
s 163
f 122/589/125 280/590/125 211/584/125
s 164
f 222/591/128 72/592/128 122/589/128
s 165
f 105/593/126 142/594/126 222/595/126
s 166
f 340/596/132 34/597/132 105/593/132
s 167
f 254/598/133 341/599/133 340/596/133
s 168
f 152/600/39 50/601/39 254/602/39
s 169
f 342/603/39 255/604/39 376/605/39
s 170
f 137/606/134 298/607/134 62/508/134
s 171
f 388/608/135 229/609/37 322/34/136
s 172
f 154/610/137 320/611/138 3/612/139
s 173
f 379/613/140 10/614/38 163/615/141
s 174
f 354/616/142 85/617/143 7/618/144
s 175
f 171/619/25 128/620/26 354/616/26
s 176
f 381/621/19 231/622/20 382/623/145
s 177
f 385/624/30 355/37/31 168/625/146
s 178
f 65/626/147 53/627/147 38/628/147
s 179
f 64/629/148 213/630/148 53/627/148
s 180
f 68/631/125 212/632/125 213/630/125
s 181
f 241/633/128 58/634/128 212/632/128
s 182
f 240/635/126 57/636/126 58/637/126
s 183
f 67/638/132 210/639/132 57/636/132
s 58
f 242/640/133 145/641/133 210/639/133
f 145/642/149 139/643/149 133/644/149
s 184
f 203/645/37 153/24/150 380/646/37
s 185
f 231/622/151 260/647/37 387/648/37
s 186
f 385/649/152 180/650/53 384/651/53
s 187
f 377/652/53 175/653/153 154/654/54
s 188
f 385/649/58 395/655/154 181/656/155
s 189
f 154/654/156 173/657/153 153/658/54
s 190
f 378/659/53 178/660/154 183/661/53
f 168/662/157 177/663/53 395/655/158
s 191
f 379/664/58 394/665/59 178/660/155
s 192
f 354/666/53 391/667/153 171/668/54
s 193
f 153/658/46 396/669/53 380/670/53
s 194
f 164/671/53 394/665/159 163/672/160
s 186
f 354/666/161 393/673/53 392/674/162
s 187
f 386/675/53 174/676/53 377/652/53
f 171/668/163 182/677/53 386/675/53
s 186
f 384/651/53 393/673/53 156/678/53
s 194
f 157/679/53 179/680/53 164/671/53
s 190
f 162/681/53 183/661/53 177/663/53
s 195
f 391/682/145 399/683/37 192/684/20
s 196
f 182/685/164 397/686/165 174/687/165
s 197
f 393/688/166 399/683/167 392/689/168
f 180/690/169 185/691/166 393/688/166
s 198
f 178/692/170 400/693/171 183/694/171
f 183/694/171 186/695/172 177/696/172
s 199
f 178/692/173 401/697/141 187/698/140
s 200
f 173/699/174 403/700/37 396/701/37
s 201
f 179/702/37 401/697/175 394/703/176
s 196
f 391/682/177 191/704/164 182/685/164
s 197
f 181/705/178 189/706/169 180/690/169
s 202
f 174/687/37 398/707/20 175/708/145
s 201
f 176/709/37 188/710/37 179/702/37
s 203
f 395/711/170 402/712/140 181/705/173
s 204
f 175/708/19 184/713/20 173/699/145
s 198
f 395/711/179 186/695/172 190/714/180
s 205
f 188/715/44 405/716/181 401/717/182
s 206
f 191/718/44 202/719/183 201/720/44
s 207
f 189/721/44 199/722/184 198/723/44
s 208
f 397/724/44 381/725/185 398/726/48
s 205
f 404/727/44 197/728/44 188/715/44
s 209
f 190/729/186 199/722/187 402/730/70
s 210
f 184/731/48 381/725/49 382/732/185
s 211
f 186/733/44 200/734/188 190/729/189
s 212
f 192/735/48 193/736/44 202/719/185
s 206
f 397/724/44 201/720/44 383/737/44
s 207
f 185/738/44 193/736/190 399/739/191
f 185/738/44 198/723/44 194/740/44
s 211
f 187/741/186 388/742/44 400/743/44
f 400/743/44 196/744/44 186/733/44
s 213
f 401/717/192 389/745/187 187/741/70
s 214
f 403/746/44 382/732/193 387/747/44
s 215
f 362/748/18 417/749/18 103/750/18
s 216
f 362/751/44 407/752/44 252/753/44
f 252/753/44 408/754/44 251/755/44
f 251/755/44 409/756/44 103/757/44
f 103/757/44 406/758/44 362/751/44
s 217
f 413/759/1 420/760/1 412/761/1
s 218
f 251/762/39 415/763/39 252/764/39
s 219
f 103/765/37 416/766/37 251/767/37
s 220
f 252/768/1 414/769/1 362/770/1
s 221
f 411/771/44 414/772/44 415/773/44
f 411/771/44 416/774/44 412/775/44
f 412/775/44 417/776/44 413/777/44
f 410/778/44 417/776/44 414/772/44
s 222
f 420/779/44 418/780/44 419/781/44
s 223
f 411/782/37 418/783/37 410/784/37
s 224
f 410/785/39 421/786/39 413/787/39
s 225
f 412/788/18 419/789/18 411/790/18
s 226
f 482/791/194 449/792/195 450/793/196
f 469/794/197 436/795/198 437/796/199
f 456/797/200 423/798/201 424/799/202
f 451/800/203 482/791/194 450/793/196
f 438/801/204 469/794/197 437/796/199
f 457/802/205 424/799/202 425/803/206
f 484/804/207 451/800/203 452/805/208
f 471/806/209 438/801/204 439/807/210
f 426/808/211 457/802/205 425/803/206
f 485/809/212 452/805/208 453/810/213
f 440/811/214 471/806/209 439/807/210
f 427/812/215 458/813/216 426/808/211
f 422/814/217 485/809/212 453/810/213
f 441/815/218 472/816/219 440/811/214
f 460/817/220 427/812/215 428/818/221
f 442/819/222 473/820/223 441/815/218
f 461/821/224 428/818/221 429/822/225
f 475/823/226 442/819/222 443/824/227
f 430/825/228 461/821/224 429/822/225
f 444/826/229 475/823/226 443/824/227
f 463/827/230 430/825/228 431/828/231
f 445/829/232 476/830/233 444/826/229
f 432/831/234 463/827/230 431/828/231
f 478/832/235 445/829/232 446/833/236
f 433/834/237 464/835/238 432/831/234
f 447/836/239 478/832/235 446/833/236
f 466/837/240 433/834/237 434/838/241
f 480/839/242 447/836/239 448/840/243
f 467/841/244 434/838/241 435/842/245
f 449/792/195 480/839/242 448/840/243
f 436/795/198 467/841/244 435/842/245
f 455/843/246 422/814/217 423/798/201
f 499/844/247 436/795/198 435/842/245
f 422/814/217 487/845/248 423/798/201
f 513/846/249 450/793/196 449/792/195
f 500/847/250 437/796/199 436/795/198
f 423/798/201 488/848/251 424/799/202
f 514/849/252 451/800/203 450/793/196
f 501/850/253 438/801/204 437/796/199
f 424/799/202 489/851/254 425/803/206
f 451/800/203 516/852/255 452/805/208
f 502/853/256 439/807/210 438/801/204
f 425/803/206 490/854/257 426/808/211
f 452/805/208 517/855/258 453/810/213
f 439/807/210 504/856/259 440/811/214
f 426/808/211 491/857/260 427/812/215
f 453/810/213 486/858/261 422/814/217
f 504/856/259 441/815/218 440/811/214
f 427/812/215 492/859/262 428/818/221
f 505/860/263 442/819/222 441/815/218
f 428/818/221 493/861/264 429/822/225
f 506/862/265 443/824/227 442/819/222
f 493/861/264 430/825/228 429/822/225
f 507/863/266 444/826/229 443/824/227
f 494/864/267 431/828/231 430/825/228
f 444/826/229 509/865/268 445/829/232
f 495/866/269 432/831/234 431/828/231
f 445/829/232 510/867/270 446/833/236
f 496/868/271 433/834/237 432/831/234
f 446/833/236 511/869/272 447/836/239
f 497/870/273 434/838/241 433/834/237
f 447/836/239 512/871/274 448/840/243
f 434/838/241 499/844/247 435/842/245
f 512/871/274 449/792/195 448/840/243
s 227
f 770/872/275 841/873/276 801/874/276
f 772/875/277 924/876/278 803/877/278
f 518/878/279 874/879/280 804/880/280
f 801/874/276 942/881/281 775/882/281
f 519/883/282 842/884/275 770/885/275
f 803/886/278 521/887/282 519/883/282
f 804/888/280 943/889/277 772/875/277
f 775/890/281 724/891/279 518/878/279
s 228
f 875/892/53 807/893/53 520/894/53
f 774/895/53 843/896/53 887/897/53
f 923/898/53 820/899/53 771/900/53
f 802/901/53 821/902/53 923/898/53
f 520/894/53 845/903/53 773/904/53
f 875/892/53 887/897/53 886/905/53
f 800/906/53 820/899/53 843/896/53
f 773/904/53 844/907/53 802/901/53
s 229
f 757/908/277 805/909/278 758/910/278
f 701/911/279 846/912/280 944/913/280
f 522/914/276 890/915/281 808/916/281
f 700/917/282 889/918/275 699/919/275
f 758/920/278 725/921/282 700/917/282
f 944/922/280 945/923/277 757/908/277
f 808/924/281 847/925/279 701/911/279
f 699/926/275 888/927/276 522/914/276
s 230
f 806/928/53 853/929/53 696/930/283
f 547/931/53 873/932/53 697/933/53
f 702/934/53 537/935/53 862/936/53
f 759/937/53 780/938/284 693/939/285
f 704/940/53 829/941/53 828/942/53
f 702/934/53 921/943/53 922/944/53
f 703/945/53 925/946/53 767/947/53
f 926/948/53 908/949/53 909/950/53
s 231
f 947/951/286 809/952/287 523/953/286
f 849/954/288 525/955/289 810/956/288
f 950/957/290 524/958/291 812/959/290
f 527/960/292 523/953/286 813/961/292
f 946/962/287 526/963/293 809/964/287
f 848/965/293 810/966/288 526/963/293
f 951/967/289 812/968/290 525/955/289
f 949/969/291 813/970/292 524/958/291
s 232
f 823/971/53 763/972/53 811/973/53
f 948/974/53 776/975/53 762/976/53
f 760/977/53 855/978/53 761/979/53
f 761/979/53 892/980/53 528/981/53
f 822/982/53 811/973/53 764/983/53
f 763/972/53 928/984/53 948/974/53
f 776/975/53 760/977/53 762/976/53
f 892/980/53 764/983/53 528/981/53
s 233
f 815/985/288 706/986/289 548/987/288
f 817/988/290 816/989/291 705/990/290
f 896/991/292 927/992/286 529/993/292
f 893/994/287 818/995/293 778/996/287
f 894/997/293 548/998/288 818/995/293
f 952/999/289 705/1000/290 706/986/289
f 816/989/291 896/1001/292 529/1002/292
f 927/992/286 893/1003/287 778/1004/287
s 234
f 719/1005/53 542/1006/53 929/1007/53
f 695/1008/53 718/1009/53 708/1010/53
f 777/1011/53 765/1012/53 549/1013/53
f 714/1014/53 533/1015/53 814/1016/53
f 768/1017/53 769/1018/53 930/1019/53
f 867/1020/53 819/1021/53 777/1011/53
f 549/1013/53 711/1022/53 707/1023/53
f 857/1024/53 712/1025/53 953/1026/53
s 235
f 564/1027/294 931/1028/295 550/1029/296
f 551/1030/297 931/1028/295 934/1031/298
f 552/1032/299 934/1031/298 831/1033/300
f 553/1034/301 831/1033/300 832/1035/302
f 554/1036/303 832/1035/302 729/1037/304
s 236
f 555/1038/305 936/1039/306 781/1040/307
f 555/1038/305 565/1041/308 556/1042/309
f 556/1042/309 566/1043/310 557/1044/311
f 557/1044/311 833/1045/312 558/1046/313
f 559/1047/314 833/1045/312 834/1048/315
f 560/1049/316 834/1048/315 567/1050/317
f 561/1051/318 567/1050/317 568/1052/319
f 937/1053/320 568/1052/319 733/1054/321
s 235
f 562/1055/322 835/1056/323 836/1057/324
f 562/1055/322 837/1058/325 563/1059/326
f 563/1059/326 933/1060/327 564/1027/294
s 236
f 569/1061/328 912/1062/329 932/1063/330
f 799/1064/331 539/1065/332 884/1066/333
f 799/1064/331 883/1067/334 727/1068/335
f 727/1068/335 897/1069/336 728/1070/337
f 936/1071/306 897/1072/336 899/1073/338
f 936/1071/306 859/1074/339 781/1075/307
f 781/1075/307 856/1076/340 861/1077/341
f 565/1078/308 902/1079/342 903/1080/343
f 876/1081/344 905/1082/345 730/1083/346
f 730/1083/346 824/1084/347 826/1085/348
f 567/1086/317 826/1085/348 918/1087/349
f 567/1088/317 916/1089/350 954/1090/351
f 733/1091/321 954/1090/351 957/1092/352
f 733/1091/321 879/1093/353 880/1094/354
f 734/1095/355 914/1096/356 735/1097/357
f 735/1097/357 866/1098/358 868/1099/359
s 230
f 783/1100/360 737/1101/361 736/1102/362
f 570/1103/363 737/1101/361 784/1104/364
f 571/1105/365 784/1104/364 582/1106/366
f 572/1107/367 582/1106/366 583/1108/368
f 572/1109/367 584/1110/369 738/1111/370
f 738/1111/370 585/1112/371 573/1113/372
f 573/1113/372 586/1114/373 574/1115/374
f 574/1116/374 785/1117/375 575/1118/376
f 575/1118/376 587/1119/377 576/1120/378
f 577/1121/379 587/1119/377 588/1122/380
f 578/1123/381 588/1122/380 589/1124/382
f 579/1125/383 589/1126/382 590/1127/384
f 739/1128/385 590/1127/384 591/1129/386
f 580/1130/387 939/1129/388 592/1131/389
f 580/1132/387 593/1133/390 581/1134/391
f 581/1134/391 782/1135/392 783/1100/360
f 782/1136/392 740/1137/393 737/1138/361
f 784/1139/364 740/1137/393 594/1140/394
f 582/1141/366 594/1140/394 595/1142/395
f 583/1143/368 595/1142/395 596/1144/396
f 584/1110/369 596/1145/396 940/1146/397
f 938/1110/398 597/1147/399 585/1112/371
f 585/1112/371 598/1148/400 586/1114/373
f 785/1149/375 598/1150/400 599/1151/401
f 587/1152/377 599/1151/401 786/1153/402
f 587/1152/377 600/1154/403 588/1155/380
f 588/1155/380 601/1156/404 589/1157/382
f 590/1127/384 601/1158/404 602/1159/405
f 591/1129/386 602/1159/405 838/1160/406
f 939/1129/388 603/1161/407 592/1131/389
f 592/1162/389 604/1163/408 593/1164/390
f 593/1164/390 605/1165/409 782/1136/392
f 740/1137/393 618/1166/410 743/1167/411
f 740/1137/393 787/1168/412 594/1140/394
f 594/1140/394 606/1169/413 595/1142/395
f 596/1144/396 606/1169/413 607/1170/414
f 940/1146/397 607/1171/414 608/1172/415
f 597/1147/399 608/1172/415 609/1173/416
f 598/1148/400 609/1173/416 610/1174/417
f 599/1151/401 610/1175/417 611/1176/418
f 786/1153/402 611/1176/418 612/1177/419
f 786/1153/402 613/1178/420 600/1154/403
f 600/1154/403 614/1179/421 601/1156/404
f 601/1158/404 615/1180/422 602/1159/405
f 602/1159/405 744/1181/423 838/1160/406
f 742/1160/424 616/1182/425 603/1161/407
f 603/1183/407 617/1184/426 604/1163/408
f 605/1165/409 617/1184/426 618/1166/410
f 743/1167/411 631/1185/427 839/1186/428
f 743/1167/411 788/1187/429 787/1168/412
f 787/1168/412 619/1188/430 606/1169/413
f 606/1169/413 620/1189/431 607/1170/414
f 608/1172/415 620/1190/431 746/1191/432
f 609/1173/416 746/1191/432 621/1192/433
f 610/1174/417 621/1192/433 622/1193/434
f 611/1176/418 622/1194/434 623/1195/435
f 612/1177/419 623/1195/435 624/1196/436
f 612/1177/419 625/1197/437 613/1178/420
f 613/1178/420 626/1198/438 614/1179/421
f 614/1199/421 627/1200/439 615/1180/422
f 615/1180/422 628/1201/440 744/1181/423
f 744/1181/423 629/1202/441 616/1182/425
f 617/1184/426 629/1203/441 630/1204/442
f 618/1166/410 630/1204/442 631/1185/427
f 839/1186/428 789/1205/443 747/1206/444
f 745/1186/445 632/1207/446 788/1187/429
f 788/1187/429 633/1208/447 619/1188/430
f 619/1188/430 634/1209/448 620/1189/431
f 746/1191/432 634/1210/448 748/1211/449
f 621/1192/433 748/1211/449 635/1212/450
f 622/1193/434 635/1212/450 636/1213/451
f 623/1195/435 636/1214/451 637/1215/452
f 624/1196/436 637/1215/452 638/1216/453
f 624/1196/436 639/1217/454 625/1197/437
f 625/1197/437 640/1218/455 626/1198/438
f 626/1219/438 641/1220/456 627/1200/439
f 627/1200/439 749/1221/457 628/1201/440
f 628/1201/440 642/1222/458 629/1202/441
f 630/1204/442 642/1223/458 643/1224/459
f 631/1185/427 643/1224/459 789/1205/443
f 747/1206/444 790/1225/460 750/1226/461
f 747/1206/444 644/1227/462 632/1207/446
f 632/1207/446 645/1228/463 633/1208/447
f 633/1208/447 646/1229/464 634/1209/448
f 748/1211/449 646/1230/464 751/1231/465
f 635/1212/450 751/1231/465 647/1232/466
f 636/1213/451 647/1232/466 648/1233/467
f 637/1215/452 648/1234/467 649/1235/468
f 638/1216/453 649/1235/468 791/1236/469
f 638/1216/453 650/1237/470 639/1217/454
f 639/1217/454 651/1238/471 640/1218/455
f 640/1239/455 652/1240/472 641/1220/456
f 641/1220/456 752/1241/473 749/1221/457
f 749/1221/457 653/1242/474 642/1222/458
f 643/1224/459 653/1243/474 654/1244/475
f 789/1205/443 654/1244/475 790/1225/460
f 790/1225/460 840/1245/476 750/1226/461
f 644/1227/462 753/1245/477 655/1246/478
f 644/1227/462 656/1247/479 645/1228/463
f 645/1228/463 657/1248/480 646/1229/464
f 646/1230/464 754/1249/481 751/1231/465
f 751/1231/465 658/1250/482 647/1232/466
f 647/1232/466 659/1251/483 648/1233/467
f 648/1234/467 660/1252/484 649/1235/468
f 649/1235/468 792/1253/485 791/1236/469
f 650/1237/470 792/1253/485 661/1254/486
f 651/1238/471 661/1254/486 662/1255/487
f 652/1240/472 662/1256/487 663/1257/488
f 752/1241/473 663/1257/488 664/1258/489
f 653/1242/474 664/1258/489 665/1259/490
f 654/1244/475 665/1260/490 666/1261/491
f 790/1225/460 666/1261/491 667/1262/492
f 667/1262/492 668/1263/493 840/1245/476
f 655/1246/478 668/1263/493 669/1264/494
f 655/1246/478 670/1265/495 656/1247/479
f 656/1247/479 671/1266/496 657/1248/480
f 657/1267/480 672/1268/497 754/1249/481
f 754/1249/481 673/1269/498 658/1250/482
f 658/1250/482 674/1270/499 659/1251/483
f 659/1271/483 675/1272/500 660/1252/484
f 660/1252/484 676/1273/501 792/1253/485
f 661/1254/486 676/1273/501 677/1274/502
f 662/1255/487 677/1274/502 678/1275/503
f 663/1257/488 678/1276/503 679/1277/504
f 664/1258/489 679/1277/504 680/1278/505
f 665/1259/490 680/1278/505 681/1279/506
f 666/1261/491 681/1280/506 682/1281/507
f 667/1262/492 682/1281/507 793/1282/508
f 793/1282/508 794/1283/509 668/1263/493
f 669/1264/494 794/1283/509 796/1284/510
f 669/1264/494 683/1285/511 670/1265/495
f 670/1265/495 684/1286/512 671/1266/496
f 671/1287/496 941/1288/513 672/1268/497
f 672/1268/497 685/1289/514 673/1269/498
f 673/1269/498 686/1290/515 674/1270/499
f 674/1291/499 687/1292/516 675/1272/500
f 675/1272/500 797/1293/517 676/1273/501
f 677/1274/502 797/1293/517 688/1294/518
f 678/1275/503 688/1294/518 689/1295/519
f 679/1277/504 689/1296/519 690/1297/520
f 680/1278/505 690/1297/520 691/1298/521
f 681/1279/506 877/1298/522 692/1299/523
f 682/1281/507 692/1300/523 798/1301/524
f 793/1282/508 798/1301/524 795/1302/525
f 795/1303/525 545/1304/526 794/1305/509
f 794/1305/509 717/1306/527 538/1307/528
f 796/1308/510 863/1309/529 683/1310/511
f 683/1310/511 536/1311/530 865/1312/531
f 684/1313/512 851/1314/532 941/1288/513
f 755/1288/533 694/1315/534 685/1289/514
f 685/1289/514 535/1316/535 716/1317/536
f 686/1318/515 534/1319/537 693/939/285
f 687/1292/516 780/938/284 797/1293/517
f 797/1293/517 779/1320/538 696/930/283
f 689/1296/519 696/1321/283 720/1322/539
f 689/1296/519 543/1323/540 721/1324/541
f 691/1298/521 721/1324/541 830/1325/542
f 877/1298/522 544/1326/543 871/1327/544
f 798/1328/524 871/1329/544 698/1330/545
f 798/1328/524 546/1331/546 723/1332/547
f 715/1333/548 576/1120/378 577/1121/379
f 898/1334/549 738/1111/370 900/1335/550
f 881/1336/551 581/1134/391 915/1337/552
f 541/1338/553 578/1339/381 579/1125/383
f 904/1340/554 576/1120/378 906/1341/555
f 885/1342/556 736/1102/362 570/1103/363
f 956/1343/557 579/1125/383 739/1128/385
f 540/1344/558 581/1134/391 783/1100/360
f 756/1345/559 739/1128/385 580/1130/387
f 532/1346/560 573/1113/372 574/1115/374
f 713/1347/561 574/1116/374 575/1118/376
f 882/1348/562 570/1103/363 571/1105/365
f 869/1349/563 736/1102/362 911/1350/564
f 900/1335/550 573/1113/372 858/1351/565
f 898/1352/549 571/1105/365 572/1107/367
f 919/1353/566 577/1121/379 578/1123/381
s 237
f 980/1354/567 1101/1355/568 1099/1356/569
f 975/1357/570 973/1358/571 972/1359/572
f 976/1360/573 978/1361/574 977/1362/575
f 1140/1363/576 1164/1364/577 1165/1365/578
f 989/1366/579 1103/1367/580 983/1368/581
f 1259/1369/582 1293/1370/583 1258/1371/584
f 1215/1372/585 1346/1373/586 1216/1374/587
f 983/1368/581 985/1375/588 984/1376/589
f 1029/1377/590 1025/1378/591 1028/1379/592
f 988/1380/593 990/1381/594 989/1366/579
f 1063/1382/595 991/1383/596 1061/1384/597
f 995/1385/598 990/1381/594 991/1383/596
f 1001/1386/599 1004/1387/600 997/1388/601
f 1312/1389/602 1071/1390/603 1311/1391/604
f 1000/1392/605 1002/1393/606 1001/1386/599
f 1012/1394/607 1015/1395/608 1014/1396/609
f 1019/1397/610 1005/1398/611 993/1399/612
f 1037/1400/613 1007/1401/614 1036/1402/615
f 1079/1403/616 1015/1395/608 1094/1404/617
f 1040/1405/618 1007/1401/614 1009/1406/619
f 1044/1407/620 1020/1408/621 1066/1409/622
f 1098/1410/623 1014/1396/609 1015/1395/608
f 982/1411/624 1074/1412/625 1012/1394/607
f 1091/1413/626 1068/1414/627 1090/1415/628
f 1018/1416/629 1002/1393/606 1005/1398/611
f 1011/1417/630 1094/1404/617 1015/1395/608
f 977/1362/575 1004/1387/600 976/1360/573
f 997/1388/601 1017/1418/631 996/1419/632
f 1261/1420/633 1028/1379/592 1262/1421/634
f 973/1358/571 1018/1416/629 1019/1397/610
f 1275/1422/635 1278/1423/636 1277/1424/637
f 1021/1425/638 1023/1426/639 1022/1427/640
f 1025/1378/591 1024/1428/641 1021/1425/638
f 1019/1397/610 992/1429/642 1009/1406/619
f 1030/1430/643 1028/1379/592 1027/1431/644
f 1032/1432/645 1027/1431/644 1031/1433/646
f 1054/1434/647 1050/1435/648 1049/1436/649
f 972/1359/572 1007/1401/614 1008/1437/650
f 973/1358/571 1009/1406/619 1007/1401/614
f 1203/1438/651 1074/1412/625 1039/1439/652
f 1038/1440/653 1036/1402/615 1035/1441/654
f 1035/1441/654 1040/1405/618 1039/1439/652
f 1086/1442/655 1264/1443/656 1033/1444/657
f 1135/1445/658 975/1357/570 1008/1437/650
f 1041/1446/659 1020/1408/621 1045/1447/660
f 1047/1448/661 1043/1449/662 1046/1450/663
f 1044/1407/620 1048/1451/664 1045/1447/660
f 1051/1452/665 1053/1453/666 1052/1454/667
f 1197/1455/668 1183/1456/669 1184/1457/670
f 1060/1458/671 1058/1459/672 1057/1460/673
f 1061/1384/597 1059/1461/674 1062/1462/675
f 1201/1463/676 1012/1394/607 1074/1412/625
f 1026/1464/677 1063/1382/595 1062/1462/675
f 1384/1465/678 1406/1466/679 1385/1467/680
f 1065/1468/681 991/1383/596 1064/1469/682
f 1006/1470/683 1066/1409/622 1020/1408/621
f 1045/1447/660 1042/1471/684 1041/1446/659
f 964/1472/685 1107/1473/686 1352/1474/687
s 238
f 1455/1475/688 1460/1476/689 1459/1477/690
s 237
f 1362/1478/691 1115/1479/692 962/1480/693
f 1073/1481/694 1035/1441/654 1072/1482/695
f 1072/1482/695 1039/1439/652 1074/1412/625
f 992/1429/642 1206/1483/696 1205/1484/697
f 1178/1485/698 1202/1486/699 1203/1438/651
f 1048/1451/664 1010/1487/700 1042/1471/684
f 1075/1488/701 1077/1489/702 1076/1490/703
f 1013/1491/704 1012/1394/607 1014/1396/609
f 1077/1489/702 1078/1492/705 1076/1490/703
f 986/1493/706 1080/1494/707 985/1375/588
f 993/1399/612 1083/1495/708 1082/1496/709
f 1175/1497/710 1207/1498/711 1174/1499/712
f 1066/1409/622 1084/1500/713 1085/1501/714
f 1033/1444/657 1087/1502/715 1086/1442/655
f 977/1362/575 1088/1503/716 1017/1418/631
f 1089/1504/717 1000/1392/605 1001/1386/599
f 1090/1415/628 1092/1505/718 1091/1413/626
f 1200/1506/719 1180/1507/720 1181/1508/721
f 1075/1488/701 1096/1509/722 1077/1489/702
f 1077/1489/702 1098/1410/623 1079/1403/616
f 1101/1355/568 1089/1504/717 996/1419/632
f 974/1510/723 979/1511/724 976/1360/573
f 974/1510/723 1004/1387/600 1018/1416/629
f 981/1512/725 986/1493/706 980/1354/567
f 1005/1398/611 1003/1513/726 1083/1495/708
f 1017/1418/631 1100/1514/727 1099/1356/569
f 996/1419/632 1099/1356/569 1101/1355/568
f 1000/1392/605 1103/1367/580 1102/1515/728
f 1003/1513/726 1102/1515/728 1104/1516/729
f 994/1517/730 1084/1500/713 1174/1499/712
f 1087/1502/715 1031/1433/646 1086/1442/655
f 995/1385/598 1085/1501/714 1084/1500/713
f 1083/1495/708 1105/1518/731 1082/1496/709
f 1061/1384/597 989/1366/579 984/1376/589
f 1241/1519/732 1273/1520/733 1271/1521/734
f 1338/1522/735 1245/1523/736 1246/1524/737
f 1093/1525/738 1107/1473/686 1108/1526/739
f 1130/1527/740 1120/1528/741 1070/1529/742
f 1252/1530/743 998/1531/744 1185/1532/745
f 1355/1533/746 1357/1534/747 1356/1535/748
f 959/1536/749 1110/1537/750 1111/1538/751
f 1362/1478/691 1071/1390/603 1116/1539/752
f 1117/1540/753 1119/1541/754 1118/1542/755
f 963/1543/756 962/1480/693 1115/1479/692
f 1118/1542/755 1114/1544/757 1113/1545/758
f 1090/1415/628 1106/1546/759 1107/1473/686
f 1260/1547/760 1021/1425/638 1258/1371/584
f 1025/1378/591 1262/1421/634 1028/1379/592
f 1049/1436/649 1127/1548/761 1054/1434/647
f 1263/1549/762 1027/1431/644 1261/1420/633
f 1142/1550/763 1388/1551/764 1387/1552/765
f 1231/1553/766 1346/1373/586 1230/1554/767
f 1394/1555/768 1388/1551/764 1393/1556/769
f 1037/1400/613 1038/1440/653 1152/1557/770
f 970/1558/771 965/1559/772 1121/1560/773
f 1059/1461/674 1023/1426/639 1024/1428/641
f 1024/1428/641 1062/1462/675 1059/1461/674
f 1100/1514/727 1162/1561/774 1164/1562/577
f 1064/1469/682 1029/1377/590 1030/1430/643
f 1065/1468/681 1030/1430/643 1032/1432/645
f 1085/1501/714 1032/1432/645 1087/1502/715
f 1066/1409/622 1087/1502/715 1034/1563/775
f 986/1493/706 987/1564/776 980/1354/567
f 1089/1504/717 997/1388/601 996/1419/632
f 1096/1509/722 1014/1396/609 1098/1410/623
s 239
f 1656/1565/777 1654/1566/778 1658/1567/779
s 237
f 985/1375/588 1057/1460/673 1058/1459/672
f 1058/1459/672 984/1376/589 985/1375/588
f 1126/1568/780 1094/1404/617 1127/1569/761
f 1103/1367/580 987/1564/776 983/1368/581
f 989/1366/579 1104/1516/729 1102/1515/728
f 1122/1570/781 966/1571/782 967/1572/783
f 1049/1436/649 1124/1573/784 1123/1574/785
f 1079/1403/616 1125/1575/786 1078/1492/705
f 1161/1576/787 1139/1577/788 1140/1363/576
f 1095/1578/789 1127/1569/761 1094/1404/617
f 1181/1508/721 1199/1579/790 1200/1506/719
f 1093/1525/738 1129/1580/791 1092/1505/718
f 1176/1581/792 1206/1483/696 1175/1497/710
f 1337/1582/793 1253/1583/794 1377/1584/795
f 1132/1585/796 1123/1574/785 1124/1573/784
f 1134/1586/797 967/1572/783 958/1587/798
f 1135/1588/658 1137/1589/799 1136/1590/800
f 1145/1591/801 1143/1592/802 1142/1550/763
f 1390/1593/803 1396/1594/804 1395/1595/805
f 1148/1596/806 1150/1597/807 1149/1598/808
f 1157/1599/809 1155/1600/810 1154/1601/811
f 1076/1490/703 1173/1602/812 1154/1603/811
f 1158/1604/813 1160/1605/814 1159/1606/815
f 1153/1607/816 1163/1608/817 1155/1600/810
f 1389/1609/818 1386/1610/819 1406/1466/679
f 1414/1611/820 1397/1612/821 1398/1613/822
f 1259/1369/582 1142/1614/763 1387/1615/765
f 1150/1597/807 1145/1591/801 1149/1598/808
f 1138/1616/823 1141/1617/824 1146/1618/825
f 1139/1619/788 1081/1620/826 981/1512/725
f 1160/1605/814 1148/1596/806 1159/1606/815
f 969/1621/827 1167/1622/828 1166/1623/829
f 1169/1624/830 1167/1622/828 1168/1625/831
f 1171/1626/832 1168/1625/831 1170/1627/833
f 958/1587/798 1166/1628/829 1134/1586/797
f 1166/1628/829 1132/1585/796 1134/1586/797
f 1169/1629/830 1133/1630/834 1132/1585/796
f 1154/1603/811 1075/1488/701 1076/1490/703
f 1155/1631/810 1097/1632/835 1075/1488/701
f 1073/1481/694 1163/1633/817 1152/1557/770
f 1266/1634/836 1390/1635/803 1314/1636/837
f 1242/1637/838 1390/1635/803 1267/1638/839
f 1287/1639/840 1232/1640/841 1290/1641/842
f 1210/1642/843 1213/1643/844 1214/1644/845
f 1380/1645/846 1320/1646/847 1318/1647/848
f 1268/1648/849 1242/1637/838 1266/1634/836
f 971/1649/850 1051/1452/665 999/1650/851
f 1081/1620/826 1159/1651/815 1080/1494/707
f 1159/1651/815 1057/1460/673 1080/1494/707
f 1057/1460/673 1149/1652/808 1060/1458/671
f 1060/1458/671 1145/1653/801 1023/1426/639
f 1023/1426/639 1142/1614/763 1022/1427/640
f 1171/1626/832 1172/1654/852 1173/1655/812
f 1171/1656/832 1131/1657/853 1133/1630/834
f 1133/1630/834 1125/1658/786 1123/1574/785
f 1123/1574/785 1126/1659/780 1049/1436/649
f 1216/1374/587 1347/1660/854 1222/1661/855
f 1054/1434/647 1128/1662/856 1053/1453/666
f 1198/1663/857 1182/1664/858 1183/1456/669
f 1121/1560/773 1093/1525/738 1108/1526/739
f 1120/1528/741 1069/1665/859 1070/1529/742
f 1071/1390/603 1117/1540/753 1116/1539/752
f 1108/1526/739 970/1558/771 1121/1560/773
f 1010/1487/700 1180/1507/720 1179/1666/860
f 1006/1470/683 1177/1667/861 1176/1581/792
f 1348/1668/862 1226/1669/863 1221/1670/864
f 1134/1586/797 1124/1573/784 1122/1570/781
f 1122/1570/781 1050/1435/648 971/1649/850
f 1273/1520/733 1315/1671/865 1246/1524/737
f 999/1650/851 1052/1454/667 998/1531/744
f 1153/1607/816 1146/1618/825 1152/1672/770
f 1016/1673/866 1069/1665/859 1071/1390/603
f 1331/1674/867 1302/1675/868 1264/1443/656
f 1116/1539/752 1118/1542/755 1115/1479/692
f 1115/1479/692 1113/1545/758 963/1543/756
f 963/1543/756 1109/1676/869 961/1677/870
f 960/1678/871 1109/1676/869 1110/1537/750
f 1067/1679/872 1174/1499/712 1084/1500/713
f 1067/1679/872 1176/1581/792 1175/1497/710
f 1041/1446/659 1178/1485/698 1177/1667/861
f 1042/1471/684 1179/1666/860 1178/1485/698
f 1091/1413/626 1181/1508/721 1180/1507/720
f 1092/1505/718 1182/1680/858 1181/1508/721
f 1183/1456/669 1129/1681/791 1056/1682/873
f 1184/1457/670 1056/1682/873 1055/1683/874
f 1185/1532/745 1055/1683/874 1016/1673/866
f 1154/1601/811 1172/1684/852 1157/1599/809
f 1105/1518/731 1207/1498/711 1082/1496/709
f 1189/1685/875 1190/1686/876 1186/1687/877
f 1105/1518/731 994/1517/730 1174/1499/712
f 1193/1688/878 1189/1685/875 1191/1689/879
f 1194/1690/880 1188/1691/881 1189/1685/875
f 1003/1513/726 1190/1686/876 1188/1691/881
f 1195/1692/882 1187/1693/883 1190/1686/876
f 1196/1694/884 1186/1687/877 1187/1693/883
f 1193/1688/878 1186/1687/877 1192/1695/885
f 1105/1518/731 1192/1695/885 994/1517/730
f 1083/1495/708 1193/1688/878 1105/1518/731
f 1083/1495/708 1003/1513/726 1194/1690/880
f 1003/1513/726 1104/1516/729 1195/1692/882
f 1104/1516/729 1196/1694/884 1195/1692/882
f 990/1381/594 1192/1695/885 1196/1694/884
f 1052/1454/667 1198/1663/857 1197/1455/668
f 1053/1453/666 1199/1696/790 1198/1663/857
f 1200/1506/719 1128/1697/856 1095/1578/789
f 1095/1578/789 1201/1463/676 1200/1506/719
f 1165/1365/578 1162/1698/774 1136/1590/800
f 1206/1483/696 1082/1496/709 1207/1498/711
f 1212/1699/886 1210/1642/843 1209/1700/887
f 1218/1701/888 1220/1702/889 1219/1703/890
f 1263/1549/762 1329/1704/891 1331/1674/867
f 1223/1705/892 1225/1706/893 1224/1707/894
f 1223/1705/892 1298/1708/895 1296/1709/896
f 1225/1706/893 1228/1710/897 1224/1707/894
f 1238/1711/898 1237/1712/899 1230/1554/767
f 1234/1713/900 1236/1714/901 1235/1715/902
f 1248/1716/903 1251/1717/904 1247/1718/905
f 1255/1719/906 1239/1720/907 1256/1721/908
f 1256/1721/908 1236/1714/901 1238/1711/898
f 1244/1722/909 1268/1648/849 1270/1723/910
f 1343/1724/911 1254/1725/912 1251/1717/904
f 1315/1671/865 1217/1726/913 1248/1716/903
f 1333/1727/914 1305/1728/915 1306/1729/916
f 1232/1640/841 999/1650/851 998/1531/744
f 1254/1725/912 1247/1718/905 1251/1717/904
f 1238/1711/898 1214/1644/845 1213/1643/844
f 1008/1437/650 1146/1730/825 1141/1731/824
f 1256/1721/908 1212/1699/886 1255/1719/906
f 1296/1709/896 1258/1371/584 1293/1370/583
f 1262/1421/634 1298/1708/895 1261/1420/633
f 1244/1722/909 1274/1732/917 1241/1519/732
f 1261/1420/633 1299/1733/918 1263/1549/762
f 1302/1675/868 1276/1734/919 1275/1422/635
f 1352/1474/687 1046/1450/663 1277/1424/637
f 1242/1637/838 1212/1699/886 1209/1700/887
f 1244/1722/909 1212/1699/886 1243/1735/920
f 1031/1433/646 1331/1674/867 1086/1442/655
f 1270/1723/910 1265/1736/921 1269/1737/922
f 1303/1738/923 1257/1739/924 1300/1740/925
f 1277/1424/637 1305/1728/915 1352/1474/687
f 1282/1741/926 1280/1742/927 1279/1743/928
f 1283/1744/929 1285/1745/930 1284/1746/931
f 1287/1639/840 1289/1747/932 1288/1748/933
f 1294/1749/934 1292/1750/935 1291/1751/936
f 1295/1752/937 1293/1370/583 1294/1749/934
f 1315/1671/865 1247/1718/905 1338/1522/735
f 1078/1492/705 1131/1753/853 1076/1490/703
f 1224/1707/894 1299/1733/918 1298/1708/895
f 1300/1740/925 1302/1675/868 1301/1754/938
f 1276/1734/919 1304/1755/939 1278/1423/636
f 1307/1756/940 1309/1757/941 1308/1758/942
f 1265/1736/921 1314/1636/837 1313/1759/943
f 1313/1759/943 1269/1737/922 1265/1736/921
f 1274/1732/917 1269/1737/922 1273/1520/733
f 1272/1760/944 1246/1524/737 1245/1523/736
f 1278/1423/636 1306/1729/916 1305/1728/915
f 1316/1761/945 1318/1647/848 1317/1762/946
f 1249/1763/947 1248/1716/903 1217/1726/913
f 1320/1646/847 1317/1762/946 1318/1647/848
f 1219/1703/890 1322/1764/948 1321/1765/949
f 1324/1766/950 1227/1767/951 1323/1768/952
f 1328/1769/953 1326/1770/954 1325/1771/955
f 1330/1772/956 1302/1675/868 1329/1704/891
f 1260/1547/760 1297/1773/957 1262/1421/634
f 1056/1682/873 1130/1527/740 1069/1665/859
f 1332/1774/958 1237/1712/899 1234/1713/900
f 1336/1775/959 1334/1776/960 1333/1727/914
f 1337/1582/793 1339/1777/961 1338/1522/735
f 1342/1778/962 1316/1761/945 1317/1762/946
f 1317/1762/946 1343/1724/911 1342/1778/962
f 1344/1779/963 1343/1724/911 1319/1780/964
f 1332/1774/958 1347/1660/854 1231/1553/766
f 1256/1721/908 1213/1643/844 1211/1781/965
f 1219/1703/890 1215/1372/585 1216/1374/587
f 1239/1720/907 1235/1715/902 1236/1714/901
f 1222/1661/855 1348/1668/862 1218/1701/888
f 1234/1713/900 1348/1668/862 1332/1774/958
f 1349/1782/966 1235/1715/902 1350/1783/967
f 1330/1772/956 1229/1784/968 1325/1771/955
f 1043/1449/662 1264/1443/656 1275/1422/635
f 1329/1704/891 1228/1710/897 1330/1772/956
f 1324/1766/950 1323/1768/952 1351/1785/969
f 1295/1752/937 1226/1669/863 1223/1705/892
f 1217/1726/913 1314/1636/837 1342/1778/962
f 1335/1786/970 1353/1787/971 1334/1776/960
f 1364/1788/972 1378/1789/973 1309/1757/941
f 959/1536/749 1358/1790/974 960/1678/871
f 1363/1791/975 1365/1792/976 1364/1788/972
f 963/1543/756 1361/1793/977 962/1480/693
f 1366/1794/978 1360/1795/979 1365/1792/976
f 1334/1776/960 1352/1474/687 1305/1728/915
f 1373/1796/980 1254/1725/912 1344/1779/963
f 970/1558/771 1367/1797/981 965/1559/772
f 1021/1425/638 1259/1369/582 1258/1371/584
f 1385/1798/680 1386/1799/819 1210/1642/843
f 1222/1661/855 1219/1703/890 1216/1374/587
f 1230/1554/767 1332/1774/958 1231/1553/766
f 1342/1778/962 1250/1800/982 1249/1763/947
f 1073/1481/694 982/1411/624 1096/1509/722
f 1220/1702/889 1291/1751/936 1322/1764/948
f 1221/1670/864 1294/1749/934 1220/1702/889
f 1226/1669/863 1350/1783/967 1225/1706/893
f 1368/1801/983 966/1571/782 1208/1802/984
f 1370/1803/985 1279/1743/928 1369/1804/986
f 1319/1780/964 1372/1805/987 1371/1806/988
f 1344/1779/963 1371/1806/988 1373/1796/980
f 1385/1467/680 1402/1807/989 1384/1465/678
f 1253/1583/794 1374/1808/990 1375/1809/991
f 1340/1810/992 1377/1584/795 1376/1811/993
f 1335/1786/970 1379/1812/994 1378/1813/973
f 1281/1814/995 1284/1746/931 1280/1742/927
f 1327/1815/996 1240/1816/997 1326/1770/954
f 1359/1817/998 1361/1793/977 963/1543/756
f 1381/1818/999 1369/1804/986 1382/1819/1000
f 967/1572/783 1383/1820/1001 958/1587/798
f 1068/1414/627 1047/1448/661 1046/1450/663
f 1395/1595/805 1399/1821/1002 1400/1822/1003
f 1387/1615/765 1292/1750/935 1259/1369/582
f 1391/1823/1004 1393/1556/769 1392/1824/1005
f 1400/1822/1003 1398/1613/822 1397/1612/821
f 1318/1647/848 1413/1825/1006 1380/1645/846
f 1401/1826/1007 1403/1827/1008 1402/1807/989
f 1321/1765/949 1385/1798/680 1215/1372/585
f 1391/1823/1004 1403/1827/1008 1404/1828/1009
f 969/1829/827 1407/1830/1010 968/1831/1011
f 1407/1830/1010 1410/1832/1012 1409/1833/1013
f 1409/1833/1013 1412/1834/1014 1411/1835/1015
f 958/1587/798 1408/1836/1016 969/1837/827
f 1408/1836/1016 1381/1818/999 1410/1838/1012
f 1410/1838/1012 1382/1819/1000 1412/1839/1014
f 1316/1761/945 1397/1840/821 1318/1647/848
f 1341/1841/1017 1395/1842/805 1316/1761/945
f 1162/1561/774 978/1361/574 1135/1445/658
f 1112/1843/1018 1110/1537/750 1109/1676/869
f 1280/1742/927 1374/1844/990 1373/1845/980
f 1321/1765/949 1404/1846/1009 1401/1847/1007
f 1291/1751/936 1404/1846/1009 1322/1764/948
f 1291/1751/936 1394/1848/768 1391/1849/1004
f 971/1649/850 1233/1850/1019 1208/1802/984
f 1414/1611/820 1412/1834/1014 1413/1851/1006
f 1412/1839/1014 1380/1852/846 1413/1853/1006
f 1382/1819/1000 1372/1854/987 1380/1852/846
f 1369/1804/986 1371/1855/988 1372/1854/987
f 1279/1743/928 1373/1845/980 1371/1855/988
f 1281/1814/995 1208/1802/984 1233/1850/1019
f 1284/1746/931 1375/1856/991 1374/1844/990
f 1288/1748/933 1376/1857/993 1377/1858/795
f 1308/1758/942 1378/1789/973 1379/1859/994
f 1367/1797/981 1335/1786/970 1378/1813/973
f 1364/1788/972 1310/1860/1020 1363/1791/975
f 1363/1791/975 1311/1391/604 1362/1478/691
f 1354/1861/1021 970/1558/771 964/1472/685
f 1339/1777/961 1306/1729/916 1245/1523/736
f 1271/1521/734 1300/1740/925 1240/1816/997
f 1370/1803/985 1383/1820/1001 1368/1801/983
f 1282/1741/926 1368/1801/983 1208/1802/984
f 1252/1530/743 1016/1673/866 1312/1389/602
f 1177/1667/861 1203/1438/651 1205/1484/697
f 1286/1862/1022 1233/1850/1019 1232/1640/841
f 998/1531/744 1197/1455/668 1184/1457/670
f 1310/1860/1020 1312/1389/602 1311/1391/604
f 1366/1794/978 1362/1478/691 1361/1793/977
f 1358/1790/974 961/1677/870 960/1678/871
f 1325/1771/955 1301/1754/938 1330/1772/956
f 1301/1754/938 1240/1816/997 1300/1740/925
f 1303/1738/923 1272/1760/944 1304/1755/939
f 1304/1755/939 1245/1523/736 1306/1729/916
f 1340/1810/992 1333/1727/914 1339/1777/961
f 1336/1775/959 1376/1811/993 1379/1812/994
f 1289/1747/932 1379/1859/994 1376/1857/993
f 1290/1641/842 1308/1758/942 1289/1747/932
f 1307/1756/940 1252/1530/743 1312/1389/602
f 1351/1785/969 1328/1769/953 1325/1771/955
f 1420/1863/1023 1418/1864/1024 1416/1865/1025
f 1351/1785/969 1325/1771/955 1229/1784/968
f 1421/1866/1026 1416/1865/1025 1422/1867/1027
f 1422/1867/1027 1417/1868/1028 1235/1715/902
f 1235/1715/902 1418/1864/1024 1423/1869/1029
f 1423/1869/1029 1419/1870/1030 1424/1871/1031
f 1424/1871/1031 1420/1863/1023 1425/1872/1032
f 1420/1863/1023 1421/1866/1026 1425/1872/1032
f 1425/1872/1032 1351/1785/969 1229/1784/968
f 1421/1866/1026 1324/1766/950 1351/1785/969
f 1324/1766/950 1422/1867/1027 1235/1715/902
f 1235/1715/902 1423/1869/1029 1350/1783/967
f 1350/1783/967 1424/1871/1031 1225/1706/893
f 1225/1706/893 1425/1872/1032 1229/1784/968
f 1286/1862/1022 1288/1748/933 1285/1745/930
f 1285/1745/930 1377/1858/795 1375/1856/991
f 1323/1768/952 1327/1815/996 1328/1769/953
s 240
f 1426/1873/1033 1432/1874/1034 1433/1875/1035
f 1430/1876/1036 1428/1877/1037 1435/1878/1038
f 1427/1879/1039 1436/1880/1040 1438/1881/1041
f 1427/1879/1039 1432/1874/1034 1431/1882/1042
f 1436/1880/1040 1440/1883/1043 1438/1881/1041
f 1438/1881/1041 1441/1884/1044 1432/1874/1034
f 1441/1884/1044 1433/1875/1035 1432/1874/1034
f 1440/1883/1043 1444/1885/1045 1441/1884/1044
f 1444/1885/1045 1442/1886/1046 1441/1884/1044
f 1445/1887/1047 1447/1888/1048 1442/1886/1046
f 1450/1889/1049 1453/1890/1050 1451/1891/1051
f 1451/1891/1051 1454/1892/1052 1448/1893/1053
f 1454/1892/1052 1429/1894/1054 1428/1877/1037
f 1428/1877/1037 1447/1888/1048 1454/1892/1052
f 1454/1892/1052 1446/1895/1055 1448/1893/1053
f 1452/1896/1056 1429/1894/1054 1453/1890/1050
f 1439/1897/1057 1435/1878/1038 1452/1896/1056
f 1450/1889/1049 1439/1897/1057 1452/1896/1056
f 1449/1898/1058 1440/1883/1043 1439/1897/1057
f 1434/1899/1059 1442/1886/1046 1447/1888/1048
f 1426/1873/1033 1430/1876/1036 1431/1882/1042
s 238
f 1455/1475/688 1461/1900/1060 1460/1476/689
f 1464/1901/1061 1457/1902/1062 1459/1477/690
f 1456/1903/1063 1465/1904/1064 1466/1905/1065
f 1456/1903/1063 1461/1900/1060 1467/1906/1066
f 1469/1907/1067 1465/1904/1064 1467/1906/1066
f 1467/1906/1066 1470/1908/1068 1469/1907/1067
f 1470/1908/1068 1462/1909/1069 1471/1910/1070
f 1473/1911/1071 1469/1907/1067 1470/1908/1068
f 1471/1910/1070 1473/1911/1071 1470/1908/1068
f 1474/1912/1072 1476/1913/1073 1475/1914/1074
f 1482/1915/1075 1479/1916/1076 1480/1917/1077
f 1480/1917/1077 1483/1918/1078 1482/1915/1075
f 1483/1918/1078 1458/1919/1079 1482/1915/1075
f 1476/1913/1073 1457/1902/1062 1483/1918/1078
f 1483/1918/1078 1475/1914/1074 1476/1913/1073
f 1458/1919/1079 1481/1920/1080 1482/1915/1075
f 1464/1901/1061 1468/1921/1081 1481/1920/1080
f 1468/1921/1081 1479/1916/1076 1481/1920/1080
f 1478/1922/1082 1469/1907/1067 1472/1923/1083
f 1471/1910/1070 1463/1924/1084 1476/1913/1073
s 241
f 1484/1925/1085 1504/1926/1086 1485/1927/1087
f 1486/1928/1088 1504/1926/1086 1505/1929/1089
f 1562/1930/1090 1582/1931/1091 1563/1932/1092
s 239
f 1637/1933/18 1638/1934/1093 1639/1935/1094
f 1641/1936/1095 1637/1933/18 1639/1935/1094
s 241
f 1486/1928/1088 1506/1937/1096 1487/1938/1097
f 1489/1939/1098 1509/1940/1099 1490/1941/1100
f 1491/1942/1101 1509/1940/1099 1510/1943/1102
f 1492/1944/37 1510/1943/1102 1511/1945/1103
f 1493/1946/1104 1511/1945/1103 1512/1947/1105
f 1493/1946/1104 1513/1948/1106 1494/1949/1107
f 1495/1950/1108 1513/1948/1106 1514/1951/1109
f 1496/1952/1110 1514/1951/1109 1515/1953/1111
f 1496/1952/1110 1516/1954/1112 1497/1955/39
f 1497/1955/39 1517/1956/1113 1498/1957/1114
f 1499/1958/1115 1517/1956/1113 1518/1959/1116
f 1499/1958/1115 1519/1960/1117 1500/1961/1118
f 1500/1961/1118 1520/1962/1119 1501/1963/1120
f 1502/1964/1 1520/1962/1119 1521/1965/1121
f 1502/1964/1 1503/1966/1122 1484/1925/1085
f 1504/1926/1086 1522/1967/1123 1523/1968/1124
f 1505/1929/1089 1523/1968/1124 1524/1969/1125
f 1507/1970/1126 1527/1971/1127 1508/1972/1128
f 1488/1973/1129 1508/1972/1128 1489/1939/1098
f 1509/1940/1099 1527/1971/1127 1528/1974/1130
f 1509/1940/1099 1529/1975/1131 1510/1943/1102
f 1510/1943/1102 1530/1976/1132 1511/1945/1103
f 1512/1947/1105 1530/1976/1132 1531/1977/1133
f 1512/1947/1105 1532/1978/1134 1513/1948/1106
f 1513/1948/1106 1533/1979/1135 1514/1951/1109
f 1515/1953/1111 1533/1979/1135 1534/1980/1136
f 1516/1954/1112 1534/1980/1136 1535/1981/1137
f 1517/1956/1113 1535/1981/1137 1536/1982/1138
f 1518/1959/1116 1536/1982/1138 1537/1983/1139
f 1519/1960/1117 1537/1983/1139 1538/1984/1140
f 1520/1962/1119 1538/1984/1140 1539/1985/1141
f 1520/1962/1119 1540/1986/1142 1521/1965/1121
f 1503/1966/1122 1540/1986/1142 1522/1967/1123
f 1523/1968/1124 1541/1987/1143 1542/1988/1144
f 1523/1968/1124 1543/1989/1145 1524/1969/1125
f 1545/1990/1146 1565/1991/1147 1546/1992/1148
s 239
f 1643/1993/1149 1645/1994/1150 1646/1995/1151
f 1647/1996/1152 1643/1993/1149 1646/1995/1151
s 241
f 1524/1969/1125 1544/1997/1153 1525/1998/1154
f 1528/1974/1130 1546/1992/1148 1547/1999/1155
f 1529/1975/1131 1547/1999/1155 1548/2000/1156
f 1530/1976/1132 1548/2000/1156 1549/2001/1157
f 1531/1977/1133 1549/2001/1157 1550/2002/1158
f 1531/1977/1133 1551/2003/1159 1532/1978/1134
f 1532/1978/1134 1552/2004/1160 1533/1979/1135
f 1533/1979/1135 1553/2005/1161 1534/1980/1136
f 1534/1980/1136 1554/2006/1162 1535/1981/1137
f 1535/1981/1137 1555/2007/1163 1536/1982/1138
f 1537/1983/1139 1555/2007/1163 1556/2008/1164
f 1538/1984/1140 1556/2008/1164 1557/2009/1165
f 1538/1984/1140 1558/2010/1166 1539/1985/1141
f 1540/1986/1142 1558/2010/1166 1559/2011/1167
f 1540/1986/1142 1541/1987/1143 1522/1967/1123
f 1541/1987/1143 1561/2012/1107 1542/1988/1144
f 1543/1989/1145 1561/2012/1107 1562/1930/1090
f 1620/2013/1168 1486/1928/1088 1487/1938/1097
s 239
f 1646/1995/1151 1648/2014/1169 1649/2015/39
f 1650/2016/1170 1646/1995/1151 1649/2015/39
s 241
f 1544/1997/1153 1562/1930/1090 1563/1932/1092
f 1546/1992/1148 1566/2017/1118 1547/1999/1155
f 1547/1999/1155 1567/2018/1120 1548/2000/1156
f 1548/2000/1156 1568/2019/1 1549/2001/1157
f 1549/2001/1157 1569/2020/1171 1550/2002/1158
f 1550/2002/1158 1570/2021/1087 1551/2003/1159
f 1552/2004/1160 1570/2021/1087 1571/2022/1172
f 1553/2005/1161 1571/2022/1172 1572/2023/1173
f 1553/2005/1161 1573/2024/18 1554/2006/1162
f 1555/2007/1163 1573/2024/18 1574/2025/1174
f 1555/2007/1163 1575/2026/1175 1556/2008/1164
f 1556/2008/1164 1576/2027/1100 1557/2009/1165
f 1558/2010/1166 1576/2027/1100 1577/2028/1101
f 1558/2010/1166 1578/2029/37 1559/2011/1167
f 1541/1987/1143 1578/2029/37 1560/2030/1104
f 1561/2012/1107 1579/2031/1176 1580/2032/1177
f 1561/2012/1107 1581/2033/1178 1562/1930/1090
f 1527/1971/1127 1545/1990/1146 1546/1992/1148
s 239
f 1652/2034/1179 1648/2014/1169 1651/2035/1180
f 1650/2016/1170 1652/2034/1179 1653/2036/1181
s 241
f 1566/2017/1118 1584/2037/1182 1585/2038/1183
f 1567/2018/1120 1585/2038/1183 1586/2039/1184
f 1568/2019/1 1586/2039/1184 1587/2040/1185
f 1568/2019/1 1588/2041/1186 1569/2020/1171
f 1569/2020/1171 1589/2042/1187 1570/2021/1087
f 1570/2021/1087 1590/2043/1188 1571/2022/1172
f 1571/2022/1172 1591/2044/1189 1572/2023/1173
f 1573/2024/18 1591/2044/1189 1592/2045/1190
f 1573/2024/18 1593/2046/1191 1574/2025/1174
f 1575/2026/1175 1593/2046/1191 1594/2047/1192
f 1576/2027/1100 1594/2047/1192 1595/2048/1193
f 1576/2027/1100 1596/2049/1194 1577/2028/1101
f 1577/2028/1101 1597/2050/1195 1578/2029/37
f 1560/2030/1104 1597/2050/1195 1579/2031/1176
f 1579/2031/1176 1599/2051/1196 1580/2032/1177
f 1581/2033/1178 1599/2051/1196 1600/2052/1197
f 1565/1991/1147 1583/2053/1198 1584/2037/1182
s 239
f 1655/2054/1199 1651/2035/1180 1654/2055/778
f 1653/2036/1181 1655/2054/1199 1656/2056/777
s 241
f 1506/1937/1096 1524/1969/1125 1525/1998/1154
f 1584/2037/1182 1604/2057/1200 1585/2038/1183
f 1585/2038/1183 1605/2058/1201 1586/2039/1184
f 1587/2040/1185 1605/2058/1201 1606/2059/1202
f 1587/2040/1185 1607/2060/1203 1588/2041/1186
f 1588/2041/1186 1608/2061/1204 1589/2042/1187
f 1590/2043/1188 1608/2061/1204 1609/2062/1205
f 1591/2044/1189 1609/2062/1205 1610/2063/1206
f 1592/2045/1190 1610/2063/1206 1611/2064/1207
f 1593/2046/1191 1611/2064/1207 1612/2065/1208
f 1593/2046/1191 1613/2066/1209 1594/2047/1192
f 1594/2047/1192 1614/2067/1210 1595/2048/1193
f 1596/2049/1194 1614/2067/1210 1615/2068/1211
f 1596/2049/1194 1616/2069/1212 1597/2050/1195
f 1579/2031/1176 1616/2069/1212 1598/2070/1213
f 1598/2071/1213 1618/2072/1214 1599/2073/1196
f 1599/2073/1196 1619/2074/1215 1600/2075/1197
f 1582/1931/1091 1600/2052/1197 1601/2076/1216
s 239
f 1639/1935/1094 1642/2077/1217 1643/1993/1149
s 241
f 1622/2078/1218 1488/1973/1129 1489/1939/1098
f 1604/2079/1200 1622/2078/1218 1623/2080/1219
f 1605/2081/1201 1623/2080/1219 1624/2082/1220
f 1606/2083/1202 1624/2082/1220 1625/2084/1221
f 1606/2083/1202 1626/2085/1222 1607/2086/1203
f 1607/2086/1203 1627/2087/1223 1608/2088/1204
f 1609/2089/1205 1627/2087/1223 1628/2090/1224
f 1609/2089/1205 1629/2091/1225 1610/2092/1206
f 1610/2092/1206 1630/2093/1226 1611/2094/1207
f 1611/2094/1207 1631/2095/1227 1612/2096/1208
f 1612/2096/1208 1632/2097/1228 1613/2098/1209
f 1614/2099/1210 1632/2097/1228 1633/2100/1229
f 1614/2099/1210 1634/2101/1230 1615/2102/1211
f 1615/2102/1211 1635/2103/1231 1616/2104/1212
f 1616/2104/1212 1617/2105/1232 1598/2071/1213
f 1618/2072/1214 1484/1925/1085 1485/1927/1087
f 1618/2072/1214 1486/1928/1088 1619/2074/1215
f 1600/2075/1197 1620/2013/1168 1601/2106/1216
s 239
f 1637/1933/18 1657/2107/1233 1636/2108/1234
f 1637/1933/18 1659/2109/1235 1658/1567/779
s 241
f 1583/2053/1198 1603/2110/1236 1584/2037/1182
f 1623/2080/1219 1489/1939/1098 1490/1941/1100
f 1623/2080/1219 1491/1942/1101 1624/2082/1220
f 1624/2082/1220 1492/1944/37 1625/2084/1221
f 1625/2084/1221 1493/1946/1104 1626/2085/1222
f 1627/2087/1223 1493/1946/1104 1494/1949/1107
f 1627/2087/1223 1495/1950/1108 1628/2090/1224
f 1628/2090/1224 1496/1952/1110 1629/2091/1225
f 1629/2091/1225 1497/1955/39 1630/2093/1226
f 1631/2095/1227 1497/1955/39 1498/1957/1114
f 1631/2095/1227 1499/1958/1115 1632/2097/1228
f 1633/2100/1229 1499/1958/1115 1500/1961/1118
f 1634/2101/1230 1500/1961/1118 1501/1963/1120
f 1634/2101/1230 1502/1964/1 1635/2103/1231
f 1617/2105/1232 1502/1964/1 1484/1925/1085
s 242
f 1638/2111/1237 1487/1938/1238 1506/1937/1239
f 1642/2112/1240 1506/1937/1239 1525/1998/1241
f 1645/2113/1242 1525/1998/1241 1544/1997/1243
f 1648/2114/1244 1544/1997/1243 1563/1932/1245
f 1648/2114/1244 1582/1931/1246 1651/2115/1247
f 1651/2115/1247 1601/2076/1248 1654/2116/1249
f 1654/2117/1249 1620/2013/1250 1657/2118/1251
f 1487/1938/1238 1657/2118/1251 1620/2013/1250
s 243
f 1659/2119/1252 1488/1973/1253 1621/2120/1254
f 1656/2121/1255 1621/2120/1254 1602/2122/1256
f 1653/2123/1257 1602/2124/1256 1583/2053/1258
f 1650/2125/1259 1583/2053/1258 1564/2126/1260
f 1650/2125/1259 1545/1990/1261 1647/2127/1262
f 1647/2127/1262 1526/2128/1263 1644/2129/1264
f 1644/2129/1264 1507/1970/1265 1641/2130/1266
f 1488/1973/1253 1641/2130/1266 1507/1970/1265
s 241
f 1603/2131/1236 1621/2120/1267 1622/2078/1218
s 237
f 1179/1666/860 1201/1463/676 1202/1486/699
f 1099/1356/569 981/1512/725 980/1354/567
f 1204/2132/1268 1039/1439/652 1040/1405/618
f 1227/1767/951 1244/1722/909 1241/1519/732
f 1033/1444/657 1044/1407/620 1034/1563/775
s 244
f 1668/2133/1269 1702/2134/1269 1670/2135/1269
s 245
f 1689/2136/18 1719/2137/18 1687/2138/18
s 246
f 1671/2139/1270 1701/2140/1271 1669/2141/1271
s 247
f 1684/2142/1272 1718/2143/1272 1686/2144/1272
s 248
f 1666/2145/1273 1700/2146/1273 1668/2133/1273
s 249
f 1687/2138/1274 1717/2147/1274 1685/2148/1274
s 250
f 1667/2149/1275 1701/2140/1275 1699/2150/1275
s 251
f 1726/2151/1276 1725/2152/1276 1727/2153/1276
s 252
f 1682/2154/1277 1716/2155/1277 1684/2142/1277
s 253
f 1664/2156/1278 1698/2157/1278 1666/2145/1278
s 254
f 1683/2158/1279 1717/2147/1279 1715/2159/1279
s 255
f 1667/2149/148 1697/2160/148 1665/2161/148
s 256
f 1680/2162/1280 1714/2163/1280 1682/2154/1280
s 257
f 1693/2164/1281 1694/2165/1282 1692/2166/1281
f 1695/2167/1282 1696/2168/44 1694/2165/1282
f 1697/2169/44 1698/2170/44 1696/2168/44
f 1699/2171/44 1700/2172/44 1698/2170/44
f 1701/2173/44 1702/2174/44 1700/2172/44
f 1703/2175/44 1704/2176/44 1702/2174/44
f 1705/2177/44 1706/2178/44 1704/2176/44
f 1707/2179/44 1708/2180/44 1706/2178/44
f 1709/2181/44 1710/2182/44 1708/2180/44
f 1711/2183/44 1712/2184/44 1710/2182/44
f 1713/2185/44 1714/2186/44 1712/2184/44
f 1715/2187/44 1716/2188/44 1714/2186/44
f 1717/2189/44 1718/2190/44 1716/2188/44
f 1719/2191/44 1720/2192/44 1718/2190/44
f 1721/2193/44 1722/2194/44 1720/2192/44
s 258
f 1686/2144/39 1720/2195/39 1688/2196/39
s 259
f 1691/2197/1283 1722/2198/1283 1723/2199/1283
s 260
f 1671/2139/1284 1705/2200/1284 1703/2201/1284
s 261
f 1691/2202/1285 1721/2203/1285 1689/2136/1285
s 262
f 1670/2135/1286 1704/2204/1286 1672/2205/1286
s 263
f 1688/2196/1287 1722/2206/1287 1690/2207/1287
s 264
f 1728/2208/1288 1727/2209/1288 1729/2210/1288
s 265
f 1673/2211/1289 1707/2212/1289 1705/2200/1289
s 266
f 1672/2205/1290 1706/2213/1290 1674/2214/1290
s 267
f 1677/2215/1291 1707/2212/1291 1675/2216/1291
s 268
f 1674/2214/1292 1708/2217/1292 1676/2218/1292
s 269
f 1679/2219/1293 1709/2220/1293 1677/2215/1293
s 270
f 1676/2218/1294 1710/2221/1294 1678/2222/1294
s 271
f 1663/2223/1295 1693/2224/1296 1661/2225/1296
s 272
f 1681/2226/1297 1711/2227/1297 1679/2228/1297
s 273
f 1662/2229/1298 1692/2230/1299 1694/2231/1298
s 274
f 1678/2232/1300 1712/2233/1300 1680/2234/1300
s 275
f 1663/2223/1301 1697/2160/1301 1695/2235/1301
s 276
f 1683/2158/1302 1713/2236/1302 1681/2237/1302
s 277
f 1662/2229/1303 1696/2238/1303 1664/2156/1303
s 278
f 1661/2239/1304 1662/2240/1305 1663/2241/1306
f 1663/2241/1306 1664/2242/53 1665/2243/53
f 1665/2243/53 1666/2244/53 1667/2245/53
f 1667/2245/53 1668/2246/53 1669/2247/53
f 1669/2247/53 1670/2248/53 1671/2249/53
f 1671/2249/53 1672/2250/53 1673/2251/53
f 1673/2251/53 1674/2252/53 1675/2253/53
f 1675/2253/53 1676/2254/53 1677/2255/53
f 1677/2255/53 1678/2256/53 1679/2257/53
f 1679/2257/53 1680/2258/53 1681/2259/53
f 1681/2259/53 1682/2260/53 1683/2261/53
f 1683/2261/53 1684/2262/53 1685/2263/53
f 1685/2263/53 1686/2264/53 1687/2265/53
f 1687/2265/53 1688/2266/53 1689/2267/53
f 1690/2268/53 1689/2267/53 1688/2266/53
s 279
f 1732/2269/1307 1731/2270/1307 1733/2271/1307
s 280
f 1661/2272/1308 1734/2273/1308 1735/2274/1308
s 281
f 1734/2275/1309 1733/2276/1309 1735/2277/1309
s 282
f 1730/2278/1310 1729/2210/1310 1731/2270/1310
s 283
f 1724/2279/1311 1693/2280/1311 1725/2281/1311
s 284
f 1692/2282/1312 1661/2272/1312 1693/2280/1312
s 285
f 1730/2283/1313 1747/2284/1314 1746/2285/1313
s 286
f 1661/2225/1315 1737/2286/1316 1693/2224/1317
s 285
f 1728/2287/1314 1746/2285/1313 1744/2288/39
f 1692/2230/39 1740/2289/1313 1738/2290/39
s 286
f 1729/2291/1318 1742/2292/1319 1745/2293/1320
f 1729/2291/1318 1749/2294/1321 1731/2295/1321
s 285
f 1728/2287/1314 1741/2296/39 1726/2297/39
f 1660/2298/39 1750/2299/39 1734/2300/39
s 286
f 1693/2224/1317 1743/2301/1322 1725/2302/1323
s 287
f 1661/2225/1324 1751/2303/1325 1736/2304/1324
s 286
f 1727/2305/1326 1743/2301/1322 1742/2292/1319
s 285
f 1660/2298/39 1738/2290/39 1739/2306/39
s 287
f 1735/2307/1327 1748/2308/1328 1751/2303/1325
s 285
f 1726/2297/39 1740/2289/1313 1724/2309/39
s 287
f 1731/2295/1329 1748/2308/1328 1733/2310/1330
s 285
f 1734/2300/39 1747/2284/1314 1732/2311/39
s 288
f 1748/2312/1331 1765/2313/1332 1764/2314/1333
s 289
f 1750/2315/1334 1763/2316/1334 1747/2317/1335
s 290
f 1763/2318/1336 1755/2319/1337 1756/2320/1338
s 291
f 1767/2321/1339 1765/2322/1340 1758/2323/1341
s 292
f 1740/2324/1342 1757/2325/1342 1756/2326/1342
s 293
f 1751/2327/1343 1764/2328/1343 1767/2329/1343
s 294
f 1739/2330/1344 1754/2331/1344 1755/2332/1344
s 295
f 1743/2333/1345 1758/2334/1345 1742/2335/1345
s 296
f 1751/2336/1346 1752/2337/1347 1736/2338/1348
s 297
f 1743/2339/1349 1753/2340/1350 1759/2341/1351
s 298
f 1750/2342/1352 1755/2332/1353 1766/2343/1354
s 299
f 1741/2344/1355 1760/2345/1356 1757/2346/1357
s 300
f 1742/2347/1358 1761/2348/1359 1745/2349/1360
s 301
f 1740/2350/1361 1754/2331/1362 1738/2351/1363
s 290
f 1760/2352/1364 1775/2353/18 1762/2354/1365
s 302
f 1736/2338/1366 1753/2340/1366 1737/2355/1366
s 303
f 1747/2356/1367 1762/2357/1368 1746/2358/1369
s 304
f 1768/2359/1370 1773/2360/1370 1772/2361/1370
s 305
f 1771/2362/1371 1774/2363/1371 1770/2364/1371
s 306
f 1744/2365/1372 1774/2366/1373 1760/2367/1373
s 307
f 1745/2293/18 1768/2368/18 1749/2294/18
s 291
f 1761/2369/1374 1772/2370/39 1773/2371/39
s 308
f 1745/2372/1375 1773/2373/1375 1769/2374/1375
s 309
f 1770/2364/1310 1768/2375/1310 1771/2362/1310
s 310
f 1745/2376/39 1768/2377/39 1776/2378/39
s 311
f 1771/2379/1376 1749/2380/44 1746/2381/1376
s 306
f 1744/2365/1372 1776/2382/53 1770/2383/1372
s 312
f 1746/2384/1377 1745/2385/1377 1744/2386/1377
s 313
f 1749/2380/1378 1772/2387/1378 1765/2388/1378
s 311
f 1746/2381/1376 1775/2389/1379 1771/2379/1376
s 314
f 1777/2390/37 1796/2391/37 1794/2392/37
s 315
f 1781/2393/39 1785/2394/39 1778/2395/39
s 316
f 1787/2396/1380 1792/2397/1375 1791/2398/1380
s 317
f 1785/2399/1373 1790/2400/1373 1786/2401/1373
s 318
f 1777/2390/1381 1788/2402/1381 1787/2403/1381
s 319
f 1778/2404/1382 1786/2405/1382 1780/2406/1382
s 320
f 1781/2407/1383 1790/2408/1383 1789/2409/1383
s 321
f 1780/2410/18 1790/2411/18 1783/2412/18
s 322
f 1784/2413/39 1788/2414/39 1779/2415/39
s 323
f 1782/2416/1384 1792/2417/1384 1784/2418/1384
s 324
f 1794/2419/18 1795/2420/18 1793/2421/18
s 325
f 1782/2416/1 1795/2422/1 1791/2423/1
s 316
f 1791/2398/1380 1796/2424/53 1787/2396/1380
s 326
f 1792/2425/1385 1798/2426/1385 1788/2414/1385
s 327
f 1792/2417/1386 1799/2427/1386 1800/2428/1386
s 328
f 1787/2403/1387 1798/2429/1387 1797/2430/1387
s 329
f 1790/2411/1388 1802/2431/1388 1804/2432/1388
s 330
f 1790/2408/1389 1803/2433/1389 1789/2409/1389
s 331
f 1785/2434/1390 1802/2435/1390 1786/2405/1390
s 332
f 1815/2436/1269 1845/2437/1269 1847/2438/1269
s 333
f 1834/2439/18 1864/2440/18 1832/2441/18
s 334
f 1816/2442/1271 1846/2443/1271 1814/2444/1271
s 335
f 1829/2445/1272 1863/2446/1272 1831/2447/1272
s 336
f 1813/2448/1273 1843/2449/1273 1845/2437/1273
s 337
f 1832/2441/1274 1862/2450/1274 1830/2451/1274
s 338
f 1814/2444/1275 1844/2452/1275 1812/2453/1275
s 339
f 1871/2454/1276 1870/2455/1276 1872/2456/1276
s 340
f 1829/2445/1277 1859/2457/1277 1861/2458/1277
s 341
f 1811/2459/1278 1841/2460/1278 1843/2449/1278
s 342
f 1830/2451/1279 1860/2461/1279 1828/2462/1279
s 343
f 1812/2453/148 1842/2463/148 1810/2464/148
s 344
f 1825/2465/1280 1859/2457/1280 1827/2466/1280
s 345
f 1838/2467/1281 1839/2468/1282 1837/2469/1281
f 1840/2470/1282 1841/2471/44 1839/2468/1282
f 1842/2472/44 1843/2473/44 1841/2471/44
f 1844/2474/44 1845/2475/44 1843/2473/44
f 1846/2476/44 1847/2477/44 1845/2475/44
f 1848/2478/44 1849/2479/44 1847/2477/44
f 1850/2480/44 1851/2481/44 1849/2479/44
f 1852/2482/44 1853/2483/44 1851/2481/44
f 1854/2484/44 1855/2485/44 1853/2483/44
f 1856/2486/44 1857/2487/44 1855/2485/44
f 1858/2488/44 1859/2489/44 1857/2487/44
f 1860/2490/44 1861/2491/44 1859/2489/44
f 1862/2492/44 1863/2493/44 1861/2491/44
f 1864/2494/44 1865/2495/44 1863/2493/44
f 1866/2496/44 1867/2497/44 1865/2495/44
s 346
f 1831/2447/39 1865/2498/39 1833/2499/39
s 347
f 1835/2500/1283 1868/2501/1283 1836/2502/1283
s 348
f 1818/2503/1284 1848/2504/1284 1816/2442/1284
s 349
f 1836/2505/1285 1866/2506/1285 1834/2439/1285
s 350
f 1815/2436/1286 1849/2507/1286 1817/2508/1286
s 351
f 1835/2509/1287 1865/2498/1287 1867/2510/1287
s 352
f 1873/2511/1288 1872/2512/1288 1874/2513/1288
s 353
f 1820/2514/1289 1850/2515/1289 1818/2503/1289
s 354
f 1817/2508/1290 1851/2516/1290 1819/2517/1290
s 355
f 1822/2518/1291 1852/2519/1291 1820/2514/1291
s 356
f 1819/2517/1292 1853/2520/1292 1821/2521/1292
s 357
f 1824/2522/1293 1854/2523/1293 1822/2518/1293
s 358
f 1821/2521/1294 1855/2524/1294 1823/2525/1294
s 359
f 1808/2526/1295 1838/2527/1296 1806/2528/1296
s 360
f 1826/2529/1297 1856/2530/1297 1824/2531/1297
s 361
f 1807/2532/1298 1837/2533/1299 1839/2534/1298
s 362
f 1825/2535/1300 1855/2536/1300 1857/2537/1300
s 363
f 1810/2464/1301 1840/2538/1301 1808/2526/1301
s 364
f 1828/2462/1302 1858/2539/1302 1826/2540/1302
s 365
f 1807/2532/1303 1841/2460/1303 1809/2541/1303
s 366
f 1806/2542/1304 1807/2543/1305 1808/2544/1306
f 1808/2544/1306 1809/2545/53 1810/2546/53
f 1810/2546/53 1811/2547/53 1812/2548/53
f 1812/2548/53 1813/2549/53 1814/2550/53
f 1814/2550/53 1815/2551/53 1816/2552/53
f 1816/2552/53 1817/2553/53 1818/2554/53
f 1818/2554/53 1819/2555/53 1820/2556/53
f 1820/2556/53 1821/2557/53 1822/2558/53
f 1822/2558/53 1823/2559/53 1824/2560/53
f 1824/2560/53 1825/2561/53 1826/2562/53
f 1826/2562/53 1827/2563/53 1828/2564/53
f 1828/2564/53 1829/2565/53 1830/2566/53
f 1830/2566/53 1831/2567/53 1832/2568/53
f 1832/2568/53 1833/2569/53 1834/2570/53
f 1835/2571/53 1834/2570/53 1833/2569/53
s 367
f 1877/2572/1307 1876/2573/1307 1878/2574/1307
s 368
f 1806/2575/1308 1879/2576/1308 1880/2577/1308
s 369
f 1879/2578/1309 1878/2579/1309 1880/2580/1309
s 370
f 1875/2581/1310 1874/2513/1310 1876/2573/1310
s 371
f 1869/2582/1311 1838/2583/1311 1870/2584/1311
s 372
f 1837/2585/1312 1806/2575/1312 1838/2583/1312
s 373
f 1875/2586/39 1892/2587/39 1891/2588/39
s 374
f 1806/2528/1391 1882/2589/1392 1838/2527/1393
s 373
f 1873/2590/39 1891/2588/39 1889/2591/39
f 1837/2533/39 1885/2592/39 1883/2593/39
s 374
f 1874/2594/1394 1887/2595/1395 1890/2596/1396
f 1874/2594/1394 1894/2597/1391 1876/2598/1391
s 373
f 1873/2590/39 1886/2599/39 1871/2600/39
f 1805/2601/39 1895/2602/39 1879/2603/39
s 374
f 1838/2527/1393 1888/2604/1397 1870/2605/1398
s 375
f 1806/2528/1399 1896/2606/1400 1881/2607/1401
s 374
f 1872/2608/1402 1888/2604/1397 1887/2595/1395
s 373
f 1805/2601/39 1883/2593/39 1884/2609/39
s 375
f 1880/2610/1403 1893/2611/1404 1896/2606/1400
s 373
f 1871/2600/39 1885/2592/39 1869/2612/39
s 375
f 1876/2598/1329 1893/2611/1404 1878/2613/1405
s 373
f 1879/2603/39 1892/2587/39 1877/2614/39
s 376
f 1893/2615/1331 1910/2616/1332 1909/2617/1333
s 377
f 1895/2618/1334 1908/2619/1334 1892/2620/1335
s 378
f 1908/2621/1336 1900/2622/1337 1901/2623/1338
s 379
f 1912/2624/1339 1910/2625/1406 1903/2626/1341
s 380
f 1885/2627/1342 1902/2628/1342 1901/2629/1342
s 381
f 1896/2630/1343 1909/2631/1343 1912/2632/1343
s 382
f 1884/2633/1344 1899/2634/1344 1900/2635/1344
s 383
f 1888/2636/1345 1903/2637/1345 1887/2638/1345
s 384
f 1896/2639/1346 1897/2640/1347 1881/2641/1348
s 385
f 1888/2642/1349 1898/2643/1407 1904/2644/1351
s 386
f 1895/2645/1352 1900/2635/1408 1911/2646/1354
s 387
f 1886/2647/1355 1905/2648/1356 1902/2649/1357
s 388
f 1887/2650/1358 1906/2651/1359 1890/2652/1360
s 389
f 1885/2653/1361 1899/2634/1362 1883/2654/1363
s 378
f 1905/2655/1364 1920/2656/18 1907/2657/1365
s 390
f 1881/2641/1366 1898/2643/1366 1882/2658/1366
s 391
f 1892/2659/1367 1907/2660/1368 1891/2661/1409
s 392
f 1913/2662/1370 1918/2663/1370 1917/2664/1370
s 393
f 1916/2665/1371 1919/2666/1371 1915/2667/1371
s 394
f 1889/2668/1372 1919/2669/1373 1905/2670/1373
s 395
f 1890/2596/18 1913/2671/18 1894/2597/18
s 379
f 1906/2672/1374 1917/2673/39 1918/2674/39
s 396
f 1890/2675/1375 1918/2676/1375 1914/2677/1375
s 397
f 1915/2667/1310 1913/2678/1310 1916/2665/1310
s 398
f 1890/2679/39 1913/2680/39 1921/2681/39
s 399
f 1916/2682/1376 1894/2683/44 1891/2684/1376
s 394
f 1889/2668/1372 1921/2685/53 1915/2686/1372
s 400
f 1891/2687/1377 1890/2688/1377 1889/2689/1377
s 401
f 1894/2683/1378 1917/2690/1378 1910/2691/1378
s 399
f 1891/2684/1376 1920/2692/1379 1916/2682/1376
s 402
f 1922/2693/37 1941/2694/37 1939/2695/37
s 403
f 1926/2696/39 1930/2697/39 1923/2698/39
s 404
f 1932/2699/1380 1937/2700/1375 1936/2701/1380
s 405
f 1930/2702/1373 1935/2703/1373 1931/2704/1373
s 406
f 1922/2693/1381 1933/2705/1381 1932/2706/1381
s 407
f 1923/2707/1382 1931/2708/1382 1925/2709/1382
s 408
f 1926/2710/1383 1935/2711/1383 1934/2712/1383
s 409
f 1925/2713/18 1935/2714/18 1928/2715/18
s 410
f 1929/2716/39 1933/2717/39 1924/2718/39
s 411
f 1927/2719/1384 1937/2720/1384 1929/2721/1384
s 412
f 1939/2722/18 1940/2723/18 1938/2724/18
s 413
f 1927/2719/1 1940/2725/1 1936/2726/1
s 404
f 1936/2701/1380 1941/2727/53 1932/2699/1380
s 414
f 1937/2728/1385 1943/2729/1385 1933/2717/1385
s 415
f 1937/2720/1386 1944/2730/1386 1945/2731/1386
s 416
f 1932/2706/1387 1943/2732/1387 1942/2733/1387
s 417
f 1935/2714/1388 1947/2734/1388 1949/2735/1388
s 418
f 1935/2711/1389 1948/2736/1389 1934/2712/1389
s 419
f 1930/2737/1390 1947/2738/1390 1931/2708/1390
s 1
f 5/3/1 261/2739/1 356/1/1
f 356/1/1 262/2740/1410 130/2/2
f 130/2/2 132/2741/1 5/3/1
s 2
f 130/2/3 262/2740/8 88/4/4
s 3
f 88/4/1411 318/2742/1 258/2743/1
f 88/4/1411 258/2743/1 257/6/6
f 353/2744/1 4/2745/1 232/5/7
f 232/5/7 88/4/1411 257/6/6
f 325/7/2 353/2744/1 232/5/7
s 4
f 308/8/1 325/7/3 257/6/8
s 5
f 234/2746/1 317/2747/1 9/13/15
f 310/10/9 129/2748/1 321/11/1
f 234/2746/1 9/13/15 310/10/9
f 321/11/1 308/8/1412 256/9/10
f 256/9/10 234/2746/1 310/10/9
s 6
f 265/12/11 309/2749/1413 310/10/12
s 7
f 126/15/1 312/2750/1 309/2749/1414
f 265/12/14 89/2751/1 82/2752/1
f 126/15/1 309/2749/1414 265/12/14
f 316/14/15 86/2753/1415 126/15/1
f 265/12/14 82/2752/1 316/14/15
s 8
f 263/16/16 86/2753/1416 316/14/13
s 9
f 8/17/14 125/2754/1 311/18/1
f 311/18/1 352/2755/1 225/19/1
f 263/16/17 8/17/14 311/18/1
s 10
f 387/2756/18 260/2757/18 261/20/18
f 261/20/18 5/2758/18 84/21/18
f 380/22/18 387/2756/18 261/20/18
s 11
f 233/23/19 154/610/1417 153/24/20
s 12
f 357/2759/37 324/2760/37 230/26/22
f 230/26/22 381/621/145 383/2761/1418
f 155/27/23 165/2762/1419 127/28/24
f 230/26/22 383/2761/1418 155/27/23
f 127/28/24 357/2759/37 230/26/22
s 13
f 127/28/25 165/2762/26 390/29/26
s 14
f 81/32/29 80/2763/1420 83/2764/37
f 259/30/27 390/29/1421 167/2765/1422
f 81/32/29 83/2764/37 259/30/27
f 158/31/28 159/2766/1423 81/32/29
f 259/30/27 167/2765/1422 158/31/28
s 15
f 81/32/30 159/2766/1424 160/33/31
s 16
f 355/37/35 313/2767/1425 227/2768/1425
f 226/35/33 379/613/1426 378/2769/1427
f 355/37/35 227/2768/1425 226/35/33
f 162/36/34 168/625/1428 355/37/35
f 226/35/33 378/2769/1427 162/36/34
s 17
f 87/38/36 228/2770/140 389/39/37
s 18
f 264/43/37 6/2771/37 87/38/1429
f 87/38/1429 405/40/37 197/2772/37
f 87/38/1429 197/2772/37 195/2773/1430
f 10/614/1431 224/2774/37 323/42/37
f 164/2775/37 163/615/175 10/614/1431
f 157/41/37 164/2775/37 10/614/1431
f 264/43/37 87/38/1429 195/2773/1430
f 157/41/37 10/614/1431 323/42/37
f 264/43/37 195/2773/1430 157/41/37
s 19
f 80/44/39 81/2776/1432 9/45/40
s 20
f 321/47/41 85/2777/18 128/48/42
s 21
f 132/50/44 203/2778/44 84/51/44
s 22
f 262/53/45 231/2779/54 230/54/46
s 23
f 130/56/48 232/2780/1433 233/57/49
s 24
f 265/59/51 322/2781/1434 205/60/18
s 25
f 325/62/52 3/2782/1435 319/63/39
s 26
f 256/65/53 257/2783/45 127/66/54
s 27
f 8/68/51 87/2784/1436 6/69/18
s 28
f 264/71/39 323/2785/39 352/72/39
s 29
f 318/74/53 324/2786/53 357/75/53
s 30
f 6/77/53 264/2787/53 311/78/53
s 31
f 224/80/18 10/2788/1437 263/81/55
s 32
f 7/83/56 351/2789/39 129/84/39
s 33
f 323/86/44 224/2790/44 225/87/44
s 34
f 228/89/58 87/2791/1438 8/90/59
s 35
f 308/49/61 128/48/1439 354/2792/1440
f 308/49/61 354/2792/1440 169/2793/1441
f 390/2794/1442 259/2795/1442 256/93/63
f 308/49/61 169/2793/1441 166/92/62
f 166/92/62 390/2794/1442 256/93/63
s 36
f 356/94/39 131/2796/39 231/95/64
s 37
f 10/97/66 226/2797/1443 86/98/67
s 38
f 4/100/44 353/2798/44 319/101/44
s 39
f 130/103/52 204/2799/1435 203/104/39
s 40
f 309/106/68 355/2800/1444 7/107/69
s 41
f 308/109/44 128/2801/44 3/110/50
s 42
f 205/112/53 229/2802/53 82/113/53
s 43
f 256/93/71 259/2795/1445 83/115/72
s 44
f 126/117/44 227/2803/44 313/118/44
s 45
f 82/120/39 229/2804/39 228/121/74
s 46
f 88/123/76 230/2805/1446 324/124/18
s 47
f 81/126/58 322/2806/1438 265/127/59
s 48
f 232/129/77 4/2807/18 320/130/18
s 49
f 226/132/79 227/2808/39 126/133/39
s 50
f 356/135/53 261/2809/53 260/136/53
s 51
f 258/138/39 357/2810/39 127/139/64
s 52
f 313/141/18 355/2811/1447 309/142/55
s 53
f 317/144/81 234/2812/53 83/145/53
s 54
f 85/147/44 321/2813/1448 129/148/44
s 55
f 286/150/83 11/154/83 136/151/83
s 56
f 350/153/84 60/431/84 136/151/84
s 57
f 217/155/18 54/2814/18 112/156/18
s 58
f 217/158/53 139/165/53 133/159/53
s 59
f 336/161/37 282/2815/37 54/162/37
s 58
f 217/158/53 216/2816/53 138/164/53
s 60
f 336/160/53 133/159/53 35/166/53
s 61
f 146/168/39 143/2817/39 282/169/39
s 62
f 277/171/53 54/181/53 282/172/53
s 63
f 46/174/85 124/539/85 364/175/85
s 64
f 73/177/86 244/362/86 100/178/86
s 62
f 277/171/53 334/2818/53 112/180/53
f 27/173/53 282/172/53 143/182/53
s 65
f 299/184/18 304/2819/18 134/185/18
s 66
f 249/187/1 305/2820/1 304/188/1
s 67
f 27/190/1 349/2821/1 276/191/1
s 68
f 134/193/53 304/199/53 39/194/53
f 305/196/53 135/200/53 349/197/53
f 305/196/53 368/198/53 39/194/53
f 135/200/53 134/193/53 276/195/53
s 69
f 277/201/39 276/2822/39 39/202/39
s 70
f 300/204/37 134/2823/37 135/205/37
s 71
f 248/207/39 135/2824/39 305/208/39
s 72
f 306/210/18 368/2825/18 349/211/18
s 73
f 12/213/53 13/219/53 249/214/53
f 12/213/53 299/215/53 300/216/53
f 14/218/53 248/220/53 249/214/53
f 14/218/53 15/217/53 300/216/53
f 12/213/53 17/333/53 20/337/53
f 116/221/53 358/223/53 13/219/53
f 12/213/53 20/337/53 116/221/53
f 275/222/53 14/218/53 13/219/53
f 14/218/53 275/222/53 274/224/53
f 274/224/53 19/331/110 18/225/53
f 18/225/53 15/217/53 14/218/53
f 18/225/53 17/333/53 12/213/53
s 74
f 333/226/87 326/236/87 90/227/87
s 75
f 117/229/18 118/2826/18 294/230/18
s 76
f 140/232/88 55/238/88 345/233/88
s 77
f 333/226/89 274/2827/89 327/235/89
s 78
f 140/232/90 246/2828/90 315/237/90
s 79
f 218/239/91 16/2829/91 283/240/91
s 80
f 246/242/92 269/246/92 98/243/92
s 81
f 270/245/93 41/250/93 98/243/93
s 82
f 116/247/1 345/2830/1 292/248/1
s 83
f 271/241/94 283/240/94 41/250/94
s 84
f 358/251/39 292/2831/39 291/252/39
s 85
f 266/254/95 337/261/95 69/255/95
s 86
f 275/257/37 291/2832/37 327/258/37
s 87
f 52/260/96 90/2833/96 337/261/96
s 88
f 209/262/53 117/265/53 292/263/53
f 117/265/53 295/268/53 291/266/53
f 56/267/53 327/270/53 291/266/53
f 56/267/53 267/279/53 326/269/53
f 220/271/53 44/288/53 283/272/53
f 119/274/53 69/465/53 337/275/53
f 346/276/53 337/275/53 90/277/53
f 91/278/53 90/277/53 326/269/53
f 209/262/53 345/264/53 55/280/53
f 332/282/53 284/281/53 55/280/53
f 272/284/53 332/282/53 315/283/53
f 273/286/53 272/284/53 98/285/53
f 44/288/53 273/286/53 41/287/53
s 89
f 118/2834/53 101/2835/53 285/2836/53
f 118/2834/53 285/2836/53 114/2837/53
f 109/2838/53 293/2839/53 294/291/53
f 108/2840/53 109/2838/53 294/291/53
f 294/291/53 118/2834/53 114/2837/53
f 294/291/53 114/2837/53 28/2841/53
f 290/2842/53 108/2840/53 294/291/53
f 51/2843/53 290/2842/53 294/291/53
f 294/291/53 28/2841/53 301/2844/53
f 294/291/53 301/2844/53 115/2845/53
f 40/290/53 51/2843/53 294/291/53
f 294/291/53 115/2845/53 107/289/53
s 90
f 267/292/97 109/302/97 108/293/97
s 91
f 295/295/1 294/2846/1 293/296/1
s 92
f 284/298/98 285/2847/98 101/299/98
s 93
f 56/301/99 293/2848/99 109/302/99
s 94
f 284/303/100 332/309/100 114/304/100
s 95
f 220/306/101 107/312/1449 115/307/101
s 96
f 332/309/102 272/314/102 28/310/102
s 97
f 221/311/103 40/316/103 107/312/103
s 98
f 273/313/105 301/317/105 28/310/105
s 99
f 119/315/106 51/319/106 40/316/106
s 100
f 44/308/107 115/307/107 301/317/107
s 101
f 119/315/108 346/324/108 290/318/108
s 102
f 209/320/37 101/2849/37 118/321/37
s 103
f 91/323/109 108/2850/109 290/318/109
s 73
f 140/327/53 116/2851/53 20/2852/53
f 20/2852/53 22/2853/53 23/2854/53
f 23/2854/53 24/2855/53 25/2856/53
f 25/2856/53 21/2857/53 19/325/110
f 19/325/110 274/2858/53 333/2859/53
f 333/2859/53 52/2860/53 266/2861/53
f 266/2861/53 243/2862/53 219/2863/53
f 219/2863/53 218/2864/53 271/326/53
f 271/326/53 270/2865/53 269/2866/53
f 269/2866/53 246/2867/53 140/327/53
f 140/327/53 20/2852/53 23/2854/53
f 23/2854/53 25/2856/53 19/325/110
f 19/325/110 333/2859/53 266/2861/53
f 266/2861/53 219/2863/53 271/326/53
f 271/326/53 269/2866/53 140/327/53
f 140/327/53 23/2854/53 19/325/110
f 19/325/110 266/2861/53 271/326/53
f 235/328/53 17/333/53 18/225/53
f 348/330/53 347/329/53 18/225/53
f 328/332/53 20/337/53 17/333/53
f 348/330/53 19/331/110 21/334/53
f 328/332/53 329/339/53 22/336/53
f 102/338/53 23/341/53 22/336/53
f 244/340/53 24/343/53 23/341/53
f 244/340/53 73/344/53 25/342/53
f 73/344/53 144/335/53 21/334/53
s 104
f 281/345/111 74/2868/111 245/346/111
s 105
f 329/348/112 328/2869/112 96/349/112
s 106
f 348/351/37 366/2870/37 338/352/37
s 107
f 73/177/113 208/179/113 99/354/113
s 108
f 329/356/114 97/2871/114 66/357/114
s 109
f 235/359/1 236/2872/1 96/360/1
s 110
f 102/358/115 66/357/115 100/178/115
s 111
f 144/363/116 99/2873/116 366/364/116
s 112
f 347/366/18 338/2874/18 236/367/18
s 113
f 359/369/53 26/375/53 236/370/53
f 250/372/53 359/369/53 338/371/53
f 335/374/53 96/379/53 236/370/53
f 250/372/53 366/373/53 99/376/53
f 335/374/53 281/381/53 97/378/53
f 110/380/53 66/383/53 97/378/53
f 42/382/53 100/385/53 66/383/53
f 42/382/53 237/386/53 208/384/53
f 237/386/53 314/377/53 99/376/53
s 114
f 74/2875/53 303/2876/53 302/2877/53
f 360/387/53 147/2878/53 307/2879/53
f 360/387/53 307/2879/53 223/2880/53
f 74/2875/53 302/2877/53 360/387/53
f 245/389/53 74/2875/53 360/387/53
f 360/387/53 223/2880/53 45/388/53
s 115
f 26/390/37 302/2881/37 303/391/37
s 116
f 110/347/117 245/346/117 45/393/117
s 117
f 314/395/118 307/2882/118 147/396/118
s 118
f 359/398/39 360/2883/39 302/399/39
s 119
f 42/394/119 45/393/119 223/401/119
s 120
f 335/403/120 303/2884/120 74/404/120
s 121
f 250/406/1 147/2885/1 360/407/1
s 122
f 237/402/121 223/401/121 307/409/121
s 123
f 120/411/18 30/2886/18 367/412/18
s 58
f 145/414/44 247/2887/44 367/415/44
s 124
f 30/417/37 296/2888/37 361/418/37
s 125
f 367/415/44 247/2887/44 148/420/44
s 58
f 36/422/44 145/414/44 361/416/44
s 126
f 296/424/39 113/2889/39 370/425/39
s 127
f 296/427/44 30/2890/44 111/428/44
s 128
f 350/153/122 123/2891/122 47/430/122
s 127
f 111/428/44 30/2890/44 120/432/44
f 113/434/44 296/427/44 214/429/44
s 129
f 343/436/18 330/2892/18 406/437/18
s 130
f 330/439/1 59/2893/1 407/440/1
s 131
f 215/442/1 339/2894/1 214/443/1
s 132
f 343/445/44 215/451/44 37/446/44
f 59/448/44 363/2895/44 339/449/44
f 37/446/44 363/2895/44 59/448/44
f 149/450/44 339/449/44 215/451/44
s 133
f 37/452/39 215/2896/39 111/453/39
s 134
f 149/455/37 343/2897/37 409/456/37
s 135
f 59/458/39 149/2898/39 408/459/39
s 136
f 339/461/18 363/2899/18 43/462/18
s 88
f 221/464/53 365/466/53 69/465/53
f 365/466/53 221/464/53 220/271/53
s 137
f 365/467/123 16/2829/123 218/239/123
s 138
f 69/255/124 365/467/124 219/468/124
s 58
f 247/471/39 139/2900/39 138/2901/39
f 138/2901/39 170/2902/39 1/469/39
f 2/470/39 172/2903/39 148/2904/39
f 247/471/39 138/2901/39 1/469/39
f 2/470/39 148/2904/39 247/471/39
s 60
f 286/472/53 75/2905/53 35/166/53
f 123/473/53 240/477/53 241/474/53
f 350/476/53 67/479/53 240/477/53
f 11/478/53 242/491/53 67/479/53
s 58
f 372/480/44 373/492/44 53/481/44
f 92/483/44 372/480/44 213/482/44
s 60
f 287/485/53 64/489/53 65/486/53
f 46/488/53 68/490/53 64/489/53
f 76/475/53 241/474/53 68/490/53
f 286/472/53 133/159/53 242/491/53
s 58
f 373/492/44 374/2906/44 38/493/44
f 331/494/44 92/483/44 212/484/44
f 104/496/44 331/494/44 58/495/44
f 29/498/44 104/496/44 57/497/44
f 253/500/44 29/498/44 210/499/44
f 253/500/44 145/414/44 36/422/44
s 139
f 32/502/125 33/509/125 49/503/125
s 140
f 141/505/126 31/2907/126 297/506/126
s 141
f 62/508/127 298/607/127 33/509/127
s 142
f 121/504/128 49/503/128 297/510/128
s 143
f 372/512/129 268/518/129 61/513/129
s 144
f 373/514/130 61/513/130 93/515/130
s 145
f 372/512/85 92/520/85 206/517/85
s 146
f 331/519/131 94/2908/131 206/517/131
s 147
f 104/521/122 70/525/122 94/522/122
s 148
f 29/524/84 278/527/84 70/525/84
s 149
f 253/526/83 279/2909/83 278/527/83
s 150
f 344/528/18 150/2910/18 279/529/18
s 151
f 286/531/18 238/2911/18 239/532/18
s 152
f 288/534/130 375/2912/130 48/535/130
s 153
f 76/176/131 364/175/131 47/537/131
s 154
f 287/536/129 48/535/129 124/539/129
s 155
f 342/540/53 376/2913/53 239/541/53
f 31/543/53 47/547/53 364/544/53
f 141/546/53 60/549/53 47/547/53
f 151/548/53 136/561/53 60/549/53
s 156
f 211/550/44 207/562/44 61/551/44
f 122/553/44 211/550/44 268/552/44
s 155
f 62/555/53 48/559/53 375/556/53
f 32/558/53 124/560/53 48/559/53
f 121/545/53 364/544/53 124/560/53
f 342/540/53 238/542/53 136/561/53
s 156
f 207/562/44 95/2914/44 93/563/44
f 222/564/44 122/553/44 206/554/44
f 105/566/44 222/564/44 94/565/44
f 340/568/44 105/566/44 70/567/44
f 254/570/44 340/568/44 278/569/44
f 254/570/44 279/571/44 150/572/44
s 157
f 106/2915/53 77/2916/53 63/574/53
f 63/574/53 297/2917/53 49/2918/53
f 49/2918/53 33/2919/53 298/575/53
f 298/575/53 71/2920/53 255/576/53
f 255/576/53 106/2915/53 63/574/53
f 63/574/53 49/2918/53 298/575/53
s 158
f 34/2921/44 341/2922/44 50/577/44
f 50/577/44 79/2923/44 289/2924/44
f 289/2924/44 78/2925/44 280/578/44
f 280/578/44 72/2926/44 142/579/44
f 142/579/44 34/2921/44 50/577/44
f 50/577/44 289/2924/44 280/578/44
s 159
f 141/505/132 63/507/132 77/580/132
s 160
f 151/581/133 77/580/133 106/582/133
s 161
f 211/584/127 280/590/127 78/585/127
s 162
f 207/586/134 78/585/134 289/587/134
s 163
f 122/589/125 72/592/125 280/590/125
s 164
f 222/591/128 142/2927/128 72/592/128
s 165
f 105/593/126 34/597/126 142/594/126
s 166
f 340/596/132 341/599/132 34/597/132
s 167
f 254/598/133 50/2928/133 341/599/133
s 168
f 152/600/39 79/2929/39 50/601/39
s 169
f 342/603/39 106/2930/39 255/604/39
s 170
f 137/606/134 71/2931/134 298/607/134
s 171
f 322/34/136 160/33/1450 161/2932/1451
f 388/608/135 389/39/170 228/2770/1452
f 322/34/136 161/2932/1451 388/608/135
f 229/609/37 205/2933/37 322/34/136
f 388/608/135 228/2770/1452 229/609/37
s 172
f 3/612/139 171/619/1453 386/2934/1454
f 386/2934/1454 377/2935/44 154/610/137
f 154/610/137 233/23/1455 320/611/138
f 320/611/138 319/2936/138 3/612/139
f 3/612/139 386/2934/1454 154/610/137
s 173
f 379/613/140 226/35/1456 10/614/38
s 174
f 7/618/144 385/624/1457 384/2937/1458
f 384/2937/1458 156/2938/44 354/616/142
f 354/616/142 128/620/1459 85/617/143
f 85/617/143 351/2939/37 7/618/144
f 7/618/144 384/2937/1458 354/616/142
s 175
f 171/619/25 3/612/1460 128/620/26
s 176
f 381/621/19 230/26/150 231/622/20
s 177
f 385/624/30 7/618/1461 355/37/31
s 178
f 65/626/147 64/629/147 53/627/147
s 179
f 64/629/148 68/631/148 213/630/148
s 180
f 68/631/125 241/633/125 212/632/125
s 181
f 241/633/128 240/2940/128 58/634/128
s 182
f 240/635/126 67/638/126 57/636/126
s 183
f 67/638/132 242/640/132 210/639/132
s 58
f 242/640/133 133/2941/133 145/641/133
f 145/642/149 247/2942/149 139/643/149
s 184
f 380/646/37 84/2943/37 203/645/37
f 203/645/37 204/25/1462 153/24/150
s 185
f 387/648/37 382/623/174 231/622/151
f 231/622/151 131/2944/37 260/647/37
s 186
f 385/649/152 181/656/1463 180/650/53
s 187
f 377/652/53 174/676/53 175/653/153
s 188
f 385/649/58 168/662/1464 395/655/154
s 189
f 154/654/156 175/653/47 173/657/153
s 190
f 378/659/53 379/664/1464 178/660/154
f 168/662/157 162/681/53 177/663/53
s 191
f 379/664/58 163/672/1465 394/665/59
s 192
f 354/666/53 392/674/53 391/667/153
s 193
f 153/658/46 173/657/1466 396/669/53
s 194
f 164/671/53 179/680/53 394/665/159
s 186
f 354/666/161 156/678/53 393/673/53
s 187
f 386/675/53 182/677/53 174/676/53
f 171/668/163 391/667/1467 182/677/53
s 186
f 384/651/53 180/650/53 393/673/53
s 194
f 157/679/53 176/2945/53 179/680/53
s 190
f 162/681/53 378/659/53 183/661/53
s 195
f 391/682/145 392/689/37 399/683/37
s 196
f 182/685/164 191/704/164 397/686/165
s 197
f 393/688/166 185/691/166 399/683/167
f 180/690/169 189/706/169 185/691/166
s 198
f 178/692/170 187/698/1426 400/693/171
f 183/694/171 400/693/171 186/695/172
s 199
f 178/692/173 394/703/38 401/697/141
s 200
f 173/699/174 184/713/150 403/700/37
s 201
f 179/702/37 188/710/37 401/697/175
s 196
f 391/682/177 192/684/1468 191/704/164
s 197
f 181/705/178 402/712/1469 189/706/169
s 202
f 174/687/37 397/686/37 398/707/20
s 201
f 176/709/37 404/2946/37 188/710/37
s 203
f 395/711/170 190/714/1426 402/712/140
s 204
f 175/708/19 398/707/1417 184/713/20
s 198
f 395/711/179 177/696/172 186/695/172
s 205
f 188/715/44 197/728/44 405/716/181
s 206
f 191/718/44 192/735/1470 202/719/183
s 207
f 189/721/44 402/730/1471 199/722/184
s 208
f 397/724/44 383/737/44 381/725/185
s 205
f 404/727/44 195/2947/44 197/728/44
s 209
f 190/729/186 200/734/1444 199/722/187
s 210
f 184/731/48 398/726/1472 381/725/49
s 211
f 186/733/44 196/744/44 200/734/188
s 212
f 192/735/48 399/739/44 193/736/44
s 206
f 397/724/44 191/718/44 201/720/44
s 207
f 185/738/44 194/740/44 193/736/190
f 185/738/44 189/721/44 198/723/44
s 211
f 187/741/186 389/745/1444 388/742/44
f 400/743/44 388/742/44 196/744/44
s 213
f 401/717/192 405/716/66 389/745/187
s 214
f 403/746/44 184/731/1433 382/732/193
s 215
f 362/748/18 414/2948/18 417/749/18
s 216
f 362/751/44 406/758/44 407/752/44
f 252/753/44 407/752/44 408/754/44
f 251/755/44 408/754/44 409/756/44
f 103/757/44 409/756/44 406/758/44
s 217
f 413/759/1 421/2949/1 420/760/1
s 218
f 251/762/39 416/2950/39 415/763/39
s 219
f 103/765/37 417/2951/37 416/766/37
s 220
f 252/768/1 415/2952/1 414/769/1
s 221
f 411/771/44 410/778/44 414/772/44
f 411/771/44 415/773/44 416/774/44
f 412/775/44 416/774/44 417/776/44
f 410/778/44 413/777/44 417/776/44
s 222
f 420/779/44 421/2953/44 418/780/44
s 223
f 411/782/37 419/2954/37 418/783/37
s 224
f 410/785/39 418/2955/39 421/786/39
s 225
f 412/788/18 420/2956/18 419/789/18
s 226
f 482/791/194 481/2957/1473 449/792/195
f 469/794/197 468/2958/1474 436/795/198
f 456/797/200 455/843/246 423/798/201
f 451/800/203 483/2959/1475 482/791/194
f 438/801/204 470/2960/1476 469/794/197
f 457/802/205 456/797/200 424/799/202
f 484/804/207 483/2959/1475 451/800/203
f 471/806/209 470/2960/1476 438/801/204
f 426/808/211 458/813/216 457/802/205
f 485/809/212 484/804/207 452/805/208
f 440/811/214 472/816/219 471/806/209
f 427/812/215 459/2961/1477 458/813/216
f 422/814/217 454/2962/1478 485/809/212
f 441/815/218 473/820/223 472/816/219
f 460/817/220 459/2961/1477 427/812/215
f 442/819/222 474/2963/1479 473/820/223
f 461/821/224 460/817/220 428/818/221
f 475/823/226 474/2963/1479 442/819/222
f 430/825/228 462/2964/1480 461/821/224
f 444/826/229 476/830/233 475/823/226
f 463/827/230 462/2964/1480 430/825/228
f 445/829/232 477/2965/1481 476/830/233
f 432/831/234 464/835/238 463/827/230
f 478/832/235 477/2965/1481 445/829/232
f 433/834/237 465/2966/1482 464/835/238
f 447/836/239 479/2967/1483 478/832/235
f 466/837/240 465/2966/1482 433/834/237
f 480/839/242 479/2967/1483 447/836/239
f 467/841/244 466/837/240 434/838/241
f 449/792/195 481/2957/1473 480/839/242
f 436/795/198 468/2958/1474 467/841/244
f 455/843/246 454/2962/1478 422/814/217
f 499/844/247 500/847/250 436/795/198
f 422/814/217 486/858/261 487/845/248
f 513/846/249 514/849/252 450/793/196
f 500/847/250 501/850/253 437/796/199
f 423/798/201 487/845/248 488/848/251
f 514/849/252 515/2968/1484 451/800/203
f 501/850/253 502/853/256 438/801/204
f 424/799/202 488/848/251 489/851/254
f 451/800/203 515/2968/1484 516/852/255
f 502/853/256 503/2969/1485 439/807/210
f 425/803/206 489/851/254 490/854/257
f 452/805/208 516/852/255 517/855/258
f 439/807/210 503/2969/1485 504/856/259
f 426/808/211 490/854/257 491/857/260
f 453/810/213 517/855/258 486/858/261
f 504/856/259 505/860/263 441/815/218
f 427/812/215 491/857/260 492/859/262
f 505/860/263 506/862/265 442/819/222
f 428/818/221 492/859/262 493/861/264
f 506/862/265 507/863/266 443/824/227
f 493/861/264 494/864/267 430/825/228
f 507/863/266 508/2970/1486 444/826/229
f 494/864/267 495/866/269 431/828/231
f 444/826/229 508/2970/1486 509/865/268
f 495/866/269 496/868/271 432/831/234
f 445/829/232 509/865/268 510/867/270
f 496/868/271 497/870/273 433/834/237
f 446/833/236 510/867/270 511/869/272
f 497/870/273 498/2971/1487 434/838/241
f 447/836/239 511/869/272 512/871/274
f 434/838/241 498/2971/1487 499/844/247
f 512/871/274 513/846/249 449/792/195
s 227
f 770/872/275 842/2972/275 841/873/276
f 772/875/277 943/889/277 924/876/278
f 518/878/279 724/891/279 874/879/280
f 801/874/276 841/873/276 942/881/281
f 519/883/282 521/887/282 842/884/275
f 803/886/278 924/2973/278 521/887/282
f 804/888/280 874/2974/280 943/889/277
f 775/890/281 942/2975/281 724/891/279
s 228
f 875/892/53 886/905/53 807/893/53
f 774/895/53 800/906/53 843/896/53
f 923/898/53 821/902/53 820/899/53
f 802/901/53 844/907/53 821/902/53
f 520/894/53 807/893/53 845/903/53
f 875/892/53 774/895/53 887/897/53
f 800/906/53 771/900/53 820/899/53
f 773/904/53 845/903/53 844/907/53
s 229
f 757/908/277 945/923/277 805/909/278
f 701/911/279 847/925/279 846/912/280
f 522/914/276 888/927/276 890/915/281
f 700/917/282 725/921/282 889/918/275
f 758/920/278 805/2976/278 725/921/282
f 944/922/280 846/2977/280 945/923/277
f 808/924/281 890/2978/281 847/925/279
f 699/926/275 889/2979/275 888/927/276
s 230
f 779/1320/538 759/937/53 806/928/53
f 806/928/53 920/2980/53 853/929/53
f 696/930/283 779/1320/538 806/928/53
f 870/2981/53 704/940/53 547/931/53
f 547/931/53 872/2982/53 873/932/53
f 697/933/53 870/2981/53 547/931/53
f 702/934/53 703/945/53 864/2983/53
f 702/934/53 864/2983/53 537/935/53
f 862/936/53 910/2984/53 702/934/53
f 907/1319/53 926/948/53 759/937/53
f 759/937/53 779/1320/538 780/938/284
f 693/939/285 907/1319/53 759/937/53
f 920/2980/53 806/928/53 704/940/53
f 704/940/53 870/2981/53 829/941/53
f 828/942/53 920/2980/53 704/940/53
f 872/2982/53 547/931/53 702/934/53
f 702/934/53 910/2984/53 921/943/53
f 922/944/53 872/2982/53 702/934/53
f 925/946/53 909/950/53 852/2985/53
f 925/946/53 852/2985/53 850/2986/53
f 767/947/53 864/2983/53 703/945/53
f 925/946/53 850/2986/53 767/947/53
f 909/950/53 925/946/53 926/948/53
f 926/948/53 907/1319/53 908/949/53
s 231
f 947/951/286 946/2987/287 809/952/287
f 849/954/288 951/967/289 525/955/289
f 950/957/290 949/969/291 524/958/291
f 527/960/292 947/951/286 523/953/286
f 946/962/287 848/965/293 526/963/293
f 848/965/293 849/2988/288 810/966/288
f 951/967/289 950/2989/290 812/968/290
f 949/969/291 527/2990/292 813/970/292
s 232
f 823/971/53 891/2991/53 763/972/53
f 948/974/53 928/984/53 776/975/53
f 760/977/53 854/2992/53 855/978/53
f 761/979/53 855/978/53 892/980/53
f 822/982/53 823/971/53 811/973/53
f 763/972/53 891/2991/53 928/984/53
f 776/975/53 854/2992/53 760/977/53
f 892/980/53 822/982/53 764/983/53
s 233
f 815/985/288 952/999/289 706/986/289
f 817/988/290 530/2993/291 816/989/291
f 896/991/292 895/2994/286 927/992/286
f 893/994/287 894/997/293 818/995/293
f 894/997/293 815/2995/288 548/998/288
f 952/999/289 817/2996/290 705/1000/290
f 816/989/291 530/2993/291 896/1001/292
f 927/992/286 895/2994/286 893/1003/287
s 234
f 929/1007/53 814/1016/53 825/2997/53
f 929/1007/53 825/2997/53 719/1005/53
f 542/1006/53 917/2998/53 929/1007/53
f 708/1010/53 930/1019/53 878/2999/53
f 708/1010/53 878/2999/53 695/1008/53
f 718/1009/53 867/1020/53 708/1010/53
f 777/1011/53 913/3000/53 765/1012/53
f 765/1012/53 531/3001/53 549/1013/53
f 814/1016/53 953/1026/53 901/3002/53
f 814/1016/53 901/3002/53 714/1014/53
f 533/1015/53 825/2997/53 814/1016/53
f 930/1019/53 929/1007/53 917/2998/53
f 930/1019/53 917/2998/53 768/1017/53
f 769/1018/53 878/2999/53 930/1019/53
f 777/1011/53 708/1010/53 867/1020/53
f 819/1021/53 913/3000/53 777/1011/53
f 549/1013/53 531/3001/53 709/3003/53
f 549/1013/53 709/3003/53 710/3004/53
f 711/1022/53 857/1024/53 707/1023/53
f 549/1013/53 710/3004/53 711/1022/53
f 953/1026/53 707/1023/53 857/1024/53
f 712/1025/53 901/3002/53 953/1026/53
s 235
f 564/1027/294 933/1060/327 931/1028/295
f 551/1030/297 550/1029/296 931/1028/295
f 552/1032/299 551/1030/297 934/1031/298
f 553/1034/301 552/1032/299 831/1033/300
f 554/1036/303 553/1034/301 832/1035/302
s 236
f 555/1038/305 935/3005/1488 936/1039/306
f 555/1038/305 781/1040/307 565/1041/308
f 556/1042/309 565/1041/308 566/1043/310
f 557/1044/311 566/1043/310 833/1045/312
f 559/1047/314 558/1046/313 833/1045/312
f 560/1049/316 559/1047/314 834/1048/315
f 561/1051/318 560/1049/316 567/1050/317
f 937/1053/320 561/1051/318 568/1052/319
s 235
f 562/1055/322 732/3006/1489 835/1056/323
f 562/1055/322 836/1057/324 837/1058/325
f 563/1059/326 837/1058/325 933/1060/327
s 236
f 569/1061/328 868/1099/359 912/1062/329
f 799/1064/331 726/3007/1490 539/1065/332
f 799/1064/331 884/1066/333 883/1067/334
f 727/1068/335 883/1067/334 897/1069/336
f 936/1071/306 728/3008/337 897/1072/336
f 936/1071/306 899/1073/338 859/1074/339
f 861/1077/341 565/3009/308 781/1075/307
f 781/1075/307 859/1074/339 856/1076/340
f 903/1080/343 876/1081/344 565/1078/308
f 565/1078/308 861/3010/341 902/1079/342
f 876/1081/344 903/1080/343 905/1082/345
f 826/1085/348 731/3011/1491 730/1083/346
f 730/1083/346 905/1082/345 824/1084/347
f 567/1086/317 731/3011/1491 826/1085/348
f 954/1090/351 568/3012/319 567/1088/317
f 567/1088/317 918/3013/349 916/1089/350
f 733/1091/321 568/3012/319 954/1090/351
f 880/1094/354 734/3014/355 733/1091/321
f 733/1091/321 957/1092/352 879/1093/353
f 734/1095/355 880/3015/354 914/1096/356
f 868/1099/359 569/1061/328 735/1097/357
f 735/1097/357 914/1096/356 866/1098/358
s 230
f 783/1100/360 782/1135/392 737/1101/361
f 570/1103/363 736/1102/362 737/1101/361
f 571/1105/365 570/1103/363 784/1104/364
f 572/1107/367 571/1105/365 582/1106/366
f 572/1109/367 583/3016/368 584/1110/369
f 738/1111/370 938/1110/398 585/1112/371
f 573/1113/372 585/1112/371 586/1114/373
f 574/1116/374 586/3017/373 785/1117/375
f 575/1118/376 785/1117/375 587/1119/377
f 577/1121/379 576/1120/378 587/1119/377
f 578/1123/381 577/1121/379 588/1122/380
f 579/1125/383 578/1339/381 589/1126/382
f 739/1128/385 579/1125/383 590/1127/384
f 580/1130/387 739/1128/385 939/1129/388
f 580/1132/387 592/3018/389 593/1133/390
f 581/1134/391 593/1133/390 782/1135/392
f 782/1136/392 605/1165/409 740/1137/393
f 784/1139/364 737/1138/361 740/1137/393
f 582/1141/366 784/1139/364 594/1140/394
f 583/1143/368 582/1141/366 595/1142/395
f 584/1110/369 583/3016/368 596/1145/396
f 938/1110/398 741/1146/1492 597/1147/399
f 585/1112/371 597/1147/399 598/1148/400
f 785/1149/375 586/3019/373 598/1150/400
f 587/1152/377 785/1149/375 599/1151/401
f 587/1152/377 786/1153/402 600/1154/403
f 588/1155/380 600/1154/403 601/1156/404
f 590/1127/384 589/1126/382 601/1158/404
f 591/1129/386 590/1127/384 602/1159/405
f 939/1129/388 742/1160/424 603/1161/407
f 592/1162/389 603/1183/407 604/1163/408
f 593/1164/390 604/1163/408 605/1165/409
f 740/1137/393 605/1165/409 618/1166/410
f 740/1137/393 743/1167/411 787/1168/412
f 594/1140/394 787/1168/412 606/1169/413
f 596/1144/396 595/1142/395 606/1169/413
f 940/1146/397 596/1145/396 607/1171/414
f 597/1147/399 741/1146/1492 608/1172/415
f 598/1148/400 597/1147/399 609/1173/416
f 599/1151/401 598/1150/400 610/1175/417
f 786/1153/402 599/1151/401 611/1176/418
f 786/1153/402 612/1177/419 613/1178/420
f 600/1154/403 613/1178/420 614/1179/421
f 601/1158/404 614/1199/421 615/1180/422
f 602/1159/405 615/1180/422 744/1181/423
f 742/1160/424 744/1181/423 616/1182/425
f 603/1183/407 616/3020/425 617/1184/426
f 605/1165/409 604/1163/408 617/1184/426
f 743/1167/411 618/1166/410 631/1185/427
f 743/1167/411 745/1186/445 788/1187/429
f 787/1168/412 788/1187/429 619/1188/430
f 606/1169/413 619/1188/430 620/1189/431
f 608/1172/415 607/1171/414 620/1190/431
f 609/1173/416 608/1172/415 746/1191/432
f 610/1174/417 609/1173/416 621/1192/433
f 611/1176/418 610/1175/417 622/1194/434
f 612/1177/419 611/1176/418 623/1195/435
f 612/1177/419 624/1196/436 625/1197/437
f 613/1178/420 625/1197/437 626/1198/438
f 614/1199/421 626/1219/438 627/1200/439
f 615/1180/422 627/1200/439 628/1201/440
f 744/1181/423 628/1201/440 629/1202/441
f 617/1184/426 616/3020/425 629/1203/441
f 618/1166/410 617/1184/426 630/1204/442
f 839/1186/428 631/1185/427 789/1205/443
f 745/1186/445 747/1206/444 632/1207/446
f 788/1187/429 632/1207/446 633/1208/447
f 619/1188/430 633/1208/447 634/1209/448
f 746/1191/432 620/1190/431 634/1210/448
f 621/1192/433 746/1191/432 748/1211/449
f 622/1193/434 621/1192/433 635/1212/450
f 623/1195/435 622/1194/434 636/1214/451
f 624/1196/436 623/1195/435 637/1215/452
f 624/1196/436 638/1216/453 639/1217/454
f 625/1197/437 639/1217/454 640/1218/455
f 626/1219/438 640/1239/455 641/1220/456
f 627/1200/439 641/1220/456 749/1221/457
f 628/1201/440 749/1221/457 642/1222/458
f 630/1204/442 629/1203/441 642/1223/458
f 631/1185/427 630/1204/442 643/1224/459
f 747/1206/444 789/1205/443 790/1225/460
f 747/1206/444 750/1226/461 644/1227/462
f 632/1207/446 644/1227/462 645/1228/463
f 633/1208/447 645/1228/463 646/1229/464
f 748/1211/449 634/1210/448 646/1230/464
f 635/1212/450 748/1211/449 751/1231/465
f 636/1213/451 635/1212/450 647/1232/466
f 637/1215/452 636/1214/451 648/1234/467
f 638/1216/453 637/1215/452 649/1235/468
f 638/1216/453 791/1236/469 650/1237/470
f 639/1217/454 650/1237/470 651/1238/471
f 640/1239/455 651/3021/471 652/1240/472
f 641/1220/456 652/1240/472 752/1241/473
f 749/1221/457 752/1241/473 653/1242/474
f 643/1224/459 642/1223/458 653/1243/474
f 789/1205/443 643/1224/459 654/1244/475
f 790/1225/460 667/1262/492 840/1245/476
f 644/1227/462 750/1226/461 753/1245/477
f 644/1227/462 655/1246/478 656/1247/479
f 645/1228/463 656/1247/479 657/1248/480
f 646/1230/464 657/1267/480 754/1249/481
f 751/1231/465 754/1249/481 658/1250/482
f 647/1232/466 658/1250/482 659/1251/483
f 648/1234/467 659/1271/483 660/1252/484
f 649/1235/468 660/1252/484 792/1253/485
f 650/1237/470 791/1236/469 792/1253/485
f 651/1238/471 650/1237/470 661/1254/486
f 652/1240/472 651/3021/471 662/1256/487
f 752/1241/473 652/1240/472 663/1257/488
f 653/1242/474 752/1241/473 664/1258/489
f 654/1244/475 653/1243/474 665/1260/490
f 790/1225/460 654/1244/475 666/1261/491
f 667/1262/492 793/1282/508 668/1263/493
f 655/1246/478 753/1245/477 668/1263/493
f 655/1246/478 669/1264/494 670/1265/495
f 656/1247/479 670/1265/495 671/1266/496
f 657/1267/480 671/1287/496 672/1268/497
f 754/1249/481 672/1268/497 673/1269/498
f 658/1250/482 673/1269/498 674/1270/499
f 659/1271/483 674/1291/499 675/1272/500
f 660/1252/484 675/1272/500 676/1273/501
f 661/1254/486 792/1253/485 676/1273/501
f 662/1255/487 661/1254/486 677/1274/502
f 663/1257/488 662/1256/487 678/1276/503
f 664/1258/489 663/1257/488 679/1277/504
f 665/1259/490 664/1258/489 680/1278/505
f 666/1261/491 665/1260/490 681/1280/506
f 667/1262/492 666/1261/491 682/1281/507
f 793/1282/508 795/1302/525 794/1283/509
f 669/1264/494 668/1263/493 794/1283/509
f 669/1264/494 796/1284/510 683/1285/511
f 670/1265/495 683/1285/511 684/1286/512
f 671/1287/496 684/1313/512 941/1288/513
f 672/1268/497 755/1288/533 685/1289/514
f 673/1269/498 685/1289/514 686/1290/515
f 674/1291/499 686/1318/515 687/1292/516
f 675/1272/500 687/1292/516 797/1293/517
f 677/1274/502 676/1273/501 797/1293/517
f 678/1275/503 677/1274/502 688/1294/518
f 679/1277/504 678/1276/503 689/1296/519
f 680/1278/505 679/1277/504 690/1297/520
f 681/1279/506 680/1278/505 877/1298/522
f 682/1281/507 681/1280/506 692/1300/523
f 793/1282/508 682/1281/507 798/1301/524
f 795/1303/525 723/1332/547 545/1304/526
f 538/1307/528 796/1308/510 794/1305/509
f 794/1305/509 545/1304/526 717/1306/527
f 796/1308/510 538/1307/528 863/1309/529
f 865/1312/531 684/3022/512 683/1310/511
f 683/1310/511 863/1309/529 536/1311/530
f 684/1313/512 865/3023/531 851/1314/532
f 755/1288/533 766/1314/1493 694/1315/534
f 716/1317/536 686/1290/515 685/1289/514
f 685/1289/514 694/1315/534 535/1316/535
f 693/939/285 687/1292/516 686/1318/515
f 686/1318/515 716/949/536 534/1319/537
f 687/1292/516 693/939/285 780/938/284
f 696/930/283 688/1294/518 797/1293/517
f 797/1293/517 780/938/284 779/1320/538
f 689/1296/519 688/3024/518 696/1321/283
f 721/1324/541 690/1297/520 689/1296/519
f 689/1296/519 720/1322/539 543/1323/540
f 691/1298/521 690/1297/520 721/1324/541
f 871/1327/544 692/1299/523 877/1298/522
f 877/1298/522 722/1325/1494 544/1326/543
f 798/1328/524 692/3025/523 871/1329/544
f 723/1332/547 795/1303/525 798/1328/524
f 798/1328/524 698/1330/545 546/1331/546
f 577/1121/379 827/3026/1495 715/1333/548
f 715/1333/548 906/1341/555 576/1120/378
f 898/1334/549 572/1109/367 738/1111/370
f 881/1336/551 580/1132/387 581/1134/391
f 579/1125/383 955/3027/1496 541/1338/553
f 541/1338/553 919/3028/566 578/1339/381
f 904/1340/554 575/1118/376 576/1120/378
f 885/1342/556 911/1350/564 736/1102/362
f 956/1343/557 955/3027/1496 579/1125/383
f 783/1100/360 869/1349/563 540/1344/558
f 540/1344/558 915/1337/552 581/1134/391
f 580/1130/387 881/3029/551 756/1345/559
f 756/1345/559 956/1343/557 739/1128/385
f 574/1115/374 860/3030/1497 532/1346/560
f 532/1346/560 858/1351/565 573/1113/372
f 575/1118/376 904/1340/554 713/1347/561
f 713/1347/561 860/3031/1497 574/1116/374
f 882/1348/562 885/1342/556 570/1103/363
f 869/1349/563 783/1100/360 736/1102/362
f 900/1335/550 738/1111/370 573/1113/372
f 898/1352/549 882/1348/562 571/1105/365
f 919/1353/566 827/3026/1495 577/1121/379
s 237
f 980/1354/567 987/1564/776 1101/1355/568
f 975/1357/570 974/1510/723 973/1358/571
f 976/1360/573 979/1511/724 978/1361/574
f 1140/1363/576 1139/1577/788 1164/1364/577
f 983/1368/581 984/1376/589 989/1366/579
f 989/1366/579 1102/1515/728 1103/1367/580
f 1259/1369/582 1292/1750/935 1293/1370/583
f 1215/1372/585 1345/3032/1498 1346/1373/586
f 983/1368/581 986/1493/706 985/1375/588
f 1029/1377/590 1026/1464/677 1025/1378/591
f 988/1380/593 991/1383/596 990/1381/594
f 1061/1384/597 1062/1462/675 1063/1382/595
f 1063/1382/595 1064/1469/682 991/1383/596
f 991/1383/596 988/1380/593 1061/1384/597
f 995/1385/598 994/1517/730 990/1381/594
f 1001/1386/599 1002/1393/606 1004/1387/600
f 1312/1389/602 1016/1673/866 1071/1390/603
f 1000/1392/605 1003/1513/726 1002/1393/606
f 1012/1394/607 1011/1417/630 1015/1395/608
f 1019/1397/610 1018/1416/629 1005/1398/611
f 1037/1400/613 1008/1437/650 1007/1401/614
f 1079/1403/616 1098/1410/623 1015/1395/608
f 1040/1405/618 1036/1402/615 1007/1401/614
f 1066/1409/622 1034/1563/775 1044/1407/620
f 1044/1407/620 1045/1447/660 1020/1408/621
f 982/1411/624 1072/1482/695 1074/1412/625
f 1091/1413/626 1010/1487/700 1068/1414/627
f 1018/1416/629 1004/1387/600 1002/1393/606
f 1011/1417/630 1095/1578/789 1094/1404/617
f 977/1362/575 997/1388/601 1004/1387/600
f 997/1388/601 977/1362/575 1017/1418/631
f 1261/1420/633 1027/1431/644 1028/1379/592
f 973/1358/571 974/1510/723 1018/1416/629
f 1275/1422/635 1276/1734/919 1278/1423/636
f 1021/1425/638 1024/1428/641 1023/1426/639
f 1025/1378/591 1026/1464/677 1024/1428/641
f 1019/1397/610 993/1399/612 992/1429/642
f 1030/1430/643 1029/1377/590 1028/1379/592
f 1032/1432/645 1030/1430/643 1027/1431/644
f 1054/1434/647 1051/1452/665 1050/1435/648
f 972/1359/572 973/1358/571 1007/1401/614
f 973/1358/571 1019/1397/610 1009/1406/619
f 1203/1438/651 1202/1486/699 1074/1412/625
f 1038/1440/653 1037/1400/613 1036/1402/615
f 1035/1441/654 1036/1402/615 1040/1405/618
f 1086/1442/655 1331/1674/867 1264/1443/656
f 1008/1437/650 1141/1731/824 1135/1445/658
f 1135/1445/658 979/1511/724 975/1357/570
f 975/1357/570 972/1359/572 1008/1437/650
f 1041/1446/659 1006/1470/683 1020/1408/621
f 1047/1448/661 1044/1407/620 1043/1449/662
f 1044/1407/620 1047/1448/661 1048/1451/664
f 1051/1452/665 1054/1434/647 1053/1453/666
f 1197/1455/668 1198/1663/857 1183/1456/669
f 1060/1458/671 1059/1461/674 1058/1459/672
f 1061/1384/597 1058/1459/672 1059/1461/674
f 1074/1412/625 1202/1486/699 1201/1463/676
f 1201/1463/676 1011/1417/630 1012/1394/607
f 1026/1464/677 1029/1377/590 1063/1382/595
f 1384/1465/678 1405/3033/1499 1406/1466/679
f 1065/1468/681 995/1385/598 991/1383/596
f 1006/1470/683 1067/1679/872 1066/1409/622
f 1045/1447/660 1048/1451/664 1042/1471/684
f 1353/1787/971 1354/1861/1021 964/1472/685
f 964/1472/685 1108/1526/739 1107/1473/686
f 1107/1473/686 1106/1546/759 1352/1474/687
f 1352/1474/687 1353/1787/971 964/1472/685
f 962/1480/693 1361/1793/977 1362/1478/691
f 1362/1478/691 1116/1539/752 1115/1479/692
f 1073/1481/694 1038/1440/653 1035/1441/654
f 1072/1482/695 1035/1441/654 1039/1439/652
f 1205/1484/697 1204/2132/1268 1040/1405/618
f 1040/1405/618 1009/1406/619 992/1429/642
f 992/1429/642 993/1399/612 1206/1483/696
f 1205/1484/697 1040/1405/618 992/1429/642
f 1178/1485/698 1179/1666/860 1202/1486/699
f 1048/1451/664 1068/1414/627 1010/1487/700
f 1013/1491/704 982/1411/624 1012/1394/607
f 1077/1489/702 1079/1403/616 1078/1492/705
f 986/1493/706 1081/1620/826 1080/1494/707
f 993/1399/612 1005/1398/611 1083/1495/708
f 1175/1497/710 1206/1483/696 1207/1498/711
f 1066/1409/622 1067/1679/872 1084/1500/713
f 1033/1444/657 1034/1563/775 1087/1502/715
f 977/1362/575 978/1361/574 1088/1503/716
f 1090/1415/628 1093/1525/738 1092/1505/718
f 1200/1506/719 1201/1463/676 1180/1507/720
f 1075/1488/701 1097/1632/835 1096/1509/722
f 1077/1489/702 1096/1509/722 1098/1410/623
f 1101/1355/568 1103/1367/580 1089/1504/717
f 974/1510/723 975/1357/570 979/1511/724
f 974/1510/723 976/1360/573 1004/1387/600
f 981/1512/725 1081/1620/826 986/1493/706
f 1005/1398/611 1002/1393/606 1003/1513/726
f 1017/1418/631 1088/1503/716 1100/1514/727
f 996/1419/632 1017/1418/631 1099/1356/569
f 1000/1392/605 1089/1504/717 1103/1367/580
f 1003/1513/726 1000/1392/605 1102/1515/728
f 994/1517/730 995/1385/598 1084/1500/713
f 1087/1502/715 1032/1432/645 1031/1433/646
f 995/1385/598 1065/1468/681 1085/1501/714
f 1061/1384/597 988/1380/593 989/1366/579
f 1271/1521/734 1240/1816/997 1241/1519/732
f 1241/1519/732 1274/1732/917 1273/1520/733
f 1273/1520/733 1272/1760/944 1271/1521/734
f 1338/1522/735 1339/1777/961 1245/1523/736
f 1093/1525/738 1090/1415/628 1107/1473/686
f 1130/1527/740 1121/3034/773 1120/1528/741
f 1252/1530/743 1232/1640/841 998/1531/744
f 1360/1795/979 1359/1817/998 1355/1533/746
f 1355/1533/746 1358/1790/974 1357/1534/747
f 1356/1535/748 1360/1795/979 1355/1533/746
f 959/1536/749 960/1678/871 1110/1537/750
f 1362/1478/691 1311/1391/604 1071/1390/603
f 1117/1540/753 1120/1528/741 1119/1541/754
f 1118/1542/755 1119/1541/754 1114/1544/757
f 1090/1415/628 1068/1414/627 1106/1546/759
f 1260/1547/760 1025/1378/591 1021/1425/638
f 1025/1378/591 1260/1547/760 1262/1421/634
f 1049/1436/649 1126/1659/780 1127/1548/761
f 1263/1549/762 1031/1433/646 1027/1431/644
f 1142/1550/763 1143/1592/802 1388/1551/764
f 1231/1553/766 1347/1660/854 1346/1373/586
f 1346/1373/586 1214/1644/845 1230/1554/767
f 1394/1555/768 1387/1552/765 1388/1551/764
f 1152/1557/770 1146/1730/825 1037/1400/613
f 1038/1440/653 1073/1481/694 1152/1557/770
f 1059/1461/674 1060/1458/671 1023/1426/639
f 1024/1428/641 1026/1464/677 1062/1462/675
f 1164/1562/577 1139/1619/788 981/1512/725
f 1100/1514/727 1088/1503/716 1162/1561/774
f 1164/1562/577 981/1512/725 1100/1514/727
f 1064/1469/682 1063/1382/595 1029/1377/590
f 1065/1468/681 1064/1469/682 1030/1430/643
f 1085/1501/714 1065/1468/681 1032/1432/645
f 1066/1409/622 1085/1501/714 1087/1502/715
f 986/1493/706 983/1368/581 987/1564/776
f 1089/1504/717 1001/1386/599 997/1388/601
f 1096/1509/722 1013/1491/704 1014/1396/609
s 239
f 1658/1567/779 1659/2109/1235 1656/1565/777
f 1656/1565/777 1655/3035/1199 1654/1566/778
f 1654/1566/778 1657/2107/1233 1658/1567/779
s 237
f 985/1375/588 1080/1494/707 1057/1460/673
f 1058/1459/672 1061/1384/597 984/1376/589
f 1126/1568/780 1079/1403/616 1094/1404/617
f 1103/1367/580 1101/1355/568 987/1564/776
f 989/1366/579 990/1381/594 1104/1516/729
f 1122/1570/781 971/1649/850 966/1571/782
f 1049/1436/649 1050/1435/648 1124/1573/784
f 1079/1403/616 1126/1568/780 1125/1575/786
f 1161/1576/787 1158/1604/813 1139/1577/788
f 1095/1578/789 1128/1697/856 1127/1569/761
f 1181/1508/721 1182/1680/858 1199/1579/790
f 1093/1525/738 1130/3036/740 1129/1580/791
f 1176/1581/792 1205/1484/697 1206/1483/696
f 1337/1582/793 1338/1522/735 1247/1718/905
f 1253/1583/794 1375/1809/991 1377/1584/795
f 1337/1582/793 1247/1718/905 1253/1583/794
f 1132/1585/796 1133/1630/834 1123/1574/785
f 1134/1586/797 1122/1570/781 967/1572/783
f 1135/1588/658 1138/1616/823 1137/1589/799
f 1145/1591/801 1144/3037/1500 1143/1592/802
f 1390/1593/803 1389/1609/818 1396/1594/804
f 1148/1596/806 1151/3038/1501 1150/1597/807
f 1157/1599/809 1156/3039/1502 1155/1600/810
f 1076/1490/703 1131/1753/853 1173/1602/812
f 1158/1604/813 1161/1576/787 1160/1605/814
f 1155/1600/810 1156/3039/1502 1153/1607/816
f 1153/1607/816 1152/1672/770 1163/1608/817
f 1406/1466/679 1405/3033/1499 1389/1609/818
f 1389/1609/818 1390/1593/803 1386/1610/819
f 1414/1611/820 1413/3040/1006 1397/1612/821
f 1259/1369/582 1022/1427/640 1142/1614/763
f 1150/1597/807 1144/3037/1500 1145/1591/801
f 1146/1618/825 1147/3041/1503 1138/1616/823
f 1138/1616/823 1135/1588/658 1141/1617/824
f 1139/1619/788 1158/3042/813 1081/1620/826
f 1160/1605/814 1151/3038/1501 1148/1596/806
f 969/1621/827 968/3043/1011 1167/1622/828
f 1169/1624/830 1166/1623/829 1167/1622/828
f 1171/1626/832 1169/1624/830 1168/1625/831
f 958/1587/798 969/1837/827 1166/1628/829
f 1166/1628/829 1169/1629/830 1132/1585/796
f 1169/1629/830 1171/1656/832 1133/1630/834
f 1154/1603/811 1155/1631/810 1075/1488/701
f 1155/1631/810 1163/1633/817 1097/1632/835
f 1073/1481/694 1097/1632/835 1163/1633/817
f 1266/1634/836 1267/1638/839 1390/1635/803
f 1390/1635/803 1395/1842/805 1314/1636/837
f 1242/1637/838 1386/1799/819 1390/1635/803
f 1287/1639/840 1286/1862/1022 1232/1640/841
f 1232/1640/841 1252/1530/743 1290/1641/842
f 1346/1373/586 1345/3032/1498 1210/1642/843
f 1210/1642/843 1211/1781/965 1213/1643/844
f 1214/1644/845 1346/1373/586 1210/1642/843
f 1380/1645/846 1372/1805/987 1320/1646/847
f 1268/1648/849 1243/1735/920 1242/1637/838
f 1242/1637/838 1267/1638/839 1266/1634/836
f 1266/1634/836 1265/1736/921 1268/1648/849
f 971/1649/850 1050/1435/648 1051/1452/665
f 1081/1620/826 1158/3042/813 1159/1651/815
f 1159/1651/815 1148/3044/806 1057/1460/673
f 1057/1460/673 1148/3044/806 1149/1652/808
f 1060/1458/671 1149/1652/808 1145/1653/801
f 1023/1426/639 1145/1653/801 1142/1614/763
f 1171/1626/832 1170/1627/833 1172/1654/852
f 1171/1656/832 1173/3045/812 1131/1657/853
f 1133/1630/834 1131/1657/853 1125/1658/786
f 1123/1574/785 1125/1658/786 1126/1659/780
f 1216/1374/587 1346/1373/586 1347/1660/854
f 1054/1434/647 1127/1548/761 1128/1662/856
f 1198/1663/857 1199/1696/790 1182/1664/858
f 1121/1560/773 1130/3036/740 1093/1525/738
f 1120/1528/741 1117/1540/753 1069/1665/859
f 1071/1390/603 1069/1665/859 1117/1540/753
f 1108/1526/739 964/1472/685 970/1558/771
f 1010/1487/700 1091/1413/626 1180/1507/720
f 1006/1470/683 1041/1446/659 1177/1667/861
f 1221/1670/864 1218/1701/888 1348/1668/862
f 1348/1668/862 1349/1782/966 1226/1669/863
f 1134/1586/797 1132/1585/796 1124/1573/784
f 1122/1570/781 1124/1573/784 1050/1435/648
f 1273/1520/733 1269/1737/922 1315/1671/865
f 999/1650/851 1051/1452/665 1052/1454/667
f 1153/1607/816 1147/3041/1503 1146/1618/825
f 1016/1673/866 1055/1683/874 1069/1665/859
f 1331/1674/867 1329/1704/891 1302/1675/868
f 1116/1539/752 1117/1540/753 1118/1542/755
f 1115/1479/692 1118/1542/755 1113/1545/758
f 963/1543/756 1113/1545/758 1109/1676/869
f 960/1678/871 961/1677/870 1109/1676/869
f 1067/1679/872 1175/1497/710 1174/1499/712
f 1067/1679/872 1006/1470/683 1176/1581/792
f 1041/1446/659 1042/1471/684 1178/1485/698
f 1042/1471/684 1010/1487/700 1179/1666/860
f 1091/1413/626 1092/1505/718 1181/1508/721
f 1092/1505/718 1129/1580/791 1182/1680/858
f 1183/1456/669 1182/1664/858 1129/1681/791
f 1184/1457/670 1183/1456/669 1056/1682/873
f 1185/1532/745 1184/1457/670 1055/1683/874
f 1154/1601/811 1173/1655/812 1172/1684/852
f 1105/1518/731 1174/1499/712 1207/1498/711
f 1186/1687/877 1191/1689/879 1189/1685/875
f 1189/1685/875 1188/1691/881 1190/1686/876
f 1190/1686/876 1187/1693/883 1186/1687/877
f 1193/1688/878 1194/1690/880 1189/1685/875
f 1194/1690/880 1003/1513/726 1188/1691/881
f 1003/1513/726 1195/1692/882 1190/1686/876
f 1195/1692/882 1196/1694/884 1187/1693/883
f 1196/1694/884 1192/1695/885 1186/1687/877
f 1193/1688/878 1191/1689/879 1186/1687/877
f 1105/1518/731 1193/1688/878 1192/1695/885
f 1083/1495/708 1194/1690/880 1193/1688/878
f 1104/1516/729 990/1381/594 1196/1694/884
f 990/1381/594 994/1517/730 1192/1695/885
f 1052/1454/667 1053/1453/666 1198/1663/857
f 1053/1453/666 1128/1662/856 1199/1696/790
f 1200/1506/719 1199/1579/790 1128/1697/856
f 1095/1578/789 1011/1417/630 1201/1463/676
f 1136/1590/800 1137/1589/799 1165/1365/578
f 1165/1365/578 1164/1364/577 1162/1698/774
f 1206/1483/696 993/1399/612 1082/1496/709
f 1212/1699/886 1211/1781/965 1210/1642/843
f 1218/1701/888 1221/1670/864 1220/1702/889
f 1263/1549/762 1299/1733/918 1329/1704/891
f 1223/1705/892 1226/1669/863 1225/1706/893
f 1296/1709/896 1295/1752/937 1223/1705/892
f 1223/1705/892 1224/1707/894 1298/1708/895
f 1298/1708/895 1297/1773/957 1296/1709/896
f 1225/1706/893 1229/1784/968 1228/1710/897
f 1238/1711/898 1236/1714/901 1237/1712/899
f 1234/1713/900 1237/1712/899 1236/1714/901
f 1248/1716/903 1250/1800/982 1251/1717/904
f 1255/1719/906 1227/1767/951 1239/1720/907
f 1256/1721/908 1239/1720/907 1236/1714/901
f 1244/1722/909 1243/1735/920 1268/1648/849
f 1251/1717/904 1250/1800/982 1343/1724/911
f 1343/1724/911 1344/1779/963 1254/1725/912
f 1315/1671/865 1313/1759/943 1217/1726/913
f 1333/1727/914 1334/1776/960 1305/1728/915
f 1232/1640/841 1233/1850/1019 999/1650/851
f 1254/1725/912 1253/1583/794 1247/1718/905
f 1238/1711/898 1230/1554/767 1214/1644/845
f 1008/1437/650 1037/1400/613 1146/1730/825
f 1256/1721/908 1211/1781/965 1212/1699/886
f 1296/1709/896 1260/1547/760 1258/1371/584
f 1262/1421/634 1297/1773/957 1298/1708/895
f 1244/1722/909 1270/1723/910 1274/1732/917
f 1261/1420/633 1298/1708/895 1299/1733/918
f 1275/1422/635 1264/1443/656 1302/1675/868
f 1302/1675/868 1257/1739/924 1276/1734/919
f 1352/1474/687 1106/1546/759 1046/1450/663
f 1242/1637/838 1243/1735/920 1212/1699/886
f 1244/1722/909 1255/1719/906 1212/1699/886
f 1031/1433/646 1263/1549/762 1331/1674/867
f 1270/1723/910 1268/1648/849 1265/1736/921
f 1303/1738/923 1276/1734/919 1257/1739/924
f 1277/1424/637 1278/1423/636 1305/1728/915
f 1282/1741/926 1281/1814/995 1280/1742/927
f 1283/1744/929 1286/1862/1022 1285/1745/930
f 1287/1639/840 1290/1641/842 1289/1747/932
f 1294/1749/934 1293/1370/583 1292/1750/935
f 1295/1752/937 1296/1709/896 1293/1370/583
f 1338/1522/735 1246/1524/737 1315/1671/865
f 1315/1671/865 1248/1716/903 1247/1718/905
f 1078/1492/705 1125/1575/786 1131/1753/853
f 1224/1707/894 1228/1710/897 1299/1733/918
f 1300/1740/925 1257/1739/924 1302/1675/868
f 1276/1734/919 1303/1738/923 1304/1755/939
f 1307/1756/940 1310/1860/1020 1309/1757/941
f 1265/1736/921 1266/1634/836 1314/1636/837
f 1313/1759/943 1315/1671/865 1269/1737/922
f 1274/1732/917 1270/1723/910 1269/1737/922
f 1272/1760/944 1273/1520/733 1246/1524/737
f 1278/1423/636 1304/1755/939 1306/1729/916
f 1249/1763/947 1250/1800/982 1248/1716/903
f 1320/1646/847 1319/1780/964 1317/1762/946
f 1219/1703/890 1220/1702/889 1322/1764/948
f 1324/1766/950 1239/1720/907 1227/1767/951
f 1328/1769/953 1327/1815/996 1326/1770/954
f 1330/1772/956 1301/1754/938 1302/1675/868
f 1260/1547/760 1296/1709/896 1297/1773/957
f 1056/1682/873 1129/1681/791 1130/1527/740
f 1130/1527/740 1070/1529/742 1069/1665/859
f 1069/1665/859 1055/1683/874 1056/1682/873
f 1336/1775/959 1335/1786/970 1334/1776/960
f 1337/1582/793 1340/1810/992 1339/1777/961
f 1342/1778/962 1341/1841/1017 1316/1761/945
f 1317/1762/946 1319/1780/964 1343/1724/911
f 1332/1774/958 1348/1668/862 1347/1660/854
f 1256/1721/908 1238/1711/898 1213/1643/844
f 1219/1703/890 1321/1765/949 1215/1372/585
f 1239/1720/907 1324/1766/950 1235/1715/902
f 1222/1661/855 1347/1660/854 1348/1668/862
f 1234/1713/900 1349/1782/966 1348/1668/862
f 1349/1782/966 1234/1713/900 1235/1715/902
f 1330/1772/956 1228/1710/897 1229/1784/968
f 1275/1422/635 1277/1424/637 1046/1450/663
f 1043/1449/662 1033/1444/657 1264/1443/656
f 1275/1422/635 1046/1450/663 1043/1449/662
f 1329/1704/891 1299/1733/918 1228/1710/897
f 1295/1752/937 1221/1670/864 1226/1669/863
f 1217/1726/913 1313/1759/943 1314/1636/837
f 1314/1636/837 1341/1841/1017 1342/1778/962
f 1342/1778/962 1249/1763/947 1217/1726/913
f 1335/1786/970 1354/1861/1021 1353/1787/971
f 1364/1788/972 1367/3046/981 1378/1789/973
f 959/1536/749 1357/1534/747 1358/1790/974
f 1363/1791/975 1366/1794/978 1365/1792/976
f 1366/1794/978 1359/1817/998 1360/1795/979
f 1334/1776/960 1353/1787/971 1352/1474/687
f 1373/1796/980 1374/1808/990 1254/1725/912
f 1021/1425/638 1022/1427/640 1259/1369/582
f 1345/3032/1498 1215/1372/585 1385/1798/680
f 1385/1798/680 1406/3047/679 1386/1799/819
f 1386/1799/819 1242/1637/838 1209/1700/887
f 1210/1642/843 1345/3032/1498 1385/1798/680
f 1386/1799/819 1209/1700/887 1210/1642/843
f 1222/1661/855 1218/1701/888 1219/1703/890
f 1230/1554/767 1237/1712/899 1332/1774/958
f 1342/1778/962 1343/1724/911 1250/1800/982
f 1096/1509/722 1097/1632/835 1073/1481/694
f 1073/1481/694 1072/1482/695 982/1411/624
f 982/1411/624 1013/1491/704 1096/1509/722
f 1220/1702/889 1294/1749/934 1291/1751/936
f 1221/1670/864 1295/1752/937 1294/1749/934
f 1226/1669/863 1349/1782/966 1350/1783/967
f 1368/1801/983 967/1572/783 966/1571/782
f 1370/1803/985 1282/1741/926 1279/1743/928
f 1319/1780/964 1320/1646/847 1372/1805/987
f 1344/1779/963 1319/1780/964 1371/1806/988
f 1385/1467/680 1401/1826/1007 1402/1807/989
f 1253/1583/794 1254/1725/912 1374/1808/990
f 1340/1810/992 1337/1582/793 1377/1584/795
f 1335/1786/970 1336/1775/959 1379/1812/994
f 1281/1814/995 1283/1744/929 1284/1746/931
f 1327/1815/996 1241/1519/732 1240/1816/997
f 963/1543/756 961/1677/870 1355/1533/746
f 1359/1817/998 1366/1794/978 1361/1793/977
f 963/1543/756 1355/1533/746 1359/1817/998
f 1381/1818/999 1370/1803/985 1369/1804/986
f 967/1572/783 1368/1801/983 1383/1820/1001
f 1046/1450/663 1106/1546/759 1068/1414/627
f 1068/1414/627 1048/1451/664 1047/1448/661
f 1395/1595/805 1396/1594/804 1399/1821/1002
f 1387/1615/765 1394/1848/768 1292/1750/935
f 1391/1823/1004 1394/1555/768 1393/1556/769
f 1400/1822/1003 1399/1821/1002 1398/1613/822
f 1318/1647/848 1397/1840/821 1413/1825/1006
f 1401/1826/1007 1404/1828/1009 1403/1827/1008
f 1321/1765/949 1401/1847/1007 1385/1798/680
f 1391/1823/1004 1392/1824/1005 1403/1827/1008
f 969/1829/827 1408/3048/1016 1407/1830/1010
f 1407/1830/1010 1408/3048/1016 1410/1832/1012
f 1409/1833/1013 1410/1832/1012 1412/1834/1014
f 958/1587/798 1383/1820/1001 1408/1836/1016
f 1408/1836/1016 1383/1820/1001 1381/1818/999
f 1410/1838/1012 1381/1818/999 1382/1819/1000
f 1316/1761/945 1400/3049/1003 1397/1840/821
f 1341/1841/1017 1314/1636/837 1395/1842/805
f 1395/1842/805 1400/3049/1003 1316/1761/945
f 1135/1445/658 1136/3050/800 1162/1561/774
f 1162/1561/774 1088/1503/716 978/1361/574
f 978/1361/574 979/1511/724 1135/1445/658
f 1109/1676/869 1113/1545/758 1114/1544/757
f 1112/1843/1018 1111/1538/751 1110/1537/750
f 1109/1676/869 1114/1544/757 1112/1843/1018
f 1280/1742/927 1284/1746/931 1374/1844/990
f 1321/1765/949 1322/1764/948 1404/1846/1009
f 1291/1751/936 1391/1849/1004 1404/1846/1009
f 1291/1751/936 1292/1750/935 1394/1848/768
f 1208/1802/984 966/1571/782 971/1649/850
f 971/1649/850 999/1650/851 1233/1850/1019
f 1414/1611/820 1411/1835/1015 1412/1834/1014
f 1412/1839/1014 1382/1819/1000 1380/1852/846
f 1382/1819/1000 1369/1804/986 1372/1854/987
f 1369/1804/986 1279/1743/928 1371/1855/988
f 1279/1743/928 1280/1742/927 1373/1845/980
f 1233/1850/1019 1283/1744/929 1281/1814/995
f 1281/1814/995 1282/1741/926 1208/1802/984
f 1284/1746/931 1285/1745/930 1375/1856/991
f 1288/1748/933 1289/1747/932 1376/1857/993
f 1308/1758/942 1309/1757/941 1378/1789/973
f 1367/1797/981 1354/1861/1021 1335/1786/970
f 1364/1788/972 1309/1757/941 1310/1860/1020
f 1363/1791/975 1310/1860/1020 1311/1391/604
f 1354/1861/1021 1367/1797/981 970/1558/771
f 1339/1777/961 1333/1727/914 1306/1729/916
f 1271/1521/734 1303/1738/923 1300/1740/925
f 1370/1803/985 1381/1818/999 1383/1820/1001
f 1282/1741/926 1370/1803/985 1368/1801/983
f 1252/1530/743 1185/1532/745 1016/1673/866
f 1205/1484/697 1176/1581/792 1177/1667/861
f 1177/1667/861 1178/1485/698 1203/1438/651
f 1203/1438/651 1204/2132/1268 1205/1484/697
f 1286/1862/1022 1283/1744/929 1233/1850/1019
f 1184/1457/670 1185/1532/745 998/1531/744
f 998/1531/744 1052/1454/667 1197/1455/668
f 1310/1860/1020 1307/1756/940 1312/1389/602
f 1366/1794/978 1363/1791/975 1362/1478/691
f 1358/1790/974 1355/1533/746 961/1677/870
f 1325/1771/955 1326/1770/954 1301/1754/938
f 1301/1754/938 1326/1770/954 1240/1816/997
f 1303/1738/923 1271/1521/734 1272/1760/944
f 1304/1755/939 1272/1760/944 1245/1523/736
f 1340/1810/992 1336/1775/959 1333/1727/914
f 1336/1775/959 1340/1810/992 1376/1811/993
f 1289/1747/932 1308/1758/942 1379/1859/994
f 1290/1641/842 1307/1756/940 1308/1758/942
f 1307/1756/940 1290/1641/842 1252/1530/743
f 1351/1785/969 1323/1768/952 1328/1769/953
f 1416/1865/1025 1415/3051/1504 1420/1863/1023
f 1420/1863/1023 1419/1870/1030 1418/1864/1024
f 1418/1864/1024 1417/1868/1028 1416/1865/1025
f 1421/1866/1026 1415/3051/1504 1416/1865/1025
f 1422/1867/1027 1416/1865/1025 1417/1868/1028
f 1235/1715/902 1417/1868/1028 1418/1864/1024
f 1423/1869/1029 1418/1864/1024 1419/1870/1030
f 1424/1871/1031 1419/1870/1030 1420/1863/1023
f 1420/1863/1023 1415/3051/1504 1421/1866/1026
f 1425/1872/1032 1421/1866/1026 1351/1785/969
f 1421/1866/1026 1422/1867/1027 1324/1766/950
f 1350/1783/967 1423/1869/1029 1424/1871/1031
f 1225/1706/893 1424/1871/1031 1425/1872/1032
f 1286/1862/1022 1287/1639/840 1288/1748/933
f 1285/1745/930 1288/1748/933 1377/1858/795
f 1323/1768/952 1227/1767/951 1327/1815/996
s 240
f 1426/1873/1033 1431/1882/1042 1432/1874/1034
f 1437/3052/1505 1427/1879/1039 1431/1882/1042
f 1430/1876/1036 1426/1873/1033 1433/1875/1035
f 1437/3052/1505 1431/1882/1042 1430/1876/1036
f 1435/1878/1038 1436/1880/1040 1437/3052/1505
f 1428/1877/1037 1429/1894/1054 1435/1878/1038
f 1433/1875/1035 1434/1899/1059 1428/1877/1037
f 1435/1878/1038 1437/3052/1505 1430/1876/1036
f 1430/1876/1036 1433/1875/1035 1428/1877/1037
f 1427/1879/1039 1437/3052/1505 1436/1880/1040
f 1427/1879/1039 1438/1881/1041 1432/1874/1034
f 1436/1880/1040 1439/1897/1057 1440/1883/1043
f 1438/1881/1041 1440/1883/1043 1441/1884/1044
f 1441/1884/1044 1442/1886/1046 1433/1875/1035
f 1440/1883/1043 1443/3053/1506 1444/1885/1045
f 1444/1885/1045 1445/1887/1047 1442/1886/1046
f 1445/1887/1047 1446/1895/1055 1447/1888/1048
f 1450/1889/1049 1452/1896/1056 1453/1890/1050
f 1451/1891/1051 1453/1890/1050 1454/1892/1052
f 1454/1892/1052 1453/1890/1050 1429/1894/1054
f 1428/1877/1037 1434/1899/1059 1447/1888/1048
f 1454/1892/1052 1447/1888/1048 1446/1895/1055
f 1452/1896/1056 1435/1878/1038 1429/1894/1054
f 1439/1897/1057 1436/1880/1040 1435/1878/1038
f 1450/1889/1049 1449/1898/1058 1439/1897/1057
f 1449/1898/1058 1443/3053/1506 1440/1883/1043
f 1434/1899/1059 1433/1875/1035 1442/1886/1046
s 238
f 1455/1475/688 1462/1909/1069 1461/1900/1060
f 1460/1476/689 1456/1903/1063 1466/1905/1065
f 1466/1905/1065 1465/1904/1064 1464/1901/1061
f 1464/1901/1061 1458/1919/1079 1457/1902/1062
f 1457/1902/1062 1463/1924/1084 1462/1909/1069
f 1462/1909/1069 1455/1475/688 1459/1477/690
f 1459/1477/690 1460/1476/689 1466/1905/1065
f 1457/1902/1062 1462/1909/1069 1459/1477/690
f 1459/1477/690 1466/1905/1065 1464/1901/1061
f 1456/1903/1063 1467/1906/1066 1465/1904/1064
f 1456/1903/1063 1460/1476/689 1461/1900/1060
f 1469/1907/1067 1468/1921/1081 1465/1904/1064
f 1467/1906/1066 1461/1900/1060 1470/1908/1068
f 1470/1908/1068 1461/1900/1060 1462/1909/1069
f 1473/1911/1071 1472/1923/1083 1469/1907/1067
f 1471/1910/1070 1474/1912/1072 1473/1911/1071
f 1474/1912/1072 1471/1910/1070 1476/1913/1073
f 1482/1915/1075 1481/1920/1080 1479/1916/1076
f 1480/1917/1077 1477/3054/1507 1483/1918/1078
f 1483/1918/1078 1457/1902/1062 1458/1919/1079
f 1476/1913/1073 1463/1924/1084 1457/1902/1062
f 1483/1918/1078 1477/3054/1507 1475/1914/1074
f 1458/1919/1079 1464/1901/1061 1481/1920/1080
f 1464/1901/1061 1465/1904/1064 1468/1921/1081
f 1468/1921/1081 1478/1922/1082 1479/1916/1076
f 1478/1922/1082 1468/1921/1081 1469/1907/1067
f 1471/1910/1070 1462/1909/1069 1463/1924/1084
s 241
f 1484/1925/1085 1503/1966/1122 1504/1926/1086
f 1486/1928/1088 1485/1927/1087 1504/1926/1086
f 1562/1930/1090 1581/2033/1178 1582/1931/1091
s 239
f 1637/1933/18 1636/2108/1234 1638/1934/1093
f 1641/1936/1095 1640/3055/1508 1637/1933/18
s 241
f 1486/1928/1088 1505/1929/1089 1506/1937/1096
f 1489/1939/1098 1508/1972/1128 1509/1940/1099
f 1491/1942/1101 1490/1941/1100 1509/1940/1099
f 1492/1944/37 1491/1942/1101 1510/1943/1102
f 1493/1946/1104 1492/1944/37 1511/1945/1103
f 1493/1946/1104 1512/1947/1105 1513/1948/1106
f 1495/1950/1108 1494/1949/1107 1513/1948/1106
f 1496/1952/1110 1495/1950/1108 1514/1951/1109
f 1496/1952/1110 1515/1953/1111 1516/1954/1112
f 1497/1955/39 1516/1954/1112 1517/1956/1113
f 1499/1958/1115 1498/1957/1114 1517/1956/1113
f 1499/1958/1115 1518/1959/1116 1519/1960/1117
f 1500/1961/1118 1519/1960/1117 1520/1962/1119
f 1502/1964/1 1501/1963/1120 1520/1962/1119
f 1502/1964/1 1521/1965/1121 1503/1966/1122
f 1504/1926/1086 1503/1966/1122 1522/1967/1123
f 1505/1929/1089 1504/1926/1086 1523/1968/1124
f 1507/1970/1126 1526/2128/1509 1527/1971/1127
f 1488/1973/1129 1507/1970/1126 1508/1972/1128
f 1509/1940/1099 1508/1972/1128 1527/1971/1127
f 1509/1940/1099 1528/1974/1130 1529/1975/1131
f 1510/1943/1102 1529/1975/1131 1530/1976/1132
f 1512/1947/1105 1511/1945/1103 1530/1976/1132
f 1512/1947/1105 1531/1977/1133 1532/1978/1134
f 1513/1948/1106 1532/1978/1134 1533/1979/1135
f 1515/1953/1111 1514/1951/1109 1533/1979/1135
f 1516/1954/1112 1515/1953/1111 1534/1980/1136
f 1517/1956/1113 1516/1954/1112 1535/1981/1137
f 1518/1959/1116 1517/1956/1113 1536/1982/1138
f 1519/1960/1117 1518/1959/1116 1537/1983/1139
f 1520/1962/1119 1519/1960/1117 1538/1984/1140
f 1520/1962/1119 1539/1985/1141 1540/1986/1142
f 1503/1966/1122 1521/1965/1121 1540/1986/1142
f 1523/1968/1124 1522/1967/1123 1541/1987/1143
f 1523/1968/1124 1542/1988/1144 1543/1989/1145
f 1545/1990/1146 1564/2126/1510 1565/1991/1147
s 239
f 1643/1993/1149 1642/2077/1217 1645/1994/1150
f 1647/1996/1152 1644/3056/1511 1643/1993/1149
s 241
f 1524/1969/1125 1543/1989/1145 1544/1997/1153
f 1528/1974/1130 1527/1971/1127 1546/1992/1148
f 1529/1975/1131 1528/1974/1130 1547/1999/1155
f 1530/1976/1132 1529/1975/1131 1548/2000/1156
f 1531/1977/1133 1530/1976/1132 1549/2001/1157
f 1531/1977/1133 1550/2002/1158 1551/2003/1159
f 1532/1978/1134 1551/2003/1159 1552/2004/1160
f 1533/1979/1135 1552/2004/1160 1553/2005/1161
f 1534/1980/1136 1553/2005/1161 1554/2006/1162
f 1535/1981/1137 1554/2006/1162 1555/2007/1163
f 1537/1983/1139 1536/1982/1138 1555/2007/1163
f 1538/1984/1140 1537/1983/1139 1556/2008/1164
f 1538/1984/1140 1557/2009/1165 1558/2010/1166
f 1540/1986/1142 1539/1985/1141 1558/2010/1166
f 1540/1986/1142 1559/2011/1167 1541/1987/1143
f 1541/1987/1143 1560/2030/1104 1561/2012/1107
f 1543/1989/1145 1542/1988/1144 1561/2012/1107
f 1620/2013/1168 1619/2074/1215 1486/1928/1088
s 239
f 1646/1995/1151 1645/1994/1150 1648/2014/1169
f 1650/2016/1170 1647/1996/1152 1646/1995/1151
s 241
f 1544/1997/1153 1543/1989/1145 1562/1930/1090
f 1546/1992/1148 1565/1991/1147 1566/2017/1118
f 1547/1999/1155 1566/2017/1118 1567/2018/1120
f 1548/2000/1156 1567/2018/1120 1568/2019/1
f 1549/2001/1157 1568/2019/1 1569/2020/1171
f 1550/2002/1158 1569/2020/1171 1570/2021/1087
f 1552/2004/1160 1551/2003/1159 1570/2021/1087
f 1553/2005/1161 1552/2004/1160 1571/2022/1172
f 1553/2005/1161 1572/2023/1173 1573/2024/18
f 1555/2007/1163 1554/2006/1162 1573/2024/18
f 1555/2007/1163 1574/2025/1174 1575/2026/1175
f 1556/2008/1164 1575/2026/1175 1576/2027/1100
f 1558/2010/1166 1557/2009/1165 1576/2027/1100
f 1558/2010/1166 1577/2028/1101 1578/2029/37
f 1541/1987/1143 1559/2011/1167 1578/2029/37
f 1561/2012/1107 1560/2030/1104 1579/2031/1176
f 1561/2012/1107 1580/2032/1177 1581/2033/1178
f 1527/1971/1127 1526/2128/1509 1545/1990/1146
s 239
f 1652/2034/1179 1649/2015/39 1648/2014/1169
f 1650/2016/1170 1649/2015/39 1652/2034/1179
s 241
f 1566/2017/1118 1565/1991/1147 1584/2037/1182
f 1567/2018/1120 1566/2017/1118 1585/2038/1183
f 1568/2019/1 1567/2018/1120 1586/2039/1184
f 1568/2019/1 1587/2040/1185 1588/2041/1186
f 1569/2020/1171 1588/2041/1186 1589/2042/1187
f 1570/2021/1087 1589/2042/1187 1590/2043/1188
f 1571/2022/1172 1590/2043/1188 1591/2044/1189
f 1573/2024/18 1572/2023/1173 1591/2044/1189
f 1573/2024/18 1592/2045/1190 1593/2046/1191
f 1575/2026/1175 1574/2025/1174 1593/2046/1191
f 1576/2027/1100 1575/2026/1175 1594/2047/1192
f 1576/2027/1100 1595/2048/1193 1596/2049/1194
f 1577/2028/1101 1596/2049/1194 1597/2050/1195
f 1560/2030/1104 1578/2029/37 1597/2050/1195
f 1579/2031/1176 1598/2070/1213 1599/2051/1196
f 1581/2033/1178 1580/2032/1177 1599/2051/1196
f 1565/1991/1147 1564/2126/1510 1583/2053/1198
s 239
f 1655/2054/1199 1652/2034/1179 1651/2035/1180
f 1653/2036/1181 1652/2034/1179 1655/2054/1199
s 241
f 1506/1937/1096 1505/1929/1089 1524/1969/1125
f 1584/2037/1182 1603/2110/1236 1604/2057/1200
f 1585/2038/1183 1604/2057/1200 1605/2058/1201
f 1587/2040/1185 1586/2039/1184 1605/2058/1201
f 1587/2040/1185 1606/2059/1202 1607/2060/1203
f 1588/2041/1186 1607/2060/1203 1608/2061/1204
f 1590/2043/1188 1589/2042/1187 1608/2061/1204
f 1591/2044/1189 1590/2043/1188 1609/2062/1205
f 1592/2045/1190 1591/2044/1189 1610/2063/1206
f 1593/2046/1191 1592/2045/1190 1611/2064/1207
f 1593/2046/1191 1612/2065/1208 1613/2066/1209
f 1594/2047/1192 1613/2066/1209 1614/2067/1210
f 1596/2049/1194 1595/2048/1193 1614/2067/1210
f 1596/2049/1194 1615/2068/1211 1616/2069/1212
f 1579/2031/1176 1597/2050/1195 1616/2069/1212
f 1598/2071/1213 1617/2105/1232 1618/2072/1214
f 1599/2073/1196 1618/2072/1214 1619/2074/1215
f 1582/1931/1091 1581/2033/1178 1600/2052/1197
s 239
f 1643/1993/1149 1644/3056/1511 1641/1936/1095
f 1639/1935/1094 1638/1934/1093 1642/2077/1217
f 1643/1993/1149 1641/1936/1095 1639/1935/1094
s 241
f 1622/2078/1218 1621/2120/1267 1488/1973/1129
f 1604/2079/1200 1603/2131/1236 1622/2078/1218
f 1605/2081/1201 1604/2079/1200 1623/2080/1219
f 1606/2083/1202 1605/2081/1201 1624/2082/1220
f 1606/2083/1202 1625/2084/1221 1626/2085/1222
f 1607/2086/1203 1626/2085/1222 1627/2087/1223
f 1609/2089/1205 1608/2088/1204 1627/2087/1223
f 1609/2089/1205 1628/2090/1224 1629/2091/1225
f 1610/2092/1206 1629/2091/1225 1630/2093/1226
f 1611/2094/1207 1630/2093/1226 1631/2095/1227
f 1612/2096/1208 1631/2095/1227 1632/2097/1228
f 1614/2099/1210 1613/2098/1209 1632/2097/1228
f 1614/2099/1210 1633/2100/1229 1634/2101/1230
f 1615/2102/1211 1634/2101/1230 1635/2103/1231
f 1616/2104/1212 1635/2103/1231 1617/2105/1232
f 1618/2072/1214 1617/2105/1232 1484/1925/1085
f 1618/2072/1214 1485/1927/1087 1486/1928/1088
f 1600/2075/1197 1619/2074/1215 1620/2013/1168
s 239
f 1637/1933/18 1658/1567/779 1657/2107/1233
f 1637/1933/18 1640/3055/1508 1659/2109/1235
s 241
f 1583/2053/1198 1602/2124/1512 1603/2110/1236
f 1623/2080/1219 1622/2078/1218 1489/1939/1098
f 1623/2080/1219 1490/1941/1100 1491/1942/1101
f 1624/2082/1220 1491/1942/1101 1492/1944/37
f 1625/2084/1221 1492/1944/37 1493/1946/1104
f 1627/2087/1223 1626/2085/1222 1493/1946/1104
f 1627/2087/1223 1494/1949/1107 1495/1950/1108
f 1628/2090/1224 1495/1950/1108 1496/1952/1110
f 1629/2091/1225 1496/1952/1110 1497/1955/39
f 1631/2095/1227 1630/2093/1226 1497/1955/39
f 1631/2095/1227 1498/1957/1114 1499/1958/1115
f 1633/2100/1229 1632/2097/1228 1499/1958/1115
f 1634/2101/1230 1633/2100/1229 1500/1961/1118
f 1634/2101/1230 1501/1963/1120 1502/1964/1
f 1617/2105/1232 1635/2103/1231 1502/1964/1
s 242
f 1638/2111/1237 1636/3057/1513 1487/1938/1238
f 1642/2112/1240 1638/2111/1237 1506/1937/1239
f 1645/2113/1242 1642/2112/1240 1525/1998/1241
f 1648/2114/1244 1645/2113/1242 1544/1997/1243
f 1648/2114/1244 1563/1932/1245 1582/1931/1246
f 1651/2115/1247 1582/1931/1246 1601/2076/1248
f 1654/2117/1249 1601/2106/1248 1620/2013/1250
f 1487/1938/1238 1636/3057/1513 1657/2118/1251
s 243
f 1659/2119/1252 1640/3058/1514 1488/1973/1253
f 1656/2121/1255 1659/2119/1252 1621/2120/1254
f 1653/2123/1257 1656/3059/1255 1602/2124/1256
f 1650/2125/1259 1653/2123/1257 1583/2053/1258
f 1650/2125/1259 1564/2126/1260 1545/1990/1261
f 1647/2127/1262 1545/1990/1261 1526/2128/1263
f 1644/2129/1264 1526/2128/1263 1507/1970/1265
f 1488/1973/1253 1640/3058/1514 1641/2130/1266
s 241
f 1603/2131/1236 1602/2122/1512 1621/2120/1267
s 237
f 1179/1666/860 1180/1507/720 1201/1463/676
f 1099/1356/569 1100/1514/727 981/1512/725
f 1204/2132/1268 1203/1438/651 1039/1439/652
f 1241/1519/732 1327/1815/996 1227/1767/951
f 1227/1767/951 1255/1719/906 1244/1722/909
f 1033/1444/657 1043/1449/662 1044/1407/620
s 244
f 1668/2133/1269 1700/2146/1269 1702/2134/1269
s 245
f 1689/2136/18 1721/2203/18 1719/2137/18
s 246
f 1671/2139/1270 1703/2201/1270 1701/2140/1271
s 247
f 1684/2142/1272 1716/2155/1272 1718/2143/1272
s 248
f 1666/2145/1273 1698/2157/1273 1700/2146/1273
s 249
f 1687/2138/1274 1719/2137/1274 1717/2147/1274
s 250
f 1667/2149/1275 1669/2141/1275 1701/2140/1275
s 251
f 1726/2151/1276 1724/3060/1276 1725/2152/1276
s 252
f 1682/2154/1277 1714/2163/1277 1716/2155/1277
s 253
f 1664/2156/1278 1696/2238/1278 1698/2157/1278
s 254
f 1683/2158/1279 1685/2148/1279 1717/2147/1279
s 255
f 1667/2149/148 1699/2150/148 1697/2160/148
s 256
f 1680/2162/1280 1712/3061/1280 1714/2163/1280
s 257
f 1693/2164/1281 1695/2167/1282 1694/2165/1282
f 1695/2167/1282 1697/2169/44 1696/2168/44
f 1697/2169/44 1699/2171/44 1698/2170/44
f 1699/2171/44 1701/2173/44 1700/2172/44
f 1701/2173/44 1703/2175/44 1702/2174/44
f 1703/2175/44 1705/2177/44 1704/2176/44
f 1705/2177/44 1707/2179/44 1706/2178/44
f 1707/2179/44 1709/2181/44 1708/2180/44
f 1709/2181/44 1711/2183/44 1710/2182/44
f 1711/2183/44 1713/2185/44 1712/2184/44
f 1713/2185/44 1715/2187/44 1714/2186/44
f 1715/2187/44 1717/2189/44 1716/2188/44
f 1717/2189/44 1719/2191/44 1718/2190/44
f 1719/2191/44 1721/2193/44 1720/2192/44
f 1721/2193/44 1723/3062/44 1722/2194/44
s 258
f 1686/2144/39 1718/2143/39 1720/2195/39
s 259
f 1691/2197/1283 1690/3063/1283 1722/2198/1283
s 260
f 1671/2139/1284 1673/2211/1284 1705/2200/1284
s 261
f 1691/2202/1285 1723/3064/1285 1721/2203/1285
s 262
f 1670/2135/1286 1702/2134/1286 1704/2204/1286
s 263
f 1688/2196/1287 1720/2195/1287 1722/2206/1287
s 264
f 1728/2208/1288 1726/3065/1288 1727/2209/1288
s 265
f 1673/2211/1289 1675/2216/1289 1707/2212/1289
s 266
f 1672/2205/1290 1704/2204/1290 1706/2213/1290
s 267
f 1677/2215/1291 1709/2220/1291 1707/2212/1291
s 268
f 1674/2214/1292 1706/2213/1292 1708/2217/1292
s 269
f 1679/2219/1293 1711/3066/1293 1709/2220/1293
s 270
f 1676/2218/1294 1708/2217/1294 1710/2221/1294
s 271
f 1663/2223/1295 1695/2235/1295 1693/2224/1296
s 272
f 1681/2226/1297 1713/3067/1297 1711/2227/1297
s 273
f 1662/2229/1298 1660/2298/1299 1692/2230/1299
s 274
f 1678/2232/1300 1710/3068/1300 1712/2233/1300
s 275
f 1663/2223/1301 1665/2161/1301 1697/2160/1301
s 276
f 1683/2158/1302 1715/2159/1302 1713/2236/1302
s 277
f 1662/2229/1303 1694/2231/1303 1696/2238/1303
s 278
f 1661/2239/1304 1660/3069/1304 1662/2240/1305
f 1663/2241/1306 1662/2240/1305 1664/2242/53
f 1665/2243/53 1664/2242/53 1666/2244/53
f 1667/2245/53 1666/2244/53 1668/2246/53
f 1669/2247/53 1668/2246/53 1670/2248/53
f 1671/2249/53 1670/2248/53 1672/2250/53
f 1673/2251/53 1672/2250/53 1674/2252/53
f 1675/2253/53 1674/2252/53 1676/2254/53
f 1677/2255/53 1676/2254/53 1678/2256/53
f 1679/2257/53 1678/2256/53 1680/2258/53
f 1681/2259/53 1680/2258/53 1682/2260/53
f 1683/2261/53 1682/2260/53 1684/2262/53
f 1685/2263/53 1684/2262/53 1686/2264/53
f 1687/2265/53 1686/2264/53 1688/2266/53
f 1690/2268/53 1691/3070/53 1689/2267/53
s 279
f 1732/2269/1307 1730/2278/1307 1731/2270/1307
s 280
f 1661/2272/1308 1660/3071/1308 1734/2273/1308
s 281
f 1734/2275/1309 1732/3072/1309 1733/2276/1309
s 282
f 1730/2278/1310 1728/2208/1310 1729/2210/1310
s 283
f 1724/2279/1311 1692/2282/1311 1693/2280/1311
s 284
f 1692/2282/1312 1660/3071/1312 1661/2272/1312
s 285
f 1730/2283/1313 1732/2311/39 1747/2284/1314
s 286
f 1661/2225/1315 1736/2304/1315 1737/2286/1316
s 285
f 1728/2287/1314 1730/2283/1313 1746/2285/1313
f 1692/2230/39 1724/2309/39 1740/2289/1313
s 286
f 1729/2291/1318 1727/2305/1326 1742/2292/1319
f 1729/2291/1318 1745/2293/1320 1749/2294/1321
s 285
f 1728/2287/1314 1744/2288/39 1741/2296/39
f 1660/2298/39 1739/2306/39 1750/2299/39
s 286
f 1693/2224/1317 1737/2286/1316 1743/2301/1322
s 287
f 1661/2225/1324 1735/2307/1327 1751/2303/1325
s 286
f 1727/2305/1326 1725/2302/1323 1743/2301/1322
s 285
f 1660/2298/39 1692/2230/39 1738/2290/39
s 287
f 1735/2307/1327 1733/2310/1330 1748/2308/1328
s 285
f 1726/2297/39 1741/2296/39 1740/2289/1313
s 287
f 1731/2295/1329 1749/2294/1515 1748/2308/1328
s 285
f 1734/2300/39 1750/2299/39 1747/2284/1314
s 288
f 1748/2312/1331 1749/3073/1516 1765/2313/1332
s 289
f 1750/2315/1334 1766/3074/1334 1763/2316/1334
s 290
f 1756/2320/1338 1757/3075/1517 1760/2352/1364
f 1760/2352/1364 1762/2354/1365 1763/2318/1336
f 1763/2318/1336 1766/3076/1518 1755/2319/1337
f 1755/2319/1337 1754/3077/1519 1756/2320/1338
f 1756/2320/1338 1760/2352/1364 1763/2318/1336
s 291
f 1758/2323/1341 1759/3078/1520 1753/3079/1521
f 1753/3079/1521 1752/3080/1522 1767/2321/1339
f 1767/2321/1339 1764/3081/1523 1765/2322/1340
f 1765/2322/1340 1761/2369/1374 1758/2323/1341
f 1758/2323/1341 1753/3079/1521 1767/2321/1339
s 292
f 1740/2324/1342 1741/3082/1342 1757/2325/1342
s 293
f 1751/2327/1343 1748/3083/1524 1764/2328/1343
s 294
f 1739/2330/1344 1738/2351/1344 1754/2331/1344
s 295
f 1743/2333/1345 1759/3084/1345 1758/2334/1345
s 296
f 1751/2336/1346 1767/3085/1525 1752/2337/1347
s 297
f 1743/2339/1349 1737/2355/1526 1753/2340/1350
s 298
f 1750/2342/1352 1739/2330/1527 1755/2332/1353
s 299
f 1741/2344/1355 1744/3086/1528 1760/2345/1356
s 300
f 1742/2347/1358 1758/3087/1529 1761/2348/1359
s 301
f 1740/2350/1361 1756/3088/1530 1754/2331/1362
s 290
f 1760/2352/1364 1774/3089/18 1775/2353/18
s 302
f 1736/2338/1366 1752/2337/1366 1753/2340/1366
s 303
f 1747/2356/1367 1763/3090/1531 1762/2357/1368
s 304
f 1768/2359/1370 1769/3091/1370 1773/2360/1370
s 305
f 1771/2362/1371 1775/3092/1371 1774/2363/1371
s 306
f 1744/2365/1372 1770/2383/1372 1774/2366/1373
s 420
f 1745/2293/18 1769/3093/18 1768/2368/18
s 291
f 1761/2369/1374 1765/2322/1340 1772/2370/39
s 308
f 1745/2372/1375 1761/3094/1375 1773/2373/1375
s 309
f 1770/2364/1310 1776/3095/1310 1768/2375/1310
s 311
f 1771/2379/1376 1768/3096/44 1749/2380/44
s 306
f 1744/2365/1372 1745/3097/53 1776/2382/53
s 312
f 1746/2384/1377 1749/3098/1377 1745/2385/1377
s 313
f 1749/2380/1378 1768/3096/1378 1772/2387/1378
s 311
f 1746/2381/1376 1762/3099/1379 1775/2389/1379
s 314
f 1777/2390/37 1787/2403/37 1796/2391/37
s 315
f 1781/2393/39 1789/3100/39 1785/2394/39
s 316
f 1787/2396/1380 1788/3101/1375 1792/2397/1375
s 317
f 1785/2399/1373 1789/3102/1373 1790/2400/1373
s 318
f 1777/2390/1381 1779/3103/1381 1788/2402/1381
s 319
f 1778/2404/1382 1785/2434/1382 1786/2405/1382
s 320
f 1781/2407/1383 1783/3104/1383 1790/2408/1383
s 321
f 1780/2410/18 1786/3105/18 1790/2411/18
s 322
f 1784/2413/39 1792/2425/39 1788/2414/39
s 323
f 1782/2416/1384 1791/2423/1384 1792/2417/1384
s 324
f 1794/2419/18 1796/3106/18 1795/2420/18
s 325
f 1782/2416/1 1793/3107/1 1795/2422/1
s 316
f 1791/2398/1380 1795/3108/53 1796/2424/53
s 326
f 1792/2425/1385 1800/3109/1385 1798/2426/1385
s 327
f 1792/2417/1386 1791/2423/1386 1799/2427/1386
s 328
f 1787/2403/1387 1788/2402/1387 1798/2429/1387
s 329
f 1790/2411/1388 1786/3105/1388 1802/2431/1388
s 330
f 1790/2408/1389 1804/3110/1389 1803/2433/1389
s 331
f 1785/2434/1390 1801/3111/1390 1802/2435/1390
s 332
f 1815/2436/1269 1813/2448/1269 1845/2437/1269
s 333
f 1834/2439/18 1866/2506/18 1864/2440/18
s 334
f 1816/2442/1271 1848/2504/1271 1846/2443/1271
s 335
f 1829/2445/1272 1861/2458/1272 1863/2446/1272
s 336
f 1813/2448/1273 1811/2459/1273 1843/2449/1273
s 337
f 1832/2441/1274 1864/2440/1274 1862/2450/1274
s 338
f 1814/2444/1275 1846/2443/1275 1844/2452/1275
s 339
f 1871/2454/1276 1869/3112/1276 1870/2455/1276
s 340
f 1829/2445/1277 1827/2466/1277 1859/2457/1277
s 341
f 1811/2459/1278 1809/2541/1278 1841/2460/1278
s 342
f 1830/2451/1279 1862/2450/1279 1860/2461/1279
s 343
f 1812/2453/148 1844/2452/148 1842/2463/148
s 344
f 1825/2465/1280 1857/3113/1280 1859/2457/1280
s 345
f 1838/2467/1281 1840/2470/1282 1839/2468/1282
f 1840/2470/1282 1842/2472/44 1841/2471/44
f 1842/2472/44 1844/2474/44 1843/2473/44
f 1844/2474/44 1846/2476/44 1845/2475/44
f 1846/2476/44 1848/2478/44 1847/2477/44
f 1848/2478/44 1850/2480/44 1849/2479/44
f 1850/2480/44 1852/2482/44 1851/2481/44
f 1852/2482/44 1854/2484/44 1853/2483/44
f 1854/2484/44 1856/2486/44 1855/2485/44
f 1856/2486/44 1858/2488/44 1857/2487/44
f 1858/2488/44 1860/2490/44 1859/2489/44
f 1860/2490/44 1862/2492/44 1861/2491/44
f 1862/2492/44 1864/2494/44 1863/2493/44
f 1864/2494/44 1866/2496/44 1865/2495/44
f 1866/2496/44 1868/3114/44 1867/2497/44
s 346
f 1831/2447/39 1863/2446/39 1865/2498/39
s 347
f 1835/2500/1283 1867/3115/1283 1868/2501/1283
s 348
f 1818/2503/1284 1850/2515/1284 1848/2504/1284
s 349
f 1836/2505/1285 1868/3116/1285 1866/2506/1285
s 350
f 1815/2436/1286 1847/2438/1286 1849/2507/1286
s 351
f 1835/2509/1287 1833/2499/1287 1865/2498/1287
s 352
f 1873/2511/1288 1871/3117/1288 1872/2512/1288
s 353
f 1820/2514/1289 1852/2519/1289 1850/2515/1289
s 354
f 1817/2508/1290 1849/2507/1290 1851/2516/1290
s 355
f 1822/2518/1291 1854/2523/1291 1852/2519/1291
s 356
f 1819/2517/1292 1851/2516/1292 1853/2520/1292
s 357
f 1824/2522/1293 1856/3118/1293 1854/2523/1293
s 358
f 1821/2521/1294 1853/2520/1294 1855/2524/1294
s 359
f 1808/2526/1295 1840/2538/1295 1838/2527/1296
s 360
f 1826/2529/1297 1858/3119/1297 1856/2530/1297
s 361
f 1807/2532/1298 1805/2601/1299 1837/2533/1299
s 362
f 1825/2535/1300 1823/3120/1300 1855/2536/1300
s 363
f 1810/2464/1301 1842/2463/1301 1840/2538/1301
s 364
f 1828/2462/1302 1860/2461/1302 1858/2539/1302
s 365
f 1807/2532/1303 1839/2534/1303 1841/2460/1303
s 366
f 1806/2542/1304 1805/3121/1304 1807/2543/1305
f 1808/2544/1306 1807/2543/1305 1809/2545/53
f 1810/2546/53 1809/2545/53 1811/2547/53
f 1812/2548/53 1811/2547/53 1813/2549/53
f 1814/2550/53 1813/2549/53 1815/2551/53
f 1816/2552/53 1815/2551/53 1817/2553/53
f 1818/2554/53 1817/2553/53 1819/2555/53
f 1820/2556/53 1819/2555/53 1821/2557/53
f 1822/2558/53 1821/2557/53 1823/2559/53
f 1824/2560/53 1823/2559/53 1825/2561/53
f 1826/2562/53 1825/2561/53 1827/2563/53
f 1828/2564/53 1827/2563/53 1829/2565/53
f 1830/2566/53 1829/2565/53 1831/2567/53
f 1832/2568/53 1831/2567/53 1833/2569/53
f 1835/2571/53 1836/3122/53 1834/2570/53
s 367
f 1877/2572/1307 1875/2581/1307 1876/2573/1307
s 368
f 1806/2575/1308 1805/3123/1308 1879/2576/1308
s 369
f 1879/2578/1309 1877/3124/1309 1878/2579/1309
s 370
f 1875/2581/1310 1873/2511/1310 1874/2513/1310
s 371
f 1869/2582/1311 1837/2585/1311 1838/2583/1311
s 372
f 1837/2585/1312 1805/3123/1312 1806/2575/1312
s 373
f 1875/2586/39 1877/2614/39 1892/2587/39
s 374
f 1806/2528/1391 1881/2607/1391 1882/2589/1392
s 373
f 1873/2590/39 1875/2586/39 1891/2588/39
f 1837/2533/39 1869/2612/39 1885/2592/39
s 374
f 1874/2594/1394 1872/2608/1402 1887/2595/1395
f 1874/2594/1394 1890/2596/1396 1894/2597/1391
s 373
f 1873/2590/39 1889/2591/39 1886/2599/39
f 1805/2601/39 1884/2609/39 1895/2602/39
s 374
f 1838/2527/1393 1882/2589/1392 1888/2604/1397
s 375
f 1806/2528/1399 1880/2610/1403 1896/2606/1400
s 374
f 1872/2608/1402 1870/2605/1398 1888/2604/1397
s 373
f 1805/2601/39 1837/2533/39 1883/2593/39
s 375
f 1880/2610/1403 1878/2613/1405 1893/2611/1404
s 373
f 1871/2600/39 1886/2599/39 1885/2592/39
s 375
f 1876/2598/1329 1894/2597/1329 1893/2611/1404
s 373
f 1879/2603/39 1895/2602/39 1892/2587/39
s 376
f 1893/2615/1331 1894/3125/1516 1910/2616/1332
s 377
f 1895/2618/1334 1911/3126/1334 1908/2619/1334
s 378
f 1901/2623/1338 1902/3127/1517 1905/2655/1364
f 1905/2655/1364 1907/2657/1365 1908/2621/1336
f 1908/2621/1336 1911/3128/1518 1900/2622/1337
f 1900/2622/1337 1899/3129/1519 1901/2623/1338
f 1901/2623/1338 1905/2655/1364 1908/2621/1336
s 379
f 1903/2626/1341 1904/3130/1520 1898/3131/1521
f 1898/3131/1521 1897/3132/1532 1912/2624/1339
f 1912/2624/1339 1909/3133/1533 1910/2625/1406
f 1910/2625/1406 1906/2672/1374 1903/2626/1341
f 1903/2626/1341 1898/3131/1521 1912/2624/1339
s 380
f 1885/2627/1342 1886/3134/1342 1902/2628/1342
s 381
f 1896/2630/1343 1893/3135/1524 1909/2631/1343
s 382
f 1884/2633/1344 1883/2654/1344 1899/2634/1344
s 383
f 1888/2636/1345 1904/3136/1345 1903/2637/1345
s 384
f 1896/2639/1346 1912/3137/1525 1897/2640/1347
s 385
f 1888/2642/1349 1882/2658/1526 1898/2643/1407
s 386
f 1895/2645/1352 1884/2633/1527 1900/2635/1408
s 387
f 1886/2647/1355 1889/3138/1528 1905/2648/1356
s 388
f 1887/2650/1358 1903/3139/1529 1906/2651/1359
s 389
f 1885/2653/1361 1901/3140/1530 1899/2634/1362
s 378
f 1905/2655/1364 1919/3141/18 1920/2656/18
s 390
f 1881/2641/1366 1897/2640/1366 1898/2643/1366
s 391
f 1892/2659/1367 1908/3142/1531 1907/2660/1368
s 392
f 1913/2662/1370 1914/3143/1370 1918/2663/1370
s 393
f 1916/2665/1371 1920/3144/1371 1919/2666/1371
s 394
f 1889/2668/1372 1915/2686/1372 1919/2669/1373
s 421
f 1890/2596/18 1914/3145/18 1913/2671/18
s 379
f 1906/2672/1374 1910/2625/1406 1917/2673/39
s 396
f 1890/2675/1375 1906/3146/1375 1918/2676/1375
s 397
f 1915/2667/1310 1921/3147/1310 1913/2678/1310
s 399
f 1916/2682/1376 1913/3148/44 1894/2683/44
s 394
f 1889/2668/1372 1890/3149/53 1921/2685/53
s 400
f 1891/2687/1377 1894/3150/1377 1890/2688/1377
s 401
f 1894/2683/1378 1913/3148/1378 1917/2690/1378
s 399
f 1891/2684/1376 1907/3151/1379 1920/2692/1379
s 402
f 1922/2693/37 1932/2706/37 1941/2694/37
s 403
f 1926/2696/39 1934/3152/39 1930/2697/39
s 404
f 1932/2699/1380 1933/3153/1375 1937/2700/1375
s 405
f 1930/2702/1373 1934/3154/1373 1935/2703/1373
s 406
f 1922/2693/1381 1924/3155/1381 1933/2705/1381
s 407
f 1923/2707/1382 1930/2737/1382 1931/2708/1382
s 408
f 1926/2710/1383 1928/3156/1383 1935/2711/1383
s 409
f 1925/2713/18 1931/3157/18 1935/2714/18
s 410
f 1929/2716/39 1937/2728/39 1933/2717/39
s 411
f 1927/2719/1384 1936/2726/1384 1937/2720/1384
s 412
f 1939/2722/18 1941/3158/18 1940/2723/18
s 413
f 1927/2719/1 1938/3159/1 1940/2725/1
s 404
f 1936/2701/1380 1940/3160/53 1941/2727/53
s 414
f 1937/2728/1385 1945/3161/1385 1943/2729/1385
s 415
f 1937/2720/1386 1936/2726/1386 1944/2730/1386
s 416
f 1932/2706/1387 1933/2705/1387 1943/2732/1387
s 417
f 1935/2714/1388 1931/3157/1388 1947/2734/1388
s 418
f 1935/2711/1389 1949/3162/1389 1948/2736/1389
s 419
f 1930/2737/1390 1946/3163/1390 1947/2738/1390
