# Blender 4.5.3 LTS
# www.blender.org
mtllib puerta izq.mtl
g Door_left.001_Malla
v -0.092449 1.499936 1.176170
v -0.092449 1.554029 1.170842
v -0.092449 1.606043 1.155064
v -0.092449 1.653979 1.129441
v -0.092449 1.695996 1.094959
v -0.092449 1.730478 1.052943
v -0.092449 1.756100 1.005006
v -0.092449 1.771878 0.952992
v -0.092449 1.777206 0.898900
v -0.092449 1.771878 0.844807
v -0.092449 1.756100 0.792793
v -0.092449 1.730478 0.744857
v -0.092449 1.695996 0.702840
v -0.092449 1.653979 0.668358
v -0.092449 1.606043 0.642736
v -0.092449 1.554029 0.626958
v -0.092449 1.499936 0.621630
v -0.092449 1.445844 0.626958
v -0.092449 1.393830 0.642736
v -0.092449 1.345893 0.668358
v -0.092449 1.303877 0.702841
v -0.092449 1.269395 0.744857
v -0.092449 1.243772 0.792793
v -0.092449 1.227994 0.844807
v -0.092449 1.222667 0.898900
v -0.092449 1.227994 0.952993
v -0.092449 1.243773 1.005007
v -0.092449 1.269395 1.052943
v -0.092449 1.303877 1.094959
v -0.092449 1.345894 1.129441
v -0.092449 1.393830 1.155064
v -0.092449 1.445844 1.170842
v -0.045532 1.499936 1.242588
v -0.045532 1.566987 1.235984
v -0.045532 1.631460 1.216426
v -0.045532 1.690879 1.184666
v -0.045532 1.742960 1.141924
v -0.045532 1.785703 1.089843
v -0.045532 1.817463 1.030424
v -0.045532 1.837021 0.965950
v -0.045532 1.843624 0.898900
v -0.045532 1.837021 0.831850
v -0.045532 1.817463 0.767376
v -0.045532 1.785703 0.707957
v -0.045532 1.742960 0.655876
v -0.045532 1.690879 0.613133
v -0.045532 1.631460 0.581373
v -0.045532 1.566987 0.561816
v -0.045532 1.499936 0.555212
v -0.045532 1.432886 0.561816
v -0.045532 1.368412 0.581373
v -0.045532 1.308993 0.613134
v -0.045532 1.256912 0.655876
v -0.045532 1.214170 0.707957
v -0.045532 1.182410 0.767376
v -0.045532 1.162852 0.831850
v -0.045532 1.156248 0.898900
v -0.045532 1.162852 0.965950
v -0.045532 1.182410 1.030424
v -0.045532 1.214170 1.089843
v -0.045532 1.256912 1.141924
v -0.045532 1.308994 1.184666
v -0.045532 1.368413 1.216426
v -0.045532 1.432887 1.235984
v -0.044553 1.499936 1.107852
v -0.044553 1.540701 1.103837
v -0.044553 1.579899 1.091946
v -0.044553 1.616024 1.072637
v -0.044553 1.647688 1.046651
v -0.044553 1.673674 1.014987
v -0.044553 1.692983 0.978862
v -0.044553 1.704873 0.939664
v -0.044553 1.708888 0.898900
v -0.044553 1.704873 0.858135
v -0.044553 1.692983 0.818937
v -0.044553 1.673674 0.782812
v -0.044553 1.647688 0.751149
v -0.044553 1.616024 0.725163
v -0.044553 1.579899 0.705853
v -0.044553 1.540701 0.693963
v -0.044553 1.499936 0.689948
v -0.044553 1.459172 0.693963
v -0.044553 1.419974 0.705853
v -0.044553 1.383849 0.725163
v -0.044553 1.352185 0.751149
v -0.044553 1.326199 0.782812
v -0.044553 1.306890 0.818938
v -0.044553 1.294999 0.858135
v -0.044553 1.290984 0.898900
v -0.044553 1.294999 0.939664
v -0.044553 1.306890 0.978862
v -0.044553 1.326199 1.014987
v -0.044553 1.352185 1.046651
v -0.044553 1.383849 1.072637
v -0.044553 1.419974 1.091946
v -0.044553 1.459172 1.103837
v -0.127308 4.133993 1.228802
v -0.041067 0.400435 1.284086
v -0.041067 2.769631 1.284086
v -0.041067 2.769631 0.509137
v -0.041067 0.400435 0.509137
v -0.041067 1.925301 1.012270
v 0.006448 1.945727 1.022725
v -0.041067 0.432989 1.243585
v -0.041067 0.432989 0.549638
v -0.041067 1.238054 0.549638
v -0.041067 1.238054 1.243585
v -0.041067 1.110652 0.665296
v -0.041067 1.110652 1.127927
v -0.041067 1.053543 1.012270
v -0.041067 1.036268 0.896612
v -0.041067 1.053543 0.780954
v 0.006448 1.697647 1.243586
v 0.006448 1.900615 0.723125
v 0.006448 2.715096 0.576985
v -0.041268 1.877939 0.645692
v -0.127308 4.254666 1.450783
v 0.106027 4.133993 1.228802
v -0.099474 3.743706 0.592906
v 0.138131 3.743706 0.592906
v -0.041067 2.861431 0.394928
v -0.075814 0.230380 1.443728
v 0.006448 1.960964 0.833459
v -0.018321 0.470467 1.196959
v 0.165964 3.167504 1.443728
v 0.079723 0.230380 0.297571
v 0.006448 1.925301 0.780954
v 0.165964 3.949240 0.732982
v 0.165964 3.794186 0.522816
v -0.127308 3.270703 1.443728
v 0.106027 3.270703 0.180838
v 0.106027 3.995070 1.010895
v -0.127308 3.167504 0.012987
v 0.006448 2.715096 1.216239
v -0.041067 1.034460 0.771819
v 0.165964 0.002562 0.014142
v -0.099474 3.888571 0.789261
v -0.075814 0.230380 0.297571
v -0.018321 1.017967 0.763924
v -0.127308 3.794186 0.522816
v -0.127308 4.063793 0.971379
v -0.067370 4.157629 1.443728
v -0.067371 3.949240 0.732982
v 0.106027 4.063793 0.971379
v 0.138131 3.888571 0.789261
v -0.041067 2.737077 1.243586
v -0.041067 1.900615 1.070099
v -0.041067 0.230380 1.443728
v -0.075814 2.861431 1.398295
v 0.006448 2.737077 0.549638
v 0.019328 0.002562 0.014142
v -0.067371 3.888571 0.789261
v -0.067370 3.995070 1.010895
v 0.138131 4.060061 1.249218
v -0.041067 1.015821 0.896612
v -0.018321 1.015821 0.896612
v -0.127308 3.386410 0.219882
v 0.006448 1.862436 1.127928
v -0.018321 1.123111 0.596265
v 0.165964 3.386410 0.219881
v -0.067370 4.133993 1.228802
v -0.067371 3.565349 0.430083
v -0.041268 1.815358 0.583839
v -0.041067 1.095599 1.145223
v -0.127308 3.039292 0.173652
v -0.075814 0.308635 1.398295
v -0.018321 1.017967 1.029299
v 0.114470 0.308635 1.398295
v -0.067371 3.604189 0.349368
v -0.067371 3.386410 0.219881
v -0.127308 3.270703 0.180838
v 0.138131 3.345988 0.303288
v -0.127308 3.650645 0.245780
v -0.018320 0.453092 1.218575
v -0.018320 1.176400 1.218575
v -0.051518 1.082588 0.633052
v 0.165964 4.151212 0.924265
v 0.019328 3.167504 0.013564
v 0.106027 3.888571 0.789261
v -0.099474 3.995070 1.010895
v -0.041067 1.803927 1.185757
v -0.041067 1.697647 1.243586
v 0.006448 1.939297 0.954441
v 0.006448 1.943842 0.896612
v -0.018320 1.095599 1.145223
v -0.051518 1.123111 1.196959
v -0.051518 0.998148 0.896612
v 0.079723 0.230380 1.443728
v 0.114470 2.939687 0.297571
v 0.079723 0.460948 0.547241
v 0.006448 1.939297 0.838783
v -0.127308 3.949240 0.732982
v 0.165964 3.039292 1.443728
v 0.079723 0.460948 1.245982
v 0.006448 1.697647 0.549638
v -0.127308 4.025617 0.662890
v -0.127308 4.151212 0.924265
v 0.006448 1.802761 1.216239
v 0.006448 1.945727 0.770498
v -0.018321 1.034460 0.771819
v -0.041067 1.939297 0.838783
v -0.041268 1.802761 1.216239
v 0.079723 3.039292 0.173652
v 0.114470 2.861431 0.394928
v 0.106027 3.604189 0.349368
v -0.041067 3.039292 0.173652
v -0.018321 0.470467 0.596265
v 0.165964 0.130775 1.443728
v 0.165964 4.157629 1.443728
v -0.067371 3.270703 1.443728
v -0.015603 2.939687 1.443728
v -0.015603 0.002562 1.443728
v -0.015603 3.039292 1.443728
v -0.015603 3.345988 1.443728
v -0.015603 0.230380 1.443728
v 0.052899 4.253725 1.450783
v 0.052900 0.230380 1.443728
v 0.052899 2.939687 1.443728
v 0.052899 3.039292 1.443728
v 0.052899 3.270703 1.443728
v -0.013697 4.260512 1.501302
v 0.052899 4.081888 1.501302
v -0.015603 4.081888 1.501302
v -0.015603 3.039292 1.501302
v -0.015603 2.939687 1.501302
v -0.015603 3.345988 1.501302
v -0.015603 0.230380 1.501302
v 0.052899 3.345988 1.501302
v 0.052899 3.039292 1.501302
v 0.052899 3.270703 1.501302
v -0.041268 1.877939 1.147531
v -0.041268 1.918997 1.085342
v -0.018321 1.034460 1.021404
v 0.165964 3.604189 0.349368
v 0.165964 3.270703 0.180838
v -0.041067 1.034460 1.021404
v -0.041067 1.176400 1.218575
v -0.018321 1.082588 1.160171
v -0.127308 3.415675 0.106072
v 0.006448 1.918997 1.085342
v -0.051518 1.123111 0.596265
v -0.067371 3.345988 1.443728
v -0.099474 3.345988 1.443728
v -0.099474 4.060061 1.249218
v -0.041067 1.862436 1.127928
v 0.079723 2.939687 0.297571
v 0.165964 4.063793 0.971379
v 0.165964 4.133993 1.228802
v 0.165964 4.025617 0.662890
v 0.165964 3.856597 0.433794
v 0.006448 1.918997 0.707882
v 0.079723 2.939687 1.443728
v 0.079723 3.039292 1.443728
v -0.018321 1.095599 0.648001
v -0.041067 1.939297 0.954441
v -0.041067 1.943842 0.896612
v -0.041067 1.925301 0.780954
v 0.079723 0.130775 1.443728
v 0.106027 3.794186 0.522816
v 0.106027 3.949240 0.732982
v 0.106027 4.060061 1.249218
v 0.106027 4.081888 1.443728
v 0.138131 3.345988 1.443728
v 0.138131 4.081888 1.443728
v -0.127308 0.130775 1.443728
v -0.041067 0.130775 1.443728
v -0.041067 0.130775 0.173652
v -0.041067 2.861431 1.398295
v -0.041067 0.230380 0.297571
v -0.041067 2.939687 0.297571
v -0.075814 2.939687 1.443728
v -0.041067 2.939687 1.443728
v -0.041268 1.802761 0.576984
v -0.041067 0.453092 1.218575
v -0.051518 0.470467 0.596264
v -0.051518 1.082588 1.160171
v -0.051518 1.017967 1.029299
v -0.015603 4.157629 1.443728
v 0.006448 1.862436 0.665296
v 0.006448 1.803927 0.607467
v 0.006448 1.960964 0.959764
v 0.006448 1.965928 0.896612
v -0.041268 1.965928 0.896612
v -0.041268 1.960964 0.833459
v -0.018321 1.082588 0.633052
v -0.067371 3.743706 0.592906
v 0.138131 3.995070 1.010895
v 0.138131 3.565349 0.430084
v 0.138131 3.360110 0.308053
v -0.041268 1.918997 0.707882
v -0.075814 2.939687 0.297571
v -0.041268 1.815358 1.209385
v -0.018321 0.998148 0.896612
v 0.079723 0.130775 0.173652
v -0.067371 3.270703 0.180838
v -0.127308 4.157629 1.443728
v -0.067370 4.081888 1.443728
v -0.067370 4.060061 1.249218
v -0.099474 3.565349 0.430083
v -0.067371 3.345988 0.303288
v 0.106027 3.345988 0.303288
v 0.106027 3.360110 0.308053
v -0.041067 1.900615 0.723125
v -0.041067 1.862436 0.665296
v 0.006448 1.877939 0.645692
v 0.006448 1.815358 0.583839
v -0.127308 4.228552 1.207872
v -0.013697 4.253725 1.450783
v -0.051518 0.470467 1.196959
v 0.079723 2.709118 0.547241
v 0.079723 2.709118 1.245982
v -0.127308 3.167504 1.443728
v 0.006448 2.737077 1.243586
v 0.165964 3.039292 0.173652
v -0.041067 1.697647 0.549638
v 0.006448 1.815358 1.209385
v 0.006448 1.877939 1.147531
v -0.041067 0.453092 0.574648
v -0.041067 1.176400 0.574648
v -0.018321 0.453092 0.574648
v -0.018321 1.176400 0.574648
v -0.075814 2.861431 0.394928
v -0.041067 2.737077 0.549638
v -0.041268 2.715096 1.216239
v 0.106027 3.386410 0.219881
v -0.099475 3.360110 0.308053
v 0.165964 3.270703 1.443728
v -0.127308 0.002562 0.014142
v -0.127308 3.604189 0.349368
v -0.041268 1.960964 0.959764
v 0.006448 1.900615 1.070099
v -0.041268 1.945727 0.770498
v -0.067370 4.063793 0.971379
v 0.006448 1.803927 1.185757
v -0.127308 0.130775 0.173652
v -0.127308 3.039292 1.443728
v -0.075814 0.308634 0.394928
v 0.114470 2.861431 1.398295
v -0.067371 3.794186 0.522816
v -0.099474 3.345988 0.303288
v 0.106027 3.345988 1.443728
v -0.041067 1.095599 0.648001
v 0.165964 4.228552 1.207872
v -0.041067 1.803927 0.607467
v 0.165964 3.167504 0.012987
v 0.165964 3.415675 0.106073
v 0.165964 3.650645 0.245780
v 0.106027 3.743706 0.592906
v 0.006448 1.925301 1.012270
v 0.006448 1.802761 0.576985
v -0.051518 1.017967 0.763924
v -0.041268 2.715096 0.576985
v 0.114470 0.230380 1.443728
v 0.114470 2.939687 1.443728
v -0.067371 3.360110 0.308053
v -0.127308 3.856597 0.433794
v 0.165964 4.254666 1.450783
v -0.041067 0.308634 0.394928
v -0.041268 1.945727 1.022725
v -0.018321 1.123111 1.196959
v 0.052900 0.002562 1.443728
v 0.165964 0.002562 1.443728
v -0.099474 4.081888 1.443728
v 0.114470 0.230380 0.297571
v 0.114470 0.308634 0.394928
v -0.127308 0.002562 1.443728
v 0.052899 4.260512 1.501302
v -0.041067 3.039292 1.443728
v -0.041067 0.308635 1.398295
v 0.165964 0.130775 0.173652
v 0.106027 4.157629 1.443728
v 0.106027 3.270703 1.443728
v 0.106027 3.565349 0.430084
v -0.015603 3.270703 1.443728
v -0.015603 4.081888 1.443728
v -0.015603 0.130775 1.443728
v -0.015603 0.002562 1.501302
v 0.052900 0.002562 1.501302
v 0.052899 4.157629 1.443728
v 0.052900 0.130775 1.443728
v 0.052899 4.081888 1.443728
v 0.052899 3.345988 1.443728
v -0.015603 3.270703 1.501302
v -0.015603 4.157629 1.501302
v -0.015603 0.130775 1.501302
v 0.052900 0.130775 1.501302
v 0.052900 0.230380 1.501302
v 0.052899 4.157629 1.501302
v 0.052899 2.939687 1.501302
v 0.079723 2.861431 0.394928
v 0.079723 2.861431 1.398295
v 0.079723 0.308634 0.394928
v 0.079723 0.308635 1.398295
v 0.046102 2.571127 0.685232
v 0.046102 2.571127 1.107991
v 0.046102 0.598939 0.685232
v 0.046102 0.598939 1.107991
v 0.046102 2.709118 0.547241
v 0.046102 2.709118 1.245982
v 0.046102 0.460948 0.547241
v 0.046102 0.460948 1.245982
v 0.064962 2.571127 0.685232
v 0.064962 2.571127 1.107991
v 0.064962 0.598939 0.685232
v 0.064962 0.598939 1.107991
v -0.041067 1.750613 1.344417
v -0.041067 1.762376 1.326813
v -0.041067 1.758245 1.306046
v -0.041067 1.740641 1.294284
v -0.041067 1.719874 1.298414
v -0.041067 1.708111 1.316019
v -0.041067 1.712242 1.336785
v -0.041067 1.729847 1.348548
v -0.051479 1.719874 1.298414
v -0.051479 1.712242 1.336785
v -0.051479 1.729847 1.348548
v -0.051479 1.715191 1.317427
v -0.060953 1.755296 1.325404
v -0.060953 1.752243 1.310057
v -0.060953 1.723885 1.304416
v -0.060953 1.715191 1.317427
v -0.041067 1.390705 1.344417
v -0.041067 1.378942 1.326813
v -0.041067 1.383073 1.306046
v -0.041067 1.400677 1.294284
v -0.041067 1.421443 1.298414
v -0.041067 1.433207 1.316019
v -0.041067 1.429076 1.336785
v -0.041067 1.411471 1.348548
v -0.051479 1.378942 1.326813
v -0.051479 1.400677 1.294284
v -0.060953 1.389075 1.310057
v -0.060953 1.423074 1.332774
v -0.060953 1.410063 1.341468
v -0.060953 1.404889 1.310760
v -0.060953 1.738900 1.312119
v -0.060953 1.740922 1.314944
v -0.060953 1.400074 1.318517
v -0.060953 1.414417 1.318313
v -0.060953 1.726090 1.318356
v -0.060953 1.733696 1.312025
v -0.060953 1.401745 1.322277
v -0.060953 1.404889 1.333624
v -0.060953 1.726090 1.326021
v -0.060953 1.738900 1.332250
v -0.060953 1.741607 1.325782
v -0.060953 1.739854 1.322184
v -0.051479 1.752243 1.310057
v -0.060953 1.746602 1.338415
v -0.060953 1.718244 1.332774
v -0.051479 1.390705 1.344417
v -0.051479 1.383073 1.306046
v -0.051479 1.402086 1.301363
v -0.051479 1.417433 1.304416
v -0.051479 1.426127 1.317427
v -0.060953 1.417433 1.304416
v -0.057038 1.408938 1.322000
v -0.057288 1.409709 1.323737
v -0.057190 1.409407 1.325492
v -0.056903 1.408522 1.326850
v -0.056182 1.406294 1.326880
v -0.055657 1.404673 1.325572
v -0.055203 1.403269 1.323826
v -0.055009 1.402670 1.322000
v -0.055203 1.403269 1.320175
v -0.055657 1.404673 1.318429
v -0.056182 1.406294 1.317120
v -0.056586 1.407541 1.316605
v -0.056903 1.408522 1.317150
v -0.057190 1.409407 1.318509
v -0.057288 1.409709 1.320264
v -0.060187 1.402781 1.332321
v -0.060167 1.404934 1.333460
v -0.060140 1.407674 1.332383
v -0.060105 1.411233 1.329649
v -0.060063 1.415633 1.322187
v -0.060105 1.411233 1.314725
v -0.060140 1.407674 1.311990
v -0.060167 1.404934 1.310913
v -0.060187 1.402781 1.312052
v -0.090449 1.396116 1.327892
v -0.090292 1.397112 1.333473
v -0.089830 1.400035 1.337791
v -0.088668 1.407388 1.337886
v -0.087823 1.412737 1.333726
v -0.087091 1.417373 1.328177
v -0.086779 1.419350 1.322373
v -0.087091 1.417373 1.316569
v -0.087823 1.412737 1.311020
v -0.088668 1.407388 1.306860
v -0.089830 1.400035 1.306955
v -0.090292 1.397112 1.311273
v -0.090449 1.396116 1.316854
v -0.128771 1.410251 1.322559
v -0.131107 1.407701 1.329970
v -0.130192 1.408700 1.337463
v -0.127508 1.411629 1.343262
v -0.120755 1.418999 1.343389
v -0.115843 1.424360 1.337803
v -0.111586 1.429006 1.330353
v -0.111586 1.429006 1.314766
v -0.115843 1.424360 1.307315
v -0.127508 1.411629 1.301857
v -0.130192 1.408700 1.307655
v -0.131107 1.407701 1.315148
v -0.155716 1.453088 1.332048
v -0.149065 1.453778 1.348732
v -0.143573 1.454347 1.351654
v -0.136584 1.455071 1.348892
v -0.127505 1.456012 1.341881
v -0.119638 1.456827 1.332528
v -0.116282 1.457175 1.322746
v -0.119638 1.456827 1.312963
v -0.127505 1.456012 1.303611
v -0.136584 1.455071 1.296599
v -0.154025 1.453264 1.304038
v -0.155716 1.453088 1.313443
v -0.145729 1.490924 1.330658
v -0.144340 1.490448 1.338783
v -0.140265 1.489050 1.345072
v -0.122552 1.482975 1.339152
v -0.116088 1.480758 1.331073
v -0.113331 1.479813 1.322621
v -0.116088 1.480758 1.314169
v -0.122552 1.482975 1.306090
v -0.140265 1.489050 1.300170
v -0.144340 1.490448 1.306458
v -0.145729 1.490924 1.314584
v -0.122699 1.526966 1.322496
v -0.125527 1.528376 1.329267
v -0.124420 1.527824 1.336113
v -0.121171 1.526204 1.341411
v -0.117575 1.524411 1.343538
v -0.112998 1.522128 1.341527
v -0.107052 1.519164 1.336424
v -0.101900 1.516595 1.329617
v -0.099703 1.515499 1.322496
v -0.101900 1.516595 1.315376
v -0.107053 1.519164 1.308569
v -0.112998 1.522128 1.303465
v -0.121171 1.526204 1.303581
v -0.124420 1.527824 1.308879
v -0.125527 1.528376 1.315725
v -0.101432 1.563769 1.322372
v -0.103759 1.564857 1.327877
v -0.102848 1.564431 1.333443
v -0.100174 1.563180 1.337750
v -0.097215 1.561796 1.339479
v -0.093448 1.560035 1.337845
v -0.088555 1.557746 1.333696
v -0.084315 1.555763 1.328161
v -0.082507 1.554917 1.322372
v -0.084315 1.555763 1.316582
v -0.088555 1.557746 1.311048
v -0.093448 1.560035 1.306898
v -0.097215 1.561796 1.305264
v -0.100174 1.563180 1.306993
v -0.102848 1.564431 1.311300
v -0.103759 1.564857 1.316866
v -0.071861 1.592963 1.326705
v -0.070367 1.592601 1.322247
v -0.071861 1.592963 1.317789
v -0.075364 1.593813 1.313527
v -0.079407 1.594794 1.310331
v -0.081556 1.634902 1.333595
v -0.079143 1.634820 1.334873
v -0.076072 1.634716 1.333665
v -0.067150 1.634412 1.322230
v -0.068625 1.634462 1.317952
v -0.072082 1.634580 1.313861
v -0.076072 1.634716 1.310794
v -0.083736 1.634977 1.314048
v -0.084479 1.635002 1.318162
v -0.082129 1.683050 1.333101
v -0.073057 1.682638 1.330230
v -0.069747 1.682487 1.326312
v -0.068335 1.682423 1.322213
v -0.069747 1.682487 1.318114
v -0.076878 1.682811 1.311258
v -0.082129 1.683050 1.311325
v -0.084928 1.683177 1.318316
v -0.077989 1.725650 1.322196
v -0.079538 1.726440 1.325923
v -0.078932 1.726130 1.329691
v -0.077152 1.725223 1.332607
v -0.075182 1.724218 1.333778
v -0.069416 1.721278 1.329862
v -0.069416 1.721278 1.314531
v -0.077152 1.725223 1.311786
v -0.078932 1.726130 1.314702
v -0.079538 1.726440 1.318470
v -0.060953 1.730493 1.314306
v -0.060953 1.741380 1.317315
v -0.060953 1.400744 1.329581
v -0.060953 1.733153 1.331924
v -0.051479 1.740641 1.294284
v -0.051479 1.758245 1.306046
v -0.051479 1.739232 1.301363
v -0.051479 1.723885 1.304416
v -0.051479 1.718244 1.332774
v -0.051479 1.433207 1.316019
v -0.051479 1.421443 1.298414
v -0.051479 1.429076 1.336785
v -0.051479 1.394716 1.338415
v -0.051479 1.423074 1.332774
v -0.060953 1.426127 1.317427
v -0.060953 1.404044 1.311209
v -0.060953 1.400253 1.317526
v -0.060953 1.411279 1.314611
v -0.060953 1.414884 1.319663
v -0.060953 1.729740 1.314725
v -0.060953 1.736634 1.310974
v -0.060953 1.400074 1.325865
v -0.060953 1.402710 1.332462
v -0.060953 1.408205 1.332129
v -0.060953 1.407666 1.332540
v -0.060953 1.415757 1.322193
v -0.060953 1.739947 1.322351
v -0.060953 1.740757 1.329667
v -0.060953 1.736634 1.333396
v -0.060953 1.733696 1.332345
v -0.060953 1.740922 1.329423
v -0.051479 1.750613 1.344417
v -0.051479 1.762376 1.326813
v -0.051479 1.755296 1.325404
v -0.051479 1.746602 1.338415
v -0.051479 1.389075 1.310057
v -0.051479 1.386022 1.325404
v -0.060953 1.386022 1.325404
v -0.060196 1.401866 1.322187
v -0.060213 1.400173 1.318559
v -0.060213 1.400173 1.325814
v -0.060206 1.400836 1.329482
v -0.056586 1.407541 1.327396
v -0.060075 1.414318 1.326002
v -0.060075 1.414318 1.318372
v -0.060206 1.400836 1.314891
v -0.090047 1.398660 1.322373
v -0.089319 1.403270 1.339525
v -0.109770 1.430988 1.322559
v -0.089319 1.403270 1.305221
v -0.124537 1.414872 1.299529
v -0.151398 1.453536 1.322746
v -0.143573 1.454347 1.293837
v -0.142182 1.489708 1.322621
v -0.135753 1.487503 1.347596
v -0.117575 1.524411 1.301455
v -0.082519 1.595549 1.335421
v -0.082582 1.634937 1.322230
v -0.079143 1.634820 1.309587
v -0.079819 1.682945 1.310101
v -0.060953 1.402710 1.311921
v -0.060953 1.400744 1.314801
v -0.060953 1.410844 1.314277
v -0.060953 1.407666 1.311844
v -0.060953 1.741607 1.318585
v -0.060953 1.413921 1.326658
v -0.060953 1.414417 1.326072
v -0.060953 1.411279 1.329774
v -0.051479 1.708111 1.316019
v -0.060953 1.739232 1.301363
v -0.060953 1.394716 1.338415
v -0.060953 1.737264 1.311256
v -0.060953 1.729740 1.329648
v -0.060953 1.727112 1.326849
v -0.060953 1.725694 1.319516
v -0.060953 1.724426 1.322189
v -0.124537 1.414872 1.345589
v -0.120755 1.418999 1.301729
v -0.154025 1.453264 1.341454
v -0.149065 1.453778 1.296759
v -0.130010 1.485533 1.345210
v -0.130010 1.485533 1.300032
v -0.135753 1.487503 1.297646
v -0.087925 1.596860 1.318008
v -0.086003 1.596394 1.322247
v -0.087925 1.596860 1.326486
v -0.087172 1.596678 1.330773
v -0.084964 1.596142 1.334090
v -0.079407 1.594794 1.334163
v -0.075364 1.593813 1.330967
v -0.082519 1.595549 1.309073
v -0.084964 1.596142 1.310404
v -0.087172 1.596678 1.313721
v -0.084479 1.635002 1.326298
v -0.083736 1.634977 1.330412
v -0.072082 1.634580 1.330599
v -0.068625 1.634462 1.326509
v -0.081556 1.634902 1.310865
v -0.084928 1.683177 1.326111
v -0.083111 1.683095 1.322213
v -0.084217 1.683145 1.330052
v -0.079819 1.682945 1.334325
v -0.076878 1.682811 1.333168
v -0.073057 1.682638 1.314196
v -0.084217 1.683145 1.314375
v -0.072674 1.722939 1.332671
v -0.066594 1.719838 1.326115
v -0.065390 1.719224 1.322196
v -0.066594 1.719838 1.318277
v -0.072674 1.722939 1.311721
v -0.075182 1.724218 1.310615
v -0.051479 1.731255 1.341468
v -0.060953 1.731255 1.341468
v -0.051479 1.411471 1.348548
v -0.060953 1.402086 1.301363
v -0.051479 1.410063 1.341468
v -0.051479 1.723885 1.304416
v -0.051479 1.739232 1.301363
v -0.051479 1.433207 1.316019
v -0.051479 1.421443 1.298414
v -0.051479 1.429076 1.336785
v -0.060953 1.414884 1.319663
v -0.060953 1.414884 1.319663
v -0.060953 1.415757 1.322193
v -0.060953 1.415757 1.322193
v -0.060953 1.736634 1.333396
v -0.060953 1.736634 1.333396
v -0.060953 1.733696 1.332345
v -0.060953 1.740757 1.329667
v -0.060953 1.740922 1.329423
v -0.051479 1.762376 1.326813
v -0.051479 1.750613 1.344417
v -0.051479 1.729847 1.348548
v -0.051479 1.712242 1.336785
v -0.051479 1.389075 1.310057
v -0.051479 1.386022 1.325404
v -0.060196 1.401866 1.322187
v -0.060213 1.400173 1.318559
v -0.060213 1.400173 1.325814
v -0.060206 1.400836 1.329482
v -0.060206 1.400836 1.314891
v -0.124537 1.414872 1.299529
v -0.143573 1.454347 1.293837
v -0.075182 1.724218 1.310615
v -0.051479 1.758245 1.306046
v -0.051479 1.719874 1.298414
v -0.051479 1.740641 1.294284
v -0.051479 1.708111 1.316019
v -0.051479 1.400677 1.294284
v -0.051479 1.394716 1.338415
v -0.060953 1.394716 1.338415
v -0.060953 1.410063 1.341468
v -0.060953 1.737264 1.311256
v -0.060953 1.736634 1.310974
v -0.060953 1.736634 1.310974
v -0.060953 1.729740 1.329648
v -0.060953 1.727112 1.326849
v -0.051479 1.746602 1.338415
v -0.051479 1.731255 1.341468
v -0.051479 1.426127 1.317427
v -0.051479 1.417433 1.304416
v -0.060953 1.740922 1.314944
v -0.060953 1.738900 1.312119
v -0.060953 1.741380 1.317315
v -0.060953 1.730493 1.314306
v -0.060953 1.733696 1.312025
v -0.060953 1.400074 1.325865
v -0.060953 1.400074 1.325865
v -0.060953 1.401745 1.322277
v -0.060953 1.401745 1.322277
v -0.060187 1.402781 1.332321
v -0.060167 1.404934 1.333460
v -0.060167 1.404934 1.310913
v -0.060187 1.402781 1.312052
v -0.122699 1.526966 1.322496
v -0.101432 1.563769 1.322372
v -0.086003 1.596394 1.322247
v -0.060953 1.402710 1.311921
v -0.060953 1.402710 1.311921
v -0.060953 1.400744 1.314801
v -0.060953 1.400744 1.314801
v -0.051479 1.378942 1.326813
v -0.051479 1.390705 1.344417
v -0.051479 1.383073 1.306046
v -0.051479 1.752243 1.310057
v -0.051479 1.718244 1.332774
v -0.051479 1.410063 1.341468
v -0.051479 1.402086 1.301363
v -0.051479 1.423074 1.332774
v -0.060953 1.417433 1.304416
v -0.060953 1.402086 1.301363
v -0.060953 1.426127 1.317427
v -0.060953 1.404044 1.311209
v -0.060953 1.404044 1.311209
v -0.060953 1.404889 1.310760
v -0.060953 1.404889 1.310760
v -0.060953 1.400253 1.317526
v -0.060953 1.400253 1.317526
v -0.060953 1.400074 1.318517
v -0.060953 1.400074 1.318517
v -0.060953 1.411279 1.314611
v -0.060953 1.411279 1.314611
v -0.060953 1.414417 1.318313
v -0.060953 1.414417 1.318313
v -0.060953 1.729740 1.314725
v -0.060953 1.404889 1.333624
v -0.060953 1.404889 1.333624
v -0.060953 1.402710 1.332462
v -0.060953 1.402710 1.332462
v -0.060953 1.408205 1.332129
v -0.060953 1.408205 1.332129
v -0.060953 1.407666 1.332540
v -0.060953 1.407666 1.332540
v -0.060953 1.739947 1.322351
v -0.060953 1.741607 1.325782
v -0.060953 1.738900 1.332250
v -0.060953 1.739854 1.322184
v -0.051479 1.755296 1.325404
v -0.060953 1.752243 1.310057
v -0.060953 1.755296 1.325404
v -0.060953 1.715191 1.317427
v -0.060953 1.723885 1.304416
v -0.060953 1.423074 1.332774
v -0.060953 1.389075 1.310057
v -0.060953 1.386022 1.325404
v -0.056586 1.407541 1.327396
v -0.060075 1.414318 1.326002
v -0.060063 1.415633 1.322187
v -0.060075 1.414318 1.318372
v -0.056586 1.407541 1.316605
v -0.124537 1.414872 1.345589
v -0.143573 1.454347 1.351654
v -0.082582 1.634937 1.322230
v -0.075182 1.724218 1.333778
v -0.060953 1.410844 1.314277
v -0.060953 1.410844 1.314277
v -0.060953 1.407666 1.311844
v -0.060953 1.407666 1.311844
v -0.060953 1.741607 1.318585
v -0.060953 1.413921 1.326658
v -0.060953 1.413921 1.326658
v -0.060953 1.414417 1.326072
v -0.060953 1.414417 1.326072
v -0.060953 1.411279 1.329774
v -0.060953 1.411279 1.329774
v -0.051479 1.715191 1.317427
v -0.060953 1.746602 1.338415
v -0.060953 1.731255 1.341468
v -0.060953 1.739232 1.301363
v -0.060953 1.718244 1.332774
v -0.051479 1.411471 1.348548
v -0.060953 1.400744 1.329581
v -0.060953 1.400744 1.329581
v -0.060953 1.733153 1.331924
v -0.089363 1.339343 0.896727
v -0.180210 1.445660 0.896727
v -0.184881 1.444662 0.896727
v -0.188461 1.443435 0.896727
v -0.195081 1.438578 0.896727
v -0.192145 1.442102 0.896727
v -0.197825 1.443699 0.896727
v -0.179882 1.445801 0.896727
v -0.110411 1.373335 0.896810
v -0.105028 1.355424 0.896756
v -0.041067 1.335599 0.896727
v -0.086497 1.336080 0.896727
v -0.184839 1.444928 0.896727
v -0.109469 1.376521 0.924951
v -0.087989 1.520891 1.066067
v -0.092741 1.520934 1.049603
v -0.091400 1.526986 1.048872
v -0.088037 1.526288 1.065655
v -0.089788 1.532912 1.048205
v -0.089988 1.541119 1.047844
v -0.088072 1.539952 1.063660
v -0.088087 1.529684 1.065333
v -0.092362 1.597443 1.033269
v -0.088298 1.603712 1.037940
v -0.089442 1.463983 1.044609
v -0.101732 1.614855 0.996183
v -0.108160 1.621576 0.985476
v -0.097869 1.633362 0.993224
v -0.096695 1.625868 1.003364
v -0.100604 1.596003 1.023759
v -0.132432 1.555691 0.939474
v -0.129280 1.552375 0.947726
v -0.137913 1.537296 0.934339
v -0.140508 1.541204 0.931670
v -0.123083 1.513801 0.967064
v -0.125357 1.524288 0.963470
v -0.139143 1.532483 0.928494
v -0.143596 1.534834 0.927830
v -0.100207 1.550655 1.034501
v -0.100402 1.543001 1.034815
v -0.151633 1.408611 0.911112
v -0.136891 1.409573 0.909693
v -0.120297 1.544140 0.963113
v -0.115008 1.542848 0.972806
v -0.117564 1.536208 0.968264
v -0.127321 1.536247 0.950016
v -0.103500 1.536059 1.036750
v -0.120511 1.530780 0.966158
v -0.143625 1.512206 0.935283
v -0.092113 1.514491 1.049765
v -0.087884 1.515897 1.066385
v -0.103459 1.513416 1.035453
v -0.151246 1.477055 0.935230
v -0.123294 1.454970 0.957736
v -0.100080 1.462129 1.028238
v -0.089812 1.454026 1.041267
v -0.103526 1.451294 1.028000
v -0.121418 1.447281 0.964779
v -0.172715 1.407595 0.912860
v -0.090928 1.548669 1.047575
v -0.105544 1.528772 1.037349
v -0.105071 1.520903 1.036501
v -0.153149 1.512272 0.925363
v -0.102037 1.661382 0.919604
v -0.089184 1.677017 0.922208
v -0.088899 1.672587 0.944324
v -0.102209 1.655549 0.942502
v -0.114923 1.643561 0.916939
v -0.116915 1.640693 0.938497
v -0.144691 1.548493 0.906562
v -0.138034 1.560081 0.907625
v -0.138730 1.560226 0.919425
v -0.143226 1.547773 0.917129
v -0.152427 1.539449 0.905983
v -0.149560 1.538098 0.915824
v -0.166153 1.524753 0.906745
v -0.160469 1.522153 0.916374
v -0.088754 1.491661 1.048963
v -0.088248 1.499084 1.049021
v -0.087957 1.500329 1.066371
v -0.088033 1.492487 1.065743
v -0.104750 1.489659 1.036004
v -0.103992 1.497925 1.036136
v -0.146268 1.495025 0.934834
v -0.148720 1.486119 0.934186
v -0.188238 1.501037 0.909278
v -0.174583 1.497348 0.918360
v -0.159797 1.495843 0.927312
v -0.194846 1.494419 0.912940
v -0.179173 1.489676 0.921205
v -0.163472 1.487584 0.929096
v -0.101706 1.401268 0.979434
v -0.110664 1.385959 0.956357
v -0.133631 1.416498 0.924045
v -0.143923 1.416377 0.922896
v -0.138282 1.426968 0.928012
v -0.129152 1.426646 0.930979
v -0.168927 1.419406 0.924704
v -0.163774 1.430760 0.926811
v -0.088863 1.649849 0.991595
v -0.094997 1.638501 0.982390
v -0.098055 1.644894 0.966473
v -0.088822 1.654789 0.983510
v -0.108816 1.627009 0.972663
v -0.110915 1.632597 0.957377
v -0.135919 1.558487 0.930149
v -0.140439 1.546143 0.926483
v -0.145997 1.536863 0.924849
v -0.150164 1.520252 0.924079
v -0.141947 1.520727 0.934849
v -0.166935 1.478431 0.932026
v -0.179007 1.426375 0.922871
v -0.171097 1.435332 0.921701
v -0.187600 1.413194 0.913349
v -0.089719 1.484586 1.048293
v -0.088149 1.486868 1.065180
v -0.102541 1.481353 1.033779
v -0.088360 1.440404 1.052371
v -0.088665 1.432173 1.048332
v -0.089410 1.436560 1.039487
v -0.089633 1.422671 1.030519
v -0.097061 1.428765 1.017540
v -0.088999 1.642632 1.000568
v -0.089089 1.634853 1.010208
v -0.130672 1.531742 0.948048
v -0.129266 1.534289 0.949919
v -0.142247 1.527276 0.928823
v -0.148004 1.528171 0.923502
v -0.159401 1.532087 0.906087
v -0.156179 1.529791 0.915545
v -0.088220 1.546175 1.062644
v -0.112981 1.547935 0.973540
v -0.170864 1.453192 0.934975
v -0.156311 1.455321 0.936126
v -0.158126 1.443156 0.934190
v -0.169074 1.441393 0.930434
v -0.123535 1.440310 0.953572
v -0.128883 1.444369 0.944743
v -0.090373 1.445161 1.039064
v -0.088251 1.447285 1.055229
v -0.103068 1.440164 1.024110
v -0.091345 1.556390 1.046802
v -0.088149 1.553319 1.060976
v -0.100204 1.558785 1.033959
v -0.124469 1.547912 0.956767
v -0.111655 1.555401 0.972079
v -0.134503 1.539119 0.946088
v -0.132503 1.529166 0.938641
v -0.200447 1.482448 0.916842
v -0.196362 1.449216 0.913072
v -0.194816 1.439922 0.908489
v -0.184278 1.442205 0.904264
v -0.182514 1.442972 0.902833
v -0.179802 1.442795 0.903915
v -0.180080 1.441677 0.906496
v -0.184542 1.441540 0.905765
v -0.180065 1.440786 0.909055
v -0.193272 1.439609 0.901160
v -0.193700 1.433296 0.904669
v -0.185403 1.438103 0.911814
v -0.184952 1.440344 0.908362
v -0.180613 1.440091 0.910749
v -0.180643 1.439412 0.912160
v -0.180971 1.440523 0.910720
v -0.103402 1.359566 0.928046
v -0.094104 1.396317 0.997795
v -0.098114 1.377516 0.968709
v -0.091187 1.409277 1.013761
v -0.103228 1.412075 1.000710
v -0.126497 1.432983 0.942672
v -0.133880 1.437579 0.935195
v -0.159121 1.438013 0.924661
v -0.167163 1.439067 0.924421
v -0.088643 1.399579 1.027801
v -0.089259 1.368289 0.987515
v -0.088549 1.392620 1.021492
v -0.089853 1.341878 0.923000
v -0.084047 1.529821 1.066533
v -0.084069 1.540061 1.064964
v -0.041067 1.540038 1.064993
v -0.041067 1.529807 1.066544
v -0.084191 1.604762 1.038815
v -0.041067 1.604850 1.038968
v -0.083952 1.515913 1.067618
v -0.085787 1.679758 0.922692
v -0.041067 1.679906 0.922674
v -0.041067 1.674748 0.944956
v -0.085098 1.674709 0.944952
v -0.083957 1.500338 1.067582
v -0.041067 1.500338 1.067688
v -0.085024 1.651641 0.992784
v -0.085187 1.656769 0.984784
v -0.041067 1.656913 0.984845
v -0.041067 1.651725 0.992852
v -0.084130 1.486816 1.066345
v -0.041067 1.486824 1.066406
v -0.084558 1.431560 1.049564
v -0.084342 1.439947 1.053494
v -0.041067 1.439938 1.053533
v -0.041067 1.431551 1.049584
v -0.085084 1.636514 1.011817
v -0.085376 1.644684 1.002087
v -0.041067 1.644762 1.002212
v -0.041067 1.636561 1.011835
v -0.084189 1.546408 1.063701
v -0.084218 1.446899 1.056300
v -0.084137 1.553519 1.062011
v -0.041067 1.553498 1.062021
v -0.087491 1.338582 0.923590
v -0.041067 1.338226 0.923598
v -0.041058 1.364385 0.990158
v -0.085517 1.364526 0.990180
v -0.041067 1.392336 1.022716
v -0.084542 1.391719 1.023316
v -0.041067 1.400271 1.029495
v -0.084603 1.399734 1.030394
v -0.137432 1.529241 0.938286
v -0.136887 1.522201 0.944471
v -0.137535 1.512969 0.945866
v -0.137541 1.495224 0.945489
v -0.138115 1.486282 0.944156
v -0.139471 1.477139 0.943372
v -0.143357 1.456950 0.938055
v -0.147300 1.446188 0.933861
v -0.150178 1.437918 0.924704
v -0.154552 1.428346 0.927869
v -0.158632 1.416663 0.924119
v -0.161644 1.408312 0.912190
v -0.126430 1.533865 0.936818
v -0.127816 1.536460 0.939020
v -0.123650 1.535881 0.949303
v -0.125368 1.534255 0.947724
v -0.126293 1.537702 0.944238
v -0.124717 1.532634 0.942665
v -0.134467 1.532207 0.930516
v -0.130554 1.529999 0.939651
v -0.126305 1.535063 0.948592
v -0.132696 1.537444 0.944907
v -0.134965 1.536879 0.937010
v -0.150881 1.416345 0.923446
v -0.146419 1.427478 0.927725
v -0.140536 1.440430 0.926657
v -0.137530 1.446304 0.937194
v -0.132249 1.456827 0.944418
v -0.130174 1.477414 0.953347
v -0.130673 1.486492 0.955794
v -0.131126 1.495363 0.957285
v -0.132499 1.513587 0.956445
v -0.133339 1.522616 0.951881
v -0.134926 1.530442 0.943767
v -0.111104 1.376439 0.866137
v -0.087989 1.520891 0.724872
v -0.088037 1.526288 0.725284
v -0.089116 1.526325 0.743154
v -0.092741 1.520934 0.741335
v -0.089065 1.532576 0.742960
v -0.089470 1.541073 0.743189
v -0.088298 1.603712 0.752999
v -0.092362 1.597443 0.757670
v -0.089442 1.463983 0.746330
v -0.101732 1.614855 0.794756
v -0.096695 1.625868 0.787575
v -0.097869 1.633362 0.797715
v -0.108160 1.621576 0.805462
v -0.100604 1.596003 0.767180
v -0.132432 1.555691 0.851465
v -0.140508 1.541204 0.859268
v -0.137913 1.537296 0.856600
v -0.129280 1.552375 0.843212
v -0.125358 1.524288 0.827469
v -0.143596 1.534834 0.863109
v -0.139143 1.532483 0.862445
v -0.096016 1.542378 0.758350
v -0.097154 1.550530 0.757521
v -0.151633 1.408611 0.879827
v -0.136891 1.409573 0.881246
v -0.120297 1.544140 0.827826
v -0.127322 1.536247 0.840923
v -0.117564 1.536208 0.822675
v -0.115008 1.542848 0.818133
v -0.099626 1.535225 0.755960
v -0.120511 1.530780 0.824781
v -0.137535 1.512969 0.845073
v -0.132499 1.513587 0.834494
v -0.087884 1.515897 0.724554
v -0.089219 1.515212 0.742414
v -0.100643 1.513742 0.755757
v -0.139173 1.477258 0.847266
v -0.129952 1.477530 0.837319
v -0.122022 1.454953 0.833510
v -0.096344 1.461639 0.765093
v -0.089812 1.454026 0.749672
v -0.103526 1.451294 0.762939
v -0.119307 1.447572 0.826064
v -0.161644 1.408312 0.878749
v -0.127358 1.444720 0.848678
v -0.122650 1.440360 0.837832
v -0.102390 1.520956 0.754645
v -0.102138 1.528365 0.754405
v -0.153149 1.512272 0.865576
v -0.102037 1.661382 0.871334
v -0.089184 1.677017 0.868731
v -0.114923 1.643561 0.874000
v -0.144310 1.549135 0.884820
v -0.138498 1.560743 0.883720
v -0.151377 1.539518 0.885317
v -0.164750 1.524084 0.884938
v -0.088754 1.491661 0.741975
v -0.088033 1.492487 0.725196
v -0.087957 1.500329 0.724568
v -0.088249 1.499084 0.741918
v -0.101829 1.489759 0.755735
v -0.100309 1.498014 0.756161
v -0.137403 1.495208 0.845179
v -0.137794 1.486335 0.846285
v -0.130553 1.486561 0.834952
v -0.131090 1.495356 0.833595
v -0.184068 1.500560 0.883593
v -0.159616 1.495813 0.863502
v -0.192109 1.493133 0.879983
v -0.161756 1.486735 0.865737
v -0.102189 1.400802 0.811816
v -0.106292 1.407018 0.824515
v -0.112222 1.395876 0.845147
v -0.110823 1.386127 0.834826
v -0.133630 1.416498 0.866894
v -0.129152 1.426646 0.859960
v -0.138282 1.426968 0.862927
v -0.143923 1.416377 0.868043
v -0.150881 1.416345 0.867493
v -0.146419 1.427478 0.863213
v -0.154552 1.428346 0.863069
v -0.158632 1.416663 0.866819
v -0.088863 1.649849 0.799344
v -0.088822 1.654789 0.807428
v -0.098055 1.644894 0.824466
v -0.094997 1.638501 0.808549
v -0.108816 1.627009 0.818276
v -0.110915 1.632597 0.833562
v -0.135919 1.558487 0.860790
v -0.140439 1.546143 0.864456
v -0.145997 1.536863 0.866090
v -0.143625 1.512206 0.855655
v -0.141947 1.520727 0.856090
v -0.150164 1.520252 0.866860
v -0.145750 1.494962 0.855760
v -0.145695 1.485588 0.859863
v -0.165329 1.477206 0.862958
v -0.148872 1.476131 0.859361
v -0.168927 1.419406 0.866235
v -0.163774 1.430760 0.864128
v -0.171097 1.435332 0.869237
v -0.179007 1.426375 0.868067
v -0.187600 1.413194 0.877590
v -0.172715 1.407595 0.878079
v -0.089719 1.484586 0.742646
v -0.088149 1.486868 0.725759
v -0.100329 1.481610 0.757849
v -0.088360 1.440404 0.738568
v -0.089410 1.436560 0.751452
v -0.088665 1.432173 0.742607
v -0.095723 1.429380 0.774098
v -0.089633 1.422671 0.760420
v -0.089089 1.634853 0.780731
v -0.088999 1.642632 0.790371
v -0.130672 1.531742 0.842891
v -0.129266 1.534289 0.841019
v -0.137432 1.529241 0.852652
v -0.136887 1.522201 0.846467
v -0.133339 1.522616 0.839058
v -0.134926 1.530442 0.847172
v -0.148004 1.528171 0.867437
v -0.142247 1.527276 0.862116
v -0.158461 1.531774 0.885371
v -0.112981 1.547935 0.817399
v -0.156311 1.455321 0.854812
v -0.170864 1.453192 0.855964
v -0.169074 1.441393 0.862390
v -0.158126 1.443156 0.856749
v -0.137578 1.446229 0.853799
v -0.132243 1.456812 0.846519
v -0.143357 1.456950 0.852883
v -0.147300 1.446188 0.857078
v -0.088251 1.447285 0.735709
v -0.090373 1.445161 0.751874
v -0.103068 1.440164 0.766828
v -0.109724 1.428424 0.792192
v -0.088149 1.553319 0.729963
v -0.091345 1.556390 0.744137
v -0.097768 1.558477 0.757657
v -0.111655 1.555401 0.818860
v -0.124469 1.547912 0.834172
v -0.134503 1.539119 0.844851
v -0.132503 1.529166 0.852298
v -0.196919 1.481069 0.877697
v -0.196362 1.449216 0.877867
v -0.194816 1.439922 0.882450
v -0.184278 1.442205 0.886675
v -0.180080 1.441677 0.884443
v -0.179802 1.442795 0.887024
v -0.182513 1.442972 0.888105
v -0.184542 1.441540 0.885173
v -0.180065 1.440786 0.881884
v -0.193272 1.439609 0.889779
v -0.193700 1.433296 0.886270
v -0.185403 1.438103 0.879125
v -0.180643 1.439412 0.878779
v -0.180613 1.440091 0.880190
v -0.184952 1.440344 0.882577
v -0.180971 1.440523 0.880219
v -0.103072 1.360138 0.862990
v -0.092719 1.395851 0.795912
v -0.097516 1.377894 0.823645
v -0.100271 1.413734 0.792387
v -0.090856 1.408856 0.777858
v -0.112816 1.415285 0.805582
v -0.126540 1.432894 0.848465
v -0.134013 1.435539 0.855969
v -0.150178 1.437918 0.862303
v -0.140536 1.438526 0.864282
v -0.168266 1.440687 0.866517
v -0.159121 1.438013 0.863916
v -0.088643 1.399579 0.763138
v -0.089259 1.368289 0.803424
v -0.088549 1.392620 0.769446
v -0.089853 1.341878 0.867938
v -0.041067 1.604850 0.751970
v -0.084191 1.604762 0.752124
v -0.083952 1.515913 0.723321
v -0.085787 1.679758 0.868246
v -0.041067 1.679906 0.868265
v -0.041067 1.500338 0.723251
v -0.083957 1.500338 0.723357
v -0.085024 1.651641 0.798154
v -0.041067 1.651725 0.798087
v -0.041067 1.656913 0.806094
v -0.085187 1.656770 0.806155
v -0.084130 1.486816 0.724594
v -0.041067 1.486824 0.724533
v -0.084558 1.431560 0.741374
v -0.041067 1.431551 0.741355
v -0.041067 1.439938 0.737406
v -0.084342 1.439947 0.737445
v -0.085084 1.636514 0.779122
v -0.041067 1.636561 0.779104
v -0.041067 1.644762 0.788727
v -0.085376 1.644684 0.788852
v -0.041067 1.553498 0.728917
v -0.084137 1.553519 0.728928
v -0.041067 1.338226 0.867341
v -0.087491 1.338582 0.867349
v -0.041058 1.364385 0.800780
v -0.085517 1.364526 0.800759
v -0.041067 1.392336 0.768223
v -0.084542 1.391719 0.767623
v -0.084603 1.399734 0.760544
v -0.041067 1.400271 0.761444
v -0.124717 1.532634 0.848273
v -0.125368 1.534255 0.843215
v -0.123650 1.535881 0.841636
v -0.126293 1.537702 0.846701
v -0.127816 1.536460 0.851919
v -0.126430 1.533865 0.854121
v -0.130554 1.529999 0.851288
v -0.126305 1.535063 0.842347
v -0.132696 1.537444 0.846032
v -0.134965 1.536879 0.853929
v -0.134467 1.532207 0.860422
v -0.135546 1.531862 0.938549
v -0.135498 1.535084 0.938287
v -0.134640 1.531619 0.942727
v -0.134377 1.534407 0.943428
v -0.134793 1.534033 0.941680
v -0.135520 1.533393 0.938113
v -0.136112 1.533258 0.936652
v -0.135771 1.530890 0.937867
v -0.135189 1.530301 0.940355
v -0.134541 1.536938 0.942376
v -0.135174 1.537222 0.939773
v -0.135136 1.535531 0.939801
v -0.135889 1.536001 0.937389
v -0.134299 1.539302 0.939378
v -0.135141 1.537443 0.935562
v -0.135503 1.532962 0.934427
v -0.135044 1.529185 0.936500
v -0.133227 1.538863 0.933154
v -0.133841 1.532530 0.931764
v -0.133350 1.527246 0.934828
v -0.132035 1.525577 0.940327
v -0.134095 1.528032 0.940468
v -0.130479 1.528400 0.945607
v -0.131707 1.542081 0.938459
v -0.130808 1.539783 0.944336
v -0.129755 1.534548 0.947242
v -0.133309 1.538131 0.943353
v -0.132580 1.534590 0.945531
v -0.133033 1.530160 0.944278
v -0.135546 1.531862 0.852279
v -0.135498 1.535084 0.852541
v -0.134640 1.531619 0.848102
v -0.134377 1.534407 0.847401
v -0.134793 1.534033 0.849149
v -0.135520 1.533393 0.852715
v -0.136112 1.533258 0.854177
v -0.135771 1.530890 0.852962
v -0.135189 1.530301 0.850474
v -0.134541 1.536938 0.848452
v -0.135174 1.537222 0.851055
v -0.135136 1.535531 0.851027
v -0.135889 1.536001 0.853440
v -0.134299 1.539302 0.851450
v -0.135141 1.537443 0.855267
v -0.135503 1.532962 0.856402
v -0.135044 1.529185 0.854329
v -0.133227 1.538863 0.857675
v -0.133841 1.532530 0.859064
v -0.133350 1.527246 0.856001
v -0.132035 1.525577 0.850502
v -0.134095 1.528032 0.850361
v -0.130479 1.528400 0.845222
v -0.131707 1.542081 0.852370
v -0.130808 1.539783 0.846493
v -0.129755 1.534548 0.843587
v -0.133309 1.538131 0.847476
v -0.132580 1.534590 0.845297
v -0.133033 1.530160 0.846550
v -0.174236 1.369915 0.849565
v -0.174236 1.357149 0.856069
v -0.174236 1.347018 0.866201
v -0.174236 1.340513 0.878967
v -0.174236 1.340513 0.907270
v -0.174236 1.347018 0.920036
v -0.174236 1.357149 0.930167
v -0.174236 1.369915 0.936672
v -0.174236 1.384066 0.938914
v -0.174236 1.398218 0.936672
v -0.174236 1.410984 0.930167
v -0.174236 1.421116 0.920036
v -0.174236 1.427620 0.907270
v -0.174236 1.429862 0.893118
v -0.174236 1.427620 0.878967
v -0.174236 1.421116 0.866201
v -0.174236 1.410984 0.856069
v -0.174236 1.398218 0.849565
v -0.174236 1.384066 0.847323
v -0.182331 1.368879 0.846375
v -0.182331 1.355178 0.853357
v -0.182331 1.344305 0.864230
v -0.182331 1.337324 0.877931
v -0.182331 1.337324 0.908306
v -0.182331 1.344305 0.922007
v -0.182331 1.355178 0.932880
v -0.182331 1.368879 0.939861
v -0.182331 1.384066 0.942266
v -0.182331 1.399254 0.939861
v -0.182331 1.412955 0.932880
v -0.182331 1.423828 0.922007
v -0.182331 1.430809 0.908306
v -0.182331 1.433215 0.893118
v -0.182331 1.430809 0.877931
v -0.182331 1.423828 0.864230
v -0.182331 1.412955 0.853357
v -0.182331 1.399254 0.846375
v -0.182331 1.384066 0.843970
v -0.185684 1.366377 0.838677
v -0.185684 1.350419 0.846807
v -0.185684 1.337755 0.859472
v -0.185684 1.329624 0.875429
v -0.185684 1.329624 0.910808
v -0.185684 1.337755 0.926765
v -0.185684 1.350419 0.939429
v -0.185684 1.366377 0.947560
v -0.185684 1.384066 0.950362
v -0.185684 1.401756 0.947560
v -0.185684 1.417714 0.939429
v -0.185684 1.430378 0.926765
v -0.185684 1.438509 0.910808
v -0.185684 1.441310 0.893118
v -0.185684 1.438509 0.875429
v -0.185684 1.430378 0.859472
v -0.185684 1.417714 0.846807
v -0.185684 1.401756 0.838677
v -0.185684 1.384066 0.835875
v -0.182331 1.363875 0.830977
v -0.182331 1.345661 0.840258
v -0.182331 1.331206 0.854713
v -0.182331 1.321925 0.872928
v -0.182331 1.321925 0.913309
v -0.182331 1.331206 0.931524
v -0.182331 1.345661 0.945979
v -0.182331 1.363875 0.955260
v -0.182331 1.384066 0.958458
v -0.182331 1.404258 0.955260
v -0.182331 1.422472 0.945979
v -0.182331 1.436927 0.931524
v -0.182331 1.446208 0.913309
v -0.182331 1.449406 0.893118
v -0.182331 1.446208 0.872928
v -0.182331 1.436927 0.854713
v -0.182331 1.422472 0.840258
v -0.182331 1.404258 0.830977
v -0.182331 1.384066 0.827779
v -0.174236 1.362839 0.827788
v -0.174236 1.343690 0.837545
v -0.174236 1.328493 0.852742
v -0.174236 1.318736 0.871892
v -0.174236 1.318736 0.914346
v -0.174236 1.328493 0.933495
v -0.174236 1.343690 0.948691
v -0.174236 1.362839 0.958449
v -0.174236 1.384066 0.961811
v -0.174236 1.405294 0.958449
v -0.174236 1.424443 0.948691
v -0.174236 1.439640 0.933495
v -0.174236 1.449397 0.914346
v -0.174236 1.452759 0.893118
v -0.174236 1.449397 0.871892
v -0.174236 1.439640 0.852742
v -0.174236 1.424443 0.837545
v -0.174236 1.405294 0.827788
v -0.174236 1.384066 0.824426
v -0.166140 1.363875 0.830977
v -0.166140 1.345661 0.840258
v -0.166140 1.331206 0.854713
v -0.166140 1.321925 0.872928
v -0.166140 1.321925 0.913309
v -0.166140 1.331206 0.931524
v -0.166140 1.345661 0.945979
v -0.166140 1.363875 0.955260
v -0.166140 1.384066 0.958458
v -0.166140 1.404258 0.955260
v -0.166140 1.422472 0.945979
v -0.166140 1.436927 0.931524
v -0.166140 1.446208 0.913309
v -0.166140 1.449406 0.893118
v -0.166140 1.446208 0.872928
v -0.166140 1.436927 0.854713
v -0.166140 1.422472 0.840258
v -0.166140 1.404258 0.830977
v -0.166140 1.384066 0.827779
v -0.162787 1.366377 0.838677
v -0.162787 1.350419 0.846807
v -0.162787 1.337755 0.859472
v -0.162787 1.329624 0.875429
v -0.162787 1.329624 0.910808
v -0.162787 1.337755 0.926765
v -0.162787 1.350419 0.939429
v -0.162787 1.366377 0.947560
v -0.162787 1.384066 0.950362
v -0.162787 1.401756 0.947560
v -0.162787 1.417714 0.939429
v -0.162787 1.430378 0.926765
v -0.162787 1.438509 0.910808
v -0.162787 1.441310 0.893118
v -0.162787 1.438509 0.875429
v -0.162787 1.430378 0.859472
v -0.162787 1.417714 0.846807
v -0.162787 1.401756 0.838677
v -0.162787 1.384066 0.835875
v -0.166140 1.368879 0.846375
v -0.166140 1.355178 0.853357
v -0.166140 1.344305 0.864230
v -0.166140 1.337324 0.877931
v -0.166140 1.337324 0.908306
v -0.166140 1.344305 0.922007
v -0.166140 1.355178 0.932880
v -0.166140 1.368879 0.939861
v -0.166140 1.384066 0.942266
v -0.166140 1.399254 0.939861
v -0.166140 1.412955 0.932880
v -0.166140 1.423828 0.922007
v -0.166140 1.430809 0.908306
v -0.166140 1.433215 0.893118
v -0.166140 1.430809 0.877931
v -0.166140 1.423828 0.864230
v -0.166140 1.412955 0.853357
v -0.166140 1.399254 0.846375
v -0.166140 1.384066 0.843970
v -0.174236 1.350622 0.883870
v -0.174236 1.350039 0.893118
v -0.189805 1.344350 0.882454
v -0.190874 1.342979 0.893118
v -0.174236 1.350622 0.902367
v -0.189805 1.344350 0.903783
v -0.196287 1.329130 0.879021
v -0.197368 1.326361 0.893118
v -0.196287 1.329130 0.907216
v -0.189805 1.313909 0.875589
v -0.190339 1.310279 0.893118
v -0.189805 1.313909 0.910649
v -0.174236 1.307637 0.874172
v -0.174236 1.303754 0.893118
v -0.174236 1.307637 0.912065
v -0.158666 1.313909 0.875589
v -0.158132 1.310279 0.893118
v -0.158666 1.313909 0.910649
v -0.152184 1.329130 0.879021
v -0.151103 1.326361 0.893118
v -0.152184 1.329130 0.907216
v -0.158666 1.344350 0.882454
v -0.157597 1.342979 0.893118
v -0.158666 1.344350 0.903783
v 0.046102 2.571127 0.685232
v 0.046102 0.598939 0.685232
v 0.046102 2.709118 0.547241
v 0.046102 0.460948 0.547241
v -0.134072 3.059872 0.041272
v -0.134072 3.109575 0.041272
v -0.134305 3.067800 0.131929
v -0.134305 3.103391 0.133291
v -0.134305 3.057538 0.188682
v -0.134305 3.112815 0.190689
v -0.134305 3.069674 0.230681
v -0.134305 3.101759 0.231846
v -0.134305 3.058075 0.263463
v -0.134305 3.116599 0.265588
v -0.134305 3.064165 0.299718
v -0.134305 3.110509 0.301401
v -0.134305 3.064705 0.370401
v -0.134305 3.111049 0.372084
v -0.134305 3.055628 0.413074
v -0.134305 3.117966 0.415338
v -0.134305 3.066804 0.463374
v -0.134305 3.106790 0.464826
v -0.134305 3.068424 0.495250
v -0.134305 3.108410 0.496702
v -0.134305 3.059156 0.504615
v -0.134305 3.117678 0.506740
v -0.134305 3.060237 0.706961
v -0.134305 3.118759 0.709086
v -0.134305 3.070971 0.751641
v -0.134305 3.111266 0.753104
v -0.134305 3.059261 0.774796
v -0.134305 3.121895 0.777071
v -0.134305 3.059261 0.881513
v -0.134305 3.121895 0.883788
v -0.134305 3.081762 0.972415
v -0.134305 3.099394 0.973056
v -0.147578 3.059872 0.041259
v -0.147578 3.109575 0.041259
v -0.147461 3.067800 0.131929
v -0.147461 3.103391 0.133291
v -0.147461 3.057538 0.188682
v -0.147461 3.112815 0.190689
v -0.147461 3.069674 0.230681
v -0.147461 3.101759 0.231846
v -0.147461 3.058075 0.263463
v -0.147461 3.116599 0.265588
v -0.147461 3.064165 0.299718
v -0.147461 3.110509 0.301401
v -0.147461 3.064705 0.370401
v -0.147461 3.111049 0.372084
v -0.147461 3.055628 0.413074
v -0.147461 3.117966 0.415338
v -0.147461 3.066804 0.463374
v -0.147461 3.106790 0.464826
v -0.147461 3.068424 0.495250
v -0.147461 3.108410 0.496702
v -0.147461 3.059156 0.504615
v -0.147461 3.117678 0.506740
v -0.147461 3.060237 0.706961
v -0.147461 3.118759 0.709086
v -0.147461 3.070971 0.751641
v -0.147461 3.111266 0.753104
v -0.147461 3.059261 0.774796
v -0.147461 3.121895 0.777071
v -0.147461 3.059261 0.881513
v -0.147461 3.121895 0.883788
v -0.147461 3.081762 0.972415
v -0.147461 3.099394 0.973056
v -0.157216 3.059872 0.031539
v -0.157216 3.109635 0.031539
v -0.157189 3.059872 0.017936
v -0.157189 3.109635 0.017936
v -0.147551 3.059872 0.008337
v -0.147551 3.109635 0.008337
v -0.133949 3.059872 0.008364
v -0.133949 3.109635 0.008364
v -0.124349 3.059872 0.018002
v -0.124349 3.109635 0.018002
v -0.124377 3.059872 0.031605
v -0.124377 3.109635 0.031605
v -0.133950 3.109571 0.043931
v -0.147701 3.109571 0.043916
v -0.147701 3.059872 0.043916
v -0.133950 3.059872 0.043931
v -0.157882 3.059872 0.033126
v -0.157850 3.059872 0.016331
v -0.157850 3.109637 0.016329
v -0.157882 3.109632 0.033126
v -0.147673 3.059872 0.005679
v -0.147673 3.109639 0.005679
v -0.133825 3.059872 0.005707
v -0.123684 3.059872 0.016413
v -0.123684 3.109637 0.016412
v -0.133825 3.109639 0.005707
v -0.123715 3.059872 0.033210
v -0.123715 3.109632 0.033210
v -0.133982 3.154629 0.043344
v -0.147669 3.154628 0.043331
v -0.147669 3.014815 0.043219
v -0.133982 3.014815 0.043233
v -0.157751 3.014988 0.032815
v -0.157721 3.014987 0.016646
v -0.157721 3.154522 0.016757
v -0.157751 3.154518 0.032925
v -0.147641 3.014815 0.006376
v -0.147641 3.154696 0.006487
v -0.133858 3.014815 0.006404
v -0.123814 3.014988 0.016724
v -0.123814 3.154521 0.016835
v -0.133858 3.154695 0.006514
v -0.123845 3.014987 0.032895
v -0.123845 3.154520 0.033004
v -0.133825 3.109639 -0.008988
v -0.147673 3.109639 -0.009016
v -0.147673 3.059872 -0.009016
v -0.133825 3.059872 -0.008988
v -0.133858 3.154695 -0.008180
v -0.147641 3.154696 -0.008208
v -0.147641 3.014815 -0.008318
v -0.133858 3.014815 -0.008291
v -0.147673 3.109639 -0.009016
v -0.147673 3.109638 0.005707
v -0.147673 3.059871 0.005707
v -0.147641 3.154695 0.006404
v -0.147641 3.014815 0.006514
v -0.147673 3.059871 -0.008988
v -0.147673 3.109638 -0.008988
v -0.147641 3.014815 -0.008180
v -0.147641 3.154695 -0.008291
v -0.191227 3.059871 0.005707
v -0.191194 3.014815 0.006514
v -0.191227 3.109638 0.005707
v -0.191194 3.154695 0.006404
v -0.191227 3.059871 -0.008988
v -0.191194 3.014815 -0.008180
v -0.191227 3.109638 -0.008988
v -0.191194 3.154695 -0.008291
v -0.147673 3.059871 -0.008988
v -0.147673 3.059871 0.005707
v -0.191227 3.059871 -0.008988
v -0.191227 3.059871 0.005707
v -0.202013 3.121186 0.002119
v -0.201997 3.143146 0.002459
v -0.202013 3.121186 -0.005043
v -0.201997 3.143146 -0.004703
v -0.200584 3.047625 0.001933
v -0.200569 3.027061 0.002301
v -0.200584 3.047625 -0.004774
v -0.200569 3.027061 -0.004406
v -0.131036 0.053212 0.041272
v -0.131036 0.102915 0.041272
v -0.131269 0.061141 0.131928
v -0.131269 0.096732 0.133291
v -0.131269 0.050878 0.188682
v -0.131269 0.106156 0.190689
v -0.131269 0.063014 0.230681
v -0.131269 0.095100 0.231846
v -0.131269 0.051415 0.263463
v -0.131269 0.109940 0.265588
v -0.131269 0.057506 0.299718
v -0.131269 0.103849 0.301401
v -0.131269 0.058046 0.370401
v -0.131269 0.104390 0.372084
v -0.131269 0.048969 0.413074
v -0.131269 0.111306 0.415338
v -0.131269 0.060144 0.463373
v -0.131269 0.100130 0.464825
v -0.131269 0.061765 0.495250
v -0.131269 0.101751 0.496702
v -0.131269 0.052497 0.504615
v -0.131269 0.111019 0.506740
v -0.131269 0.053577 0.706960
v -0.131269 0.112099 0.709086
v -0.131269 0.064311 0.751641
v -0.131269 0.104606 0.753104
v -0.131269 0.052602 0.774796
v -0.131269 0.115235 0.777071
v -0.131269 0.052602 0.881513
v -0.131269 0.115235 0.883787
v -0.131269 0.075102 0.972415
v -0.131269 0.092734 0.973056
v -0.144542 0.053212 0.041259
v -0.144542 0.102915 0.041259
v -0.144425 0.061141 0.131928
v -0.144425 0.096732 0.133291
v -0.144425 0.050878 0.188682
v -0.144425 0.106156 0.190689
v -0.144425 0.063014 0.230681
v -0.144425 0.095100 0.231846
v -0.144425 0.051415 0.263463
v -0.144425 0.109940 0.265588
v -0.144425 0.057506 0.299718
v -0.144425 0.103849 0.301401
v -0.144425 0.058046 0.370401
v -0.144425 0.104390 0.372084
v -0.144425 0.048969 0.413074
v -0.144425 0.111306 0.415338
v -0.144425 0.060144 0.463373
v -0.144425 0.100130 0.464825
v -0.144425 0.061765 0.495250
v -0.144425 0.101751 0.496702
v -0.144425 0.052497 0.504615
v -0.144425 0.111019 0.506740
v -0.144425 0.053577 0.706960
v -0.144425 0.112099 0.709086
v -0.144425 0.064311 0.751641
v -0.144425 0.104606 0.753104
v -0.144425 0.052602 0.774796
v -0.144425 0.115235 0.777071
v -0.144425 0.052602 0.881513
v -0.144425 0.115235 0.883787
v -0.144425 0.075102 0.972415
v -0.144425 0.092734 0.973056
v -0.154180 0.053212 0.031538
v -0.154180 0.102975 0.031538
v -0.154153 0.053212 0.017936
v -0.154153 0.102975 0.017936
v -0.144515 0.053212 0.008337
v -0.144515 0.102975 0.008337
v -0.130912 0.053212 0.008364
v -0.130913 0.102975 0.008364
v -0.121313 0.053213 0.018002
v -0.121313 0.102975 0.018002
v -0.121341 0.053213 0.031604
v -0.121341 0.102975 0.031604
v -0.130914 0.102911 0.043930
v -0.144665 0.102911 0.043916
v -0.144665 0.053212 0.043916
v -0.130914 0.053212 0.043930
v -0.154846 0.053212 0.033126
v -0.154814 0.053212 0.016330
v -0.154814 0.102978 0.016329
v -0.154846 0.102973 0.033126
v -0.144637 0.053212 0.005679
v -0.144637 0.102979 0.005679
v -0.130789 0.053212 0.005707
v -0.120648 0.053213 0.016413
v -0.120648 0.102978 0.016412
v -0.130789 0.102979 0.005707
v -0.120679 0.053213 0.033210
v -0.120679 0.102973 0.033210
v -0.130946 0.147969 0.043344
v -0.144633 0.147969 0.043330
v -0.144633 0.008155 0.043219
v -0.130946 0.008155 0.043233
v -0.154715 0.008328 0.032815
v -0.154684 0.008327 0.016645
v -0.154685 0.147863 0.016757
v -0.154715 0.147859 0.032925
v -0.144605 0.008155 0.006376
v -0.144605 0.148036 0.006487
v -0.130822 0.008155 0.006404
v -0.120778 0.008328 0.016724
v -0.120778 0.147861 0.016835
v -0.130822 0.148036 0.006514
v -0.120809 0.008327 0.032895
v -0.120809 0.147860 0.033004
v -0.130789 0.102979 -0.008988
v -0.144637 0.102979 -0.009016
v -0.144637 0.053212 -0.009016
v -0.130789 0.053212 -0.008988
v -0.130822 0.148036 -0.008180
v -0.144605 0.148036 -0.008208
v -0.144605 0.008155 -0.008318
v -0.130822 0.008155 -0.008291
v -0.144637 0.102979 -0.009016
v -0.144637 0.102978 0.005707
v -0.144637 0.053211 0.005707
v -0.144605 0.148036 0.006404
v -0.144605 0.008155 0.006514
v -0.144637 0.053211 -0.008988
v -0.144637 0.102978 -0.008988
v -0.144605 0.008155 -0.008180
v -0.144605 0.148036 -0.008291
v -0.188191 0.053211 0.005707
v -0.188158 0.008155 0.006514
v -0.188191 0.102978 0.005707
v -0.188158 0.148036 0.006404
v -0.188191 0.053211 -0.008988
v -0.188158 0.008155 -0.008180
v -0.188191 0.102978 -0.008988
v -0.188158 0.148036 -0.008291
v -0.144637 0.053211 -0.008988
v -0.144637 0.053211 0.005707
v -0.188191 0.053211 -0.008988
v -0.188191 0.053211 0.005707
v -0.198977 0.114527 0.002119
v -0.198961 0.136487 0.002459
v -0.198977 0.114527 -0.005043
v -0.198961 0.136487 -0.004703
v -0.197548 0.040965 0.001932
v -0.197533 0.020401 0.002301
v -0.197548 0.040965 -0.004774
v -0.197533 0.020401 -0.004406
vn -0.9993 -0.0267 0.0267
vn -0.8168 -0.4797 0.3205
vn -0.8168 -0.4080 0.4080
vn -0.9993 0.0074 -0.0370
vn -0.8168 0.2208 -0.5330
vn -0.8168 0.1126 -0.5659
vn -0.9993 0.0144 0.0348
vn -0.8168 0.1126 0.5659
vn -0.8168 0.2208 0.5330
vn -0.8168 -0.3205 0.4797
vn -0.9993 -0.0209 0.0313
vn -0.9993 -0.0000 -0.0377
vn -0.8168 -0.0000 -0.5770
vn -0.8168 0.3205 0.4797
vn -0.9993 0.0210 0.0314
vn -0.9993 -0.0144 0.0348
vn -0.8168 -0.2208 0.5330
vn -0.8168 -0.1126 -0.5659
vn -0.9993 -0.0074 -0.0370
vn -0.8168 0.4080 0.4080
vn -0.9993 0.0266 0.0266
vn -0.8168 -0.1126 0.5659
vn -0.9993 -0.0074 0.0370
vn -0.8168 -0.2208 -0.5330
vn -0.9993 -0.0144 -0.0348
vn -0.9993 0.0313 0.0209
vn -0.8168 0.4797 0.3205
vn -0.8168 -0.0000 0.5770
vn -0.9993 -0.0000 0.0377
vn -0.9993 -0.0209 -0.0313
vn -0.8168 -0.3205 -0.4797
vn -0.9993 0.0348 0.0144
vn -0.8168 0.5330 0.2208
vn -0.8168 -0.4080 -0.4080
vn -0.9993 -0.0267 -0.0267
vn -0.9993 0.0370 0.0074
vn -0.8168 0.5659 0.1126
vn -0.8168 -0.4797 -0.3205
vn -0.9993 -0.0313 -0.0209
vn -0.8168 0.5770 -0.0000
vn -0.9993 0.0377 -0.0000
vn -0.9993 -0.0348 -0.0144
vn -0.8168 -0.5330 -0.2208
vn -0.9993 0.0370 -0.0074
vn -0.8168 0.5659 -0.1126
vn -0.8168 -0.5659 -0.1126
vn -0.9993 -0.0370 -0.0074
vn -0.9993 0.0348 -0.0144
vn -0.8168 0.5330 -0.2208
vn -0.8168 -0.5770 -0.0000
vn -0.9993 -0.0377 -0.0000
vn -0.8168 0.4797 -0.3205
vn -0.9993 0.0313 -0.0209
vn -0.8168 -0.5659 0.1126
vn -0.9993 -0.0370 0.0074
vn -0.8168 0.4080 -0.4080
vn -0.9993 0.0267 -0.0267
vn -0.8168 -0.5330 0.2208
vn -0.9993 -0.0348 0.0144
vn -0.9993 0.0209 -0.0313
vn -0.8168 0.3205 -0.4797
vn -0.9993 -0.0314 0.0209
vn -0.9993 0.0144 -0.0348
vn -0.9993 0.0074 0.0370
vn -0.8188 -0.3189 0.4773
vn -0.8188 -0.1120 -0.5630
vn -0.8188 -0.0000 -0.5741
vn -0.8188 0.4059 -0.4059
vn -0.8188 0.4773 -0.3189
vn -0.8188 -0.1120 0.5630
vn -0.8188 -0.2197 0.5304
vn -0.8188 -0.2197 -0.5304
vn -0.8188 -0.0000 0.5741
vn -0.8188 0.2197 -0.5304
vn -0.8188 0.3189 -0.4773
vn -0.8188 -0.4059 -0.4059
vn -0.8188 -0.3189 -0.4773
vn -0.8188 0.2197 0.5304
vn -0.8188 0.1120 0.5630
vn -0.8188 0.1120 -0.5630
vn -0.8188 0.3189 0.4773
vn -0.8188 -0.4773 -0.3189
vn -0.8188 -0.5630 -0.1120
vn -0.8188 -0.5304 -0.2197
vn -0.8188 0.4059 0.4059
vn -0.8188 0.5304 0.2197
vn -0.8188 0.4773 0.3189
vn -0.8188 -0.5630 0.1120
vn -0.8188 -0.5741 -0.0000
vn -0.8188 0.5630 0.1120
vn -0.8188 -0.4773 0.3189
vn -0.8188 -0.5304 0.2197
vn -0.8188 0.5630 -0.1120
vn -0.8188 0.5741 -0.0000
vn -0.8188 -0.4059 0.4059
vn -0.8188 0.5304 -0.2197
vn -0.0000 1.0000 -0.0000
vn -1.0000 -0.0000 -0.0000
vn -0.0000 -0.0000 1.0000
vn -0.0000 -1.0000 -0.0000
vn -0.0000 -0.9890 -0.1477
vn -0.0000 -0.0000 -1.0000
vn -0.0000 0.7030 -0.7112
vn -0.0000 0.4779 0.8784
vn -0.0000 0.4779 -0.8784
vn -0.0000 0.7030 0.7112
vn -0.0000 0.9969 0.0784
vn -0.0000 0.8345 0.5510
vn -0.0000 0.9969 -0.0784
vn -0.0000 0.9197 0.3926
vn -0.0000 0.9719 -0.2352
vn -0.0000 0.9719 0.2352
vn -0.0000 0.9197 -0.3926
vn -0.0000 0.8345 -0.5510
vn -0.0000 -0.7030 0.7112
vn -0.0000 -0.4779 -0.8784
vn -0.0000 -0.4780 0.8784
vn -0.0000 -0.4779 0.8784
vn -0.0000 -0.7030 -0.7112
vn -0.0000 -0.9969 -0.0784
vn -0.0000 -0.8345 -0.5510
vn -0.0000 -0.9969 0.0784
vn -0.0000 -0.9197 -0.3926
vn -0.0000 -0.9719 0.2352
vn -0.0000 -0.9719 -0.2352
vn -0.0000 -0.9197 0.3926
vn -0.0000 -0.8345 0.5510
vn -0.0000 0.8966 -0.4427
vn -0.0000 -0.6722 0.7404
vn -0.0000 -0.8966 -0.4427
vn -0.0000 -0.8966 0.4427
vn -0.0000 -0.9890 0.1477
vn -0.0000 -0.6722 -0.7404
vn -0.0000 0.9890 -0.1477
vn -0.0000 0.6722 0.7404
vn -0.0000 0.9890 0.1477
vn -0.0000 0.6722 -0.7404
vn -0.0000 0.8966 0.4427
vn -0.0030 0.9945 -0.1045
vn -0.0023 0.9946 -0.1041
vn 0.0023 0.9946 -0.1041
vn -0.0000 -0.5111 0.8595
vn -0.0000 -0.6742 0.7385
vn -0.0000 -0.8047 0.5937
vn -0.0000 -0.9013 0.4331
vn -0.0000 -0.3512 0.9363
vn -0.0001 0.0002 1.0000
vn -0.0000 0.0004 1.0000
vn -0.0039 0.0004 1.0000
vn 1.0000 -0.0000 -0.0000
vn 0.0001 0.0002 1.0000
vn 0.0039 0.0004 1.0000
vn -0.0000 -0.9940 0.1093
vn -0.0000 -0.9648 0.2631
vn -0.0000 -0.3197 0.9475
vn -0.0000 0.8047 -0.5937
vn -0.0000 0.9938 -0.1115
vn -0.0000 0.6742 -0.7385
vn -0.0000 0.9013 -0.4331
vn -0.0000 0.9648 -0.2631
vn -0.0000 0.5111 -0.8595
vn -0.0000 0.3197 -0.9475
vn 0.0003 -0.0729 0.9973
vn -0.0000 -0.0732 0.9973
vn 0.0003 -0.0728 0.9973
vn -0.0003 -0.0729 0.9973
vn -0.0003 -0.0728 0.9973
vn -0.0000 0.9911 -0.1331
vn -0.9998 0.0189 -0.0017
vn -0.9998 0.0194 -0.0008
vn -0.9998 0.0185 -0.0025
vn -0.0000 0.9808 0.1951
vn -0.0000 0.5556 0.8315
vn -0.0000 -0.8315 0.5556
vn -0.0000 -0.9808 -0.1951
vn -0.0000 -0.5556 -0.8315
vn -0.0000 0.1951 -0.9808
vn -0.0000 0.8315 -0.5556
vn -0.0000 -0.1951 0.9808
vn -0.4686 -0.6857 -0.5570
vn -0.4701 -0.6893 0.5512
vn -0.4637 -0.8859 0.0127
vn -0.0000 -0.5556 0.8315
vn -0.0000 -0.9808 0.1951
vn -0.0000 0.9808 -0.1951
vn -0.0000 0.8315 0.5556
vn -0.0000 0.5556 -0.8315
vn -0.0000 -0.1951 -0.9808
vn -0.0000 -0.8315 -0.5556
vn -0.0000 0.1951 0.9808
vn 0.9444 -0.3288 -0.0025
vn 0.9356 -0.3502 -0.0443
vn 0.9130 -0.4078 -0.0061
vn 0.9359 -0.3490 0.0483
vn 0.9138 -0.3632 -0.1820
vn 0.9488 -0.3143 -0.0307
vn 0.6331 -0.5599 -0.5345
vn 0.9387 -0.3273 0.1082
vn -0.2352 -0.6075 -0.7587
vn 0.9071 -0.3039 0.2913
vn 0.2497 0.6956 -0.6737
vn 0.3651 0.0216 0.9307
vn -0.8486 -0.0576 -0.5259
vn 0.5289 0.5976 0.6026
vn 0.8844 0.4567 -0.0959
vn 0.9034 0.3835 0.1916
vn 0.9248 0.3796 -0.0238
vn 0.9246 0.3809 0.0009
vn 0.9317 0.3632 0.0001
vn 0.9249 0.3794 0.0238
vn 0.8853 0.4556 0.0929
vn 0.9009 0.3889 -0.1925
vn 0.3424 0.6829 0.6452
vn 0.5179 0.6033 -0.6065
vn -0.7906 0.0482 0.6104
vn 0.4833 0.4321 -0.7614
vn 0.6423 -0.5950 0.4831
vn 0.9093 -0.2536 -0.3299
vn -0.5866 -0.5304 0.6120
vn 0.9375 -0.3310 -0.1077
vn 0.9158 -0.3577 0.1829
vn 0.9491 -0.3132 0.0324
vn 0.1479 -0.9884 -0.0342
vn 0.1300 -0.9825 0.1334
vn 0.1611 -0.9865 0.0291
vn 0.1221 -0.9820 -0.1441
vn 0.1619 -0.9167 0.3653
vn 0.1248 -0.9859 -0.1119
vn 0.1947 -0.6596 0.7260
vn 0.1636 -0.9092 0.3828
vn 0.1961 -0.6485 0.7355
vn 0.1626 0.4767 0.8639
vn 0.5120 0.4191 0.7498
vn 0.1429 0.6794 0.7197
vn 0.1368 0.8600 0.4917
vn 0.1378 0.9905 0.0013
vn 0.1369 0.8619 0.4883
vn 0.1377 0.9905 -0.0015
vn 0.1303 0.8615 -0.4908
vn 0.1303 0.8620 -0.4899
vn 0.1506 0.4783 -0.8652
vn 0.1332 0.6807 -0.7203
vn 0.3437 0.0195 -0.9389
vn 0.1877 -0.6504 -0.7361
vn 0.1953 -0.0683 -0.9784
vn 0.1588 -0.9105 -0.3818
vn 0.1863 -0.6596 -0.7281
vn 0.1575 -0.9168 -0.3670
vn 0.1263 -0.9863 0.1059
vn 0.1412 -0.9743 -0.1758
vn -0.6339 -0.7734 -0.0001
vn -0.0781 -0.9895 0.1215
vn -0.0889 -0.9960 -0.0003
vn -0.0791 -0.9895 -0.1212
vn -0.0361 -0.9284 0.3699
vn -0.6270 -0.7699 -0.1189
vn 0.0406 -0.6905 0.7222
vn -0.5653 -0.7407 0.3631
vn -0.2160 -0.4307 0.8763
vn 0.1679 -0.1310 0.9771
vn 0.4183 0.2358 0.8772
vn 0.2355 0.4412 0.8660
vn 0.5568 0.3973 0.7294
vn 0.2538 0.6443 0.7214
vn 0.6781 0.5241 0.5152
vn 0.2792 0.8214 0.4973
vn 0.7861 0.6181 -0.0000
vn 0.3036 0.9528 -0.0001
vn 0.2722 0.8235 -0.4977
vn 0.2448 0.6465 -0.7226
vn 0.6739 0.5292 -0.5156
vn 0.2254 0.4439 -0.8673
vn 0.5511 0.4036 -0.7304
vn 0.1576 -0.1297 -0.9789
vn 0.4118 0.2427 -0.8783
vn 0.0335 -0.6899 -0.7231
vn -0.2216 -0.4261 -0.8771
vn -0.5673 -0.7391 -0.3632
vn -0.0399 -0.9282 -0.3700
vn -0.6264 -0.7703 0.1190
vn -0.9928 -0.1196 -0.0011
vn -0.9867 -0.1168 -0.1133
vn -0.3837 -0.5871 0.7128
vn -0.9214 -0.1112 0.3724
vn -0.6786 -0.0863 0.7295
vn 0.4671 0.0398 0.8833
vn 0.3539 0.1579 0.9219
vn 0.6806 0.0523 0.7308
vn 0.8593 0.0505 0.5090
vn 0.8597 0.0514 -0.5082
vn 0.6805 0.0529 -0.7308
vn 0.3474 0.1651 -0.9231
vn 0.4671 0.0404 -0.8833
vn -0.6792 -0.0860 -0.7289
vn -0.3880 -0.5837 -0.7132
vn -0.9217 -0.1110 -0.3716
vn -0.9865 -0.1168 0.1145
vn -0.9238 0.3619 0.1250
vn -0.9240 0.3612 -0.1251
vn -0.8554 0.3606 0.3717
vn -0.4612 -0.0640 0.8850
vn -0.6089 0.3034 0.7330
vn -0.0457 0.1327 0.9901
vn 0.3646 0.0303 0.9307
vn 0.4877 -0.0659 0.8705
vn 0.6755 -0.1393 0.7241
vn 0.9985 0.0555 0.0013
vn 0.8442 -0.2004 0.4972
vn 0.8430 -0.2045 -0.4975
vn 0.6740 -0.1448 -0.7244
vn 0.4860 -0.0720 -0.8710
vn -0.0478 0.1264 -0.9908
vn 0.3645 0.0308 -0.9307
vn -0.6105 0.2991 -0.7334
vn -0.4614 -0.0634 -0.8849
vn -0.8562 0.3585 -0.3719
vn -0.9336 0.3583 -0.0000
vn -0.8642 0.4867 0.1279
vn -0.8645 0.4860 -0.1279
vn -0.7958 0.4731 0.3778
vn -0.5571 0.3741 0.7414
vn -0.0113 0.1149 0.9933
vn 0.4740 -0.1459 0.8684
vn 0.6483 -0.2409 0.7223
vn 0.9701 -0.2428 -0.0003
vn 0.8078 -0.3215 0.4940
vn 0.8066 -0.3243 -0.4942
vn 0.6465 -0.2450 -0.7225
vn 0.4718 -0.1507 -0.8687
vn -0.0139 0.1096 -0.9939
vn -0.5593 0.3703 -0.7417
vn -0.7969 0.4712 -0.3779
vn -0.7934 0.4381 0.4225
vn -0.8725 0.4712 0.1291
vn -0.8729 0.4705 -0.1290
vn -0.7946 0.4360 -0.4225
vn -0.8020 0.4601 0.3810
vn -0.5565 0.3648 0.7465
vn 0.0037 0.1121 0.9937
vn 0.4823 -0.1334 0.8658
vn 0.6568 -0.2241 0.7200
vn 0.9258 -0.3781 -0.0001
vn 0.8176 -0.3010 0.4907
vn 0.8166 -0.3038 -0.4908
vn 0.6551 -0.2282 -0.7203
vn 0.4802 -0.1383 -0.8662
vn 0.0010 0.1065 -0.9943
vn -0.5588 0.3606 -0.7468
vn -0.8032 0.4580 -0.3810
vn -0.8022 0.4222 0.4221
vn -0.9539 0.2673 0.1363
vn -0.9540 0.2667 -0.1369
vn -0.8035 0.4197 -0.4222
vn -0.8846 0.2639 0.3845
vn -0.6201 0.2109 0.7557
vn 0.0024 0.0638 0.9980
vn 0.5009 -0.0708 0.8626
vn 0.6862 -0.1213 0.7172
vn 0.9351 -0.3543 -0.0000
vn 0.8581 -0.1645 0.4864
vn 0.8576 -0.1662 -0.4867
vn 0.6855 -0.1238 -0.7174
vn 0.5001 -0.0739 -0.8628
vn 0.0015 0.0600 -0.9982
vn -0.6207 0.2080 -0.7560
vn -0.8849 0.2624 -0.3849
vn -0.9056 0.0350 0.4227
vn -0.8746 0.2374 0.4227
vn -0.9056 0.0347 -0.4227
vn -0.8751 0.2355 -0.4227
vn -0.9232 0.0400 0.3821
vn -0.6608 0.0337 0.7498
vn -0.0424 0.0141 0.9990
vn 0.4959 -0.0065 0.8684
vn 0.6921 -0.0146 0.7217
vn 0.8705 -0.0214 0.4917
vn 0.9997 -0.0259 -0.0000
vn 0.9810 -0.1940 -0.0003
vn 0.8705 -0.0218 -0.4916
vn 0.6921 -0.0151 -0.7217
vn 0.4958 -0.0072 -0.8684
vn -0.0425 0.0134 -0.9990
vn -0.6608 0.0331 -0.7498
vn -0.9232 0.0397 -0.3821
vn -0.9985 0.0545 -0.0000
vn -0.9907 0.0396 0.1299
vn -0.9907 0.0395 -0.1299
vn -0.9248 0.0544 0.3766
vn -0.6699 0.0431 0.7412
vn -0.0717 0.0163 0.9973
vn 0.4887 -0.0106 0.8724
vn 0.6886 -0.0181 0.7249
vn 0.8676 -0.0234 0.4967
vn 0.9996 -0.0274 -0.0000
vn 0.8676 -0.0238 -0.4967
vn 0.6886 -0.0187 -0.7249
vn 0.4887 -0.0113 -0.8724
vn -0.0718 0.0155 -0.9973
vn -0.6699 0.0426 -0.7412
vn -0.9248 0.0541 -0.3766
vn -0.8755 0.4832 0.0015
vn -0.9904 0.0555 0.1267
vn -0.9904 0.0555 -0.1267
vn -0.8162 0.4499 0.3626
vn -0.6073 0.3386 0.7187
vn -0.4063 0.2319 0.8838
vn 0.4277 -0.1953 0.8826
vn 0.6223 -0.2768 0.7322
vn 0.7935 -0.3346 0.5083
vn 0.9235 -0.3836 0.0039
vn 0.7904 -0.3375 -0.5113
vn 0.6214 -0.2857 -0.7295
vn 0.4233 -0.1975 -0.8842
vn -0.4064 0.2345 -0.8831
vn -0.6068 0.3385 -0.7192
vn -0.8161 0.4504 -0.3621
vn -0.6468 0.7627 0.0033
vn -0.8708 0.4770 0.1190
vn -0.6331 0.7682 -0.0950
vn -0.6097 0.7383 0.2884
vn -0.8703 0.4775 -0.1205
vn -0.4951 0.6101 0.6186
vn -0.3385 0.4226 0.8407
vn 0.3747 -0.3726 0.8490
vn 0.3364 -0.1526 0.9293
vn 0.5219 -0.5131 0.6815
vn 0.3654 -0.3690 -0.8546
vn 0.5518 -0.5088 -0.6607
vn 0.3359 -0.1535 -0.9293
vn -0.5008 0.6065 -0.6175
vn -0.3663 0.4196 -0.8305
vn -0.6331 0.7686 0.0921
vn -0.6070 0.7405 -0.2884
vn 0.1336 0.6857 -0.7156
vn 0.1302 0.8615 -0.4907
vn 0.1935 -0.4622 -0.8654
vn 0.1953 -0.0453 -0.9797
vn 0.1492 0.4927 -0.8573
vn 0.1950 -0.6626 0.7231
vn 0.1238 -0.9834 0.1327
vn 0.1368 0.6020 -0.7867
vn 0.1411 -0.9743 -0.1754
vn 0.1363 0.7554 0.6409
vn 0.1279 0.9373 -0.3241
vn 0.2074 -0.0462 0.9772
vn 0.1613 -0.9172 0.3642
vn 0.1229 -0.9820 -0.1433
vn 0.1470 0.5999 0.7865
vn 0.1054 -0.9944 -0.0077
vn 0.1846 -0.6622 -0.7262
vn 0.1371 0.8615 0.4890
vn -0.8157 0.2381 0.5272
vn -0.9091 0.0792 0.4089
vn -0.9093 0.0691 0.4103
vn -0.7183 0.0607 0.6931
vn -0.8660 0.0387 0.4985
vn -0.2448 0.0538 0.9681
vn -0.8671 0.1379 0.4787
vn -0.7612 0.0967 0.6413
vn -0.9016 -0.0091 0.4324
vn -0.0032 0.5360 0.8442
vn -0.1266 0.3204 0.9388
vn -0.0000 0.3141 0.9494
vn -0.8760 0.1591 0.4553
vn -0.9079 0.0828 0.4108
vn -0.9183 0.1592 0.3624
vn -0.7086 0.6931 -0.1319
vn -0.8102 0.5185 -0.2733
vn -0.7910 0.5981 -0.1288
vn -0.6143 0.4105 -0.6739
vn -0.9487 0.0260 -0.3152
vn -0.8228 0.2227 -0.5229
vn -0.8434 0.4594 0.2785
vn -0.8761 0.2942 0.3820
vn -0.9555 0.2720 0.1141
vn -0.8891 0.4577 0.0106
vn -0.9336 0.3582 0.0035
vn -0.6764 -0.0976 0.7301
vn -0.7018 -0.3797 0.6027
vn -0.9410 0.2409 0.2375
vn -0.8195 0.1382 0.5561
vn -0.8672 0.4206 0.2667
vn -0.6528 -0.0839 0.7529
vn -0.9135 0.2342 0.3327
vn -0.8075 0.3354 0.4852
vn -0.8721 0.2540 0.4182
vn -0.1499 -0.9020 -0.4050
vn -0.6791 -0.5611 0.4733
vn -0.6791 -0.5612 -0.4733
vn -0.8491 0.0649 0.5243
vn -0.9111 0.2187 0.3493
vn -0.8768 -0.0385 0.4794
vn -0.9507 -0.1019 0.2928
vn -0.8611 0.0251 0.5078
vn -0.8687 -0.1622 0.4681
vn -0.8453 0.3994 0.3550
vn -0.8696 0.2150 0.4444
vn -0.7661 -0.0599 0.6400
vn -0.8870 -0.0926 0.4525
vn -0.8972 -0.0914 0.4322
vn -0.8437 -0.3833 0.3758
vn -0.9189 -0.1440 0.3673
vn -0.8367 0.0374 0.5464
vn -0.8803 -0.0879 0.4663
vn -0.4264 0.4468 0.7865
vn -0.5653 0.2860 0.7737
vn -0.6322 0.3180 0.7065
vn -0.8292 -0.3739 0.4155
vn -0.9487 -0.0719 0.3079
vn -0.8271 -0.2660 0.4952
vn -0.0870 -0.0553 0.9947
vn -0.2724 0.2630 0.9255
vn -0.3560 -0.1280 0.9257
vn -0.8598 0.1060 0.4996
vn -0.8289 -0.4369 0.3494
vn -0.9160 -0.0383 0.3994
vn -0.9153 0.0313 0.4015
vn -0.8538 0.5064 -0.1205
vn -0.9383 0.3385 -0.0709
vn -0.6209 0.6423 -0.4495
vn -0.3867 0.1673 -0.9069
vn -0.6475 0.5666 -0.5097
vn -0.7954 0.6022 0.0695
vn -0.6576 0.7088 0.2553
vn -0.7052 0.7051 0.0740
vn -0.7657 0.5872 0.2627
vn -0.7934 0.4436 0.4167
vn -0.8776 0.4258 0.2203
vn -0.8305 0.5499 0.0885
vn -0.7824 0.4936 0.3796
vn -0.7459 0.6511 0.1406
vn -0.6707 -0.3353 0.6616
vn -0.8512 -0.3799 0.3621
vn -0.8815 -0.3595 0.3061
vn -0.7171 0.0202 0.6967
vn -0.9016 -0.1225 0.4148
vn -0.8265 -0.1242 0.5491
vn -0.7824 -0.0363 0.6217
vn -0.8953 0.0643 0.4408
vn -0.7194 0.6748 0.1649
vn -0.7068 0.6146 -0.3504
vn -0.7366 0.6264 0.2549
vn -0.1450 0.1161 0.9826
vn -0.6475 0.1157 0.7532
vn -0.4306 0.2949 0.8530
vn -0.3159 0.4965 0.8085
vn -0.6308 0.6975 0.3400
vn -0.6719 0.6189 0.4070
vn -0.3207 0.3639 0.8745
vn -0.5625 -0.5061 0.6538
vn -0.2523 -0.2940 0.9219
vn 0.0101 -0.6781 0.7349
vn 0.0425 -0.6375 0.7693
vn -0.0347 -0.0133 0.9993
vn -0.0397 -0.5898 0.8066
vn -0.7424 0.5854 0.3259
vn -0.8437 0.4959 0.2055
vn -0.7194 0.5904 0.3659
vn -0.8091 0.4970 0.3137
vn -0.8566 0.3902 0.3375
vn -0.7164 -0.2191 0.6624
vn -0.8659 0.4565 0.2047
vn -0.0032 0.5360 -0.8442
vn -0.6790 0.1967 -0.7073
vn -0.1554 0.5344 -0.8308
vn -0.8425 0.2359 0.4843
vn -0.8914 0.3346 0.3058
vn -0.7955 0.1421 0.5890
vn -0.5055 0.1660 0.8467
vn -0.7723 -0.6352 0.0041
vn -0.8581 -0.2283 0.4600
vn -0.8254 0.2176 -0.5210
vn -0.9721 0.0846 -0.2186
vn -0.9540 0.0436 -0.2965
vn -0.9769 0.0355 -0.2108
vn -0.9208 0.0571 -0.3857
vn -0.7882 0.4937 0.3673
vn -0.9636 -0.1299 0.2335
vn -0.7675 -0.0927 0.6343
vn -0.8996 -0.0328 0.4355
vn -0.8329 0.2566 0.4904
vn -0.8596 0.1461 0.4897
vn -0.7640 -0.0025 0.6452
vn -0.8727 -0.1159 0.4744
vn -0.3644 0.1325 0.9218
vn -0.7588 -0.2577 0.5982
vn -0.9490 -0.1335 0.2855
vn -0.7833 -0.2850 0.5525
vn -0.9750 0.0265 0.2205
vn -0.9622 -0.1550 0.2240
vn -0.8717 0.3409 0.3521
vn -0.7012 0.5552 0.4472
vn -0.7740 0.6237 0.1094
vn -0.8288 0.4823 0.2836
vn -0.8876 0.1965 0.4166
vn -0.5864 0.7944 0.1582
vn -0.5988 0.7350 0.3182
vn -0.7246 0.3027 0.6191
vn -0.7020 0.2035 0.6824
vn -0.6556 0.4925 0.5724
vn -0.7425 0.1120 0.6604
vn -0.9083 0.2566 0.3305
vn 0.0043 -0.5690 0.8223
vn -0.5418 -0.4263 0.7244
vn -0.3471 -0.1755 0.9213
vn -0.0412 -0.5570 0.8295
vn -0.8861 -0.0983 0.4530
vn -0.8241 0.2526 0.5069
vn -0.7474 0.0962 0.6573
vn -0.6139 0.4099 0.6746
vn -0.9837 -0.1099 0.1424
vn -0.7034 0.2239 0.6746
vn -0.8107 0.1005 0.5767
vn -0.8497 -0.2675 0.4544
vn -0.5038 -0.0002 0.8638
vn -0.2583 0.9606 0.1024
vn -0.8966 0.0890 -0.4339
vn -0.8942 -0.1289 -0.4287
vn -0.8343 -0.0204 -0.5509
vn -0.7166 -0.1696 -0.6765
vn -0.7574 -0.0100 -0.6529
vn -0.8661 -0.1219 -0.4848
vn -0.3206 -0.7039 0.6339
vn -0.5355 -0.8312 0.1494
vn -0.3979 -0.5253 0.7521
vn -0.4032 0.6666 0.6270
vn -0.7010 0.4904 0.5178
vn 0.0443 -0.9424 -0.3315
vn 0.0629 -0.9599 0.2731
vn 0.0443 -0.9424 0.3315
vn -0.2500 0.9148 -0.3171
vn -0.0756 0.9347 -0.3474
vn -0.0686 0.9341 -0.3502
vn -0.1807 0.9824 0.0477
vn -0.1202 0.9270 0.3554
vn -0.0921 0.9197 0.3817
vn -0.9254 0.0687 0.3726
vn -0.5418 0.5576 0.6290
vn -0.2057 0.8893 0.4084
vn -0.3822 0.8137 0.4379
vn -0.5351 0.8436 0.0445
vn -0.1144 0.9292 0.3513
vn -0.2483 0.8961 0.3679
vn -0.8535 0.2063 0.4785
vn -0.8951 0.4349 -0.0983
vn -0.8592 -0.3025 0.4125
vn -0.7773 0.5952 -0.2039
vn -0.3286 0.9387 0.1041
vn -0.0033 0.9843 -0.1762
vn -0.3264 0.9305 -0.1664
vn -0.9272 -0.1214 -0.3542
vn -0.9167 0.1952 -0.3486
vn -0.2752 0.8607 -0.4284
vn -0.0031 0.8942 -0.4477
vn -0.1393 -0.1650 0.9764
vn 0.1287 -0.9914 -0.0255
vn 0.1734 -0.9846 -0.0225
vn -0.0688 -0.9974 0.0218
vn -0.1348 0.2015 0.9702
vn -0.6190 0.4123 0.6684
vn -0.8832 0.2369 0.4047
vn 0.8263 0.1201 0.5503
vn 0.8263 0.1201 -0.5503
vn 0.7365 0.6764 -0.0000
vn -0.8554 -0.3306 0.3986
vn -0.8329 -0.5147 0.2034
vn -0.9888 -0.1481 0.0153
vn -0.8665 -0.4991 -0.0014
vn -0.8421 -0.4224 0.3355
vn -0.9032 -0.3252 0.2803
vn -0.9051 -0.2338 0.3550
vn -0.0018 0.7073 0.7069
vn -0.1557 0.5354 0.8302
vn -0.7921 -0.2343 0.5637
vn -0.4011 -0.4083 0.8200
vn -0.0282 -0.3703 0.9285
vn -0.8889 0.0667 0.4532
vn -0.4181 -0.5335 -0.7352
vn -0.7188 -0.3565 -0.5968
vn -0.2818 -0.3176 -0.9054
vn -0.8498 -0.4450 0.2825
vn -0.7884 -0.5949 0.1566
vn -0.7382 -0.6746 0.0019
vn -0.0004 0.1829 0.9831
vn -0.5635 0.1388 0.8144
vn -0.2557 0.9154 0.3108
vn -0.0024 0.9936 0.1128
vn -0.1452 -0.0433 -0.9885
vn -0.0018 -0.1799 -0.9837
vn -0.1366 -0.1706 -0.9758
vn -0.2491 0.7969 0.5504
vn -0.0024 0.8785 0.4777
vn -0.2783 0.8457 0.4553
vn -0.0007 -0.4841 0.8750
vn -0.1294 -0.3808 0.9156
vn -0.1560 -0.4683 0.8697
vn -0.2119 -0.5752 0.7901
vn -0.2562 0.6816 0.6854
vn -0.0020 0.7824 0.6228
vn -0.2960 0.7485 0.5935
vn 0.0018 -0.1779 0.9841
vn -0.0873 -0.3243 0.9419
vn 0.0075 0.0011 -1.0000
vn -0.1238 0.0746 -0.9895
vn 0.0155 -0.5922 -0.8057
vn -0.1561 -0.4683 -0.8697
vn -0.0007 -0.4841 -0.8750
vn 0.0015 0.0946 0.9955
vn -0.1428 0.0327 0.9892
vn -0.1423 -0.0408 0.9890
vn -0.6776 0.5225 0.5175
vn -0.4003 -0.9164 0.0030
vn -0.0077 -0.9727 0.2320
vn -0.4515 -0.8685 0.2046
vn -0.4080 -0.7875 0.4619
vn 0.0031 -0.8596 0.5109
vn -0.2073 -0.7001 0.6833
vn 0.0198 -0.7061 0.7078
vn -0.7760 -0.4462 0.4457
vn -0.7409 -0.2025 0.6403
vn -0.7829 -0.0435 -0.6206
vn -0.7670 -0.0912 -0.6351
vn -0.7521 -0.0299 -0.6583
vn -0.7769 -0.0202 -0.6293
vn 0.0425 -0.6375 -0.7693
vn 0.0629 -0.9599 -0.2731
vn -0.0397 -0.5898 -0.8066
vn -0.5120 0.2505 -0.8216
vn -0.9220 0.0057 -0.3871
vn -0.9671 -0.0363 -0.2519
vn -0.8019 -0.3678 -0.4708
vn -0.9741 -0.1287 -0.1860
vn -0.7833 -0.2850 -0.5524
vn -0.9345 0.0108 -0.3558
vn -0.8986 -0.4301 0.0867
vn -0.4189 -0.8748 0.2436
vn 0.0155 -0.5922 0.8057
vn -0.7968 -0.3705 0.4772
vn -0.9340 0.0085 -0.3572
vn -0.8844 0.2119 -0.4159
vn -0.7182 -0.3635 0.5933
vn -0.0384 -0.1033 0.9939
vn -0.0108 -0.2792 0.9602
vn -0.5364 0.0227 0.8436
vn -0.6554 -0.0376 0.7544
vn -0.8309 -0.0185 0.5561
vn -0.9039 0.0891 -0.4184
vn -0.8746 0.1609 -0.4573
vn -0.8785 0.2830 -0.3849
vn -0.8590 -0.2563 -0.4432
vn -0.1499 -0.9020 0.4050
vn -0.7294 0.6146 -0.3005
vn -0.6914 0.3514 -0.6312
vn -0.2115 0.9133 0.3480
vn -0.3310 0.9429 0.0363
vn -0.2683 0.9627 0.0354
vn -0.8337 0.2643 0.4849
vn -0.1325 0.0685 0.9888
vn -0.2218 -0.4366 0.8719
vn -0.5352 0.7939 -0.2885
vn -0.5638 -0.8211 0.0893
vn -0.7706 -0.0028 0.6373
vn -0.3902 0.9207 0.0092
vn -0.9403 0.3392 -0.0287
vn -0.1469 0.7766 -0.6126
vn -0.8603 -0.0583 -0.5064
vn -0.3404 -0.9220 0.1847
vn -0.3430 -0.8454 0.4094
vn -0.3341 -0.8718 0.3583
vn -0.4895 0.1844 0.8523
vn -0.8945 0.0094 -0.4469
vn -0.7098 0.0409 -0.7032
vn -0.9231 0.1535 -0.3527
vn -0.8434 0.4594 -0.2785
vn -0.8717 0.3409 -0.3521
vn -0.7809 0.2113 -0.5878
vn -0.8952 0.1509 -0.4193
vn -0.7018 -0.3797 -0.6027
vn -0.8136 0.1628 -0.5582
vn -0.8882 0.3697 -0.2727
vn -0.8752 0.4174 -0.2447
vn -0.6528 -0.0839 -0.7529
vn -0.8165 0.4104 -0.4060
vn -0.9039 0.2163 -0.3691
vn -0.8491 0.0649 -0.5243
vn -0.9047 0.2071 -0.3723
vn -0.9837 -0.1099 -0.1424
vn -0.9139 0.0883 -0.3963
vn -0.9537 0.0129 -0.3005
vn -0.8287 -0.3564 -0.4316
vn -0.8933 -0.1224 -0.4325
vn -0.8407 0.3928 -0.3726
vn -0.8552 0.2195 -0.4695
vn -0.8619 -0.1541 -0.4832
vn -0.8505 0.0686 -0.5215
vn -0.8112 -0.3764 -0.4475
vn -0.9441 -0.0218 -0.3290
vn -0.9731 -0.0648 -0.2209
vn -0.0966 0.0398 -0.9945
vn -0.2655 0.3312 -0.9054
vn -0.4757 0.2179 -0.8522
vn -0.4316 -0.8705 -0.2366
vn -0.9703 -0.0733 -0.2305
vn -0.8634 0.2531 -0.4364
vn -0.5242 0.0771 -0.8481
vn -0.8779 -0.2905 -0.3807
vn -0.9250 0.0785 -0.3717
vn -0.8568 -0.0383 -0.5142
vn -0.7021 -0.0573 -0.7098
vn -0.7391 0.3232 -0.5909
vn -0.7966 0.1395 -0.5882
vn -0.9080 -0.2806 -0.3112
vn -0.9255 -0.3248 -0.1947
vn -0.8421 -0.4239 -0.3334
vn -0.5276 -0.5003 -0.6865
vn -0.2634 -0.3018 -0.9163
vn -0.6321 -0.3997 -0.6639
vn -0.0770 -0.1692 -0.9826
vn 0.0141 -0.1943 -0.9808
vn -0.8437 0.4959 -0.2055
vn -0.7383 0.5993 -0.3095
vn -0.7194 0.5904 -0.3659
vn -0.8701 0.4176 -0.2619
vn -0.8337 0.2643 -0.4849
vn -0.6416 -0.0254 -0.7666
vn -0.2400 -0.3906 -0.8887
vn -0.5528 0.1402 -0.8214
vn -0.2935 -0.0213 -0.9557
vn -0.9258 -0.0196 -0.3775
vn -0.8221 -0.0355 -0.5683
vn -0.7467 -0.2315 -0.6235
vn -0.9522 -0.1384 -0.2725
vn -0.9831 0.0877 -0.1605
vn -0.7012 0.5552 -0.4472
vn -0.6776 0.5225 -0.5176
vn -0.7740 0.6237 -0.1094
vn -0.8363 0.3612 -0.4125
vn -0.8288 0.4823 -0.2836
vn -0.5864 0.7944 -0.1582
vn -0.8876 0.1965 -0.4166
vn -0.5988 0.7350 -0.3182
vn -0.7246 0.3027 -0.6191
vn -0.9293 0.3552 0.1015
vn -0.8990 0.2470 -0.3618
vn -0.0702 -0.5105 -0.8570
vn -0.3738 -0.0830 -0.9238
vn -0.3865 -0.1233 -0.9140
vn -0.8861 -0.0983 -0.4530
vn -0.8728 -0.2538 -0.4170
vn -0.7650 -0.4844 -0.4245
vn -0.8457 0.3023 -0.4399
vn -0.8107 0.1005 -0.5767
vn -0.8497 -0.2675 -0.4544
vn -0.5038 -0.0002 -0.8638
vn -0.2583 0.9606 -0.1024
vn -0.3554 -0.7632 -0.5397
vn -0.8451 -0.1982 -0.4965
vn -0.4478 0.6379 -0.6266
vn -0.4531 -0.6994 -0.5527
vn -0.1421 0.9451 -0.2941
vn -0.5417 0.5576 -0.6290
vn -0.2057 0.8893 -0.4084
vn -0.7182 0.5914 -0.3668
vn -0.3822 0.8137 -0.4380
vn -0.1144 0.9292 -0.3513
vn -0.8479 -0.4278 -0.3132
vn -0.0806 -0.9962 -0.0338
vn -0.8568 0.1877 -0.4802
vn -0.8177 -0.5348 -0.2128
vn -0.8854 -0.4495 -0.1187
vn -0.8335 -0.4318 -0.3446
vn -0.9189 -0.2790 -0.2789
vn -0.9448 -0.1979 -0.2610
vn -0.7541 -0.4468 -0.4814
vn -0.0018 0.7073 -0.7069
vn -0.8662 -0.2418 -0.4374
vn -0.7216 -0.2005 -0.6626
vn -0.0419 -0.4665 -0.8835
vn 0.0711 -0.3623 -0.9293
vn -0.2016 -0.4150 -0.8872
vn -0.9342 -0.2007 -0.2949
vn -0.8396 0.2652 -0.4740
vn -0.8888 0.0668 -0.4534
vn -0.2556 0.8987 -0.3563
vn -0.8673 -0.4164 -0.2728
vn -0.7904 -0.4393 -0.4269
vn -0.7955 -0.5853 -0.1566
vn -0.0010 -0.3465 -0.9380
vn -0.1443 -0.3404 -0.9291
vn -0.2491 0.7969 -0.5504
vn -0.0025 0.8212 -0.5706
vn -0.2119 -0.5752 -0.7901
vn -0.2562 0.6816 -0.6855
vn -0.0020 0.7824 -0.6228
vn -0.2960 0.7485 -0.5935
vn -0.0076 -0.9736 -0.2279
vn -0.0106 -0.9999 0.0041
vn -0.4080 -0.7875 -0.4619
vn 0.0031 -0.8596 -0.5109
vn -0.2073 -0.7001 -0.6833
vn 0.0198 -0.7061 -0.7078
vn -0.4509 -0.8695 -0.2017
vn -0.2414 -0.3571 -0.9023
vn -0.0690 0.9344 0.3495
vn -0.4727 0.0461 -0.8800
vn -0.5440 -0.8202 -0.1772
vn 0.0101 -0.6781 -0.7349
vn -0.7706 -0.0028 -0.6373
vn -0.5638 -0.8211 -0.0893
vn -0.5352 0.7939 0.2886
vn -0.3902 0.9207 -0.0092
vn -0.1469 0.7766 0.6127
vn -0.8603 -0.0584 0.5064
vn -0.3404 -0.9220 -0.1847
vn -0.3430 -0.8454 -0.4094
vn -0.3341 -0.8718 -0.3583
vn -0.4895 0.1844 -0.8523
vn -0.9721 0.0846 0.2187
vn -0.9996 -0.0198 -0.0182
vn -0.9749 -0.2156 0.0549
vn -0.9769 0.0355 0.2108
vn -0.8829 -0.1502 0.4449
vn -0.8763 0.2596 0.4059
vn -0.9511 -0.0338 0.3071
vn -0.9528 0.2395 0.1866
vn -0.9817 0.1836 0.0507
vn -0.9540 0.0436 0.2965
vn -0.8741 0.3978 -0.2788
vn -0.9074 -0.0624 -0.4156
vn -0.8534 -0.0749 -0.5159
vn -0.8767 -0.4497 -0.1707
vn -0.8238 -0.5190 -0.2280
vn -0.7943 -0.5494 0.2594
vn -0.5857 0.5469 0.5982
vn -0.6230 0.0844 0.7777
vn -0.5216 0.0692 0.8503
vn -0.6863 -0.3312 0.6475
vn -0.6195 -0.3805 0.6866
vn -0.8668 0.0504 0.4960
vn -0.7321 -0.6284 0.2630
vn -0.6765 0.4839 0.5552
vn -0.7927 0.5951 0.1323
vn -0.7069 0.7007 0.0963
vn -0.9339 -0.2589 0.2466
vn -0.9996 -0.0198 0.0182
vn -0.8763 0.2596 -0.4059
vn -0.8829 -0.1502 -0.4449
vn -0.9511 -0.0337 -0.3070
vn -0.9528 0.2395 -0.1866
vn -0.9753 0.0023 -0.2208
vn -0.9817 0.1836 -0.0507
vn -0.8741 0.3978 0.2788
vn -0.9074 -0.0624 0.4156
vn -0.9749 -0.2156 -0.0548
vn -0.8767 -0.4497 0.1707
vn -0.8533 -0.0749 0.5159
vn -0.8238 -0.5190 0.2280
vn -0.7943 -0.5494 -0.2594
vn -0.7321 -0.6284 -0.2630
vn -0.6230 0.0844 -0.7777
vn -0.5857 0.5469 -0.5982
vn -0.5217 0.0692 -0.8503
vn -0.6864 -0.3312 -0.6475
vn -0.8668 0.0504 -0.4961
vn -0.6764 0.4839 -0.5553
vn -0.7927 0.5951 -0.1323
vn -0.7069 0.7007 -0.0962
vn -0.8086 0.4534 0.3751
vn -0.9339 -0.2588 -0.2465
vn -0.0000 0.3090 0.9510
vn -0.7267 0.4038 0.5558
vn -0.0000 0.5878 0.8090
vn -0.0000 0.8090 0.5878
vn -0.7267 0.5558 0.4038
vn -0.0000 -0.8090 -0.5878
vn 0.5292 -0.3433 -0.7759
vn -0.0000 -0.5494 -0.8356
vn -0.5613 0.6834 -0.4668
vn -0.7405 0.6721 0.0071
vn -0.5688 0.6792 0.4637
vn -0.5545 0.6721 -0.4908
vn -0.0000 0.9037 -0.4281
vn -0.0000 0.8090 -0.5878
vn -0.7267 0.4038 -0.5558
vn -0.0000 0.5878 -0.8090
vn -0.0000 0.3090 -0.9511
vn -0.7267 0.2123 -0.6533
vn -0.7267 -0.0000 -0.6870
vn -0.0000 -0.3090 -0.9511
vn -0.7267 -0.2123 -0.6533
vn -0.0000 -0.5878 -0.8090
vn -0.7267 -0.4038 -0.5558
vn -0.7267 -0.5558 -0.4038
vn -0.0000 -0.9511 -0.3090
vn -0.7267 -0.6533 -0.2123
vn -0.7267 -0.6870 -0.0000
vn -0.7267 -0.6533 0.2123
vn -0.0000 -0.9511 0.3090
vn -0.0000 -0.8090 0.5878
vn -0.7267 -0.5558 0.4038
vn -0.7267 -0.4038 0.5558
vn -0.0000 -0.5878 0.8090
vn -0.7267 -0.2123 0.6533
vn -0.0000 -0.3090 0.9511
vn -0.7267 -0.0000 0.6870
vn -0.7267 0.2123 0.6533
vn -0.9993 -0.0118 -0.0363
vn -0.9993 -0.0225 -0.0309
vn -0.9993 -0.0309 -0.0225
vn -0.5545 0.6721 0.4908
vn -0.9993 -0.0309 0.0225
vn -0.7267 0.5558 -0.4038
vn -0.0000 0.9037 0.4281
vn -0.9993 -0.0225 0.0309
vn -0.9993 -0.0118 0.0363
vn -0.9993 -0.0000 0.0382
vn -0.9993 0.0118 0.0363
vn -0.9993 0.0225 0.0309
vn -0.9993 0.0309 0.0224
vn -0.9993 0.0363 0.0118
vn -0.9993 0.0382 -0.0000
vn -0.9993 0.0363 -0.0118
vn -0.9993 0.0309 -0.0224
vn -0.9993 0.0225 -0.0309
vn -0.9993 0.0118 -0.0363
vn -0.9993 -0.0000 -0.0382
vn -0.6885 -0.2241 -0.6897
vn -0.6885 -0.4263 -0.5867
vn -0.6885 -0.5867 -0.4263
vn -0.5292 -0.3433 0.7759
vn -0.6885 -0.5867 0.4263
vn -0.9987 -0.0511 0.0032
vn -0.6037 -0.4834 -0.6339
vn -0.6802 -0.7331 -0.0000
vn -0.6037 -0.4834 0.6339
vn -0.5292 -0.3433 -0.7759
vn -0.7576 0.1531 -0.6345
vn -0.6885 -0.4263 0.5867
vn -0.6885 -0.2241 0.6897
vn -0.6885 -0.0000 0.7252
vn -0.6885 0.2241 0.6897
vn -0.6885 0.4263 0.5867
vn -0.6885 0.5867 0.4263
vn -0.6885 0.6897 0.2241
vn -0.6885 0.7252 -0.0000
vn -0.6885 0.6897 -0.2241
vn -0.6885 0.5867 -0.4263
vn -0.6885 0.4263 -0.5867
vn -0.6885 0.2241 -0.6897
vn -0.6885 -0.0000 -0.7252
vn 0.5545 0.6721 -0.4908
vn -0.0000 -0.7434 -0.6688
vn -0.0000 -0.7435 0.6688
vn -0.0000 0.3090 0.9511
vn -0.0000 0.9511 0.3090
vn -0.0000 0.9511 -0.3090
vn 0.6885 -0.2241 -0.6897
vn 0.6885 -0.4263 -0.5867
vn 0.6885 -0.5867 -0.4263
vn 0.6802 -0.7331 -0.0000
vn 0.6037 -0.4834 -0.6339
vn 0.6037 -0.4834 0.6339
vn 0.6885 -0.5867 0.4263
vn 0.6885 -0.4263 0.5867
vn 0.6885 -0.2241 0.6897
vn 0.6885 -0.0000 0.7252
vn 0.6885 0.2241 0.6897
vn 0.6885 0.4263 0.5867
vn 0.6885 0.5867 0.4263
vn 0.6885 0.6897 0.2241
vn 0.6885 0.7252 -0.0000
vn 0.6885 0.6897 -0.2241
vn 0.6885 0.5867 -0.4263
vn 0.6885 0.4263 -0.5867
vn 0.6885 0.2241 -0.6897
vn 0.6885 -0.0000 -0.7252
vn 0.9993 -0.0225 -0.0309
vn 0.9993 -0.0309 -0.0225
vn -0.0000 -0.5494 0.8356
vn 0.9985 -0.0552 -0.0000
vn 0.9993 -0.0225 0.0309
vn 0.9993 -0.0118 0.0363
vn 0.9993 -0.0000 0.0382
vn 0.9993 0.0118 0.0363
vn 0.9993 0.0225 0.0309
vn 0.9993 0.0309 0.0225
vn 0.9993 0.0363 0.0118
vn 0.9993 0.0382 -0.0000
vn 0.9993 0.0363 -0.0118
vn 0.9993 0.0309 -0.0224
vn 0.9993 0.0225 -0.0309
vn 0.9993 0.0118 -0.0363
vn 0.9993 -0.0000 -0.0382
vn 0.9993 -0.0118 -0.0363
vn 0.7267 0.2123 0.6533
vn 0.7267 0.4038 0.5558
vn 0.7267 0.5558 0.4038
vn 0.7576 0.1531 -0.6345
vn -0.8263 0.1201 -0.5503
vn 0.7267 0.5558 -0.4038
vn 0.9993 -0.0309 0.0225
vn 0.7267 0.4038 -0.5558
vn 0.7267 0.2123 -0.6534
vn 0.7267 -0.0000 -0.6870
vn 0.7267 -0.2123 -0.6533
vn 0.7267 -0.4038 -0.5558
vn 0.7267 -0.5558 -0.4038
vn 0.7267 -0.6533 -0.2123
vn 0.7267 -0.6870 -0.0000
vn 0.7267 -0.6533 0.2123
vn 0.7267 -0.5558 0.4038
vn 0.7267 -0.4038 0.5558
vn 0.7267 -0.2123 0.6533
vn 0.7267 -0.0000 0.6870
vn 0.5613 0.6834 -0.4668
vn -0.0000 0.9017 -0.4324
vn 0.5613 0.6834 0.4669
vn 0.5292 -0.3433 0.7759
vn 0.5545 0.6721 0.4908
vn 0.7576 0.1531 0.6345
vn -0.7576 0.1531 0.6345
vn -0.8284 0.1257 0.5459
vn -0.9721 -0.0721 0.2234
vn -0.0000 0.9862 -0.1657
vn -0.0000 -0.9858 -0.1677
vn -0.0000 -0.9858 -0.1676
vn -0.0000 0.8924 0.4513
vn -0.0000 0.9427 0.3336
vn -0.0000 -0.9141 0.4054
vn -0.0000 -0.9154 0.4026
vn -1.0000 -0.0000 -0.0020
vn -0.0000 0.9723 -0.2336
vn -0.0000 0.9607 -0.2776
vn -0.0000 -0.9858 -0.1678
vn -0.0000 -0.9658 -0.2594
vn -0.0000 1.0000 -0.0053
vn 1.0000 -0.0000 -0.0013
vn 1.0000 -0.0000 -0.0006
vn -0.0000 0.0363 -0.9993
vn -0.0000 -1.0000 0.0076
vn -0.0000 -0.9697 -0.2444
vn -0.0000 1.0000 -0.0076
vn -0.0000 0.9707 -0.2403
vn -0.7057 -0.0000 -0.7085
vn -0.0000 -0.9875 0.1579
vn -0.0000 0.9781 0.2081
vn -0.0000 -0.9754 -0.2203
vn -0.0000 0.9762 -0.2169
vn -0.0000 -0.9987 0.0508
vn -0.0000 0.9987 -0.0508
vn -0.0000 -0.9978 -0.0670
vn 0.0001 -0.9978 -0.0670
vn -0.0000 -0.7347 0.6784
vn -0.0000 0.9962 -0.0871
vn 0.0001 0.9962 -0.0871
vn -0.0000 0.7108 0.7034
vn -0.0000 -0.9868 0.1620
vn -0.0000 -1.0000 0.0053
vn -0.0000 0.9840 0.1779
vn -1.0000 -0.0000 -0.0026
vn -1.0000 -0.0000 -0.0013
vn -1.0000 -0.0000 -0.0012
vn 0.7085 -0.0000 -0.7057
vn 0.7061 -0.0000 0.7081
vn 1.0000 -0.0000 0.0020
vn 0.0020 -0.0000 -1.0000
vn -0.7101 -0.0000 0.7041
vn -0.0010 -0.0000 1.0000
vn -0.0000 1.0000 -0.0001
vn -0.0000 1.0000 0.0001
vn -0.0000 -1.0000 -0.0016
vn -0.0034 -1.0000 -0.0017
vn -0.0007 -1.0000 -0.0010
vn -0.0003 1.0000 -0.0002
vn -0.0000 1.0000 0.0002
vn -0.0002 -1.0000 -0.0015
vn -0.0010 -1.0000 -0.0003
vn -0.0011 -1.0000 -0.0013
vn -0.0000 -1.0000 -0.0017
vn -0.0000 -1.0000 -0.0018
vn -0.0003 -1.0000 -0.0011
vn -0.0003 -1.0000 -0.0018
vn 0.0037 -1.0000 -0.0020
vn -0.0000 -1.0000 -0.0013
vn -0.0032 -1.0000 -0.0011
vn 0.0007 -1.0000 -0.0024
vn 0.0007 -1.0000 -0.0001
vn 0.0014 -1.0000 -0.0016
vn 0.0038 -1.0000 -0.0011
vn 0.7241 0.0120 -0.6896
vn 0.7186 0.0095 -0.6954
vn 0.7167 0.0086 -0.6973
vn 1.0000 -0.0029 0.0019
vn 1.0000 -0.0029 0.0018
vn 0.0027 -1.0000 0.0031
vn 0.0005 -1.0000 -0.0081
vn -0.0028 -1.0000 -0.0030
vn 0.0023 1.0000 -0.0009
vn 0.0004 1.0000 0.0041
vn -0.0023 1.0000 0.0041
vn -1.0000 -0.0029 -0.0019
vn 1.0000 0.0029 0.0019
vn -0.0010 -0.0155 0.9999
vn -1.0000 0.0029 -0.0019
vn 0.7215 0.0087 0.6924
vn 0.7160 0.0061 0.6981
vn 0.7232 0.0095 0.6905
vn -0.7255 0.0086 0.6882
vn -0.7201 0.0061 0.6939
vn -0.7182 0.0052 0.6958
vn 0.7215 -0.0104 0.6924
vn 0.7159 -0.0078 0.6981
vn 0.7141 -0.0070 0.7000
vn -0.7212 -0.0104 -0.6927
vn -0.7156 -0.0078 -0.6985
vn -0.7137 -0.0070 -0.7004
vn -0.7211 0.0121 -0.6927
vn -0.7156 0.0096 -0.6985
vn -0.7229 0.0129 -0.6908
vn -0.7255 -0.0103 0.6881
vn -0.7200 -0.0078 0.6939
vn -0.7273 -0.0111 0.6862
vn -0.0003 -1.0000 0.0049
vn -0.0000 -0.9999 0.0101
vn -0.0010 0.0130 0.9999
vn 0.7241 -0.0103 -0.6896
vn 0.7186 -0.0078 -0.6954
vn 0.7260 -0.0112 -0.6877
vn 0.0020 0.0179 -0.9998
vn 0.0020 -0.0155 -0.9999
vn -1.0000 -0.0004 -0.0000
vn -1.0000 -0.0007 -0.0000
vn -0.0000 1.0000 0.0093
vn -1.0000 0.0007 -0.0000
vn 1.0000 -0.0004 -0.0000
vn -0.0020 -0.0000 1.0000
vn 1.0000 0.0007 -0.0000
vn 1.0000 -0.0007 -0.0000
vn -1.0000 0.0004 -0.0000
vn -0.0000 -0.0155 0.9999
vn -0.0000 0.0179 0.9998
vn -0.0000 -0.0179 -0.9998
vn -0.0000 0.0155 -0.9999
vn -0.7303 0.6831 -0.0000
vn -0.3294 0.0148 -0.9441
vn -0.3294 -0.0144 0.9441
vn -0.7940 -0.6079 -0.0000
vn -0.3922 -0.0168 -0.9197
vn -0.3922 0.0162 0.9197
vn 0.0001 -0.9977 -0.0670
vn -0.0034 -1.0000 -0.0020
vn -0.0005 -1.0000 -0.0014
vn -0.0003 -1.0000 -0.0016
vn -0.0007 -1.0000 -0.0003
vn -0.0011 -1.0000 -0.0014
vn -0.0000 -1.0000 -0.0012
vn -0.0004 -1.0000 -0.0020
vn 0.0042 -1.0000 -0.0018
vn -0.0030 -1.0000 -0.0011
vn 0.0009 -1.0000 -0.0022
vn 0.0007 -1.0000 -0.0003
vn 0.0014 -1.0000 -0.0015
vn 0.0037 -1.0000 -0.0010
vn 0.7233 0.0095 0.6905
vn 0.7259 -0.0112 -0.6877
vn 0.0082 0.9942 -0.1069
vn 0.0030 0.9945 -0.1045
vn -0.0083 0.9942 -0.1069
vn -0.0000 0.0002 1.0000
vn 0.0006 -0.0725 0.9974
vn -0.0006 -0.0725 0.9974
vn -0.9998 0.0198 -0.0000
vn 0.9775 -0.0420 0.2069
vn 0.8781 -0.2305 0.4193
vn 0.9189 -0.2715 -0.2862
vn 0.2067 -0.0680 0.9760
vn 0.9999 0.0156 -0.0000
vn 0.9998 -0.0179 -0.0000
vn 1.0000 -0.0085 -0.0000
vn 1.0000 -0.0022 -0.0000
vn -1.0000 0.0001 0.0003
vn -1.0000 -0.0002 -0.0000
vn 0.3040 -0.3207 0.8971
vn 1.0000 -0.0001 0.0001
vn 1.0000 -0.0000 -0.0001
vn 0.3029 -0.3212 -0.8973
vn -1.0000 0.0001 -0.0001
vn -1.0000 0.0006 -0.0001
vn 0.1576 -0.9171 -0.3662
vn 0.1422 0.6855 0.7141
vn 0.1378 0.9905 -0.0014
vn 0.1603 0.4909 0.8563
vn -0.0436 0.2200 -0.9745
vn -0.0001 0.2610 -0.9653
vn -0.0009 0.9480 0.3183
vn -0.0025 0.8212 0.5706
vn -0.0009 -0.3466 0.9380
vn -0.0025 -0.0279 0.9996
vn -0.9403 0.3392 0.0287
vn -0.9753 0.0023 0.2208
vn -0.8086 0.4534 -0.3751
vn -0.6195 -0.3804 -0.6866
vn -0.0000 0.9017 0.4324
vn 0.7259 0.0128 -0.6877
vn -0.0170 -0.9999 -0.0000
vn 0.0169 -0.9999 -0.0001
vn -0.0000 -0.9999 -0.0166
vn -0.0111 0.9999 0.0002
vn -0.0004 1.0000 -0.0050
vn -0.0000 0.9999 -0.0106
vn 0.0173 0.9999 0.0001
vn 1.0000 0.0029 0.0018
vn 0.7141 0.0053 0.7000
vn -0.7273 0.0094 0.6863
vn 0.7233 -0.0112 0.6905
vn -0.7230 -0.0112 -0.6908
vn -0.7137 0.0087 -0.7004
vn -0.7182 -0.0069 0.6958
vn 0.7167 -0.0069 -0.6974
vt 0.517784 0.524520
vt 0.522287 0.531779
vt 0.515917 0.530515
vt 0.546204 0.482074
vt 0.546552 0.473319
vt 0.551145 0.477901
vt 0.498943 0.501611
vt 0.493831 0.508475
vt 0.492564 0.502119
vt 0.509917 0.528035
vt 0.512943 0.522519
vt 0.549114 0.486421
vt 0.554753 0.483290
vt 0.492564 0.495637
vt 0.498943 0.496382
vt 0.508587 0.519614
vt 0.504517 0.524435
vt 0.557238 0.489278
vt 0.551120 0.491252
vt 0.493831 0.489281
vt 0.499966 0.491254
vt 0.499924 0.519852
vt 0.504882 0.515917
vt 0.558505 0.495634
vt 0.552142 0.496380
vt 0.501971 0.486423
vt 0.496316 0.483293
vt 0.496316 0.514463
vt 0.501971 0.511570
vt 0.552142 0.501609
vt 0.558505 0.502116
vt 0.504882 0.482076
vt 0.499924 0.477904
vt 0.557238 0.508473
vt 0.551120 0.506737
vt 0.508587 0.478378
vt 0.504517 0.473320
vt 0.554753 0.514461
vt 0.549114 0.511568
vt 0.509917 0.469719
vt 0.512943 0.475473
vt 0.546203 0.515915
vt 0.551144 0.519850
vt 0.517784 0.473472
vt 0.515917 0.467239
vt 0.546552 0.524433
vt 0.542499 0.519613
vt 0.522923 0.472452
vt 0.522287 0.465974
vt 0.541152 0.528034
vt 0.538142 0.522518
vt 0.528782 0.465974
vt 0.528162 0.472451
vt 0.535152 0.530514
vt 0.533301 0.524519
vt 0.535152 0.467238
vt 0.533301 0.473471
vt 0.528782 0.531779
vt 0.528162 0.525539
vt 0.538142 0.475472
vt 0.541152 0.469718
vt 0.522923 0.525540
vt 0.542499 0.478377
vt 0.499966 0.506739
vt 0.535029 0.481147
vt 0.506259 0.504710
vt 0.507770 0.508350
vt 0.519687 0.518109
vt 0.523560 0.518878
vt 0.541104 0.486122
vt 0.538312 0.483336
vt 0.505489 0.500845
vt 0.543298 0.489398
vt 0.512756 0.514413
vt 0.516039 0.516602
vt 0.506259 0.493040
vt 0.505489 0.496905
vt 0.545579 0.496903
vt 0.544809 0.493038
vt 0.509964 0.511627
vt 0.545579 0.500843
vt 0.507770 0.489400
vt 0.512756 0.483337
vt 0.509964 0.486123
vt 0.544809 0.504708
vt 0.541104 0.511625
vt 0.543298 0.508349
vt 0.519687 0.479639
vt 0.516039 0.481147
vt 0.538312 0.514412
vt 0.527509 0.478870
vt 0.523560 0.478870
vt 0.531381 0.518109
vt 0.535029 0.516601
vt 0.531381 0.479639
vt 0.527509 0.518878
vt 0.462530 0.420235
vt 0.584946 0.428533
vt 0.462531 0.428533
vt 0.307861 0.141210
vt 0.015255 0.125104
vt 0.295543 0.125723
vt 0.632595 0.582909
vt 0.352276 0.574617
vt 0.632588 0.574617
vt 0.003202 0.002864
vt 0.015557 0.002891
vt 0.308202 0.003538
vt 0.295846 0.003510
vt 0.048888 0.554087
vt 0.057187 0.431677
vt 0.057187 0.554087
vt 0.186124 0.317360
vt 0.174200 0.588048
vt 0.174200 0.326956
vt 0.374553 0.220519
vt 0.372365 0.232514
vt 0.372364 0.220519
vt 0.063911 0.597618
vt 0.063911 0.588019
vt 0.063911 0.317328
vt 0.063911 0.326927
vt 0.750851 0.563172
vt 0.747507 0.659881
vt 0.747507 0.563173
vt 0.975064 0.631822
vt 0.978407 0.385928
vt 0.978407 0.631819
vt 0.966551 0.378193
vt 0.969894 0.117223
vt 0.969894 0.378190
vt 0.779033 0.673821
vt 0.678113 0.681336
vt 0.682484 0.673796
vt 0.678113 0.420244
vt 0.779033 0.427812
vt 0.682484 0.427787
vt 0.788402 0.681365
vt 0.578937 0.595109
vt 0.468470 0.591766
vt 0.578937 0.591766
vt 0.984669 0.523346
vt 0.988009 0.277314
vt 0.988009 0.523343
vt 0.681787 0.414517
vt 0.778492 0.417860
vt 0.681787 0.417860
vt 0.659708 0.471712
vt 0.656364 0.582184
vt 0.656364 0.471712
vt 0.496021 0.829302
vt 0.267772 0.820191
vt 0.487510 0.820191
vt 0.496046 0.749258
vt 0.487528 0.758369
vt 0.259279 0.749258
vt 0.267790 0.758369
vt 0.270792 0.816960
vt 0.367197 0.816960
vt 0.270809 0.761600
vt 0.484508 0.761600
vt 0.409840 0.761600
vt 0.484492 0.816960
vt 0.368221 0.316177
vt 0.363707 0.321835
vt 0.363648 0.316172
vt 0.353277 0.333193
vt 0.357869 0.271578
vt 0.357869 0.333192
vt 0.768099 0.357423
vt 0.778375 0.361912
vt 0.768243 0.361989
vt 0.418311 0.088664
vt 0.413740 0.098754
vt 0.413740 0.088734
vt 0.778231 0.357346
vt 0.783904 0.361976
vt 0.363601 0.288185
vt 0.368160 0.293757
vt 0.363588 0.293752
vt 0.368284 0.271587
vt 0.363660 0.277096
vt 0.363712 0.271581
vt 0.363585 0.299332
vt 0.368233 0.277102
vt 0.363625 0.282632
vt 0.686501 0.391648
vt 0.786626 0.396219
vt 0.686506 0.396219
vt 0.368157 0.299338
vt 0.363593 0.304928
vt 0.368173 0.288190
vt 0.273807 0.339044
vt 0.206924 0.334472
vt 0.273807 0.334472
vt 0.368165 0.304933
vt 0.363613 0.310539
vt 0.440900 0.373352
vt 0.340720 0.368784
vt 0.440897 0.368784
vt 0.337254 0.350190
vt 0.334623 0.260150
vt 0.337254 0.262269
vt 0.401398 0.260167
vt 0.398766 0.262285
vt 0.398766 0.350206
vt 0.395833 0.350092
vt 0.398107 0.348991
vt 0.368010 0.334473
vt 0.362445 0.337038
vt 0.361933 0.334950
vt 0.373575 0.337041
vt 0.374087 0.334953
vt 0.379139 0.338391
vt 0.380145 0.336423
vt 0.384704 0.340772
vt 0.386171 0.339001
vt 0.390268 0.344453
vt 0.392155 0.342959
vt 0.340187 0.350078
vt 0.337914 0.348976
vt 0.343865 0.342946
vt 0.349850 0.338991
vt 0.345752 0.344441
vt 0.355875 0.336417
vt 0.351316 0.340763
vt 0.356881 0.338386
vt 0.269879 0.525785
vt 0.239123 0.453581
vt 0.245200 0.453104
vt 0.650560 0.436265
vt 0.644563 0.431708
vt 0.650721 0.431680
vt 0.171546 0.613509
vt 0.083664 0.608919
vt 0.171542 0.608919
vt 0.628783 0.431698
vt 0.629930 0.436296
vt 0.628691 0.436287
vt 0.644402 0.436293
vt 0.643335 0.431691
vt 0.630023 0.431707
vt 0.636194 0.436276
vt 0.374015 0.302003
vt 0.378606 0.295925
vt 0.378607 0.302003
vt 0.374018 0.319952
vt 0.378608 0.314031
vt 0.378610 0.319952
vt 0.374015 0.289829
vt 0.378607 0.289829
vt 0.374017 0.314031
vt 0.378607 0.308044
vt 0.378607 0.283734
vt 0.374016 0.308044
vt 0.374017 0.277652
vt 0.378608 0.277652
vt 0.710925 0.574607
vt 0.706337 0.662538
vt 0.706337 0.574611
vt 0.374018 0.271585
vt 0.378610 0.271585
vt 0.748490 0.358639
vt 0.742925 0.273279
vt 0.787442 0.291071
vt 0.482628 0.814965
vt 0.482643 0.763595
vt 0.415558 0.763595
vt 0.415542 0.814965
vt 0.421654 0.770827
vt 0.423050 0.769447
vt 0.421642 0.807733
vt 0.423038 0.809113
vt 0.428712 0.799235
vt 0.426942 0.798507
vt 0.430443 0.789280
vt 0.426948 0.780053
vt 0.428718 0.779325
vt 0.353505 0.360557
vt 0.340791 0.357436
vt 0.353504 0.357363
vt 0.629584 0.062363
vt 0.631770 0.054506
vt 0.631770 0.062443
vt 0.658618 0.192637
vt 0.660805 0.122925
vt 0.660805 0.192635
vt 0.374550 0.208694
vt 0.372362 0.208694
vt 0.374553 0.244574
vt 0.372362 0.256617
vt 0.372364 0.244574
vt 0.331897 0.174380
vt 0.329709 0.244053
vt 0.329709 0.174382
vt 0.374554 0.232514
vt 0.587890 0.048727
vt 0.585702 0.056742
vt 0.585702 0.048680
vt 0.364461 0.259321
vt 0.366650 0.197256
vt 0.366650 0.259320
vt 0.690284 0.439072
vt 0.750165 0.437413
vt 0.748085 0.439087
vt 0.690284 0.501966
vt 0.688204 0.437396
vt 0.748085 0.501981
vt 0.695262 0.499316
vt 0.693824 0.498062
vt 0.743107 0.499328
vt 0.744545 0.498075
vt 0.731952 0.491844
vt 0.731193 0.493433
vt 0.719185 0.489931
vt 0.707176 0.493427
vt 0.706417 0.491837
vt 0.445179 0.476633
vt 0.457947 0.478546
vt 0.486848 0.529405
vt 0.179020 0.220130
vt 0.241923 0.223322
vt 0.179023 0.223322
vt 0.366324 0.360535
vt 0.366324 0.357341
vt 0.588911 0.063989
vt 0.585721 0.060279
vt 0.588911 0.060153
vt 0.236909 0.206164
vt 0.179014 0.202970
vt 0.236909 0.202970
vt 0.379083 0.360557
vt 0.379082 0.357363
vt 0.248094 0.029650
vt 0.251287 0.025804
vt 0.251287 0.029569
vt 0.601414 0.162923
vt 0.604608 0.100056
vt 0.604608 0.162920
vt 0.391598 0.360631
vt 0.391597 0.357437
vt 0.213506 0.083502
vt 0.202628 0.060039
vt 0.230847 0.060070
vt 0.629284 0.210734
vt 0.601113 0.187117
vt 0.629302 0.187807
vt 0.629529 0.230965
vt 0.601096 0.210043
vt 0.385293 0.158667
vt 0.413513 0.181042
vt 0.385291 0.181047
vt 0.385293 0.133253
vt 0.413515 0.158661
vt 0.601348 0.163014
vt 0.629537 0.163705
vt 0.210933 0.797475
vt 0.010156 0.811576
vt 0.010148 0.797475
vt 0.768150 0.571243
vt 0.759852 0.448830
vt 0.768150 0.448828
vt 0.043201 0.566691
vt 0.027094 0.274075
vt 0.042582 0.286399
vt 0.716497 0.971843
vt 0.996803 0.963551
vt 0.996810 0.971843
vt 0.165446 0.578792
vt 0.027879 0.579078
vt 0.164772 0.273789
vt 0.164799 0.286144
vt 0.365523 0.548606
vt 0.487933 0.540307
vt 0.487933 0.548606
vt 0.346552 0.645199
vt 0.334628 0.374504
vt 0.346552 0.384104
vt 0.456846 0.654813
vt 0.334628 0.654796
vt 0.456846 0.374520
vt 0.456846 0.384119
vt 0.590356 0.540306
vt 0.493647 0.543649
vt 0.493647 0.540306
vt 0.965995 0.385951
vt 0.969338 0.631839
vt 0.965995 0.631842
vt 0.975611 0.117225
vt 0.978954 0.378188
vt 0.975611 0.378192
vt 0.605821 0.555469
vt 0.613376 0.454544
vt 0.613361 0.564838
vt 0.359809 0.555469
vt 0.352281 0.454544
vt 0.359822 0.458916
vt 0.605834 0.458916
vt 0.352266 0.564838
vt 0.352272 0.606541
vt 0.462739 0.603197
vt 0.462739 0.606541
vt 0.997072 0.511909
vt 0.993731 0.265883
vt 0.997072 0.265880
vt 0.700619 0.665604
vt 0.697275 0.568900
vt 0.700619 0.568900
vt 0.352286 0.591769
vt 0.462758 0.595112
vt 0.352287 0.595112
vt 0.210949 0.825672
vt 0.010164 0.825672
vt 0.740584 0.948470
vt 0.479470 0.944955
vt 0.740583 0.945129
vt 0.930478 0.390731
vt 0.927155 0.129620
vt 0.930496 0.129618
vt 0.053587 0.074145
vt 0.191371 0.070914
vt 0.191371 0.077506
vt 0.368374 0.092285
vt 0.390711 0.078856
vt 0.374368 0.100865
vt 0.350024 0.108935
vt 0.354476 0.118912
vt 0.394463 0.049180
vt 0.410397 0.026459
vt 0.402876 0.053732
vt 0.317846 0.125081
vt 0.331799 0.132306
vt 0.096211 0.198596
vt 0.114575 0.179093
vt 0.119128 0.187509
vt 0.076020 0.213580
vt 0.089450 0.191249
vt 0.059370 0.231925
vt 0.067441 0.207583
vt 0.164561 0.178371
vt 0.141850 0.171583
vt 0.165219 0.169018
vt 0.403618 0.003748
vt 0.401289 0.024424
vt 0.383367 0.072095
vt 0.329006 0.121348
vt 0.318147 0.003560
vt 0.143884 0.180692
vt 0.046956 0.252938
vt 0.049392 0.227469
vt 0.043224 0.264096
vt 0.035998 0.250140
vt 0.286522 0.263798
vt 0.280757 0.243268
vt 0.286525 0.243267
vt 0.286524 0.195152
vt 0.280754 0.174397
vt 0.286522 0.174396
vt 0.641007 0.216141
vt 0.635050 0.197327
vt 0.640810 0.197477
vt 0.280758 0.220088
vt 0.286526 0.220087
vt 0.280756 0.195153
vt 0.640958 0.237391
vt 0.635246 0.215991
vt 0.640814 0.248619
vt 0.635197 0.237241
vt 0.989890 0.656307
vt 0.984123 0.534586
vt 0.989890 0.534585
vt 0.862293 0.191501
vt 0.868060 0.214680
vt 0.862292 0.214681
vt 0.862291 0.166566
vt 0.868061 0.191500
vt 0.868057 0.235211
vt 0.862289 0.235212
vt 0.804002 0.193121
vt 0.809713 0.214521
vt 0.803953 0.214371
vt 0.803804 0.174457
vt 0.809762 0.193271
vt 0.803809 0.225599
vt 0.809569 0.225749
vt 0.862289 0.145809
vt 0.868059 0.166565
vt 0.666409 0.448832
vt 0.672177 0.570554
vt 0.666409 0.570555
vt 0.956278 0.912070
vt 0.942771 0.892297
vt 0.963033 0.907214
vt 0.971977 0.929228
vt 0.979757 0.925492
vt 0.915982 0.887888
vt 0.894974 0.874523
vt 0.919789 0.881277
vt 0.984205 0.950331
vt 0.992244 0.946443
vt 0.996010 0.957574
vt 0.881422 0.858119
vt 0.898975 0.841262
vt 0.902785 0.847874
vt 0.862497 0.872056
vt 0.875997 0.852283
vt 0.846804 0.889214
vt 0.855740 0.867200
vt 0.925758 0.841621
vt 0.944506 0.832235
vt 0.944507 0.839522
vt 0.893008 0.881636
vt 0.874257 0.872249
vt 0.937348 0.898133
vt 0.983745 0.948973
vt 0.874279 0.957574
vt 0.874277 0.950331
vt 0.923789 0.834509
vt 0.835043 0.908959
vt 0.839023 0.885478
vt 0.834584 0.910318
vt 0.826544 0.906429
vt 0.944518 0.917561
vt 0.822782 0.917561
vt 0.323861 0.112804
vt 0.386305 0.044580
vt 0.362123 0.084877
vt 0.063878 0.235834
vt 0.142840 0.188254
vt 0.161588 0.256953
vt 0.260136 0.102558
vt 0.256972 0.083396
vt 0.260061 0.083410
vt 0.260075 0.038814
vt 0.257049 0.020019
vt 0.260138 0.020033
vt 0.337992 0.143166
vt 0.354498 0.140166
vt 0.354560 0.143254
vt 0.256952 0.061871
vt 0.260041 0.061884
vt 0.256986 0.038800
vt 0.318682 0.143231
vt 0.337930 0.140078
vt 0.317278 0.140157
vt 0.318620 0.140144
vt 0.468447 0.606293
vt 0.578363 0.603204
vt 0.578363 0.606293
vt 0.599240 0.506679
vt 0.596130 0.485140
vt 0.599219 0.485154
vt 0.599206 0.529749
vt 0.596151 0.506665
vt 0.596054 0.465992
vt 0.599144 0.466006
vt 0.401634 0.082448
vt 0.404787 0.101696
vt 0.401700 0.101758
vt 0.401720 0.065880
vt 0.404721 0.082386
vt 0.404801 0.103039
vt 0.401713 0.103101
vt 0.596054 0.548517
vt 0.596117 0.529736
vt 0.099179 0.623441
vt 0.209095 0.620352
vt 0.209095 0.623441
vt 0.933055 0.002959
vt 0.927975 0.012239
vt 0.922212 0.012243
vt 0.933083 0.012235
vt 0.927974 0.019538
vt 0.779742 0.947684
vt 0.850664 0.942754
vt 0.850665 0.947731
vt 0.772485 0.942702
vt 0.772486 0.947679
vt 0.750183 0.945136
vt 0.762541 0.953436
vt 0.750182 0.942687
vt 0.740583 0.942681
vt 0.469870 0.942501
vt 0.469870 0.944949
vt 0.457515 0.953232
vt 0.413513 0.105776
vt 0.413515 0.133247
vt 0.671186 0.996523
vt 0.678442 0.990983
vt 0.678441 0.996523
vt 0.857964 0.942759
vt 0.528329 0.803141
vt 0.789423 0.797601
vt 0.789421 0.803141
vt 0.583708 0.995844
vt 0.592969 0.990983
vt 0.592968 0.996523
vt 0.821321 0.803141
vt 0.828577 0.797601
vt 0.828576 0.803141
vt 0.867239 0.942554
vt 0.857966 0.953499
vt 0.857965 0.947736
vt 0.219914 0.083509
vt 0.213508 0.088382
vt 0.981035 0.996523
vt 0.993391 0.990983
vt 0.993390 0.996523
vt 0.916058 0.802464
vt 0.906794 0.797601
vt 0.916713 0.797603
vt 0.909883 0.672891
vt 0.916469 0.695188
vt 0.909883 0.695193
vt 0.933056 0.400329
vt 0.933057 0.390729
vt 0.196920 0.077506
vt 0.933055 0.412685
vt 0.922185 0.400337
vt 0.930477 0.400331
vt 0.600268 0.990983
vt 0.600267 0.996523
vt 0.933077 0.097713
vt 0.927969 0.090462
vt 0.933077 0.090458
vt 0.933075 0.129616
vt 0.930496 0.120018
vt 0.933075 0.120016
vt 0.922205 0.107668
vt 0.927969 0.097717
vt 0.924888 0.019541
vt 0.909883 0.380222
vt 0.916470 0.392573
vt 0.909883 0.392578
vt 0.909883 0.663291
vt 0.916469 0.672885
vt 0.909883 0.702449
vt 0.916469 0.773367
vt 0.909883 0.773372
vt 0.916469 0.702443
vt 0.909883 0.402178
vt 0.916469 0.663286
vt 0.916470 0.402172
vt 0.916469 0.780667
vt 0.910067 0.790587
vt 0.909883 0.780672
vt 0.799020 0.803141
vt 0.821322 0.797601
vt 0.518730 0.803141
vt 0.528331 0.797601
vt 0.700742 0.996523
vt 0.710342 0.990983
vt 0.710341 0.996523
vt 0.899493 0.803141
vt 0.906792 0.803141
vt 0.700743 0.990983
vt 0.506375 0.803141
vt 0.518732 0.797601
vt 0.971436 0.990983
vt 0.971436 0.996523
vt 0.799021 0.797601
vt 0.981035 0.990983
vt 0.671187 0.990983
vt 0.899495 0.797601
vt 0.346566 0.185822
vt 0.349801 0.253169
vt 0.346566 0.253169
vt 0.751652 0.017542
vt 0.833548 0.002875
vt 0.818891 0.017551
vt 0.736995 0.248874
vt 0.736995 0.002862
vt 0.833548 0.248887
vt 0.818891 0.234206
vt 0.751652 0.234197
vt 0.415764 0.191541
vt 0.417579 0.232286
vt 0.415764 0.232286
vt 0.917380 0.128661
vt 0.920613 0.345329
vt 0.917380 0.345332
vt 0.149055 0.562462
vt 0.145820 0.345916
vt 0.149055 0.345913
vt 0.358750 0.258887
vt 0.355515 0.191542
vt 0.358750 0.191542
vt 0.077207 0.359210
vt 0.131168 0.345919
vt 0.117889 0.359215
vt 0.131168 0.562574
vt 0.117889 0.549274
vt 0.063929 0.562565
vt 0.077207 0.549269
vt 0.486837 0.088626
vt 0.446155 0.278679
vt 0.446155 0.088620
vt 0.322188 0.638792
vt 0.320374 0.448828
vt 0.322188 0.448826
vt 0.542366 0.437389
vt 0.352295 0.439202
vt 0.352293 0.437389
vt 0.289932 0.043630
vt 0.288117 0.002883
vt 0.289932 0.002882
vt 0.827396 0.261823
vt 0.826394 0.260147
vt 0.826394 0.261823
vt 0.737636 0.357370
vt 0.735631 0.358382
vt 0.737639 0.358372
vt 0.609280 0.443147
vt 0.608245 0.445133
vt 0.609247 0.445140
vt 0.827396 0.263832
vt 0.826394 0.263832
vt 0.917378 0.060073
vt 0.918400 0.062082
vt 0.918379 0.060067
vt 0.917398 0.062089
vt 0.918379 0.063734
vt 0.735628 0.357380
vt 0.733952 0.358372
vt 0.609280 0.446860
vt 0.489075 0.403083
vt 0.489875 0.404789
vt 0.490518 0.404523
vt 0.490518 0.406560
vt 0.488808 0.407359
vt 0.489074 0.408000
vt 0.487300 0.407359
vt 0.485591 0.406560
vt 0.487033 0.408000
vt 0.486233 0.406294
vt 0.485591 0.404523
vt 0.487300 0.403724
vt 0.487034 0.403083
vt 0.489875 0.406294
vt 0.486234 0.404789
vt 0.459425 0.340195
vt 0.460343 0.341677
vt 0.460336 0.340193
vt 0.564864 0.335512
vt 0.566332 0.334608
vt 0.564859 0.334602
vt 0.463479 0.388653
vt 0.462568 0.387168
vt 0.462567 0.388653
vt 0.515549 0.408828
vt 0.514064 0.409755
vt 0.515554 0.409739
vt 0.514059 0.408843
vt 0.512844 0.409739
vt 0.459432 0.341679
vt 0.460336 0.342918
vt 0.566337 0.335518
vt 0.567603 0.334567
vt 0.463479 0.387168
vt 0.462567 0.385930
vt 0.612642 0.154149
vt 0.612987 0.154505
vt 0.613986 0.153953
vt 0.613227 0.155391
vt 0.612953 0.155583
vt 0.613410 0.156679
vt 0.611929 0.156955
vt 0.611560 0.155565
vt 0.610688 0.156102
vt 0.611904 0.154140
vt 0.612275 0.153984
vt 0.612744 0.153100
vt 0.613242 0.154890
vt 0.613340 0.155174
vt 0.614262 0.155436
vt 0.612602 0.155644
vt 0.612241 0.155480
vt 0.611287 0.154866
vt 0.610412 0.154620
vt 0.611328 0.154814
vt 0.611551 0.154488
vt 0.611264 0.153376
vt 0.703770 0.448828
vt 0.702777 0.450540
vt 0.703779 0.450543
vt 0.054131 0.209692
vt 0.052137 0.208691
vt 0.052137 0.209693
vt 0.377663 0.323173
vt 0.375651 0.324184
vt 0.377660 0.324174
vt 0.702768 0.452536
vt 0.703770 0.452538
vt 0.639343 0.249824
vt 0.637351 0.248825
vt 0.637358 0.249826
vt 0.641083 0.249784
vt 0.639336 0.248822
vt 0.055849 0.209693
vt 0.054131 0.208690
vt 0.373980 0.323131
vt 0.375653 0.323183
vt 0.622584 0.448831
vt 0.620810 0.449473
vt 0.622318 0.449473
vt 0.619101 0.450272
vt 0.619744 0.452044
vt 0.619744 0.450538
vt 0.622584 0.453750
vt 0.620810 0.453109
vt 0.620544 0.453750
vt 0.623384 0.452044
vt 0.622318 0.453109
vt 0.624027 0.450272
vt 0.623384 0.450538
vt 0.620544 0.448831
vt 0.619101 0.452310
vt 0.624027 0.452310
vt 0.557797 0.437389
vt 0.559271 0.438300
vt 0.559271 0.437388
vt 0.663795 0.392566
vt 0.662313 0.391661
vt 0.662310 0.392572
vt 0.364503 0.330022
vt 0.363585 0.331494
vt 0.364496 0.331496
vt 0.383254 0.347241
vt 0.382328 0.348704
vt 0.383240 0.348707
vt 0.383240 0.345954
vt 0.382343 0.347237
vt 0.556528 0.437388
vt 0.557797 0.438300
vt 0.665032 0.392606
vt 0.663798 0.391655
vt 0.364496 0.328754
vt 0.363592 0.330020
vt 0.642753 0.451400
vt 0.641674 0.451011
vt 0.641383 0.451376
vt 0.641687 0.448830
vt 0.641458 0.450020
vt 0.641767 0.450152
vt 0.640178 0.448830
vt 0.640060 0.450298
vt 0.640399 0.450165
vt 0.641687 0.452465
vt 0.641041 0.451576
vt 0.640649 0.451522
vt 0.642753 0.449895
vt 0.641918 0.450336
vt 0.641867 0.450618
vt 0.641094 0.450027
vt 0.641191 0.450025
vt 0.639112 0.449895
vt 0.639112 0.451400
vt 0.639825 0.450537
vt 0.640178 0.452465
vt 0.640240 0.451295
vt 0.639960 0.451050
vt 0.717022 0.449667
vt 0.716423 0.450171
vt 0.716414 0.449989
vt 0.716273 0.449872
vt 0.716223 0.449708
vt 0.717011 0.449281
vt 0.716241 0.449553
vt 0.716796 0.448993
vt 0.716301 0.449464
vt 0.716506 0.448832
vt 0.601201 0.084088
vt 0.601527 0.084647
vt 0.601322 0.084043
vt 0.601723 0.083966
vt 0.601002 0.084100
vt 0.601702 0.083506
vt 0.600789 0.084068
vt 0.601546 0.083151
vt 0.600628 0.083978
vt 0.600550 0.083810
vt 0.600534 0.083595
vt 0.601203 0.082966
vt 0.600562 0.083397
vt 0.600746 0.082910
vt 0.600616 0.083280
vt 0.600316 0.082948
vt 0.716659 0.450389
vt 0.717244 0.450771
vt 0.716766 0.450394
vt 0.717425 0.450251
vt 0.716524 0.450310
vt 0.717324 0.449907
vt 0.730761 0.004966
vt 0.730832 0.004605
vt 0.730834 0.004957
vt 0.730832 0.005304
vt 0.730833 0.005659
vt 0.730761 0.005309
vt 0.730835 0.005936
vt 0.730761 0.005668
vt 0.573977 0.002937
vt 0.574192 0.002855
vt 0.574186 0.002928
vt 0.573714 0.002862
vt 0.573715 0.002939
vt 0.573371 0.002855
vt 0.730841 0.010126
vt 0.730837 0.010478
vt 0.730756 0.010466
vt 0.730843 0.009754
vt 0.730756 0.010119
vt 0.730757 0.009753
vt 0.730841 0.009378
vt 0.730756 0.009027
vt 0.730756 0.009384
vt 0.628629 0.106249
vt 0.628628 0.106587
vt 0.628546 0.106583
vt 0.628551 0.105991
vt 0.628550 0.106251
vt 0.628620 0.105771
vt 0.628627 0.105985
vt 0.730761 0.004244
vt 0.730835 0.003982
vt 0.730833 0.004252
vt 0.730761 0.004601
vt 0.730761 0.004505
vt 0.271520 0.176669
vt 0.267825 0.177243
vt 0.267787 0.176708
vt 0.267825 0.176181
vt 0.267810 0.175642
vt 0.271745 0.175961
vt 0.267766 0.175222
vt 0.271657 0.175238
vt 0.561581 0.147290
vt 0.564887 0.145842
vt 0.564943 0.146157
vt 0.561936 0.147684
vt 0.564999 0.146551
vt 0.562386 0.148189
vt 0.565063 0.147058
vt 0.810697 0.228267
vt 0.808389 0.228572
vt 0.808322 0.228045
vt 0.810523 0.227520
vt 0.808293 0.227490
vt 0.808320 0.226928
vt 0.808384 0.226387
vt 0.810694 0.226767
vt 0.711663 0.344024
vt 0.709049 0.342394
vt 0.711754 0.343524
vt 0.711596 0.344414
vt 0.708563 0.342890
vt 0.711551 0.344732
vt 0.708194 0.343280
vt 0.271657 0.178106
vt 0.267766 0.178189
vt 0.267810 0.177778
vt 0.271745 0.177387
vt 0.583158 0.068266
vt 0.587476 0.067259
vt 0.587267 0.067983
vt 0.587560 0.068683
vt 0.587504 0.069408
vt 0.583264 0.069160
vt 0.587248 0.069979
vt 0.583296 0.070063
vt 0.559236 0.151048
vt 0.561286 0.146974
vt 0.560436 0.151172
vt 0.561281 0.151248
vt 0.611865 0.125392
vt 0.610733 0.127945
vt 0.611156 0.124926
vt 0.612611 0.125597
vt 0.611627 0.128053
vt 0.613510 0.128076
vt 0.613364 0.125411
vt 0.614415 0.127990
vt 0.614089 0.124962
vt 0.707917 0.339333
vt 0.707027 0.339398
vt 0.705826 0.339525
vt 0.707914 0.343601
vt 0.583085 0.066469
vt 0.587015 0.066001
vt 0.587336 0.066544
vt 0.583159 0.067373
vt 0.579502 0.067687
vt 0.579592 0.069231
vt 0.579680 0.070008
vt 0.583275 0.070761
vt 0.559775 0.151108
vt 0.560067 0.154440
vt 0.560511 0.154295
vt 0.561054 0.154100
vt 0.610961 0.130558
vt 0.612566 0.128105
vt 0.611737 0.130368
vt 0.613364 0.130388
vt 0.614142 0.130597
vt 0.707667 0.336476
vt 0.707108 0.336278
vt 0.706348 0.339458
vt 0.706680 0.336139
vt 0.579499 0.066903
vt 0.582983 0.065768
vt 0.579656 0.068449
vt 0.575857 0.067989
vt 0.575933 0.069290
vt 0.576022 0.069944
vt 0.576200 0.070441
vt 0.579840 0.070600
vt 0.561888 0.158012
vt 0.562243 0.157843
vt 0.561746 0.153841
vt 0.562675 0.157618
vt 0.611172 0.134083
vt 0.612550 0.130293
vt 0.611827 0.133856
vt 0.613198 0.133872
vt 0.613853 0.134116
vt 0.709311 0.332962
vt 0.708399 0.336744
vt 0.708865 0.332735
vt 0.708524 0.332571
vt 0.575988 0.066807
vt 0.579588 0.066287
vt 0.575869 0.067328
vt 0.576024 0.068629
vt 0.572302 0.068285
vt 0.572364 0.069342
vt 0.572434 0.069874
vt 0.572572 0.070278
vt 0.563892 0.161566
vt 0.564184 0.161436
vt 0.563226 0.157322
vt 0.564539 0.161263
vt 0.611379 0.137846
vt 0.612512 0.133763
vt 0.611911 0.137672
vt 0.613025 0.137685
vt 0.613558 0.137873
vt 0.711199 0.329321
vt 0.709895 0.333266
vt 0.710832 0.329146
vt 0.710552 0.329019
vt 0.572399 0.067324
vt 0.572310 0.067747
vt 0.572432 0.068805
vt 0.569192 0.068560
vt 0.569240 0.069375
vt 0.569280 0.069785
vt 0.569345 0.070099
vt 0.565340 0.164735
vt 0.565581 0.164680
vt 0.564993 0.161034
vt 0.565875 0.164604
vt 0.611592 0.141355
vt 0.612468 0.137601
vt 0.612001 0.141286
vt 0.612859 0.141297
vt 0.613270 0.141376
vt 0.712557 0.325984
vt 0.711680 0.329557
vt 0.712254 0.325907
vt 0.712022 0.325855
vt 0.569211 0.067823
vt 0.569184 0.068147
vt 0.565540 0.069176
vt 0.569256 0.068963
vt 0.565585 0.069963
vt 0.565605 0.070266
vt 0.565903 0.168463
vt 0.566194 0.168451
vt 0.566565 0.168431
vt 0.566251 0.164503
vt 0.611969 0.145293
vt 0.612380 0.145296
vt 0.612429 0.141260
vt 0.612792 0.145303
vt 0.713269 0.322164
vt 0.712954 0.326090
vt 0.712878 0.322140
vt 0.712579 0.322126
vt 0.565477 0.068083
vt 0.565493 0.068391
vt 0.560908 0.069446
vt 0.565515 0.068787
vt 0.565561 0.069569
vt 0.560950 0.070200
vt 0.560971 0.070491
vt 0.565836 0.173100
vt 0.565666 0.168469
vt 0.566114 0.173085
vt 0.566470 0.173062
vt 0.611932 0.149918
vt 0.611577 0.145291
vt 0.612326 0.149920
vt 0.613188 0.145311
vt 0.612721 0.149928
vt 0.713175 0.317537
vt 0.712800 0.317509
vt 0.712350 0.322123
vt 0.712514 0.317493
vt 0.560849 0.068399
vt 0.560862 0.068694
vt 0.556802 0.069679
vt 0.560883 0.069074
vt 0.560927 0.069822
vt 0.556800 0.070403
vt 0.556900 0.070676
vt 0.566280 0.177077
vt 0.565609 0.173108
vt 0.566517 0.176951
vt 0.566818 0.176785
vt 0.611906 0.153525
vt 0.611557 0.149921
vt 0.612283 0.153473
vt 0.613100 0.149940
vt 0.612660 0.153534
vt 0.713525 0.313816
vt 0.713204 0.313645
vt 0.712295 0.317487
vt 0.712960 0.313518
vt 0.556783 0.068676
vt 0.556716 0.068963
vt 0.600980 0.444200
vt 0.602753 0.443821
vt 0.602603 0.444179
vt 0.600982 0.444549
vt 0.600981 0.444899
vt 0.602753 0.444539
vt 0.602694 0.444902
vt 0.600979 0.445169
vt 0.567646 0.178271
vt 0.566086 0.177171
vt 0.567642 0.177986
vt 0.567631 0.177600
vt 0.611545 0.153653
vt 0.714348 0.313366
vt 0.713805 0.313968
vt 0.714332 0.312609
vt 0.714339 0.313000
vt 0.714332 0.312108
vt 0.714329 0.312322
vt 0.602694 0.443457
vt 0.600979 0.443228
vt 0.602522 0.443175
vt 0.600982 0.443856
vt 0.600981 0.443504
vt 0.805793 0.226737
vt 0.805798 0.227098
vt 0.714340 0.344359
vt 0.714339 0.344276
vt 0.714341 0.344012
vt 0.567642 0.146087
vt 0.264982 0.177076
vt 0.714347 0.343715
vt 0.264982 0.177171
vt 0.805799 0.227900
vt 0.805798 0.227229
vt 0.567646 0.146299
vt 0.264982 0.176010
vt 0.264982 0.176369
vt 0.567640 0.146616
vt 0.264982 0.176711
vt 0.264982 0.175730
vt 0.264982 0.177706
vt 0.805799 0.227845
vt 0.365781 0.858548
vt 0.354229 0.856609
vt 0.354897 0.851830
vt 0.348038 0.844011
vt 0.345040 0.848496
vt 0.346567 0.843467
vt 0.348520 0.849483
vt 0.351746 0.845615
vt 0.350760 0.850307
vt 0.336726 0.982255
vt 0.319844 0.995095
vt 0.319850 0.982236
vt 0.345826 0.884160
vt 0.348849 0.875315
vt 0.368260 0.870833
vt 0.385814 0.910292
vt 0.376427 0.923875
vt 0.379813 0.909448
vt 0.367938 0.947057
vt 0.354666 0.952446
vt 0.365618 0.945804
vt 0.373915 0.872342
vt 0.369417 0.874766
vt 0.346537 0.894171
vt 0.373300 0.895864
vt 0.346431 0.898099
vt 0.346308 0.887131
vt 0.340351 0.887861
vt 0.346554 0.890469
vt 0.341088 0.889373
vt 0.370406 0.878688
vt 0.338458 0.890176
vt 0.344900 0.874644
vt 0.347682 0.854684
vt 0.349835 0.855317
vt 0.285383 0.906185
vt 0.289138 0.898371
vt 0.288856 0.905795
vt 0.344429 0.878051
vt 0.342463 0.875639
vt 0.326395 0.849596
vt 0.314571 0.867439
vt 0.323112 0.849174
vt 0.343432 0.853774
vt 0.340413 0.876024
vt 0.337743 0.876703
vt 0.340894 0.841527
vt 0.343250 0.847884
vt 0.338965 0.846288
vt 0.315473 0.847957
vt 0.311048 0.869657
vt 0.337068 0.851952
vt 0.341339 0.853180
vt 0.323709 0.893775
vt 0.330378 0.889907
vt 0.333099 0.890606
vt 0.319702 0.848832
vt 0.328640 0.844276
vt 0.332432 0.850753
vt 0.312508 0.883341
vt 0.318892 0.888144
vt 0.311145 0.887417
vt 0.345596 0.854238
vt 0.315894 0.870505
vt 0.352811 0.851035
vt 0.351973 0.855896
vt 0.342354 0.905852
vt 0.346550 0.906138
vt 0.323353 0.906097
vt 0.321849 0.915250
vt 0.320345 0.906315
vt 0.379918 0.895132
vt 0.384955 0.887699
vt 0.385946 0.894364
vt 0.378537 0.888240
vt 0.334904 0.874440
vt 0.342222 0.894652
vt 0.342098 0.898346
vt 0.338386 0.894919
vt 0.338243 0.898530
vt 0.276632 0.887378
vt 0.260570 0.882784
vt 0.262120 0.874073
vt 0.345206 0.842991
vt 0.325126 0.875638
vt 0.334831 0.851383
vt 0.338664 0.841101
vt 0.336870 0.845741
vt 0.335013 0.898564
vt 0.332103 0.905791
vt 0.331925 0.898454
vt 0.349463 0.843207
vt 0.325790 0.884353
vt 0.324819 0.888917
vt 0.321089 0.893355
vt 0.322880 0.898238
vt 0.320401 0.897831
vt 0.321983 0.888570
vt 0.276272 0.891585
vt 0.279321 0.888401
vt 0.279366 0.892553
vt 0.281454 0.893021
vt 0.284392 0.889838
vt 0.283654 0.893553
vt 0.380812 0.875515
vt 0.375651 0.875527
vt 0.379607 0.872970
vt 0.376656 0.880561
vt 0.371354 0.883468
vt 0.314578 0.875402
vt 0.372493 0.889600
vt 0.333021 0.981467
vt 0.316134 0.968634
vt 0.332998 0.968591
vt 0.338732 0.891602
vt 0.342333 0.891296
vt 0.331296 0.885659
vt 0.322839 0.884042
vt 0.306419 0.901597
vt 0.308756 0.897046
vt 0.316988 0.906658
vt 0.296663 0.866836
vt 0.296912 0.866772
vt 0.297014 0.867357
vt 0.293649 0.904530
vt 0.295573 0.900773
vt 0.295142 0.901962
vt 0.337042 0.840787
vt 0.334783 0.845410
vt 0.335735 0.880627
vt 0.333455 0.878507
vt 0.323890 0.879746
vt 0.322040 0.875231
vt 0.319803 0.883573
vt 0.323126 0.839443
vt 0.320487 0.842493
vt 0.320447 0.839551
vt 0.325535 0.844041
vt 0.315518 0.843072
vt 0.372156 0.869003
vt 0.377732 0.870058
vt 0.339599 0.881328
vt 0.338192 0.881997
vt 0.334949 0.883040
vt 0.336784 0.884101
vt 0.336353 0.885919
vt 0.336069 0.888763
vt 0.335729 0.891329
vt 0.334956 0.895060
vt 0.353415 0.846395
vt 0.346593 0.874573
vt 0.308579 0.883847
vt 0.310168 0.876921
vt 0.313577 0.879374
vt 0.309490 0.880305
vt 0.322807 0.843721
vt 0.346819 0.848960
vt 0.348976 0.844368
vt 0.368126 0.857298
vt 0.340574 0.881769
vt 0.355316 0.847411
vt 0.345057 0.880761
vt 0.341544 0.884588
vt 0.337933 0.888622
vt 0.337263 0.884766
vt 0.333371 0.925793
vt 0.325123 0.928544
vt 0.326837 0.923961
vt 0.314548 0.928554
vt 0.320896 0.924751
vt 0.322086 0.928910
vt 0.307299 0.887353
vt 0.306086 0.897673
vt 0.290447 0.889040
vt 0.296061 0.895205
vt 0.290984 0.891187
vt 0.282755 0.906668
vt 0.280272 0.897272
vt 0.282916 0.897556
vt 0.296887 0.905837
vt 0.298200 0.906341
vt 0.297392 0.907366
vt 0.299683 0.902570
vt 0.298506 0.899428
vt 0.299317 0.898645
vt 0.294035 0.899867
vt 0.295221 0.896669
vt 0.296706 0.895725
vt 0.296396 0.897693
vt 0.296310 0.902017
vt 0.297508 0.896262
vt 0.297226 0.898555
vt 0.317137 0.897269
vt 0.373222 0.908638
vt 0.276406 0.883412
vt 0.338495 0.905718
vt 0.379127 0.995730
vt 0.375485 0.981324
vt 0.375416 0.967972
vt 0.351877 0.948597
vt 0.349637 0.949201
vt 0.355559 0.968229
vt 0.355611 0.981402
vt 0.337317 0.839569
vt 0.302711 0.901370
vt 0.301089 0.901381
vt 0.302464 0.895399
vt 0.353972 0.845276
vt 0.355915 0.846313
vt 0.332178 0.894677
vt 0.364153 0.861891
vt 0.232588 0.955940
vt 0.232116 0.949229
vt 0.235918 0.952335
vt 0.308785 0.850965
vt 0.307376 0.871652
vt 0.253869 0.892180
vt 0.258928 0.901403
vt 0.253412 0.901308
vt 0.255941 0.879066
vt 0.258505 0.868894
vt 0.309570 0.845612
vt 0.349208 0.982282
vt 0.336709 0.995131
vt 0.310921 0.873171
vt 0.306416 0.878460
vt 0.305235 0.884254
vt 0.332301 0.881950
vt 0.310296 0.926912
vt 0.310595 0.930548
vt 0.306246 0.925744
vt 0.251209 0.874135
vt 0.247446 0.893895
vt 0.246882 0.901218
vt 0.312637 0.995062
vt 0.315734 0.982232
vt 0.315730 0.995071
vt 0.372313 0.995500
vt 0.379190 0.982378
vt 0.300109 0.968710
vt 0.296072 0.981520
vt 0.296054 0.968663
vt 0.356432 0.995425
vt 0.359315 0.982309
vt 0.359269 0.995482
vt 0.282447 0.982214
vt 0.285210 0.995135
vt 0.282444 0.995199
vt 0.309404 0.839032
vt 0.320431 0.838265
vt 0.349171 0.995425
vt 0.352983 0.982292
vt 0.352964 0.995521
vt 0.299776 0.982219
vt 0.287448 0.995099
vt 0.300125 0.981516
vt 0.304760 0.968706
vt 0.267628 0.981565
vt 0.278718 0.968554
vt 0.278743 0.981539
vt 0.387241 0.894188
vt 0.387102 0.910471
vt 0.312644 0.982229
vt 0.308470 0.995030
vt 0.303819 0.995028
vt 0.369119 0.856451
vt 0.375712 0.866915
vt 0.225208 0.995438
vt 0.234079 0.981923
vt 0.234009 0.995784
vt 0.255351 0.995357
vt 0.255431 0.982083
vt 0.268151 0.995174
vt 0.268242 0.982191
vt 0.246231 0.893852
vt 0.249546 0.873540
vt 0.255085 0.862396
vt 0.323175 0.838198
vt 0.325308 0.839451
vt 0.325389 0.838205
vt 0.338361 0.963158
vt 0.340909 0.963935
vt 0.336801 0.963426
vt 0.344898 0.961301
vt 0.340581 0.962731
vt 0.281189 0.911214
vt 0.280150 0.906904
vt 0.283462 0.910673
vt 0.347719 0.960274
vt 0.348221 0.954761
vt 0.350519 0.953988
vt 0.309810 0.964995
vt 0.315818 0.961566
vt 0.320844 0.964780
vt 0.338671 0.957969
vt 0.259351 0.892654
vt 0.276056 0.897083
vt 0.378893 0.869371
vt 0.381999 0.874974
vt 0.386230 0.887407
vt 0.271358 0.982207
vt 0.271344 0.995209
vt 0.253949 0.861669
vt 0.256361 0.859894
vt 0.260450 0.862898
vt 0.263988 0.866921
vt 0.354061 0.947876
vt 0.364005 0.942448
vt 0.279459 0.884218
vt 0.281870 0.889033
vt 0.284998 0.886427
vt 0.290074 0.894477
vt 0.320827 0.879310
vt 0.326828 0.880225
vt 0.348718 0.929130
vt 0.345724 0.920199
vt 0.369216 0.929618
vt 0.332292 0.953824
vt 0.299765 0.995077
vt 0.285574 0.897936
vt 0.335172 0.905649
vt 0.333056 0.913675
vt 0.297672 0.899082
vt 0.297195 0.902146
vt 0.298163 0.902268
vt 0.333985 0.886370
vt 0.305532 0.881448
vt 0.287652 0.887803
vt 0.287474 0.890607
vt 0.286639 0.893966
vt 0.271332 0.982207
vt 0.339845 0.882856
vt 0.340159 0.883856
vt 0.338972 0.885045
vt 0.337772 0.884466
vt 0.339064 0.883972
vt 0.339935 0.882469
vt 0.340318 0.882772
vt 0.341215 0.884327
vt 0.339669 0.884987
vt 0.340348 0.886613
vt 0.338324 0.887132
vt 0.282619 0.884552
vt 0.307403 0.875111
vt 0.317662 0.995109
vt 0.344721 0.955759
vt 0.346246 0.960816
vt 0.368080 0.933533
vt 0.373694 0.932029
vt 0.371980 0.935351
vt 0.335711 0.912970
vt 0.346225 0.917179
vt 0.340412 0.916466
vt 0.341088 0.914912
vt 0.342304 0.912955
vt 0.371157 0.920974
vt 0.338466 0.914130
vt 0.347375 0.949880
vt 0.344787 0.929796
vt 0.344354 0.926330
vt 0.342338 0.928808
vt 0.340514 0.922611
vt 0.326326 0.954651
vt 0.314351 0.936918
vt 0.315692 0.933718
vt 0.343305 0.950941
vt 0.340266 0.928365
vt 0.345307 0.950415
vt 0.341259 0.951526
vt 0.336846 0.952772
vt 0.319642 0.955579
vt 0.310736 0.934449
vt 0.328572 0.959959
vt 0.312403 0.920563
vt 0.318636 0.915635
vt 0.319799 0.920263
vt 0.275893 0.907105
vt 0.341243 0.840321
vt 0.345626 0.841818
vt 0.327963 0.927933
vt 0.338732 0.912661
vt 0.324804 0.915124
vt 0.342907 0.956427
vt 0.336637 0.958503
vt 0.334591 0.953323
vt 0.325868 0.919853
vt 0.330349 0.914303
vt 0.331303 0.918552
vt 0.260093 0.920315
vt 0.264843 0.925310
vt 0.261745 0.928621
vt 0.275885 0.912536
vt 0.278990 0.915706
vt 0.276300 0.916605
vt 0.284196 0.914303
vt 0.281642 0.915150
vt 0.375406 0.928869
vt 0.380542 0.928865
vt 0.379341 0.931381
vt 0.370206 0.925715
vt 0.309045 0.840428
vt 0.334011 0.917933
vt 0.322765 0.920017
vt 0.286377 0.910158
vt 0.290587 0.912718
vt 0.287227 0.913442
vt 0.334594 0.958839
vt 0.323948 0.924495
vt 0.323382 0.964828
vt 0.320679 0.961886
vt 0.325521 0.960232
vt 0.377511 0.934280
vt 0.375548 0.937415
vt 0.339543 0.922991
vt 0.337636 0.927656
vt 0.338153 0.922382
vt 0.336810 0.920271
vt 0.334948 0.921298
vt 0.336395 0.918450
vt 0.336088 0.915570
vt 0.346506 0.913829
vt 0.346458 0.929862
vt 0.308423 0.920187
vt 0.310830 0.916481
vt 0.313583 0.924548
vt 0.322868 0.960584
vt 0.312660 0.949971
vt 0.315467 0.956604
vt 0.346547 0.955236
vt 0.344978 0.923655
vt 0.341511 0.919785
vt 0.337973 0.915698
vt 0.337273 0.919580
vt 0.306561 0.916385
vt 0.308668 0.907012
vt 0.295161 0.909178
vt 0.290695 0.914792
vt 0.297602 0.905569
vt 0.294590 0.907724
vt 0.295829 0.908733
vt 0.295225 0.903800
vt 0.295752 0.906970
vt 0.296603 0.908283
vt 0.307142 0.947894
vt 0.302255 0.908262
vt 0.368919 0.947914
vt 0.345300 0.962456
vt 0.322922 0.955228
vt 0.253612 0.911168
vt 0.259111 0.910735
vt 0.255566 0.923739
vt 0.258278 0.933293
vt 0.309529 0.959373
vt 0.308566 0.953721
vt 0.345504 0.981434
vt 0.307200 0.932284
vt 0.306824 0.929026
vt 0.309608 0.923641
vt 0.306461 0.922852
vt 0.305680 0.919990
vt 0.305124 0.916466
vt 0.263600 0.918022
vt 0.335670 0.923736
vt 0.332276 0.922311
vt 0.296523 0.906287
vt 0.250918 0.929063
vt 0.255008 0.940539
vt 0.247136 0.909273
vt 0.281511 0.981534
vt 0.281484 0.968613
vt 0.352722 0.968287
vt 0.352762 0.981411
vt 0.310407 0.966347
vt 0.345460 0.968291
vt 0.349279 0.981422
vt 0.349253 0.968193
vt 0.221478 0.968333
vt 0.230349 0.981849
vt 0.221540 0.981898
vt 0.251621 0.968414
vt 0.251701 0.981688
vt 0.264421 0.968598
vt 0.264512 0.981580
vt 0.245950 0.909361
vt 0.245631 0.901162
vt 0.249275 0.929670
vt 0.253905 0.941280
vt 0.320906 0.966036
vt 0.325446 0.964772
vt 0.337049 0.964614
vt 0.298373 0.897333
vt 0.276006 0.920578
vt 0.267360 0.931374
vt 0.378673 0.934938
vt 0.376692 0.938208
vt 0.381712 0.929404
vt 0.380511 0.931974
vt 0.267614 0.968562
vt 0.256381 0.942977
vt 0.255468 0.944081
vt 0.260324 0.939621
vt 0.263688 0.935412
vt 0.278859 0.919239
vt 0.284671 0.917436
vt 0.282106 0.919018
vt 0.287342 0.916005
vt 0.289742 0.909672
vt 0.305997 0.906133
vt 0.279050 0.911627
vt 0.338979 0.919308
vt 0.340135 0.920442
vt 0.339782 0.921434
vt 0.337762 0.919850
vt 0.339891 0.921861
vt 0.340240 0.921621
vt 0.341222 0.919964
vt 0.339673 0.919364
vt 0.340388 0.917725
vt 0.338348 0.917200
vt 0.296536 0.874202
vt 0.296748 0.874536
vt 0.296372 0.874311
vt 0.296919 0.873699
vt 0.296539 0.873506
vt 0.297394 0.873609
vt 0.297059 0.874268
vt 0.297425 0.874043
vt 0.297199 0.874432
vt 0.296782 0.874281
vt 0.297456 0.874745
vt 0.296682 0.874904
vt 0.296578 0.875432
vt 0.296047 0.874514
vt 0.295621 0.874768
vt 0.295892 0.873795
vt 0.298047 0.873064
vt 0.297069 0.872960
vt 0.297121 0.872426
vt 0.296305 0.873146
vt 0.295965 0.872689
vt 0.296999 0.873410
vt 0.295373 0.873694
vt 0.297629 0.873392
vt 0.297796 0.874090
vt 0.298420 0.874169
vt 0.296295 0.873889
vt 0.296893 0.866517
vt 0.297480 0.867474
vt 0.296626 0.867527
vt 0.297186 0.866801
vt 0.297536 0.867045
vt 0.297259 0.867050
vt 0.297335 0.866646
vt 0.297607 0.866351
vt 0.296849 0.866149
vt 0.296507 0.866718
vt 0.296196 0.866498
vt 0.296777 0.865619
vt 0.295789 0.866222
vt 0.296002 0.867202
vt 0.295480 0.867273
vt 0.297121 0.868099
vt 0.298097 0.868052
vt 0.297141 0.868631
vt 0.296373 0.867870
vt 0.297077 0.867648
vt 0.297701 0.867703
vt 0.297907 0.867020
vt 0.298531 0.866978
vt 0.297974 0.865928
vt 0.296407 0.867133
vt 0.227214 0.895892
vt 0.225103 0.891316
vt 0.227243 0.891575
vt 0.227400 0.887359
vt 0.225154 0.886887
vt 0.218673 0.886434
vt 0.215364 0.882287
vt 0.217788 0.881486
vt 0.240261 0.952036
vt 0.244058 0.949181
vt 0.244588 0.951714
vt 0.244436 0.954322
vt 0.225642 0.882621
vt 0.228227 0.883323
vt 0.227311 0.957293
vt 0.225117 0.953115
vt 0.227260 0.952955
vt 0.227323 0.948566
vt 0.225189 0.948642
vt 0.225230 0.944199
vt 0.227382 0.944162
vt 0.227414 0.939758
vt 0.225243 0.939777
vt 0.227423 0.935357
vt 0.225239 0.935369
vt 0.227417 0.930958
vt 0.225224 0.930969
vt 0.227400 0.926563
vt 0.225203 0.926572
vt 0.227378 0.922169
vt 0.225180 0.922177
vt 0.225156 0.917783
vt 0.227353 0.917778
vt 0.227325 0.913390
vt 0.225132 0.913389
vt 0.225110 0.908994
vt 0.227294 0.909004
vt 0.225093 0.904594
vt 0.227262 0.904623
vt 0.225083 0.900185
vt 0.227232 0.900250
vt 0.225085 0.895760
vt 0.222983 0.895665
vt 0.223002 0.891136
vt 0.222956 0.886524
vt 0.225163 0.961881
vt 0.222794 0.957763
vt 0.225053 0.957586
vt 0.227795 0.961513
vt 0.223007 0.953165
vt 0.223089 0.948646
vt 0.223107 0.944188
vt 0.223099 0.939764
vt 0.223079 0.935357
vt 0.223055 0.930958
vt 0.223030 0.926562
vt 0.223005 0.922167
vt 0.222982 0.917771
vt 0.222963 0.913374
vt 0.222949 0.908972
vt 0.222946 0.904560
vt 0.222958 0.900130
vt 0.220873 0.895635
vt 0.220907 0.891074
vt 0.220809 0.886357
vt 0.219846 0.962622
vt 0.218456 0.957530
vt 0.220604 0.957752
vt 0.248761 0.951378
vt 0.252036 0.946903
vt 0.252750 0.951043
vt 0.252745 0.955299
vt 0.220417 0.881383
vt 0.223055 0.881849
vt 0.220912 0.953110
vt 0.220984 0.948599
vt 0.220976 0.944156
vt 0.220948 0.939744
vt 0.220915 0.935345
vt 0.220884 0.930951
vt 0.220855 0.926557
vt 0.220829 0.922163
vt 0.220807 0.917767
vt 0.220791 0.913367
vt 0.220785 0.908963
vt 0.220794 0.904547
vt 0.220824 0.900111
vt 0.218786 0.891143
vt 0.230529 0.884191
vt 0.256235 0.946199
vt 0.256641 0.950726
vt 0.257006 0.955248
vt 0.218794 0.952975
vt 0.218841 0.948529
vt 0.218811 0.944127
vt 0.218766 0.939738
vt 0.218723 0.935352
vt 0.218687 0.930964
vt 0.218655 0.926574
vt 0.218628 0.922181
vt 0.218607 0.917786
vt 0.218594 0.913386
vt 0.218593 0.908982
vt 0.218611 0.904568
vt 0.218656 0.900139
vt 0.218728 0.895678
vt 0.216565 0.895761
vt 0.216649 0.891310
vt 0.216553 0.886764
vt 0.260547 0.950420
vt 0.260500 0.946141
vt 0.261180 0.954566
vt 0.216359 0.957093
vt 0.216663 0.952762
vt 0.216681 0.948431
vt 0.216632 0.944088
vt 0.216576 0.939729
vt 0.216527 0.935358
vt 0.216487 0.930978
vt 0.216453 0.926592
vt 0.216426 0.922201
vt 0.216406 0.917807
vt 0.216394 0.913409
vt 0.216397 0.909007
vt 0.216422 0.904599
vt 0.216478 0.900185
vt 0.214493 0.891518
vt 0.214457 0.887299
vt 0.217270 0.962281
vt 0.264602 0.950107
vt 0.264671 0.946530
vt 0.265159 0.953567
vt 0.214530 0.952492
vt 0.214523 0.948306
vt 0.214463 0.944029
vt 0.214402 0.939702
vt 0.214350 0.935346
vt 0.214308 0.930973
vt 0.214274 0.926591
vt 0.214246 0.922202
vt 0.214226 0.917810
vt 0.214216 0.913414
vt 0.214221 0.909016
vt 0.214248 0.904617
vt 0.214307 0.900224
vt 0.214399 0.895848
vt 0.231542 0.892167
vt 0.229362 0.896049
vt 0.229397 0.891873
vt 0.229643 0.887899
vt 0.231857 0.888414
vt 0.213545 0.883729
vt 0.247992 0.948051
vt 0.229498 0.956907
vt 0.231626 0.956529
vt 0.229417 0.952748
vt 0.231577 0.952574
vt 0.231651 0.948388
vt 0.229482 0.948463
vt 0.231727 0.944081
vt 0.229553 0.944111
vt 0.229597 0.939731
vt 0.231774 0.939722
vt 0.229615 0.935339
vt 0.231793 0.935340
vt 0.231793 0.930951
vt 0.229614 0.930945
vt 0.229600 0.926552
vt 0.231780 0.926560
vt 0.229579 0.922161
vt 0.231760 0.922171
vt 0.229553 0.917773
vt 0.231733 0.917786
vt 0.229522 0.913391
vt 0.231700 0.913409
vt 0.231662 0.909045
vt 0.229485 0.909017
vt 0.231615 0.904706
vt 0.229443 0.904658
vt 0.231562 0.900414
vt 0.229396 0.900327
vt 0.231516 0.896210
vt 0.232656 0.885123
vt 0.236113 0.949766
vt 0.240105 0.949808
vt 0.236467 0.954863
vt 0.214952 0.961334
vt 0.214306 0.956489
vt 0.226616 0.880166
vt 0.223832 0.879242
vt 0.220634 0.878610
vt 0.217150 0.878728
vt 0.213659 0.879938
vt 0.210859 0.882943
vt 0.234724 0.883765
vt 0.232039 0.881772
vt 0.231320 0.963527
vt 0.230257 0.960864
vt 0.234596 0.961501
vt 0.232229 0.959982
vt 0.212954 0.963207
vt 0.213152 0.959780
vt 0.216008 0.964715
vt 0.219260 0.965246
vt 0.222520 0.962432
vt 0.222420 0.965122
vt 0.225433 0.964758
vt 0.328026 0.876239
vt 0.063928 0.345910
vt 0.610364 0.766442
vt 0.605085 0.771503
vt 0.605123 0.766403
vt 0.545363 0.981045
vt 0.531840 0.986450
vt 0.531844 0.981034
vt 0.644034 0.959797
vt 0.651471 0.968813
vt 0.651525 0.959868
vt 0.683914 0.739689
vt 0.680346 0.745048
vt 0.680341 0.739717
vt 0.615084 0.766441
vt 0.610326 0.771541
vt 0.528801 0.986420
vt 0.528806 0.981004
vt 0.658538 0.968792
vt 0.658591 0.959846
vt 0.208739 0.833903
vt 0.212002 0.848900
vt 0.208739 0.848900
vt 0.690849 0.739708
vt 0.683919 0.745020
vt 0.621160 0.766497
vt 0.615046 0.771541
vt 0.523227 0.986435
vt 0.523231 0.981019
vt 0.667145 0.968890
vt 0.667198 0.959945
vt 0.722197 0.739689
vt 0.690854 0.745038
vt 0.274339 0.777447
vt 0.287968 0.785482
vt 0.274248 0.786849
vt 0.288240 0.778752
vt 0.296528 0.787507
vt 0.296933 0.777054
vt 0.302899 0.785273
vt 0.303134 0.779205
vt 0.307833 0.787515
vt 0.308262 0.776448
vt 0.313325 0.786416
vt 0.313664 0.777652
vt 0.324010 0.786418
vt 0.324350 0.777654
vt 0.330444 0.788197
vt 0.330901 0.776409
vt 0.338068 0.786157
vt 0.338361 0.778596
vt 0.342889 0.785897
vt 0.343182 0.778336
vt 0.344288 0.787664
vt 0.344717 0.776597
vt 0.374876 0.787757
vt 0.375305 0.776690
vt 0.381650 0.785792
vt 0.381945 0.778172
vt 0.385128 0.788041
vt 0.385588 0.776196
vt 0.401260 0.788197
vt 0.401719 0.776353
vt 0.415042 0.784075
vt 0.663814 0.745059
vt 0.663809 0.739728
vt 0.711246 0.731380
vt 0.717884 0.734131
vt 0.711247 0.734131
vt 0.629244 0.959711
vt 0.643981 0.968743
vt 0.556667 0.980996
vt 0.545359 0.986461
vt 0.594880 0.771451
vt 0.594918 0.766352
vt 0.649704 0.745020
vt 0.649700 0.739689
vt 0.664236 0.754862
vt 0.668787 0.762291
vt 0.664236 0.762289
vt 0.620191 0.959687
vt 0.629191 0.968657
vt 0.588729 0.771439
vt 0.588767 0.766340
vt 0.609841 0.959578
vt 0.620138 0.968633
vt 0.581455 0.771380
vt 0.581493 0.766281
vt 0.603171 0.959545
vt 0.609788 0.968523
vt 0.576852 0.771354
vt 0.576890 0.766254
vt 0.679211 0.959976
vt 0.698411 0.969142
vt 0.698463 0.959958
vt 0.453819 0.984002
vt 0.459267 0.985472
vt 0.453840 0.985472
vt 0.629343 0.766516
vt 0.642403 0.771742
vt 0.629305 0.771615
vt 0.453839 0.976509
vt 0.459246 0.977978
vt 0.453819 0.977978
vt 0.679158 0.968921
vt 0.497593 0.986412
vt 0.497598 0.980996
vt 0.621122 0.771596
vt 0.017988 0.747622
vt 0.032272 0.738670
vt 0.032557 0.746169
vt 0.041245 0.736415
vt 0.041670 0.748061
vt 0.047923 0.738904
vt 0.048170 0.745664
vt 0.053095 0.736406
vt 0.053545 0.748736
vt 0.058852 0.737630
vt 0.059208 0.747394
vt 0.070052 0.737628
vt 0.070409 0.747392
vt 0.076796 0.735645
vt 0.077276 0.748779
vt 0.084788 0.737918
vt 0.085095 0.746343
vt 0.089842 0.738208
vt 0.090149 0.746633
vt 0.091308 0.736239
vt 0.091758 0.748569
vt 0.123372 0.736136
vt 0.123822 0.748466
vt 0.130472 0.738325
vt 0.130782 0.746815
vt 0.134119 0.735820
vt 0.134600 0.749016
vt 0.151028 0.735645
vt 0.151509 0.748842
vt 0.165475 0.740239
vt 0.653348 0.754864
vt 0.657841 0.762289
vt 0.653348 0.762292
vt 0.205114 0.765853
vt 0.213562 0.754903
vt 0.213562 0.765866
vt 0.208674 0.848900
vt 0.205411 0.833903
vt 0.208674 0.833903
vt 0.657841 0.754862
vt 0.184798 0.754903
vt 0.193284 0.765853
vt 0.184798 0.765866
vt 0.193284 0.754904
vt 0.647191 0.766483
vt 0.646059 0.762498
vt 0.647575 0.766437
vt 0.697855 0.969222
vt 0.647156 0.771755
vt 0.647539 0.771804
vt 0.643547 0.775742
vt 0.642019 0.771788
vt 0.705300 0.969165
vt 0.703586 0.976158
vt 0.705856 0.969251
vt 0.705906 0.959835
vt 0.705349 0.959916
vt 0.645972 0.775742
vt 0.645742 0.775484
vt 0.642440 0.766507
vt 0.643633 0.762498
vt 0.643863 0.762756
vt 0.700071 0.976158
vt 0.700406 0.975708
vt 0.700192 0.952926
vt 0.697908 0.959872
vt 0.703252 0.975706
vt 0.642056 0.766458
vt 0.700525 0.953378
vt 0.703707 0.952926
vt 0.643779 0.775485
vt 0.703371 0.953376
vt 0.645827 0.762755
vt 0.170688 0.832403
vt 0.178573 0.845994
vt 0.170763 0.845930
vt 0.233361 0.846751
vt 0.237316 0.833224
vt 0.237390 0.846751
vt 0.318706 0.745681
vt 0.312066 0.748299
vt 0.300122 0.742789
vt 0.420056 0.934068
vt 0.427000 0.939444
vt 0.443208 0.936940
vt 0.780754 0.721326
vt 0.772035 0.723376
vt 0.772036 0.721364
vt 0.770409 0.755376
vt 0.762284 0.757328
vt 0.762284 0.755403
vt 0.766641 0.724723
vt 0.759718 0.717693
vt 0.766623 0.717693
vt 0.241500 0.833162
vt 0.237569 0.846690
vt 0.237471 0.833163
vt 0.745979 0.761362
vt 0.750781 0.754646
vt 0.750764 0.761371
vt 0.762042 0.761362
vt 0.757216 0.754646
vt 0.761981 0.754662
vt 0.771776 0.724723
vt 0.771710 0.717720
vt 0.293519 0.701629
vt 0.304273 0.699091
vt 0.302592 0.704372
vt 0.771128 0.767750
vt 0.762966 0.763786
vt 0.771122 0.763786
vt 0.754540 0.724723
vt 0.759703 0.724723
vt 0.306730 0.740174
vt 0.314679 0.740042
vt 0.313952 0.742403
vt 0.757230 0.761371
vt 0.564714 0.992039
vt 0.557546 0.987884
vt 0.564703 0.987884
vt 0.489067 0.985501
vt 0.496224 0.979812
vt 0.496224 0.985486
vt 0.442976 0.943870
vt 0.431155 0.953266
vt 0.442976 0.953286
vt 0.418926 0.972580
vt 0.411780 0.974391
vt 0.411769 0.972534
vt 0.708980 0.959853
vt 0.436389 0.939238
vt 0.427069 0.942512
vt 0.436458 0.942306
vt 0.455341 0.934181
vt 0.443633 0.937506
vt 0.455453 0.937247
vt 0.456033 0.943870
vt 0.453823 0.987400
vt 0.459534 0.989258
vt 0.453822 0.989258
vt 0.695384 0.734134
vt 0.685715 0.732311
vt 0.695383 0.732306
vt 0.426842 0.974391
vt 0.418937 0.974438
vt 0.230803 0.741655
vt 0.214018 0.733734
vt 0.230803 0.733734
vt 0.676965 0.734043
vt 0.676963 0.732215
vt 0.704137 0.734043
vt 0.637435 0.658470
vt 0.658874 0.667885
vt 0.637435 0.667885
vt 0.460521 0.973613
vt 0.478487 0.975471
vt 0.460521 0.975471
vt 0.505069 0.971595
vt 0.512216 0.973406
vt 0.505058 0.973452
vt 0.543975 0.973453
vt 0.551106 0.971595
vt 0.551133 0.973453
vt 0.658856 0.649947
vt 0.658874 0.658470
vt 0.745552 0.761371
vt 0.725094 0.754646
vt 0.745569 0.754646
vt 0.694074 0.748715
vt 0.673612 0.755439
vt 0.673598 0.748715
vt 0.482424 0.977366
vt 0.464458 0.975508
vt 0.482424 0.975508
vt 0.664206 0.621339
vt 0.642766 0.619123
vt 0.664205 0.619123
vt 0.746231 0.768305
vt 0.725769 0.761580
vt 0.746244 0.761580
vt 0.533833 0.973490
vt 0.551799 0.975348
vt 0.533833 0.975348
vt 0.725754 0.775733
vt 0.725755 0.768305
vt 0.497164 0.971548
vt 0.642766 0.621339
vt 0.637418 0.619731
vt 0.720676 0.766580
vt 0.720682 0.763303
vt 0.664184 0.652132
vt 0.664192 0.656286
vt 0.460559 0.976836
vt 0.460559 0.975988
vt 0.669190 0.750541
vt 0.725077 0.761371
vt 0.720677 0.756474
vt 0.610364 0.752934
vt 0.605085 0.757994
vt 0.605123 0.752895
vt 0.545363 0.975470
vt 0.531840 0.980875
vt 0.531844 0.975459
vt 0.617896 0.721106
vt 0.612389 0.726478
vt 0.612350 0.721148
vt 0.418941 0.987584
vt 0.421867 0.992972
vt 0.418945 0.993000
vt 0.615046 0.758032
vt 0.610326 0.758033
vt 0.528801 0.980845
vt 0.528806 0.975429
vt 0.607158 0.726465
vt 0.607118 0.721135
vt 0.527831 0.973454
vt 0.535735 0.971734
vt 0.535735 0.973454
vt 0.427534 0.987575
vt 0.421863 0.987556
vt 0.621160 0.752988
vt 0.615084 0.752933
vt 0.523227 0.980860
vt 0.523231 0.975444
vt 0.600785 0.726524
vt 0.600746 0.721194
vt 0.453167 0.987556
vt 0.427538 0.992991
vt 0.274339 0.801929
vt 0.287968 0.809964
vt 0.274248 0.811331
vt 0.288240 0.803234
vt 0.296528 0.811989
vt 0.296933 0.801535
vt 0.302899 0.809755
vt 0.303134 0.803687
vt 0.307833 0.811997
vt 0.308262 0.800929
vt 0.313325 0.810898
vt 0.313664 0.802134
vt 0.324010 0.810899
vt 0.324350 0.802136
vt 0.330444 0.812679
vt 0.330901 0.800891
vt 0.338068 0.810639
vt 0.338361 0.803077
vt 0.342889 0.810379
vt 0.343182 0.802818
vt 0.344288 0.812146
vt 0.344717 0.801079
vt 0.374876 0.812239
vt 0.375305 0.801172
vt 0.381650 0.810274
vt 0.381945 0.802654
vt 0.385128 0.812523
vt 0.385588 0.800678
vt 0.401260 0.812679
vt 0.401719 0.800835
vt 0.415042 0.808556
vt 0.405427 0.993012
vt 0.405423 0.987595
vt 0.302428 0.729055
vt 0.294439 0.730479
vt 0.295534 0.726927
vt 0.628846 0.721055
vt 0.617936 0.726436
vt 0.556667 0.975421
vt 0.545359 0.980886
vt 0.594880 0.757942
vt 0.594918 0.752843
vt 0.393889 0.992972
vt 0.393885 0.987556
vt 0.292313 0.723777
vt 0.290334 0.712187
vt 0.295406 0.713756
vt 0.635549 0.721040
vt 0.628886 0.726385
vt 0.588729 0.757931
vt 0.588767 0.752831
vt 0.643212 0.720975
vt 0.635589 0.726371
vt 0.581455 0.757872
vt 0.581493 0.752772
vt 0.648151 0.720956
vt 0.643252 0.726305
vt 0.576852 0.757845
vt 0.576890 0.752746
vt 0.591851 0.721212
vt 0.577635 0.726674
vt 0.577597 0.721202
vt 0.453840 0.982474
vt 0.459246 0.981005
vt 0.459267 0.982474
vt 0.629343 0.753008
vt 0.642403 0.758234
vt 0.629305 0.758107
vt 0.474771 0.978897
vt 0.480218 0.977428
vt 0.480198 0.978897
vt 0.591890 0.726542
vt 0.497593 0.980837
vt 0.497598 0.975421
vt 0.621122 0.758088
vt 0.017988 0.720346
vt 0.032272 0.711394
vt 0.032557 0.718893
vt 0.041245 0.709138
vt 0.041670 0.720785
vt 0.047923 0.711627
vt 0.048170 0.718388
vt 0.053095 0.709129
vt 0.053545 0.721460
vt 0.058852 0.710354
vt 0.059208 0.720118
vt 0.070052 0.710352
vt 0.070409 0.720116
vt 0.076796 0.708369
vt 0.077276 0.721503
vt 0.084788 0.710642
vt 0.085095 0.719067
vt 0.089842 0.710932
vt 0.090149 0.719356
vt 0.091308 0.708963
vt 0.091758 0.721293
vt 0.123372 0.708860
vt 0.123822 0.721190
vt 0.130472 0.711049
vt 0.130782 0.719539
vt 0.134119 0.708544
vt 0.134600 0.721740
vt 0.151028 0.708369
vt 0.151509 0.721565
vt 0.165475 0.712963
vt 0.304450 0.727520
vt 0.302534 0.715956
vt 0.307543 0.717498
vt 0.205114 0.743490
vt 0.213562 0.732541
vt 0.213562 0.743503
vt 0.229946 0.832041
vt 0.233209 0.847039
vt 0.229946 0.847039
vt 0.299441 0.725977
vt 0.184798 0.732541
vt 0.193284 0.743490
vt 0.184798 0.743503
vt 0.193284 0.732541
vt 0.647191 0.752974
vt 0.646059 0.748990
vt 0.647575 0.752928
vt 0.578047 0.726722
vt 0.647156 0.758247
vt 0.647539 0.758296
vt 0.643547 0.762233
vt 0.642019 0.758280
vt 0.572535 0.726687
vt 0.573804 0.730854
vt 0.572123 0.726739
vt 0.572086 0.721129
vt 0.572498 0.721177
vt 0.645972 0.762233
vt 0.645742 0.761976
vt 0.642440 0.752998
vt 0.643633 0.748990
vt 0.643863 0.749248
vt 0.576406 0.730855
vt 0.576158 0.730586
vt 0.576317 0.717012
vt 0.578008 0.721150
vt 0.574051 0.730585
vt 0.642056 0.752949
vt 0.576070 0.717281
vt 0.573714 0.717012
vt 0.643779 0.761976
vt 0.573963 0.717280
vt 0.645827 0.749247
vt 0.159656 0.832403
vt 0.167540 0.845994
vt 0.159730 0.845930
vt 0.780754 0.729811
vt 0.772036 0.727759
vt 0.780754 0.727721
vt 0.474479 0.980609
vt 0.470287 0.983963
vt 0.460481 0.982652
vt 0.745991 0.753282
vt 0.750700 0.750132
vt 0.761919 0.751356
vt 0.780754 0.719194
vt 0.772035 0.721245
vt 0.772036 0.719233
vt 0.771091 0.761727
vt 0.762966 0.763679
vt 0.762965 0.761754
vt 0.751446 0.762222
vt 0.757898 0.768947
vt 0.751463 0.768947
vt 0.245691 0.846690
vt 0.249623 0.833163
vt 0.249720 0.846690
vt 0.746661 0.775798
vt 0.751463 0.769082
vt 0.751446 0.775807
vt 0.762724 0.775798
vt 0.757897 0.769082
vt 0.762662 0.769098
vt 0.746661 0.762223
vt 0.746723 0.768922
vt 0.762173 0.754539
vt 0.770340 0.750576
vt 0.770299 0.754500
vt 0.564491 0.986474
vt 0.557329 0.982264
vt 0.564486 0.982264
vt 0.762724 0.762223
vt 0.757911 0.762222
vt 0.464650 0.979307
vt 0.470334 0.977449
vt 0.470335 0.979307
vt 0.757911 0.775807
vt 0.564497 0.980899
vt 0.557329 0.976744
vt 0.564486 0.976744
vt 0.767849 0.739579
vt 0.776602 0.733981
vt 0.776602 0.739565
vt 0.322842 0.704851
vt 0.329704 0.714884
vt 0.320608 0.712093
vt 0.559287 0.973489
vt 0.552140 0.975301
vt 0.552129 0.973443
vt 0.569810 0.721139
vt 0.757180 0.750132
vt 0.750701 0.748383
vt 0.757181 0.748383
vt 0.455169 0.919017
vt 0.443461 0.922343
vt 0.455281 0.922084
vt 0.312800 0.701752
vt 0.453823 0.985505
vt 0.459534 0.987363
vt 0.453822 0.987363
vt 0.667667 0.734134
vt 0.657999 0.732311
vt 0.667666 0.732306
vt 0.567203 0.975301
vt 0.559298 0.975347
vt 0.230803 0.749894
vt 0.214018 0.757816
vt 0.214018 0.749894
vt 0.649248 0.734043
vt 0.649246 0.732215
vt 0.676420 0.734043
vt 0.276199 0.736274
vt 0.250282 0.739253
vt 0.253375 0.729230
vt 0.452067 0.976333
vt 0.434101 0.974475
vt 0.452067 0.974475
vt 0.468407 0.971717
vt 0.475554 0.973529
vt 0.468397 0.973575
vt 0.455374 0.928343
vt 0.443531 0.925533
vt 0.443555 0.928602
vt 0.278980 0.727194
vt 0.669208 0.755574
vt 0.689665 0.762299
vt 0.669190 0.762299
vt 0.230062 0.713338
vt 0.191937 0.723263
vt 0.191912 0.713338
vt 0.415376 0.976333
vt 0.397410 0.974475
vt 0.415376 0.974475
vt 0.294074 0.698496
vt 0.271977 0.689092
vt 0.294802 0.696136
vt 0.419392 0.933054
vt 0.390003 0.945499
vt 0.419671 0.944848
vt 0.515148 0.975348
vt 0.497182 0.973490
vt 0.515148 0.973490
vt 0.389438 0.920677
vt 0.389724 0.933705
vt 0.460503 0.971671
vt 0.271249 0.691452
vt 0.266084 0.687983
vt 0.382431 0.936891
vt 0.382567 0.942639
vt 0.283934 0.731270
vt 0.282578 0.735695
vt 0.393511 0.975803
vt 0.393511 0.974955
vt 0.183699 0.716034
vt 0.689683 0.755574
vt 0.694083 0.760471
vt 0.584945 0.420235
vt 0.002861 0.140425
vt 0.352283 0.582909
vt 0.048888 0.431677
vt 0.186124 0.597650
vt 0.750851 0.659881
vt 0.975064 0.385931
vt 0.966551 0.117227
vt 0.788401 0.420273
vt 0.468470 0.595109
vt 0.984669 0.277317
vt 0.778492 0.414517
vt 0.659708 0.582183
vt 0.259255 0.829302
vt 0.409823 0.816960
vt 0.367214 0.761600
vt 0.368279 0.321841
vt 0.353277 0.271579
vt 0.418311 0.098684
vt 0.783761 0.357410
vt 0.368197 0.282638
vt 0.786621 0.391648
vt 0.206924 0.339044
vt 0.368185 0.310545
vt 0.340724 0.373352
vt 0.334623 0.360319
vt 0.401398 0.360336
vt 0.368010 0.336602
vt 0.208367 0.525769
vt 0.208367 0.437849
vt 0.209027 0.439063
vt 0.214979 0.445095
vt 0.269220 0.439079
vt 0.269879 0.437865
vt 0.263268 0.445108
vt 0.220963 0.449054
vt 0.257284 0.449063
vt 0.251259 0.451638
vt 0.226988 0.451631
vt 0.233047 0.453101
vt 0.083668 0.613509
vt 0.643174 0.436276
vt 0.636286 0.431686
vt 0.374015 0.295925
vt 0.374016 0.283734
vt 0.710925 0.662535
vt 0.787442 0.335362
vt 0.781877 0.345602
vt 0.776313 0.351239
vt 0.770748 0.354917
vt 0.765183 0.357295
vt 0.759619 0.358642
vt 0.754054 0.359078
vt 0.742925 0.357289
vt 0.737361 0.354908
vt 0.731796 0.351228
vt 0.726231 0.345588
vt 0.720667 0.335344
vt 0.720667 0.291054
vt 0.731796 0.278779
vt 0.754054 0.271617
vt 0.765183 0.273284
vt 0.776313 0.278791
vt 0.428547 0.789280
vt 0.340792 0.360631
vt 0.629584 0.054426
vt 0.658618 0.122927
vt 0.374550 0.256617
vt 0.331897 0.244051
vt 0.587890 0.056789
vt 0.364461 0.197256
vt 0.688204 0.507101
vt 0.750165 0.507117
vt 0.719185 0.491634
vt 0.429046 0.529390
vt 0.429046 0.466496
vt 0.432586 0.470402
vt 0.483308 0.470415
vt 0.486848 0.466511
vt 0.470715 0.476639
vt 0.241920 0.220130
vt 0.585721 0.064115
vt 0.179014 0.206164
vt 0.248094 0.025885
vt 0.601414 0.100059
vt 0.230847 0.083522
vt 0.202628 0.083492
vt 0.601340 0.230274
vt 0.210941 0.811573
vt 0.759852 0.571245
vt 0.716490 0.963551
vt 0.165419 0.566436
vt 0.365523 0.540307
vt 0.456846 0.645214
vt 0.590356 0.543649
vt 0.969338 0.385948
vt 0.978954 0.117222
vt 0.352272 0.603197
vt 0.993731 0.511912
vt 0.697275 0.665604
vt 0.462758 0.591769
vt 0.479470 0.948296
vt 0.927137 0.390734
vt 0.191371 0.088256
vt 0.053587 0.088256
vt 0.053587 0.060034
vt 0.191371 0.060034
vt 0.412971 0.003090
vt 0.164750 0.263843
vt 0.280754 0.263799
vt 0.635053 0.248469
vt 0.984123 0.656308
vt 0.809565 0.174607
vt 0.868057 0.145808
vt 0.672176 0.448831
vt 0.874258 0.879536
vt 0.944517 0.910318
vt 0.344964 0.100576
vt 0.325220 0.112344
vt 0.323861 0.002876
vt 0.394657 0.002857
vt 0.392557 0.021607
vt 0.376059 0.065947
vt 0.051655 0.256936
vt 0.052115 0.255577
vt 0.079574 0.218678
vt 0.098502 0.204745
vt 0.119867 0.194502
vt 0.161590 0.186157
vt 0.257047 0.102544
vt 0.317340 0.143245
vt 0.468447 0.603204
vt 0.404808 0.065818
vt 0.599144 0.548530
vt 0.099179 0.620352
vt 0.922184 0.002877
vt 0.933082 0.019534
vt 0.850666 0.950818
vt 0.779742 0.950771
vt 0.779741 0.942707
vt 0.750184 0.953427
vt 0.772487 0.953442
vt 0.479469 0.942507
vt 0.469872 0.953241
vt 0.457513 0.942492
vt 0.385291 0.105782
vt 0.583054 0.990983
vt 0.867332 0.953477
vt 0.219916 0.088389
vt 0.196920 0.070914
vt 0.922184 0.412694
vt 0.922205 0.120025
vt 0.922206 0.097722
vt 0.924883 0.090464
vt 0.916470 0.380216
vt 0.916469 0.790582
vt 0.506376 0.797601
vt 0.349801 0.185821
vt 0.417579 0.191541
vt 0.920613 0.128659
vt 0.145820 0.562465
vt 0.355515 0.258887
vt 0.486837 0.278685
vt 0.320374 0.638793
vt 0.542368 0.439202
vt 0.288117 0.043630
vt 0.827396 0.260147
vt 0.608279 0.443140
vt 0.917378 0.063740
vt 0.733949 0.357370
vt 0.608279 0.446853
vt 0.488809 0.403724
vt 0.512838 0.408828
vt 0.459425 0.342920
vt 0.567608 0.335478
vt 0.463479 0.385930
vt 0.612531 0.154110
vt 0.613026 0.154578
vt 0.613312 0.155234
vt 0.612724 0.155624
vt 0.611909 0.155636
vt 0.611536 0.155549
vt 0.611823 0.154238
vt 0.612257 0.155471
vt 0.611290 0.155367
vt 0.611182 0.155147
vt 0.702768 0.448826
vt 0.641076 0.248782
vt 0.055849 0.208691
vt 0.373977 0.324132
vt 0.382328 0.345951
vt 0.556528 0.438300
vt 0.665035 0.391695
vt 0.363585 0.328752
vt 0.641264 0.451446
vt 0.641697 0.450963
vt 0.641859 0.450264
vt 0.640770 0.450255
vt 0.640584 0.451486
vt 0.639911 0.451006
vt 0.639756 0.450765
vt 0.716272 0.448827
vt 0.601650 0.084392
vt 0.600052 0.083051
vt 0.717380 0.450580
vt 0.730761 0.005949
vt 0.573980 0.002862
vt 0.573377 0.002936
vt 0.573663 0.002861
vt 0.730840 0.010182
vt 0.730842 0.009509
vt 0.730837 0.009016
vt 0.628628 0.106546
vt 0.628546 0.105779
vt 0.628624 0.105902
vt 0.730761 0.003970
vt 0.271399 0.174675
vt 0.811104 0.228975
vt 0.811097 0.226042
vt 0.271399 0.178659
vt 0.556709 0.069327
vt 0.556751 0.070043
vt 0.613020 0.153671
vt 0.712774 0.313426
vt 0.600980 0.444216
vt 0.602522 0.445182
vt 0.600981 0.444923
vt 0.567642 0.178488
vt 0.567640 0.177933
vt 0.714338 0.312926
vt 0.714330 0.312262
vt 0.600981 0.443733
vt 0.714342 0.344490
vt 0.714348 0.343675
vt 0.264982 0.177432
vt 0.805796 0.228196
vt 0.805800 0.227473
vt 0.567642 0.146565
vt 0.567631 0.146908
vt 0.355010 0.956902
vt 0.316146 0.981494
vt 0.296850 0.895637
vt 0.231657 0.952636
vt 0.305057 0.887155
vt 0.372361 0.982353
vt 0.356467 0.982301
vt 0.285215 0.982215
vt 0.267618 0.968562
vt 0.303829 0.982222
vt 0.376853 0.866120
vt 0.225270 0.981874
vt 0.380786 0.872361
vt 0.255411 0.858818
vt 0.295882 0.908837
vt 0.355598 0.958011
vt 0.230279 0.967988
vt 0.323500 0.966063
vt 0.352237 0.844446
vt 0.339084 0.920411
vt 0.297147 0.874022
vt 0.297800 0.875191
vt 0.296010 0.868304
vt 0.240421 0.954248
vt 0.248534 0.954841
vt 0.229120 0.881067
vt 0.228289 0.963972
vt 0.210649 0.960348
vt 0.212002 0.833903
vt 0.722202 0.745019
vt 0.415171 0.780740
vt 0.717883 0.731380
vt 0.556662 0.986412
vt 0.668787 0.754864
vt 0.603118 0.968491
vt 0.459246 0.984002
vt 0.459266 0.976509
vt 0.017892 0.737148
vt 0.165611 0.743954
vt 0.205114 0.754904
vt 0.205411 0.848900
vt 0.178573 0.832414
vt 0.233437 0.833224
vt 0.300938 0.740196
vt 0.317890 0.748274
vt 0.304892 0.746088
vt 0.443153 0.933564
vt 0.436236 0.931546
vt 0.426912 0.931754
vt 0.420111 0.937444
vt 0.780754 0.723416
vt 0.770409 0.757376
vt 0.241448 0.846690
vt 0.746041 0.754662
vt 0.295181 0.696285
vt 0.763002 0.767711
vt 0.754605 0.717720
vt 0.307456 0.737813
vt 0.557585 0.992000
vt 0.489067 0.979800
vt 0.431155 0.943894
vt 0.708930 0.969269
vt 0.443522 0.934440
vt 0.456033 0.953286
vt 0.685717 0.734139
vt 0.426831 0.972534
vt 0.214018 0.741655
vt 0.704135 0.732215
vt 0.478487 0.973613
vt 0.512227 0.971548
vt 0.543949 0.971595
vt 0.637418 0.649947
vt 0.694088 0.755439
vt 0.464458 0.977366
vt 0.551799 0.973490
vt 0.746230 0.775733
vt 0.497153 0.973406
vt 0.637418 0.620812
vt 0.669196 0.753611
vt 0.720669 0.759543
vt 0.527831 0.971734
vt 0.453172 0.992972
vt 0.415171 0.805222
vt 0.301334 0.732606
vt 0.556662 0.980837
vt 0.287241 0.722209
vt 0.648191 0.726286
vt 0.453819 0.981005
vt 0.474791 0.977428
vt 0.017892 0.709871
vt 0.165611 0.716678
vt 0.205114 0.732541
vt 0.233209 0.832041
vt 0.167540 0.832414
vt 0.772035 0.729771
vt 0.460492 0.980608
vt 0.474467 0.982654
vt 0.464641 0.983965
vt 0.761932 0.753281
vt 0.757191 0.754517
vt 0.750756 0.754516
vt 0.745978 0.751358
vt 0.780754 0.721284
vt 0.771091 0.763727
vt 0.245744 0.833162
vt 0.746722 0.769098
vt 0.762184 0.750576
vt 0.557361 0.986433
vt 0.762663 0.768922
vt 0.464649 0.977449
vt 0.557368 0.980860
vt 0.767849 0.733969
vt 0.331928 0.707675
vt 0.569847 0.726750
vt 0.443350 0.919277
vt 0.310565 0.708994
vt 0.658000 0.734139
vt 0.567192 0.973443
vt 0.230803 0.757816
vt 0.676418 0.732215
vt 0.273106 0.746296
vt 0.434101 0.976333
vt 0.475565 0.971671
vt 0.455351 0.925274
vt 0.256157 0.720151
vt 0.230087 0.723263
vt 0.397410 0.976333
vt 0.497182 0.975348
vt 0.419106 0.920026
vt 0.460492 0.973529
vt 0.265729 0.689133
vt 0.183711 0.720564
vt 0.694091 0.757402
s 1
g Door.L
g Door_left.001_Door.001
usemtl Door.001
f 29/1/1 60/2/2 61/3/3
f 16/4/4 47/5/5 48/6/6
f 3/7/7 34/8/8 35/9/9
f 29/1/1 62/10/10 30/11/11
f 17/12/12 48/6/6 49/13/13
f 3/7/7 36/14/14 4/15/15
f 31/16/16 62/10/10 63/17/17
f 17/12/12 50/18/18 18/19/19
f 4/15/15 37/20/20 5/21/21
f 31/16/16 64/22/22 32/23/23
f 18/19/19 51/24/24 19/25/25
f 6/26/26 37/20/20 38/27/27
f 32/23/23 33/28/28 1/29/29
f 20/30/30 51/24/24 52/31/31
f 7/32/32 38/27/27 39/33/33
f 20/30/30 53/34/34 21/35/35
f 8/36/36 39/33/33 40/37/37
f 21/35/35 54/38/38 22/39/39
f 8/36/36 41/40/40 9/41/41
f 23/42/42 54/38/38 55/43/43
f 10/44/44 41/40/40 42/45/45
f 23/42/42 56/46/46 24/47/47
f 11/48/48 42/45/45 43/49/49
f 24/47/47 57/50/50 25/51/51
f 11/48/48 44/52/52 12/53/53
f 25/51/51 58/54/54 26/55/55
f 12/53/53 45/56/56 13/57/57
f 26/55/55 59/58/58 27/59/59
f 14/60/60 45/56/56 46/61/61
f 28/62/62 59/58/58 60/2/2
f 14/60/60 47/5/5 15/63/63
f 2/64/64 33/28/28 34/8/8
f 15/63/63 78/65/65 14/60/60
f 1/29/29 66/66/66 65/67/67
f 28/62/62 93/68/68 92/69/69
f 15/63/63 80/70/70 79/71/71
f 2/64/64 67/72/72 66/66/66
f 30/11/11 93/68/68 29/1/1
f 16/4/4 81/73/73 80/70/70
f 4/15/15 67/72/72 3/7/7
f 30/11/11 95/74/74 94/75/75
f 18/19/19 81/73/73 17/12/12
f 4/15/15 69/76/76 68/77/77
f 32/23/23 95/74/74 31/16/16
f 18/19/19 83/78/78 82/79/79
f 6/26/26 69/76/76 5/21/21
f 32/23/23 65/67/67 96/80/80
f 19/25/25 84/81/81 83/78/78
f 7/32/32 70/82/82 6/26/26
f 21/35/35 84/81/81 20/30/30
f 7/32/32 72/83/83 71/84/84
f 22/39/39 85/85/85 21/35/35
f 9/41/41 72/83/83 8/36/36
f 22/39/39 87/86/86 86/87/87
f 9/41/41 74/88/88 73/89/89
f 24/47/47 87/86/86 23/42/42
f 11/48/48 74/88/88 10/44/44
f 25/51/51 88/90/90 24/47/47
f 11/48/48 76/91/91 75/92/92
f 25/51/51 90/93/93 89/94/94
f 13/57/57 76/91/91 12/53/53
f 27/59/59 90/93/93 26/55/55
f 13/57/57 78/65/65 77/95/95
f 28/62/62 91/96/96 27/59/59
s 2
f 266/97/97 335/98/97 265/99/97
s 3
f 133/100/98 335/101/98 165/102/98
s 4
f 267/103/99 165/104/99 335/105/99
s 5
f 335/101/98 366/106/98 265/107/98
s 3
f 312/108/98 165/102/98 336/109/98
s 6
f 206/110/100 336/111/100 165/112/100
s 7
f 206/113/98 269/114/98 270/115/98
s 8
f 200/116/101 155/117/101 135/118/101
s 7
f 269/114/98 266/119/98 148/120/98
f 368/121/98 270/115/98 272/122/98
s 9
f 337/123/97 369/124/97 358/125/97
s 10
f 166/126/102 268/127/102 369/128/102
s 11
f 138/129/102 270/130/102 269/131/102
s 12
f 337/132/98 122/133/98 166/134/98
f 271/135/98 322/136/98 149/137/98
f 122/133/98 149/137/98 166/134/98
f 322/136/98 138/138/98 337/132/98
s 13
f 122/139/100 269/140/100 148/141/100
s 14
f 322/142/99 358/143/99 121/144/99
s 15
f 149/145/100 121/146/100 268/147/100
s 16
f 291/148/97 272/149/97 270/150/97
s 17
f 369/151/98 99/152/98 98/153/98
f 358/154/98 98/153/98 101/155/98
f 99/152/98 121/156/98 100/157/98
f 121/156/98 101/155/98 100/157/98
f 98/153/98 146/158/98 182/159/98
f 99/152/98 323/160/98 146/158/98
f 100/157/98 105/161/98 106/162/98
f 105/161/98 98/153/98 104/163/98
s 18
f 279/164/103 344/165/103 304/166/103
s 19
f 352/167/97 134/168/97 115/169/97
s 20
f 113/170/104 181/171/104 182/172/104
s 21
f 280/173/105 315/174/105 344/175/105
s 22
f 334/176/106 245/177/106 181/171/106
s 23
f 255/178/107 184/179/107 256/180/107
s 24
f 158/181/108 147/182/108 245/183/108
s 25
f 184/179/109 201/184/109 256/180/109
s 26
f 331/185/110 102/186/110 147/182/110
s 27
f 313/187/102 182/188/102 146/189/102
s 28
f 191/190/111 257/191/111 201/184/111
s 29
f 102/186/112 183/192/112 255/178/112
s 30
f 150/193/100 146/194/100 323/195/100
s 31
f 127/196/113 303/197/113 257/191/113
s 32
f 195/198/99 323/199/99 315/200/99
s 33
f 303/197/114 279/164/114 304/166/114
s 34
f 198/201/98 313/202/98 134/203/98
f 134/203/98 150/204/98 115/205/98
f 150/204/98 350/206/98 115/205/98
f 350/206/98 280/207/98 306/208/98
f 282/209/98 183/210/98 281/211/98
f 191/212/98 282/209/98 123/213/98
f 127/214/98 123/213/98 199/215/98
f 114/216/98 199/215/98 251/217/98
f 279/218/98 251/217/98 305/219/98
f 280/207/98 305/219/98 306/208/98
f 334/220/98 198/201/98 316/221/98
f 317/222/98 334/220/98 316/221/98
f 240/223/98 158/224/98 317/222/98
f 103/225/98 331/226/98 240/223/98
f 281/211/98 349/227/98 103/225/98
s 35
f 324/228/98 283/229/98 330/230/98
s 36
f 116/231/115 306/232/115 305/233/115
s 37
f 273/234/102 115/235/102 350/236/102
s 38
f 202/237/116 316/238/116 198/239/116
s 39
f 163/240/117 350/241/117 306/232/118
s 40
f 292/242/119 317/243/119 316/238/119
s 41
f 330/244/120 282/245/120 281/246/120
s 42
f 231/247/121 240/248/121 317/249/121
s 43
f 282/245/122 284/250/122 123/251/122
s 44
f 232/252/123 103/253/123 240/248/123
s 45
f 284/250/124 199/254/124 123/251/124
s 46
f 359/255/125 281/246/125 103/253/125
s 47
f 199/254/126 290/256/126 251/257/126
s 48
f 324/258/99 198/259/99 134/260/99
s 49
f 251/257/127 116/261/127 305/262/127
s 17
f 201/263/98 112/264/98 107/265/98
f 105/161/98 274/266/98 318/267/98
f 319/268/98 105/161/98 318/267/98
f 104/163/98 237/269/98 274/266/98
f 108/270/98 319/268/98 342/271/98
f 237/269/98 109/272/98 164/273/98
f 109/272/98 236/274/98 164/273/98
f 110/275/98 155/276/98 236/274/98
f 155/276/98 112/277/98 135/278/98
f 135/278/98 108/270/98 342/271/98
s 50
f 277/279/128 238/280/128 167/281/128
s 51
f 185/282/129 237/283/129 164/284/129
s 52
f 320/285/99 319/286/99 318/287/99
s 53
f 254/288/130 135/118/130 342/289/130
s 54
f 233/290/131 164/291/131 236/292/131
s 55
f 175/293/102 274/294/102 237/295/102
s 56
f 156/296/132 236/292/132 155/117/132
s 57
f 321/297/133 342/298/133 319/299/133
s 58
f 174/300/97 318/301/97 274/302/97
s 59
f 207/303/98 174/304/98 124/305/98
f 159/306/98 320/307/98 207/303/98
f 174/304/98 360/308/98 124/305/98
f 254/309/98 159/306/98 285/310/98
f 360/308/98 185/311/98 238/312/98
f 185/311/98 167/313/98 238/312/98
f 233/314/98 293/315/98 167/313/98
f 293/315/98 200/316/98 139/317/98
f 139/317/98 254/309/98 285/310/98
s 60
f 277/318/98 187/319/98 275/320/98
s 61
f 186/321/99 124/322/99 360/323/99
s 62
f 187/324/134 167/281/134 293/325/134
s 63
f 159/326/135 176/327/135 285/328/135
s 64
f 309/329/100 207/330/100 124/331/100
s 65
f 351/332/136 293/325/136 139/333/136
s 66
f 276/334/137 360/335/137 238/336/137
s 67
f 275/337/102 159/338/102 207/339/102
s 68
f 176/340/138 139/333/138 285/341/138
s 3
f 216/342/139 343/343/140 307/344/141
f 347/345/142 239/346/142 346/347/142
f 250/348/143 173/349/143 347/345/143
f 249/350/144 356/351/144 250/352/144
f 177/353/145 196/354/145 249/350/145
f 346/347/146 133/355/146 345/356/146
f 328/357/147 178/358/148 133/359/149
s 69
f 370/360/97 258/361/97 208/362/97
s 3
f 370/363/150 345/364/150 314/365/150
s 70
f 314/366/99 294/367/99 370/368/99
s 3
f 370/363/150 362/369/150 136/370/150
f 314/365/150 125/371/150 193/372/150
s 71
f 193/373/100 203/374/100 314/375/100
s 72
f 126/376/150 203/377/150 246/378/150
f 126/376/150 258/379/150 294/380/150
f 246/378/150 253/381/150 252/382/150
s 73
f 393/383/97 365/384/97 392/385/97
s 74
f 391/386/102 168/387/102 393/388/102
s 75
f 246/389/102 364/390/102 126/391/102
s 76
f 365/392/150 353/393/150 364/394/150
f 204/395/150 354/396/150 338/397/150
f 338/397/150 353/393/150 168/398/150
f 204/395/150 364/394/150 189/399/150
s 77
f 126/400/100 353/401/100 188/402/100
s 78
f 392/403/99 204/404/99 390/405/99
s 79
f 390/406/100 338/407/100 391/408/100
s 80
f 246/409/97 354/410/97 189/411/97
s 3
f 178/358/148 136/412/151 345/413/152
s 81
f 271/414/99 148/415/99 272/416/99
s 82
f 188/417/99 354/418/99 252/419/99
s 3
f 151/420/100 361/421/100 212/422/100
f 140/423/98 196/424/98 356/425/98
f 329/426/98 356/425/98 173/427/98
f 141/428/98 307/429/98 197/430/98
f 171/431/98 239/432/98 133/100/98
f 128/433/150 177/434/150 247/435/150
f 129/436/150 249/437/150 128/433/150
f 234/438/150 250/439/150 129/436/150
s 83
f 209/440/150 343/441/150 357/442/150
s 3
f 296/443/98 307/429/98 97/444/98
f 192/445/98 197/430/98 196/424/98
f 157/446/98 173/427/98 239/432/98
f 171/431/98 312/108/98 130/447/98
f 247/435/150 343/441/150 248/448/150
f 160/449/150 347/450/150 234/438/150
f 235/451/150 346/452/150 160/449/150
f 235/451/150 125/371/150 345/364/150
s 84
f 140/453/144 143/454/144 192/455/144
s 85
f 97/456/153 142/457/153 296/458/153
s 86
f 329/459/143 339/460/143 140/461/143
s 87
f 192/455/145 333/462/145 141/463/145
s 88
f 141/463/154 161/464/154 97/456/154
s 89
f 157/465/142 169/466/142 329/459/142
s 90
f 171/467/155 170/468/155 157/465/155
s 91
f 130/469/97 295/470/97 171/471/97
s 92
f 247/472/145 260/473/145 128/474/145
s 93
f 248/475/154 144/476/154 247/472/154
s 94
f 128/474/144 259/477/144 129/478/144
s 95
f 234/479/142 325/480/142 160/481/142
s 96
f 129/482/143 205/483/143 234/479/143
s 97
f 235/484/155 325/480/155 131/485/155
s 98
f 209/486/153 118/487/153 248/475/153
s 99
f 235/488/97 372/489/97 327/490/97
s 100
f 286/491/98 143/492/98 339/493/98
f 162/494/98 339/493/98 169/495/98
f 153/496/98 161/497/98 333/498/98
f 300/499/98 170/500/98 295/501/98
s 101
f 179/502/150 144/503/150 132/504/150
f 348/505/150 260/506/150 179/502/150
f 373/507/150 259/508/150 348/505/150
f 261/509/150 371/510/150 262/511/150
s 100
f 298/512/98 142/513/98 161/497/98
f 152/514/98 333/498/98 143/492/98
f 355/515/98 169/495/98 170/500/98
f 300/499/98 210/516/98 242/517/98
s 101
f 132/504/150 118/518/150 261/509/150
f 302/519/150 205/520/150 373/507/150
f 301/521/150 325/522/150 302/519/150
f 301/521/150 372/523/150 131/524/150
s 102
f 340/525/98 180/526/98 119/527/98
s 103
f 288/528/150 154/529/150 263/530/150
s 104
f 286/531/156 137/532/156 152/533/156
s 105
f 298/534/157 363/535/157 297/536/157
s 106
f 162/537/158 119/538/158 286/539/158
s 107
f 152/533/159 180/540/159 153/541/159
s 108
f 153/541/160 244/542/160 298/534/160
s 109
f 355/543/161 299/544/161 162/537/161
s 110
f 355/543/162 340/545/162 326/546/162
s 111
f 242/547/100 340/548/100 300/549/100
s 112
f 132/550/159 145/551/159 179/552/159
s 113
f 261/553/160 287/554/160 132/550/160
s 114
f 179/552/156 120/555/156 348/556/156
s 115
f 373/557/161 289/558/161 302/559/161
s 116
f 348/560/158 288/561/158 373/557/158
s 117
f 302/559/162 172/562/162 301/563/162
s 118
f 261/553/157 264/564/157 154/565/157
s 119
f 301/566/100 263/567/100 341/568/100
s 120
f 216/569/163 371/570/164 209/571/165
s 82
f 379/572/99 262/573/99 371/570/99
s 81
f 242/574/99 375/575/99 297/576/99
f 374/577/99 242/574/99 210/578/99
f 368/579/99 210/578/99 312/580/99
f 272/416/99 213/581/99 368/579/99
f 148/415/99 211/582/99 272/416/99
f 376/583/99 148/415/99 266/584/99
f 366/585/99 376/583/99 266/584/99
s 3
f 177/353/154 307/586/154 197/587/154
s 121
f 382/588/150 230/589/150 220/590/150
s 81
f 278/591/99 297/576/99 375/575/99
s 122
f 215/592/98 225/593/98 211/594/98
s 121
f 216/595/150 388/596/150 379/597/150
s 122
f 374/598/98 226/599/98 214/600/98
s 123
f 308/601/166 296/602/167 142/603/164
s 124
f 308/604/168 367/605/168 216/342/168
s 121
f 380/606/150 378/607/150 361/608/150
s 125
f 308/609/169 384/610/170 221/611/171
s 126
f 224/612/99 230/613/99 383/614/99
s 82
f 380/615/99 188/417/99 217/616/99
s 3
f 361/421/100 377/617/100 212/422/100
s 82
f 361/618/99 208/619/99 258/620/99
s 121
f 379/597/150 222/621/150 381/622/150
s 82
f 220/623/99 341/624/99 382/625/99
f 218/626/99 253/627/99 219/628/99
f 253/627/99 125/629/99 372/630/99
f 217/616/99 252/419/99 218/626/99
f 341/624/99 264/631/99 262/573/99
s 126
f 377/632/99 386/633/99 385/634/99
f 225/635/99 229/636/99 224/612/99
f 226/637/99 222/638/99 223/639/99
f 383/614/99 228/640/99 226/637/99
f 227/641/99 389/642/99 225/635/99
f 385/634/99 387/643/99 227/641/99
f 388/644/99 223/639/99 222/638/99
f 388/644/99 221/645/99 384/646/99
s 122
f 213/647/98 383/648/98 374/598/98
f 376/649/98 227/650/98 215/592/98
s 121
f 219/651/150 389/652/150 218/653/150
s 122
f 375/654/98 384/610/98 278/655/98
s 121
f 220/590/150 229/656/150 219/651/150
s 122
f 212/657/98 385/658/98 376/649/98
s 121
f 218/653/150 387/659/150 217/660/150
s 122
f 211/594/98 224/661/98 213/647/98
s 121
f 217/660/150 386/662/150 380/606/150
f 381/622/150 228/663/150 382/588/150
s 122
f 214/600/98 223/664/98 375/654/98
s 127
f 190/665/97 401/666/97 194/667/97
s 128
f 310/668/150 391/669/150 311/670/150
f 310/668/150 392/671/150 390/672/150
f 311/670/150 393/673/150 194/674/150
f 194/674/150 392/671/150 190/675/150
s 129
f 396/676/100 405/677/100 397/678/100
s 130
f 310/679/99 400/680/99 190/681/99
s 131
f 194/682/102 399/683/102 311/684/102
s 132
f 311/685/100 398/686/100 310/687/100
s 133
f 394/688/150 399/689/150 395/690/150
f 395/690/150 401/691/150 397/692/150
f 397/692/150 400/693/150 396/694/150
s 134
f 403/695/150 404/696/150 402/697/150
s 135
f 394/698/102 404/699/102 396/700/102
s 136
f 397/701/99 403/702/99 395/703/99
s 137
f 395/704/97 402/705/97 394/706/97
s 138
f 722/707/172 406/708/173 407/709/172
f 725/710/174 411/711/175 412/712/174
f 410/713/176 738/714/177 409/715/177
f 736/716/178 407/709/172 408/717/178
f 723/718/173 413/719/179 406/720/173
f 724/721/179 412/722/174 413/719/179
f 739/723/175 410/724/176 411/711/175
f 738/714/177 408/725/178 409/715/177
s 139
f 414/726/98 709/727/98 596/728/98
f 597/729/98 809/730/98 624/731/98
f 749/732/98 416/733/98 623/734/98
f 703/735/98 415/736/98 416/733/98
f 417/737/98 414/726/98 660/738/98
f 596/728/98 776/739/98 597/729/98
f 624/731/98 749/732/98 623/734/98
f 777/740/98 660/738/98 415/736/98
s 140
f 450/741/174 837/742/175 600/743/174
f 813/744/176 598/745/177 599/746/176
f 810/747/178 625/748/172 448/749/178
f 449/750/173 750/751/179 626/752/173
f 839/753/179 600/754/174 750/751/179
f 812/755/175 599/756/176 837/742/175
f 840/757/177 448/758/178 598/745/177
f 418/759/172 626/760/173 625/748/172
s 141
f 440/761/180 796/762/98 420/763/98
f 436/764/98 437/765/98 419/766/98
f 811/767/98 721/768/98 838/769/98
f 444/770/181 667/771/182 421/772/98
f 757/773/98 745/774/98 661/775/98
f 830/776/98 805/777/98 811/767/98
f 838/769/98 719/778/98 704/779/98
f 845/780/98 747/781/98 841/782/98
s 142
f 422/783/183 430/784/184 423/785/184
f 427/786/185 712/787/186 428/788/186
f 426/789/187 740/790/188 711/791/187
f 423/785/184 452/792/189 424/793/189
f 429/794/190 451/795/183 422/796/183
f 428/797/186 705/798/190 429/794/190
f 426/799/187 710/800/185 427/786/185
f 424/801/189 740/790/188 425/802/188
s 143
f 602/803/98 779/804/98 752/805/98
f 775/806/98 727/807/98 726/808/98
f 842/809/98 741/810/98 774/811/98
f 842/809/98 780/812/98 707/813/98
f 601/814/98 752/805/98 455/815/98
f 431/816/98 726/808/98 779/804/98
f 774/811/98 727/807/98 773/817/98
f 601/814/98 780/812/98 603/818/98
s 144
f 751/819/185 433/820/186 605/821/186
f 453/822/188 456/823/187 454/824/187
f 628/825/184 432/826/189 627/827/189
f 778/828/190 742/829/183 604/830/183
f 605/831/186 743/832/190 778/828/190
f 454/833/187 783/834/185 751/819/185
f 627/835/189 782/836/188 453/822/188
f 604/837/183 629/838/184 628/825/184
s 145
f 781/839/98 609/840/98 439/841/98
f 815/842/98 653/843/98 652/844/98
f 816/845/98 594/846/98 613/847/98
f 606/848/98 617/849/98 658/850/98
f 706/851/98 435/852/98 655/853/98
f 816/845/98 438/854/98 789/855/98
f 662/856/98 434/857/98 614/858/98
f 814/859/98 659/860/98 802/861/98
s 146
f 728/862/191 471/863/192 457/864/193
f 458/865/194 728/862/191 457/864/193
f 459/866/195 730/867/196 458/865/194
f 460/868/197 731/869/198 459/866/195
f 817/870/199 762/871/200 460/868/197
s 147
f 461/872/201 473/873/202 634/874/203
f 475/875/204 461/872/201 462/876/205
f 818/877/206 462/876/205 463/878/207
f 476/879/208 463/878/207 464/880/209
f 465/881/210 476/879/208 464/880/209
f 466/882/211 820/883/212 465/881/210
f 467/884/213 477/885/214 466/882/211
f 468/886/215 478/887/216 467/884/213
s 146
f 469/888/217 764/889/218 821/890/219
f 732/891/220 469/888/217 470/892/221
f 729/893/222 470/892/221 471/863/192
s 147
f 760/894/223 631/895/224 630/896/225
f 632/897/226 760/894/223 630/896/225
f 633/898/227 759/899/228 632/897/226
f 472/900/229 844/901/230 633/898/227
f 473/902/202 800/903/231 472/904/229
f 803/905/232 473/902/202 474/906/233
f 836/907/234 803/905/232 474/906/233
f 834/908/235 836/909/234 475/910/204
f 715/911/236 635/912/237 819/913/238
f 794/914/239 715/911/236 819/913/238
f 477/915/214 794/914/239 636/916/240
f 828/917/241 792/918/242 477/919/214
f 479/920/243 828/917/241 478/921/216
f 770/922/244 787/923/245 479/920/243
f 772/924/246 480/925/247 637/926/248
f 790/927/249 788/928/250 637/926/248
s 141
f 494/929/251 493/930/252 638/931/253
f 481/932/254 494/929/251 638/931/253
f 482/933/255 495/934/256 481/932/254
f 483/935/257 496/936/258 482/933/255
f 822/937/259 483/938/257 639/939/260
f 498/940/261 639/939/260 484/941/262
f 499/942/263 484/941/262 485/943/264
f 500/944/265 485/945/264 486/946/266
f 640/947/267 486/946/266 487/948/268
f 488/949/269 640/947/267 487/948/268
f 489/950/270 501/951/271 488/949/269
f 490/952/272 502/953/273 489/954/270
f 641/955/274 669/956/275 490/952/272
f 491/957/276 642/958/277 641/955/274
f 504/959/278 491/960/276 492/961/279
f 505/962/280 492/961/279 493/930/252
f 643/963/281 505/964/280 494/965/251
f 495/966/256 643/963/281 494/965/251
f 496/967/258 506/968/282 495/966/256
f 497/969/283 670/970/284 496/967/258
f 822/937/259 507/971/285 497/972/283
f 509/973/286 668/937/287 498/940/261
f 510/974/288 498/940/261 499/942/263
f 500/975/265 510/976/288 499/977/263
f 640/978/267 511/979/289 500/975/265
f 513/980/290 640/978/267 501/981/271
f 514/982/291 501/981/271 502/983/273
f 669/956/275 514/984/291 502/953/273
f 733/958/292 515/985/293 669/956/275
f 671/986/294 642/958/277 503/987/295
f 516/988/296 503/989/295 504/990/278
f 517/991/297 504/990/278 505/964/280
f 643/963/281 528/992/298 517/991/297
f 518/993/299 643/963/281 506/968/282
f 519/994/300 506/968/282 670/970/284
f 507/995/285 519/994/300 670/970/284
f 823/996/301 520/997/302 507/971/285
f 509/973/286 646/998/303 508/996/304
f 510/974/288 672/999/305 509/973/286
f 511/979/289 521/1000/306 510/976/288
f 512/1001/307 522/1002/308 511/979/289
f 524/1003/309 512/1001/307 513/980/290
f 525/1004/310 513/980/290 514/982/291
f 673/1005/311 514/984/291 515/985/293
f 674/1006/312 515/985/293 734/1007/313
f 526/1008/314 644/1007/315 671/986/294
f 527/1009/316 671/1010/294 516/988/296
f 517/991/297 527/1009/316 516/988/296
f 645/1011/317 543/1012/318 528/992/298
f 530/1013/319 645/1011/317 518/993/299
f 531/1014/320 518/993/299 519/994/300
f 532/1015/321 519/994/300 520/1016/302
f 646/998/303 532/1017/321 520/997/302
f 672/999/305 533/1018/322 646/998/303
f 521/1019/306 534/1020/323 672/999/305
f 522/1002/308 535/1021/324 521/1000/306
f 523/1022/325 536/1023/326 522/1002/308
f 538/1024/327 523/1022/325 524/1003/309
f 539/1025/328 524/1003/309 525/1004/310
f 540/1026/329 525/1027/310 673/1005/311
f 647/1028/330 673/1005/311 674/1006/312
f 541/1029/331 674/1006/312 526/1008/314
f 527/1009/316 541/1030/331 526/1031/314
f 528/992/298 542/1032/332 527/1009/316
f 529/1033/333 559/1034/334 543/1012/318
f 545/1035/335 766/1033/336 530/1013/319
f 546/1036/337 530/1013/319 531/1014/320
f 547/1037/338 531/1014/320 532/1015/321
f 533/1018/322 547/1038/338 532/1017/321
f 534/1020/323 548/1039/339 533/1018/322
f 535/1040/324 549/1041/340 534/1020/323
f 536/1023/326 550/1042/341 535/1021/324
f 537/1043/342 551/1044/343 536/1023/326
f 553/1045/344 537/1043/342 538/1024/327
f 554/1046/345 538/1024/327 539/1025/328
f 555/1047/346 539/1048/328 540/1026/329
f 556/1049/347 540/1026/329 647/1028/330
f 557/1050/348 647/1028/330 541/1029/331
f 542/1032/332 557/1051/348 541/1030/331
f 543/1012/318 558/1052/349 542/1032/332
f 544/1053/350 675/1054/351 559/1034/334
f 677/1055/352 767/1053/353 545/1035/335
f 678/1056/354 545/1035/335 546/1036/337
f 679/1057/355 546/1036/337 547/1037/338
f 548/1039/339 679/1058/355 547/1038/338
f 549/1041/340 648/1059/356 548/1039/339
f 550/1060/341 680/1061/357 549/1041/340
f 551/1044/343 681/1062/358 550/1042/341
f 552/1063/359 560/1064/360 551/1044/343
f 562/1065/361 552/1063/359 553/1045/344
f 563/1066/362 553/1045/344 554/1046/345
f 564/1067/363 554/1068/345 555/1047/346
f 682/1069/364 555/1047/346 556/1049/347
f 683/1070/365 556/1049/347 557/1050/348
f 558/1052/349 683/1071/365 557/1051/348
f 559/1034/334 684/1072/366 558/1052/349
f 824/1073/367 675/1054/351 676/1074/368
f 677/1055/352 649/1073/369 768/1074/370
f 686/1075/371 677/1055/352 678/1056/354
f 565/1076/372 678/1056/354 679/1057/355
f 566/1077/373 679/1058/355 648/1059/356
f 567/1078/374 648/1059/356 680/1061/357
f 687/1079/375 680/1061/357 681/1080/358
f 688/1081/376 681/1062/358 560/1064/360
f 568/1082/377 560/1064/360 561/1083/378
f 562/1065/361 568/1082/377 561/1083/378
f 563/1066/362 569/1084/379 562/1065/361
f 564/1067/363 570/1085/380 563/1086/362
f 682/1069/364 571/1087/381 564/1067/363
f 683/1070/365 650/1088/382 682/1069/364
f 684/1072/366 689/1089/383 683/1071/365
f 675/1054/351 572/1090/384 684/1072/366
f 691/1091/385 573/1092/386 824/1073/367
f 685/1093/387 691/1091/385 649/1073/369
f 692/1094/388 685/1093/387 686/1075/371
f 574/1095/389 686/1075/371 565/1076/372
f 693/1096/390 565/1097/372 566/1077/373
f 694/1098/391 566/1077/373 567/1078/374
f 575/1099/392 567/1078/374 687/1079/375
f 576/1100/393 687/1101/375 688/1081/376
f 577/1102/394 688/1081/376 568/1082/377
f 569/1084/379 577/1102/394 568/1082/377
f 570/1103/380 578/1104/395 569/1084/379
f 571/1087/381 695/1105/396 570/1085/380
f 650/1088/382 579/1106/397 571/1087/381
f 689/1107/383 651/1108/398 650/1088/382
f 572/1090/384 580/1109/399 689/1089/383
f 573/1092/386 696/1110/400 572/1090/384
f 582/1111/401 581/1112/402 691/1091/385
f 690/1113/403 582/1111/401 691/1091/385
f 584/1114/404 690/1113/403 692/1094/388
f 585/1115/405 692/1094/388 574/1095/389
f 825/1116/406 574/1117/389 693/1096/390
f 697/1118/407 693/1096/390 694/1098/391
f 587/1119/408 694/1098/391 575/1099/392
f 698/1120/409 575/1121/392 576/1100/393
f 699/1122/410 576/1100/393 577/1102/394
f 578/1104/395 699/1122/410 577/1102/394
f 695/1123/396 700/1124/411 578/1104/395
f 579/1106/397 588/1125/412 695/1105/396
f 651/1108/398 701/1126/413 579/1106/397
f 580/1127/399 702/1128/414 651/1108/398
f 696/1110/400 589/1129/415 580/1109/399
f 581/1112/402 590/1130/416 696/1110/400
f 808/1131/417 591/1132/418 582/1133/401
f 806/1134/419 808/1131/417 582/1133/401
f 622/1135/420 583/1136/421 584/1137/404
f 807/1138/422 622/1135/420 584/1137/404
f 718/1139/423 585/1140/405 825/1116/406
f 621/1141/424 586/1116/425 697/1118/407
f 664/1142/426 621/1141/424 697/1118/407
f 444/770/181 664/781/426 587/1143/408
f 667/771/182 698/1120/409 699/1122/410
f 440/761/180 667/771/182 699/1122/410
f 588/1125/412 440/1144/180 700/1145/411
f 441/1146/427 611/1147/428 588/1125/412
f 735/1128/429 441/1146/427 701/1126/413
f 754/1148/430 612/1149/431 702/1128/414
f 590/1150/416 754/1151/430 589/1152/415
f 656/1153/432 753/1154/433 590/1150/416
f 793/1155/434 488/949/269 795/1156/435
f 607/1157/436 491/957/276 641/955/274
f 786/1158/437 490/952/272 829/1159/438
f 799/1160/439 639/939/260 483/938/257
f 791/1161/440 638/931/253 493/930/252
f 654/1162/441 490/952/272 489/954/270
f 608/1163/442 493/930/252 492/961/279
f 657/1164/443 486/946/266 485/945/264
f 610/1165/444 488/949/269 487/948/268
f 798/1166/445 484/941/262 639/939/260
f 843/1167/446 481/932/254 758/1168/447
f 615/1169/448 485/943/264 484/941/262
f 758/1168/447 638/931/253 442/1170/449
f 799/1171/439 482/933/255 843/1167/446
f 769/1172/450 492/961/279 491/960/276
f 833/1173/451 487/948/268 486/946/266
s 148
f 868/1174/452 989/1175/453 987/1176/454
f 863/1177/455 861/1178/456 860/1179/457
f 864/1180/458 866/1181/459 865/1182/460
f 1028/1183/461 1052/1184/462 1053/1185/463
f 877/1186/464 991/1187/465 871/1188/466
f 1147/1189/467 1181/1190/468 1146/1191/469
f 1103/1192/470 1234/1193/471 1104/1194/472
f 871/1188/466 873/1195/473 872/1196/474
f 917/1197/475 913/1198/476 916/1199/477
f 876/1200/478 878/1201/479 877/1186/464
f 951/1202/480 879/1203/481 949/1204/482
f 883/1205/483 878/1201/479 879/1203/481
f 889/1206/484 892/1207/485 885/1208/486
f 1200/1209/487 959/1210/488 1199/1211/489
f 888/1212/490 890/1213/491 889/1206/484
f 900/1214/492 903/1215/493 902/1216/494
f 907/1217/495 893/1218/496 881/1219/497
f 925/1220/498 895/1221/499 924/1222/500
f 967/1223/501 903/1215/493 982/1224/502
f 928/1225/503 895/1221/499 897/1226/504
f 932/1227/505 908/1228/506 954/1229/507
f 986/1230/508 902/1216/494 903/1215/493
f 870/1231/509 962/1232/510 900/1214/492
f 979/1233/511 956/1234/512 978/1235/513
f 906/1236/514 890/1213/491 893/1218/496
f 899/1237/515 982/1224/502 903/1215/493
f 865/1182/460 892/1207/485 864/1180/458
f 885/1208/486 905/1238/516 884/1239/517
f 1149/1240/518 916/1199/477 1150/1241/519
f 861/1178/456 906/1236/514 907/1217/495
f 1163/1242/520 1166/1243/521 1165/1244/522
f 909/1245/523 911/1246/524 910/1247/525
f 913/1198/476 912/1248/526 909/1245/523
f 907/1217/495 880/1249/527 897/1226/504
f 918/1250/528 916/1199/477 915/1251/529
f 920/1252/530 915/1251/529 919/1253/531
f 942/1254/532 938/1255/533 937/1256/534
f 860/1179/457 895/1221/499 896/1257/535
f 861/1178/456 897/1226/504 895/1221/499
f 1091/1258/536 962/1232/510 927/1259/537
f 926/1260/538 924/1222/500 923/1261/539
f 923/1261/539 928/1225/503 927/1259/537
f 974/1262/540 1152/1263/541 921/1264/542
f 1023/1265/543 863/1177/455 896/1257/535
f 929/1266/544 908/1228/506 933/1267/545
f 935/1268/546 931/1269/547 934/1270/548
f 932/1227/505 936/1271/549 933/1267/545
f 939/1272/550 941/1273/551 940/1274/552
f 1085/1275/553 1071/1276/554 1072/1277/555
f 948/1278/556 946/1279/557 945/1280/558
f 949/1204/482 947/1281/559 950/1282/560
f 1089/1283/561 900/1214/492 962/1232/510
f 914/1284/562 951/1202/480 950/1282/560
f 1272/1285/563 1294/1286/564 1273/1287/565
f 953/1288/566 879/1203/481 952/1289/567
f 894/1290/568 954/1229/507 908/1228/506
f 933/1267/545 930/1291/569 929/1266/544
f 852/1292/570 995/1293/571 1240/1294/572
s 149
f 1343/1295/573 1348/1296/574 1347/1297/575
s 148
f 1250/1298/576 1003/1299/577 850/1300/578
f 961/1301/579 923/1261/539 960/1302/580
f 960/1302/580 927/1259/537 962/1232/510
f 880/1249/527 1094/1303/581 1093/1304/582
f 1066/1305/583 1090/1306/584 1091/1258/536
f 936/1271/549 898/1307/585 930/1291/569
f 963/1308/586 965/1309/587 964/1310/588
f 901/1311/589 900/1214/492 902/1216/494
f 965/1309/587 966/1312/590 964/1310/588
f 874/1313/591 968/1314/592 873/1195/473
f 881/1219/497 971/1315/593 970/1316/594
f 1063/1317/595 1095/1318/596 1062/1319/597
f 954/1229/507 972/1320/598 973/1321/599
f 921/1264/542 975/1322/600 974/1262/540
f 865/1182/460 976/1323/601 905/1238/516
f 977/1324/602 888/1212/490 889/1206/484
f 978/1235/513 980/1325/603 979/1233/511
f 1088/1326/604 1068/1327/605 1069/1328/606
f 963/1308/586 984/1329/607 965/1309/587
f 965/1309/587 986/1230/508 967/1223/501
f 989/1175/453 977/1324/602 884/1239/517
f 862/1330/608 867/1331/609 864/1180/458
f 862/1330/608 892/1207/485 906/1236/514
f 869/1332/610 874/1313/591 868/1174/452
f 893/1218/496 891/1333/611 971/1315/593
f 905/1238/516 988/1334/612 987/1176/454
f 884/1239/517 987/1176/454 989/1175/453
f 888/1212/490 991/1187/465 990/1335/613
f 891/1333/611 990/1335/613 992/1336/614
f 882/1337/615 972/1320/598 1062/1319/597
f 975/1322/600 919/1253/531 974/1262/540
f 883/1205/483 973/1321/599 972/1320/598
f 971/1315/593 993/1338/616 970/1316/594
f 949/1204/482 877/1186/464 872/1196/474
f 1129/1339/617 1161/1340/618 1159/1341/619
f 1226/1342/620 1133/1343/621 1134/1344/622
f 981/1345/623 995/1293/571 996/1346/624
f 1018/1347/625 1008/1348/626 958/1349/627
f 1140/1350/628 886/1351/629 1073/1352/630
f 1243/1353/631 1245/1354/632 1244/1355/633
f 847/1356/634 998/1357/635 999/1358/636
f 1250/1298/576 959/1210/488 1004/1359/637
f 1005/1360/638 1007/1361/639 1006/1362/640
f 851/1363/641 850/1300/578 1003/1299/577
f 1006/1362/640 1002/1364/642 1001/1365/643
f 978/1235/513 994/1366/644 995/1293/571
f 1148/1367/645 909/1245/523 1146/1191/469
f 913/1198/476 1150/1241/519 916/1199/477
f 937/1256/534 1015/1368/646 942/1254/532
f 1151/1369/647 915/1251/529 1149/1240/518
f 1030/1370/648 1276/1371/649 1275/1372/650
f 1119/1373/651 1234/1193/471 1118/1374/652
f 1282/1375/653 1276/1371/649 1281/1376/654
f 925/1220/498 926/1260/538 1040/1377/655
f 858/1378/656 853/1379/657 1009/1380/658
f 947/1281/559 911/1246/524 912/1248/526
f 912/1248/526 950/1282/560 947/1281/559
f 988/1334/612 1050/1381/659 1052/1382/462
f 952/1289/567 917/1197/475 918/1250/528
f 953/1288/566 918/1250/528 920/1252/530
f 973/1321/599 920/1252/530 975/1322/600
f 954/1229/507 975/1322/600 922/1383/660
f 874/1313/591 875/1384/661 868/1174/452
f 977/1324/602 885/1208/486 884/1239/517
f 984/1329/607 902/1216/494 986/1230/508
s 150
f 1544/1385/662 1542/1386/663 1546/1387/664
s 148
f 873/1195/473 945/1280/558 946/1279/557
f 946/1279/557 872/1196/474 873/1195/473
f 1014/1388/665 982/1224/502 1015/1389/646
f 991/1187/465 875/1384/661 871/1188/466
f 877/1186/464 992/1336/614 990/1335/613
f 1010/1390/666 854/1391/667 855/1392/668
f 937/1256/534 1012/1393/669 1011/1394/670
f 967/1223/501 1013/1395/671 966/1312/590
f 1049/1396/672 1027/1397/673 1028/1183/461
f 983/1398/674 1015/1389/646 982/1224/502
f 1069/1328/606 1087/1399/675 1088/1326/604
f 981/1345/623 1017/1400/676 980/1325/603
f 1064/1401/677 1094/1303/581 1063/1317/595
f 1225/1402/678 1141/1403/679 1265/1404/680
f 1020/1405/681 1011/1394/670 1012/1393/669
f 1022/1406/682 855/1392/668 846/1407/683
f 1023/1408/543 1025/1409/684 1024/1410/685
f 1033/1411/686 1031/1412/687 1030/1370/648
f 1278/1413/688 1284/1414/689 1283/1415/690
f 1036/1416/691 1038/1417/692 1037/1418/693
f 1045/1419/694 1043/1420/695 1042/1421/696
f 964/1310/588 1061/1422/697 1042/1423/696
f 1046/1424/698 1048/1425/699 1047/1426/700
f 1041/1427/701 1051/1428/702 1043/1420/695
f 1277/1429/703 1274/1430/704 1294/1286/564
f 1302/1431/705 1285/1432/706 1286/1433/707
f 1147/1189/467 1030/1434/648 1275/1435/650
f 1038/1417/692 1033/1411/686 1037/1418/693
f 1026/1436/708 1029/1437/709 1034/1438/710
f 1027/1439/673 969/1440/711 869/1332/610
f 1048/1425/699 1036/1416/691 1047/1426/700
f 857/1441/712 1055/1442/713 1054/1443/714
f 1057/1444/715 1055/1442/713 1056/1445/716
f 1059/1446/717 1056/1445/716 1058/1447/718
f 846/1407/683 1054/1448/714 1022/1406/682
f 1054/1448/714 1020/1405/681 1022/1406/682
f 1057/1449/715 1021/1450/719 1020/1405/681
f 1042/1423/696 963/1308/586 964/1310/588
f 1043/1451/695 985/1452/720 963/1308/586
f 961/1301/579 1051/1453/702 1040/1377/655
f 1154/1454/721 1278/1455/688 1202/1456/722
f 1130/1457/723 1278/1455/688 1155/1458/724
f 1175/1459/725 1120/1460/726 1178/1461/727
f 1098/1462/728 1101/1463/729 1102/1464/730
f 1268/1465/731 1208/1466/732 1206/1467/733
f 1156/1468/734 1130/1457/723 1154/1454/721
f 859/1469/735 939/1272/550 887/1470/736
f 969/1440/711 1047/1471/700 968/1314/592
f 1047/1471/700 945/1280/558 968/1314/592
f 945/1280/558 1037/1472/693 948/1278/556
f 948/1278/556 1033/1473/686 911/1246/524
f 911/1246/524 1030/1434/648 910/1247/525
f 1059/1446/717 1060/1474/737 1061/1475/697
f 1059/1476/717 1019/1477/738 1021/1450/719
f 1021/1450/719 1013/1478/671 1011/1394/670
f 1011/1394/670 1014/1479/665 937/1256/534
f 1104/1194/472 1235/1480/739 1110/1481/740
f 942/1254/532 1016/1482/741 941/1273/551
f 1086/1483/742 1070/1484/743 1071/1276/554
f 1009/1380/658 981/1345/623 996/1346/624
f 1008/1348/626 957/1485/744 958/1349/627
f 959/1210/488 1005/1360/638 1004/1359/637
f 996/1346/624 858/1378/656 1009/1380/658
f 898/1307/585 1068/1327/605 1067/1486/745
f 894/1290/568 1065/1487/746 1064/1401/677
f 1236/1488/747 1114/1489/748 1109/1490/749
f 1022/1406/682 1012/1393/669 1010/1390/666
f 1010/1390/666 938/1255/533 859/1469/735
f 1161/1340/618 1203/1491/750 1134/1344/622
f 887/1470/736 940/1274/552 886/1351/629
f 1041/1427/701 1034/1438/710 1040/1492/655
f 904/1493/751 957/1485/744 959/1210/488
f 1219/1494/752 1190/1495/753 1152/1263/541
f 1004/1359/637 1006/1362/640 1003/1299/577
f 1003/1299/577 1001/1365/643 851/1363/641
f 851/1363/641 997/1496/754 849/1497/755
f 848/1498/756 997/1496/754 998/1357/635
f 955/1499/757 1062/1319/597 972/1320/598
f 955/1499/757 1064/1401/677 1063/1317/595
f 929/1266/544 1066/1305/583 1065/1487/746
f 930/1291/569 1067/1486/745 1066/1305/583
f 979/1233/511 1069/1328/606 1068/1327/605
f 980/1325/603 1070/1500/743 1069/1328/606
f 1071/1276/554 1017/1501/676 944/1502/758
f 1072/1277/555 944/1502/758 943/1503/759
f 1073/1352/630 943/1503/759 904/1493/751
f 1042/1421/696 1060/1504/737 1045/1419/694
f 993/1338/616 1095/1318/596 970/1316/594
f 1077/1505/760 1078/1506/761 1074/1507/762
f 993/1338/616 882/1337/615 1062/1319/597
f 1081/1508/763 1077/1505/760 1079/1509/764
f 1082/1510/765 1076/1511/766 1077/1505/760
f 891/1333/611 1078/1506/761 1076/1511/766
f 1083/1512/767 1075/1513/768 1078/1506/761
f 1084/1514/769 1074/1507/762 1075/1513/768
f 1081/1508/763 1074/1507/762 1080/1515/770
f 993/1338/616 1080/1515/770 882/1337/615
f 971/1315/593 1081/1508/763 993/1338/616
f 971/1315/593 891/1333/611 1082/1510/765
f 891/1333/611 992/1336/614 1083/1512/767
f 992/1336/614 1084/1514/769 1083/1512/767
f 878/1201/479 1080/1515/770 1084/1514/769
f 940/1274/552 1086/1483/742 1085/1275/553
f 941/1273/551 1087/1516/675 1086/1483/742
f 1088/1326/604 1016/1517/741 983/1398/674
f 983/1398/674 1089/1283/561 1088/1326/604
f 1053/1185/463 1050/1518/659 1024/1410/685
f 1094/1303/581 970/1316/594 1095/1318/596
f 1100/1519/771 1098/1462/728 1097/1520/772
f 1106/1521/773 1108/1522/774 1107/1523/775
f 1151/1369/647 1217/1524/776 1219/1494/752
f 1111/1525/777 1113/1526/778 1112/1527/779
f 1111/1525/777 1186/1528/780 1184/1529/781
f 1113/1526/778 1116/1530/782 1112/1527/779
f 1126/1531/783 1125/1532/784 1118/1374/652
f 1122/1533/785 1124/1534/786 1123/1535/787
f 1136/1536/788 1139/1537/789 1135/1538/790
f 1143/1539/791 1127/1540/792 1144/1541/793
f 1144/1541/793 1124/1534/786 1126/1531/783
f 1132/1542/794 1156/1468/734 1158/1543/795
f 1231/1544/796 1142/1545/797 1139/1537/789
f 1203/1491/750 1105/1546/798 1136/1536/788
f 1221/1547/799 1193/1548/800 1194/1549/801
f 1121/1550/802 886/1351/629 1120/1460/726
f 1142/1545/797 1135/1538/790 1139/1537/789
f 1126/1531/783 1102/1464/730 1101/1463/729
f 896/1257/535 1034/1551/710 1029/1552/709
f 1144/1541/793 1100/1519/771 1143/1539/791
f 1184/1529/781 1146/1191/469 1181/1190/468
f 1150/1241/519 1186/1528/780 1149/1240/518
f 1132/1542/794 1162/1553/803 1129/1339/617
f 1149/1240/518 1187/1554/804 1151/1369/647
f 1190/1495/753 1164/1555/805 1163/1242/520
f 1240/1294/572 934/1270/548 1165/1244/522
f 1130/1457/723 1100/1519/771 1097/1520/772
f 1132/1542/794 1100/1519/771 1131/1556/806
f 919/1253/531 1219/1494/752 974/1262/540
f 1158/1543/795 1153/1557/807 1157/1558/808
f 1191/1559/809 1145/1560/810 1188/1561/811
f 1165/1244/522 1193/1548/800 1240/1294/572
f 1170/1562/812 1168/1563/813 1167/1564/814
f 1171/1565/815 1173/1566/816 1172/1567/817
f 1175/1459/725 1177/1568/818 1176/1569/819
f 1182/1570/820 1180/1571/821 1179/1572/822
f 1183/1573/823 1181/1190/468 1182/1570/820
f 1203/1491/750 1135/1538/790 1226/1342/620
f 966/1312/590 1019/1574/738 964/1310/588
f 1112/1527/779 1187/1554/804 1186/1528/780
f 1188/1561/811 1190/1495/753 1189/1575/824
f 1164/1555/805 1192/1576/825 1166/1243/521
f 1195/1577/826 1197/1578/827 1196/1579/828
f 1153/1557/807 1202/1456/722 1201/1580/829
f 1201/1580/829 1157/1558/808 1153/1557/807
f 1162/1553/803 1157/1558/808 1161/1340/618
f 1160/1581/830 1134/1344/622 1133/1343/621
f 1166/1243/521 1194/1549/801 1193/1548/800
f 1204/1582/831 1206/1467/733 1205/1583/832
f 1137/1584/833 1136/1536/788 1105/1546/798
f 1208/1466/732 1205/1583/832 1206/1467/733
f 1107/1523/775 1210/1585/834 1209/1586/835
f 1212/1587/836 1115/1588/837 1211/1589/838
f 1216/1590/839 1214/1591/840 1213/1592/841
f 1218/1593/842 1190/1495/753 1217/1524/776
f 1148/1367/645 1185/1594/843 1150/1241/519
f 944/1502/758 1018/1347/625 957/1485/744
f 1220/1595/844 1125/1532/784 1122/1533/785
f 1224/1596/845 1222/1597/846 1221/1547/799
f 1225/1402/678 1227/1598/847 1226/1342/620
f 1230/1599/848 1204/1582/831 1205/1583/832
f 1205/1583/832 1231/1544/796 1230/1599/848
f 1232/1600/849 1231/1544/796 1207/1601/850
f 1220/1595/844 1235/1480/739 1119/1373/651
f 1144/1541/793 1101/1463/729 1099/1602/851
f 1107/1523/775 1103/1192/470 1104/1194/472
f 1127/1540/792 1123/1535/787 1124/1534/786
f 1110/1481/740 1236/1488/747 1106/1521/773
f 1122/1533/785 1236/1488/747 1220/1595/844
f 1237/1603/852 1123/1535/787 1238/1604/853
f 1218/1593/842 1117/1605/854 1213/1592/841
f 931/1269/547 1152/1263/541 1163/1242/520
f 1217/1524/776 1116/1530/782 1218/1593/842
f 1212/1587/836 1211/1589/838 1239/1606/855
f 1183/1573/823 1114/1489/748 1111/1525/777
f 1105/1546/798 1202/1456/722 1230/1599/848
f 1223/1607/856 1241/1608/857 1222/1597/846
f 1252/1609/858 1266/1610/859 1197/1578/827
f 847/1356/634 1246/1611/860 848/1498/756
f 1251/1612/861 1253/1613/862 1252/1609/858
f 851/1363/641 1249/1614/863 850/1300/578
f 1254/1615/864 1248/1616/865 1253/1613/862
f 1222/1597/846 1240/1294/572 1193/1548/800
f 1261/1617/866 1142/1545/797 1232/1600/849
f 858/1378/656 1255/1618/867 853/1379/657
f 909/1245/523 1147/1189/467 1146/1191/469
f 1273/1619/565 1274/1620/704 1098/1462/728
f 1110/1481/740 1107/1523/775 1104/1194/472
f 1118/1374/652 1220/1595/844 1119/1373/651
f 1230/1599/848 1138/1621/868 1137/1584/833
f 961/1301/579 870/1231/509 984/1329/607
f 1108/1522/774 1179/1572/822 1210/1585/834
f 1109/1490/749 1182/1570/820 1108/1522/774
f 1114/1489/748 1238/1604/853 1113/1526/778
f 1256/1622/869 854/1391/667 1096/1623/870
f 1258/1624/871 1167/1564/814 1257/1625/872
f 1207/1601/850 1260/1626/873 1259/1627/874
f 1232/1600/849 1259/1627/874 1261/1617/866
f 1273/1287/565 1290/1628/875 1272/1285/563
f 1141/1403/679 1262/1629/876 1263/1630/877
f 1228/1631/878 1265/1404/680 1264/1632/879
f 1223/1607/856 1267/1633/880 1266/1634/859
f 1169/1635/881 1172/1567/817 1168/1563/813
f 1215/1636/882 1128/1637/883 1214/1591/840
f 1247/1638/884 1249/1614/863 851/1363/641
f 1269/1639/885 1257/1625/872 1270/1640/886
f 855/1392/668 1271/1641/887 846/1407/683
f 956/1234/512 935/1268/546 934/1270/548
f 1283/1415/690 1287/1642/888 1288/1643/889
f 1275/1435/650 1180/1571/821 1147/1189/467
f 1279/1644/890 1281/1376/654 1280/1645/891
f 1288/1643/889 1286/1433/707 1285/1432/706
f 1206/1467/733 1301/1646/892 1268/1465/731
f 1289/1647/893 1291/1648/894 1290/1628/875
f 1209/1586/835 1273/1619/565 1103/1192/470
f 1279/1644/890 1291/1648/894 1292/1649/895
f 857/1650/712 1295/1651/896 856/1652/897
f 1295/1651/896 1298/1653/898 1297/1654/899
f 1297/1654/899 1300/1655/900 1299/1656/901
f 846/1407/683 1296/1657/902 857/1658/712
f 1296/1657/902 1269/1639/885 1298/1659/898
f 1298/1659/898 1270/1640/886 1300/1660/900
f 1204/1582/831 1285/1661/706 1206/1467/733
f 1229/1662/903 1283/1663/690 1204/1582/831
f 1050/1381/659 866/1181/459 1023/1265/543
f 1000/1664/904 998/1357/635 997/1496/754
f 1168/1563/813 1262/1665/876 1261/1666/866
f 1209/1586/835 1292/1667/895 1289/1668/893
f 1179/1572/822 1292/1667/895 1210/1585/834
f 1179/1572/822 1282/1669/653 1279/1670/890
f 859/1469/735 1121/1550/802 1096/1623/870
f 1302/1431/705 1300/1655/900 1301/1671/892
f 1300/1660/900 1268/1672/731 1301/1673/892
f 1270/1640/886 1260/1674/873 1268/1672/731
f 1257/1625/872 1259/1675/874 1260/1674/873
f 1167/1564/814 1261/1666/866 1259/1675/874
f 1169/1635/881 1096/1623/870 1121/1550/802
f 1172/1567/817 1263/1676/877 1262/1665/876
f 1176/1569/819 1264/1677/879 1265/1678/680
f 1196/1579/828 1266/1610/859 1267/1679/880
f 1255/1618/867 1223/1607/856 1266/1634/859
f 1252/1609/858 1198/1680/905 1251/1612/861
f 1251/1612/861 1199/1211/489 1250/1298/576
f 1242/1681/906 858/1378/656 852/1292/570
f 1227/1598/847 1194/1549/801 1133/1343/621
f 1159/1341/619 1188/1561/811 1128/1637/883
f 1258/1624/871 1271/1641/887 1256/1622/869
f 1170/1562/812 1256/1622/869 1096/1623/870
f 1140/1350/628 904/1493/751 1200/1209/487
f 1065/1487/746 1091/1258/536 1093/1304/582
f 1174/1682/907 1121/1550/802 1120/1460/726
f 886/1351/629 1085/1275/553 1072/1277/555
f 1198/1680/905 1200/1209/487 1199/1211/489
f 1254/1615/864 1250/1298/576 1249/1614/863
f 1246/1611/860 849/1497/755 848/1498/756
f 1213/1592/841 1189/1575/824 1218/1593/842
f 1189/1575/824 1128/1637/883 1188/1561/811
f 1191/1559/809 1160/1581/830 1192/1576/825
f 1192/1576/825 1133/1343/621 1194/1549/801
f 1228/1631/878 1221/1547/799 1227/1598/847
f 1224/1596/845 1264/1632/879 1267/1633/880
f 1177/1568/818 1267/1679/880 1264/1677/879
f 1178/1461/727 1196/1579/828 1177/1568/818
f 1195/1577/826 1140/1350/628 1200/1209/487
f 1239/1606/855 1216/1590/839 1213/1592/841
f 1308/1683/908 1306/1684/909 1304/1685/910
f 1239/1606/855 1213/1592/841 1117/1605/854
f 1309/1686/911 1304/1685/910 1310/1687/912
f 1310/1687/912 1305/1688/913 1123/1535/787
f 1123/1535/787 1306/1684/909 1311/1689/914
f 1311/1689/914 1307/1690/915 1312/1691/916
f 1312/1691/916 1308/1683/908 1313/1692/917
f 1308/1683/908 1309/1686/911 1313/1692/917
f 1313/1692/917 1239/1606/855 1117/1605/854
f 1309/1686/911 1212/1587/836 1239/1606/855
f 1212/1587/836 1310/1687/912 1123/1535/787
f 1123/1535/787 1311/1689/914 1238/1604/853
f 1238/1604/853 1312/1691/916 1113/1526/778
f 1113/1526/778 1313/1692/917 1117/1605/854
f 1174/1682/907 1176/1569/819 1173/1566/816
f 1173/1566/816 1265/1678/680 1263/1676/877
f 1211/1589/838 1215/1636/882 1216/1590/839
s 151
f 1314/1693/918 1320/1694/919 1321/1695/920
f 1318/1696/921 1316/1697/922 1323/1698/923
f 1315/1699/924 1324/1700/925 1326/1701/926
f 1315/1699/924 1320/1694/919 1319/1702/927
f 1324/1700/925 1328/1703/928 1326/1701/926
f 1326/1701/926 1329/1704/929 1320/1694/919
f 1329/1704/929 1321/1695/920 1320/1694/919
f 1328/1703/928 1332/1705/930 1329/1704/929
f 1332/1705/930 1330/1706/931 1329/1704/929
f 1333/1707/932 1335/1708/933 1330/1706/931
f 1338/1709/934 1341/1710/935 1339/1711/936
f 1339/1711/936 1342/1712/937 1336/1713/938
f 1342/1712/937 1317/1714/939 1316/1697/922
f 1316/1697/922 1335/1708/933 1342/1712/937
f 1342/1712/937 1334/1715/940 1336/1713/938
f 1340/1716/941 1317/1714/939 1341/1710/935
f 1327/1717/942 1323/1698/923 1340/1716/941
f 1338/1709/934 1327/1717/942 1340/1716/941
f 1337/1718/943 1328/1703/928 1327/1717/942
f 1322/1719/944 1330/1706/931 1335/1708/933
f 1314/1693/918 1318/1696/921 1319/1702/927
s 149
f 1343/1295/573 1349/1720/945 1348/1296/574
f 1352/1721/946 1345/1722/947 1347/1297/575
f 1344/1723/948 1353/1724/949 1354/1725/950
f 1344/1723/948 1349/1720/945 1355/1726/951
f 1357/1727/952 1353/1724/949 1355/1726/951
f 1355/1726/951 1358/1728/953 1357/1727/952
f 1358/1728/953 1350/1729/954 1359/1730/955
f 1361/1731/956 1357/1727/952 1358/1728/953
f 1359/1730/955 1361/1731/956 1358/1728/953
f 1362/1732/957 1364/1733/958 1363/1734/959
f 1370/1735/960 1367/1736/961 1368/1737/962
f 1368/1737/962 1371/1738/963 1370/1735/960
f 1371/1738/963 1346/1739/964 1370/1735/960
f 1364/1733/958 1345/1722/947 1371/1738/963
f 1371/1738/963 1363/1734/959 1364/1733/958
f 1346/1739/964 1369/1740/965 1370/1735/960
f 1352/1721/946 1356/1741/966 1369/1740/965
f 1356/1741/966 1367/1736/961 1369/1740/965
f 1366/1742/967 1357/1727/952 1360/1743/968
f 1359/1730/955 1351/1744/969 1364/1733/958
s 150
f 1372/1745/970 1392/1746/971 1373/1747/972
f 1374/1748/973 1392/1746/971 1393/1749/974
f 1450/1750/975 1470/1751/976 1451/1752/977
f 1525/1753/97 1526/1754/978 1527/1755/979
f 1529/1756/980 1525/1753/97 1527/1755/979
f 1374/1748/973 1394/1757/981 1375/1758/982
f 1377/1759/983 1397/1760/984 1378/1761/985
f 1379/1762/986 1397/1760/984 1398/1763/987
f 1379/1762/986 1399/1764/988 1380/1765/102
f 1381/1766/989 1399/1764/988 1400/1767/990
f 1382/1768/991 1400/1767/990 1401/1769/992
f 1383/1770/975 1401/1769/992 1402/1771/993
f 1384/1772/994 1402/1771/993 1403/1773/995
f 1385/1774/100 1403/1773/995 1404/1775/996
f 1385/1774/100 1405/1776/997 1386/1777/998
f 1387/1778/999 1405/1776/997 1406/1779/1000
f 1387/1778/999 1407/1780/1001 1388/1781/1002
f 1388/1781/1002 1408/1782/1003 1389/1783/1004
f 1389/1783/1004 1409/1784/1005 1390/1785/99
f 1390/1785/99 1391/1786/1006 1372/1745/970
f 1392/1746/971 1410/1787/1007 1411/1788/1008
f 1393/1749/974 1411/1788/1008 1412/1789/1009
f 1395/1790/1010 1415/1791/1011 1396/1792/1012
f 1376/1793/1013 1396/1792/1012 1377/1759/983
f 1397/1760/984 1415/1791/1011 1416/1794/1014
f 1398/1763/987 1416/1794/1014 1417/1795/1015
f 1398/1763/987 1418/1796/1016 1399/1764/988
f 1400/1767/990 1418/1796/1016 1419/1797/1017
f 1400/1767/990 1420/1798/1018 1401/1769/992
f 1401/1769/992 1421/1799/1019 1402/1771/993
f 1403/1773/995 1421/1799/1019 1422/1800/1020
f 1404/1775/996 1422/1800/1020 1423/1801/1021
f 1405/1776/997 1423/1801/1021 1424/1802/1022
f 1406/1779/1000 1424/1802/1022 1425/1803/1023
f 1406/1779/1000 1426/1804/1024 1407/1780/1001
f 1408/1782/1003 1426/1804/1024 1427/1805/1025
f 1408/1782/1003 1428/1806/1026 1409/1784/1005
f 1391/1786/1006 1428/1806/1026 1410/1787/1007
f 1411/1788/1008 1429/1807/1027 1430/1808/1028
f 1411/1788/1008 1431/1809/1029 1412/1789/1009
f 1433/1810/1030 1453/1811/999 1434/1812/1031
f 1531/1813/1032 1533/1814/1033 1534/1815/1034
f 1535/1816/1035 1531/1813/1032 1534/1815/1034
f 1412/1789/1009 1432/1817/1036 1413/1818/1037
f 1416/1794/1014 1434/1812/1031 1435/1819/1038
f 1417/1795/1015 1435/1819/1038 1436/1820/1039
f 1418/1796/1016 1436/1820/1039 1437/1821/1040
f 1419/1797/1017 1437/1821/1040 1438/1822/1041
f 1419/1797/1017 1439/1823/1042 1420/1798/1018
f 1420/1798/1018 1440/1824/1043 1421/1799/1019
f 1421/1799/1019 1441/1825/1044 1422/1800/1020
f 1422/1800/1020 1442/1826/1045 1423/1801/1021
f 1423/1801/1021 1443/1827/1046 1424/1802/1022
f 1425/1803/1023 1443/1827/1046 1444/1828/1047
f 1426/1804/1024 1444/1828/1047 1445/1829/1048
f 1426/1804/1024 1446/1830/1049 1427/1805/1025
f 1427/1805/1025 1447/1831/1050 1428/1806/1026
f 1428/1806/1026 1429/1807/1027 1410/1787/1007
f 1429/1807/1027 1449/1832/991 1430/1808/1028
f 1431/1809/1029 1449/1832/991 1450/1750/975
f 1508/1833/1051 1374/1748/973 1375/1758/982
f 1534/1815/1034 1536/1834/1052 1537/1835/100
f 1538/1836/1053 1534/1815/1034 1537/1835/100
f 1432/1817/1036 1450/1750/975 1451/1752/977
f 1434/1812/1031 1454/1837/1002 1435/1819/1038
f 1435/1819/1038 1455/1838/1004 1436/1820/1039
f 1437/1821/1040 1455/1838/1004 1456/1839/99
f 1438/1822/1041 1456/1839/99 1457/1840/1054
f 1439/1823/1042 1457/1840/1054 1458/1841/972
f 1440/1824/1043 1458/1841/972 1459/1842/973
f 1441/1825/1044 1459/1842/973 1460/1843/1055
f 1441/1825/1044 1461/1844/97 1442/1826/1045
f 1443/1827/1046 1461/1844/97 1462/1845/1056
f 1443/1827/1046 1463/1846/983 1444/1828/1047
f 1444/1828/1047 1464/1847/985 1445/1829/1048
f 1446/1830/1049 1464/1847/985 1465/1848/986
f 1447/1831/1050 1465/1848/986 1466/1849/102
f 1429/1807/1027 1466/1849/102 1448/1850/989
f 1449/1832/991 1467/1851/1057 1468/1852/1058
f 1449/1832/991 1469/1853/1059 1450/1750/975
f 1415/1791/1011 1433/1810/1030 1434/1812/1031
f 1540/1854/1060 1536/1834/1052 1539/1855/1061
f 1538/1836/1053 1540/1854/1060 1541/1856/1062
f 1454/1837/1002 1472/1857/1063 1473/1858/1064
f 1455/1838/1004 1473/1858/1064 1474/1859/1065
f 1455/1838/1004 1475/1860/1066 1456/1839/99
f 1457/1840/1054 1475/1860/1066 1476/1861/1067
f 1457/1840/1054 1477/1862/1068 1458/1841/972
f 1458/1841/972 1478/1863/1069 1459/1842/973
f 1459/1842/973 1479/1864/1070 1460/1843/1055
f 1461/1844/97 1479/1864/1070 1480/1865/1071
f 1461/1844/97 1481/1866/1072 1462/1845/1056
f 1463/1846/983 1481/1866/1072 1482/1867/1073
f 1464/1847/985 1482/1867/1073 1483/1868/1074
f 1464/1847/985 1484/1869/1075 1465/1848/986
f 1465/1848/986 1485/1870/1076 1466/1849/102
f 1466/1849/102 1467/1851/1057 1448/1850/989
f 1467/1851/1057 1487/1871/1077 1468/1852/1058
f 1469/1853/1059 1487/1871/1077 1488/1872/1078
f 1452/1873/1079 1472/1857/1063 1453/1811/999
f 1543/1874/1080 1539/1855/1061 1542/1875/663
f 1541/1856/1062 1543/1874/1080 1544/1876/662
f 1394/1757/981 1412/1789/1009 1413/1818/1037
f 1472/1857/1063 1492/1877/1081 1473/1858/1064
f 1473/1858/1064 1493/1878/1082 1474/1859/1065
f 1474/1859/1065 1494/1879/1083 1475/1860/1066
f 1475/1860/1066 1495/1880/1084 1476/1861/1067
f 1477/1862/1068 1495/1880/1084 1496/1881/1085
f 1478/1863/1069 1496/1881/1085 1497/1882/1086
f 1479/1864/1070 1497/1882/1086 1498/1883/1087
f 1480/1865/1071 1498/1883/1087 1499/1884/1088
f 1481/1866/1072 1499/1884/1088 1500/1885/1089
f 1481/1866/1072 1501/1886/1090 1482/1867/1073
f 1483/1868/1074 1501/1886/1090 1502/1887/1091
f 1484/1869/1075 1502/1887/1091 1503/1888/1092
f 1484/1869/1075 1504/1889/1093 1485/1870/1076
f 1467/1851/1057 1504/1889/1093 1486/1890/1094
f 1487/1891/1077 1505/1892/1095 1506/1893/1096
f 1487/1891/1077 1507/1894/1097 1488/1895/1078
f 1470/1751/976 1488/1872/1078 1489/1896/1098
f 1527/1755/979 1530/1897/1099 1531/1813/1032
f 1510/1898/1100 1376/1793/1013 1377/1759/983
f 1491/1899/1101 1511/1900/1102 1492/1901/1081
f 1493/1902/1082 1511/1900/1102 1512/1903/1103
f 1494/1904/1083 1512/1903/1103 1513/1905/1104
f 1494/1904/1083 1514/1906/1105 1495/1907/1084
f 1495/1907/1084 1515/1908/1106 1496/1909/1085
f 1497/1910/1086 1515/1908/1106 1516/1911/1107
f 1497/1910/1086 1517/1912/1108 1498/1913/1087
f 1498/1913/1087 1518/1914/1109 1499/1915/1088
f 1499/1915/1088 1519/1916/1110 1500/1917/1089
f 1500/1917/1089 1520/1918/1111 1501/1919/1090
f 1502/1920/1091 1520/1918/1111 1521/1921/1112
f 1503/1922/1092 1521/1921/1112 1522/1923/1113
f 1504/1924/1093 1522/1923/1113 1523/1925/1114
f 1504/1924/1093 1505/1892/1095 1486/1926/1094
f 1506/1893/1096 1372/1745/970 1373/1747/972
f 1506/1893/1096 1374/1748/973 1507/1894/1097
f 1488/1895/1078 1508/1833/1051 1489/1927/1098
f 1525/1753/97 1545/1928/1115 1524/1929/1116
f 1525/1753/97 1547/1930/1117 1546/1387/664
f 1471/1931/1118 1491/1932/1101 1472/1857/1063
f 1511/1900/1102 1377/1759/983 1378/1761/985
f 1511/1900/1102 1379/1762/986 1512/1903/1103
f 1512/1903/1103 1380/1765/102 1513/1905/1104
f 1513/1905/1104 1381/1766/989 1514/1906/1105
f 1514/1906/1105 1382/1768/991 1515/1908/1106
f 1515/1908/1106 1383/1770/975 1516/1911/1107
f 1516/1911/1107 1384/1772/994 1517/1912/1108
f 1517/1912/1108 1385/1774/100 1518/1914/1109
f 1519/1916/1110 1385/1774/100 1386/1777/998
f 1519/1916/1110 1387/1778/999 1520/1918/1111
f 1521/1921/1112 1387/1778/999 1388/1781/1002
f 1522/1923/1113 1388/1781/1002 1389/1783/1004
f 1522/1923/1113 1390/1785/99 1523/1925/1114
f 1505/1892/1095 1390/1785/99 1372/1745/970
f 1526/1933/978 1375/1758/982 1394/1757/981
f 1530/1934/1099 1394/1757/981 1413/1818/1037
f 1533/1935/1033 1413/1818/1037 1432/1817/1036
f 1536/1936/1052 1432/1817/1036 1451/1752/977
f 1536/1936/1052 1470/1751/976 1539/1937/1061
f 1539/1937/1061 1489/1896/1098 1542/1938/663
f 1542/1939/663 1508/1833/1051 1545/1940/1115
f 1375/1758/982 1545/1940/1115 1508/1833/1051
f 1547/1941/1117 1376/1793/1013 1509/1942/1119
f 1544/1943/662 1509/1942/1119 1490/1944/1120
f 1541/1945/1062 1490/1946/1120 1471/1931/1118
f 1538/1947/1053 1471/1931/1118 1452/1873/1079
f 1538/1947/1053 1433/1810/1030 1535/1948/1035
f 1535/1948/1035 1414/1949/1121 1532/1950/1122
f 1532/1950/1122 1395/1790/1010 1529/1951/980
f 1376/1793/1013 1529/1951/980 1395/1790/1010
f 1491/1899/1101 1509/1942/1119 1510/1898/1100
s 148
f 1067/1486/745 1089/1283/561 1090/1306/584
f 987/1176/454 869/1332/610 868/1174/452
f 1092/1952/1123 927/1259/537 928/1225/503
f 1115/1588/837 1132/1542/794 1129/1339/617
f 921/1264/542 932/1227/505 922/1383/660
s 152
f 1549/694/150 1550/1953/150 1548/688/150
s 153
f 1560/1954/1124 1594/1955/1124 1562/1956/1124
s 154
f 1581/1957/100 1611/1958/100 1579/1959/100
s 155
f 1563/1960/1125 1593/1961/1126 1561/1962/1126
s 156
f 1576/1963/1127 1610/1964/1127 1578/1965/1127
s 157
f 1558/1966/1128 1592/1967/1128 1560/1954/1128
s 158
f 1579/1959/1129 1609/1968/1129 1577/1969/1129
s 159
f 1561/1962/1130 1591/1970/1130 1559/1971/1130
s 160
f 1618/1972/1131 1617/1973/1131 1619/1974/1131
s 161
f 1574/1975/1132 1608/1976/1132 1576/1963/1132
s 162
f 1556/1977/1133 1590/1978/1133 1558/1966/1133
s 163
f 1577/1969/1134 1607/1979/1134 1575/1980/1134
s 164
f 1559/1971/1135 1589/1981/1135 1557/1982/1135
s 165
f 1572/1983/1136 1606/1984/1136 1574/1975/1136
s 166
f 1585/1985/1137 1586/1986/1138 1584/1987/1137
f 1587/1988/1138 1588/1989/150 1586/1986/1138
f 1589/1990/150 1590/1991/150 1588/1989/150
f 1591/1992/150 1592/1993/150 1590/1991/150
f 1593/1994/150 1594/1995/150 1592/1993/150
f 1595/1996/150 1596/1997/150 1594/1995/150
f 1597/1998/150 1598/1999/150 1596/1997/150
f 1599/2000/150 1600/2001/150 1598/1999/150
f 1601/2002/150 1602/2003/150 1600/2001/150
f 1603/2004/150 1604/2005/150 1602/2003/150
f 1605/2006/150 1606/2007/150 1604/2005/150
f 1607/2008/150 1608/2009/150 1606/2007/150
f 1609/2010/150 1610/2011/150 1608/2009/150
f 1611/2012/150 1612/2013/150 1610/2011/150
f 1613/2014/150 1614/2015/150 1612/2013/150
s 167
f 1578/1965/97 1612/2016/97 1580/2017/97
s 168
f 1582/2018/1139 1615/2019/1139 1583/2020/1139
s 169
f 1565/2021/1140 1595/2022/1140 1563/1960/1140
s 170
f 1583/2023/1141 1613/2024/1141 1581/1957/1141
s 171
f 1562/1956/1142 1596/2025/1142 1564/2026/1142
s 172
f 1580/2017/1143 1614/2027/1143 1582/2028/1143
s 173
f 1620/2029/1144 1619/2030/1144 1621/2031/1144
s 174
f 1567/2032/1145 1597/2033/1145 1565/2021/1145
s 175
f 1564/2026/1146 1598/2034/1146 1566/2035/1146
s 176
f 1569/2036/1147 1599/2037/1147 1567/2032/1147
s 177
f 1566/2035/1148 1600/2038/1148 1568/2039/1148
s 178
f 1571/2040/1149 1601/2041/1149 1569/2036/1149
s 179
f 1568/2039/1150 1602/2042/1150 1570/2043/1150
s 180
f 1555/2044/1151 1585/2045/1152 1553/2046/1152
s 181
f 1573/2047/1153 1603/2048/1153 1571/2049/1153
s 182
f 1554/2050/1154 1584/2051/1155 1586/2052/1154
s 183
f 1570/2053/1156 1604/2054/1156 1572/2055/1156
s 184
f 1557/1982/1157 1587/2056/1157 1555/2044/1157
s 185
f 1575/1980/1158 1605/2057/1158 1573/2058/1158
s 186
f 1554/2050/1159 1588/2059/1159 1556/1977/1159
s 187
f 1553/2060/1160 1554/2061/1161 1555/2062/1162
f 1555/2062/1162 1556/2063/98 1557/2064/98
f 1557/2064/98 1558/2065/98 1559/2066/98
f 1559/2066/98 1560/2067/98 1561/2068/98
f 1561/2068/98 1562/2069/98 1563/2070/98
f 1563/2070/98 1564/2071/98 1565/2072/98
f 1565/2072/98 1566/2073/98 1567/2074/98
f 1567/2074/98 1568/2075/98 1569/2076/98
f 1569/2076/98 1570/2077/98 1571/2078/98
f 1571/2078/98 1572/2079/98 1573/2080/98
f 1573/2080/98 1574/2081/98 1575/2082/98
f 1575/2082/98 1576/2083/98 1577/2084/98
f 1577/2084/98 1578/2085/98 1579/2086/98
f 1579/2086/98 1580/2087/98 1581/2088/98
f 1582/2089/98 1581/2088/98 1580/2087/98
s 188
f 1624/2090/1163 1623/2091/1163 1625/2092/1163
s 189
f 1553/2093/1164 1626/2094/1164 1627/2095/1164
s 190
f 1626/2096/1165 1625/2097/1165 1627/2098/1165
s 191
f 1622/2099/1166 1621/2031/1166 1623/2091/1166
s 192
f 1616/2100/1167 1585/2101/1167 1617/2102/1167
s 193
f 1584/2103/1168 1553/2093/1168 1585/2101/1168
s 194
f 1622/2104/1169 1639/2105/1170 1638/2106/97
s 195
f 1553/2046/1171 1629/2107/1172 1585/2045/1173
s 194
f 1620/2108/97 1638/2106/97 1636/2109/97
f 1584/2051/1174 1632/2110/1175 1630/2111/1174
s 195
f 1621/2112/1176 1634/2113/1177 1637/2114/1178
f 1621/2112/1176 1641/2115/1179 1623/2116/1180
s 194
f 1620/2108/97 1633/2117/97 1618/2118/97
f 1552/2119/1170 1642/2120/97 1626/2121/97
s 195
f 1585/2045/1173 1635/2122/1181 1617/2123/1182
s 196
f 1553/2046/1183 1643/2124/1184 1628/2125/1183
s 195
f 1619/2126/1185 1635/2122/1181 1634/2113/1177
s 194
f 1552/2119/1170 1630/2111/1170 1631/2127/1170
s 196
f 1627/2128/1186 1640/2129/1187 1643/2124/1184
s 194
f 1618/2118/97 1632/2110/1175 1616/2130/97
s 196
f 1623/2116/1188 1640/2129/1187 1625/2131/1189
s 194
f 1626/2121/97 1639/2105/1170 1624/2132/97
s 197
f 1640/2133/1190 1657/2134/1191 1656/2135/1192
s 198
f 1642/2136/1193 1655/2137/1193 1639/2138/1194
s 199
f 1655/2139/1195 1647/2140/1196 1648/2141/1197
s 200
f 1659/2142/1198 1657/2143/1199 1650/2144/1200
s 201
f 1632/2145/1201 1649/2146/1201 1648/2147/1201
s 202
f 1643/2148/1202 1656/2149/1202 1659/2150/1202
s 203
f 1631/2151/1203 1646/2152/1203 1647/2153/1203
s 204
f 1635/2154/1204 1650/2155/1204 1634/2156/1204
s 205
f 1643/2157/1205 1644/2158/1206 1628/2159/1207
s 206
f 1635/2160/1208 1645/2161/1209 1651/2162/1210
s 207
f 1642/2163/1211 1647/2153/1212 1658/2164/1213
s 208
f 1633/2165/1214 1652/2166/1215 1649/2167/1216
s 209
f 1634/2168/1217 1653/2169/1218 1637/2170/1219
s 210
f 1632/2171/1220 1646/2152/1221 1630/2172/1222
s 199
f 1652/2173/1223 1667/2174/100 1654/2175/1224
s 211
f 1628/2159/1225 1645/2161/1225 1629/2176/1225
s 212
f 1639/2177/1226 1654/2178/1227 1638/2179/1228
s 213
f 1660/2180/1229 1665/2181/1229 1664/2182/1229
s 214
f 1663/2183/1230 1666/2184/1230 1662/2185/1230
s 215
f 1636/2186/1231 1666/2187/1232 1652/2188/1232
s 216
f 1637/2114/100 1660/2189/100 1641/2115/100
s 200
f 1653/2190/1233 1664/2191/97 1665/2192/97
s 217
f 1637/2193/1234 1665/2194/1234 1661/2195/1234
s 218
f 1662/2185/1166 1660/2196/1166 1663/2183/1166
s 219
f 1637/2197/97 1660/2198/97 1668/2199/97
s 220
f 1663/2200/1235 1641/2201/150 1638/2202/1235
s 215
f 1636/2186/1231 1668/2203/98 1662/2204/1231
s 221
f 1638/2205/1236 1637/2206/1236 1636/2207/1236
s 222
f 1641/2201/1237 1664/2208/1237 1657/2209/1237
s 220
f 1638/2202/1235 1667/2210/1238 1663/2200/1235
s 223
f 1669/2211/99 1688/2212/99 1686/2213/99
s 224
f 1673/2214/97 1677/2215/97 1670/2216/97
s 225
f 1679/2217/1239 1684/2218/1234 1683/2219/1239
s 226
f 1677/2220/1232 1682/2221/1232 1678/2222/1232
s 227
f 1669/2211/1240 1680/2223/1240 1679/2224/1240
s 228
f 1670/2225/1241 1678/2226/1241 1672/2227/1241
s 229
f 1673/2228/1242 1682/2229/1242 1681/2230/1242
s 230
f 1672/2231/100 1682/2232/100 1675/2233/100
s 231
f 1676/2234/97 1680/2235/97 1671/2236/97
s 232
f 1674/2237/1243 1684/2238/1243 1676/2239/1243
s 233
f 1686/2240/100 1687/2241/100 1685/2242/100
s 234
f 1674/2237/102 1687/2243/102 1683/2244/102
s 225
f 1683/2219/1239 1688/2245/98 1679/2217/1239
s 235
f 1684/2246/1244 1690/2247/1244 1680/2235/1244
s 236
f 1684/2238/1245 1691/2248/1245 1692/2249/1245
s 237
f 1679/2224/1246 1690/2250/1246 1689/2251/1246
s 238
f 1682/2232/1247 1694/2252/1247 1696/2253/1247
s 239
f 1682/2229/1248 1695/2254/1248 1681/2230/1248
s 240
f 1677/2255/1249 1694/2256/1249 1678/2226/1249
s 241
f 1705/2257/1124 1739/2258/1124 1707/2259/1124
s 242
f 1726/2260/100 1756/2261/100 1724/2262/100
s 243
f 1708/2263/1125 1738/2264/1125 1706/2265/1125
s 244
f 1723/2266/1127 1753/2267/1127 1755/2268/1127
s 245
f 1705/2257/1128 1735/2269/1128 1737/2270/1128
s 246
f 1724/2262/1129 1754/2271/1129 1722/2272/1129
s 247
f 1706/2265/1130 1736/2273/1130 1704/2274/1130
s 248
f 1763/2275/1131 1762/2276/1131 1764/2277/1131
s 249
f 1719/2278/1132 1753/2267/1132 1721/2279/1132
s 250
f 1701/2280/1133 1735/2269/1133 1703/2281/1133
s 251
f 1722/2272/1134 1752/2282/1134 1720/2283/1134
s 252
f 1704/2274/1135 1734/2284/1135 1702/2285/1135
s 253
f 1717/2286/1136 1751/2287/1136 1719/2278/1136
s 254
f 1730/2288/1137 1731/2289/1138 1729/2290/1137
f 1732/2291/1138 1733/2292/150 1731/2289/1138
f 1734/2293/150 1735/2294/150 1733/2292/150
f 1736/2295/150 1737/2296/150 1735/2294/150
f 1738/2297/150 1739/2298/150 1737/2296/150
f 1740/2299/150 1741/2300/150 1739/2298/150
f 1742/2301/150 1743/2302/150 1741/2300/150
f 1744/2303/150 1745/2304/150 1743/2302/150
f 1746/2305/150 1747/2306/150 1745/2304/150
f 1748/2307/150 1749/2308/150 1747/2306/150
f 1750/2309/150 1751/2310/150 1749/2308/150
f 1752/2311/150 1753/2312/150 1751/2310/150
f 1754/2313/150 1755/2314/150 1753/2312/150
f 1756/2315/150 1757/2316/150 1755/2314/150
f 1758/2317/150 1759/2318/150 1757/2316/150
s 255
f 1723/2266/97 1757/2319/97 1725/2320/97
s 256
f 1728/2321/1139 1759/2322/1139 1760/2323/1139
s 257
f 1710/2324/1140 1740/2325/1140 1708/2263/1140
s 258
f 1728/2326/1141 1758/2327/1141 1726/2260/1141
s 259
f 1707/2259/1142 1741/2328/1142 1709/2329/1142
s 260
f 1725/2320/1143 1759/2330/1143 1727/2331/1143
s 261
f 1765/2332/1144 1764/2333/1144 1766/2334/1144
s 262
f 1712/2335/1145 1742/2336/1145 1710/2324/1145
s 263
f 1709/2329/1146 1743/2337/1146 1711/2338/1146
s 264
f 1714/2339/1147 1744/2340/1147 1712/2335/1147
s 265
f 1711/2338/1148 1745/2341/1148 1713/2342/1148
s 266
f 1716/2343/1149 1746/2344/1149 1714/2339/1149
s 267
f 1713/2342/1150 1747/2345/1150 1715/2346/1150
s 268
f 1700/2347/1151 1730/2348/1152 1698/2349/1250
s 269
f 1716/2350/1153 1750/2351/1153 1748/2352/1153
s 270
f 1699/2353/1154 1729/2354/1155 1731/2355/1154
s 271
f 1717/2356/1156 1747/2357/1156 1749/2358/1156
s 272
f 1702/2285/1157 1732/2359/1157 1700/2347/1157
s 273
f 1720/2283/1158 1750/2360/1158 1718/2361/1158
s 274
f 1699/2353/1159 1733/2362/1159 1701/2280/1159
s 275
f 1698/2363/1160 1699/2364/1161 1700/2365/1162
f 1700/2365/1162 1701/2366/98 1702/2367/98
f 1702/2367/98 1703/2368/98 1704/2369/98
f 1704/2369/98 1705/2370/98 1706/2371/98
f 1706/2371/98 1707/2372/98 1708/2373/98
f 1708/2373/98 1709/2374/98 1710/2375/98
f 1710/2375/98 1711/2376/98 1712/2377/98
f 1712/2377/98 1713/2378/98 1714/2379/98
f 1714/2379/98 1715/2380/98 1716/2381/98
f 1716/2381/98 1717/2382/98 1718/2383/98
f 1718/2383/98 1719/2384/98 1720/2385/98
f 1720/2385/98 1721/2386/98 1722/2387/98
f 1722/2387/98 1723/2388/98 1724/2389/98
f 1724/2389/98 1725/2390/98 1726/2391/98
f 1727/2392/98 1726/2391/98 1725/2390/98
s 276
f 1769/2393/1163 1768/2394/1163 1770/2395/1163
s 277
f 1698/2396/1164 1771/2397/1164 1772/2398/1164
s 278
f 1771/2399/1165 1770/2400/1165 1772/2401/1165
s 279
f 1767/2402/1166 1766/2334/1166 1768/2394/1166
s 280
f 1761/2403/1167 1730/2404/1167 1762/2405/1167
s 281
f 1729/2406/1168 1698/2396/1168 1730/2404/1168
s 282
f 1767/2407/97 1784/2408/97 1783/2409/97
s 283
f 1698/2349/1171 1774/2410/1251 1730/2348/1252
s 282
f 1765/2411/97 1783/2409/97 1781/2412/97
f 1729/2354/97 1777/2413/97 1775/2414/97
s 283
f 1766/2415/1253 1779/2416/1254 1782/2417/1255
f 1766/2415/1253 1786/2418/1171 1768/2419/1171
s 282
f 1765/2411/97 1778/2420/97 1763/2421/97
f 1697/2422/97 1787/2423/97 1771/2424/97
s 283
f 1730/2348/1252 1780/2425/1256 1762/2426/1257
s 284
f 1698/2349/1258 1788/2427/1256 1773/2428/1258
s 283
f 1764/2429/1259 1780/2425/1256 1779/2416/1254
s 282
f 1697/2422/97 1775/2414/97 1776/2430/97
s 284
f 1772/2431/1260 1785/2432/1261 1788/2427/1256
s 282
f 1763/2421/97 1777/2413/97 1761/2433/97
s 284
f 1768/2419/1262 1785/2432/1261 1770/2434/1263
s 282
f 1771/2424/97 1784/2408/97 1769/2435/97
s 285
f 1785/2436/1190 1802/2437/1191 1801/2438/1192
s 286
f 1787/2439/1193 1800/2440/1193 1784/2441/1194
s 287
f 1800/2442/1195 1792/2443/1196 1793/2444/1197
s 288
f 1804/2445/1198 1802/2446/1199 1795/2447/1200
s 289
f 1777/2448/1201 1794/2449/1201 1793/2450/1201
s 290
f 1788/2451/1202 1801/2452/1202 1804/2453/1202
s 291
f 1776/2454/1203 1791/2455/1203 1792/2456/1203
s 292
f 1780/2457/1204 1795/2458/1204 1779/2459/1204
s 293
f 1788/2460/1205 1789/2461/1206 1773/2462/1264
s 294
f 1780/2463/1208 1790/2464/1209 1796/2465/1210
s 295
f 1787/2466/1211 1792/2456/1212 1803/2467/1213
s 296
f 1778/2468/1214 1797/2469/1215 1794/2470/1216
s 297
f 1779/2471/1217 1798/2472/1218 1782/2473/1219
s 298
f 1777/2474/1220 1791/2455/1221 1775/2475/1222
s 287
f 1797/2476/1223 1812/2477/100 1799/2478/1224
s 299
f 1773/2462/1225 1790/2464/1225 1774/2479/1225
s 300
f 1784/2480/1226 1799/2481/1227 1783/2482/1265
s 301
f 1805/2483/1229 1810/2484/1229 1809/2485/1229
s 302
f 1808/2486/1230 1811/2487/1230 1807/2488/1230
s 303
f 1781/2489/1231 1811/2490/1232 1797/2491/1232
s 304
f 1782/2417/100 1805/2492/100 1786/2418/100
s 288
f 1798/2493/1233 1809/2494/97 1810/2495/97
s 305
f 1782/2496/1234 1810/2497/1234 1806/2498/1234
s 306
f 1807/2488/1166 1805/2499/1166 1808/2486/1166
s 307
f 1782/2500/97 1805/2501/97 1813/2502/97
s 308
f 1808/2503/1235 1786/2504/150 1783/2505/1235
s 303
f 1781/2489/1231 1813/2506/98 1807/2507/1231
s 309
f 1781/2508/1236 1786/2509/1236 1782/2510/1236
s 310
f 1786/2504/1237 1809/2511/1237 1802/2512/1237
s 308
f 1783/2505/1235 1812/2513/1238 1808/2503/1235
s 311
f 1824/2514/99 1831/2515/99 1814/2516/99
s 312
f 1818/2517/97 1822/2518/97 1815/2519/97
s 313
f 1824/2520/1239 1829/2521/1234 1828/2522/1239
s 314
f 1822/2523/1232 1827/2524/1232 1823/2525/1232
s 315
f 1814/2516/1240 1825/2526/1240 1824/2514/1240
s 316
f 1815/2527/1241 1823/2528/1241 1817/2529/1241
s 317
f 1818/2530/1242 1827/2531/1242 1826/2532/1242
s 318
f 1817/2533/100 1827/2534/100 1820/2535/100
s 319
f 1821/2536/97 1825/2537/97 1816/2538/97
s 320
f 1819/2539/1243 1829/2540/1243 1821/2541/1243
s 321
f 1831/2542/100 1832/2543/100 1830/2544/100
s 322
f 1819/2539/102 1832/2545/102 1828/2546/102
s 313
f 1828/2522/1239 1833/2547/98 1824/2520/1239
s 323
f 1829/2548/1244 1835/2549/1244 1825/2537/1244
s 324
f 1829/2540/1245 1836/2550/1245 1837/2551/1245
s 325
f 1824/2514/1246 1835/2552/1246 1834/2553/1246
s 326
f 1827/2534/1247 1839/2554/1247 1841/2555/1247
s 327
f 1827/2531/1248 1840/2556/1248 1826/2532/1248
s 328
f 1822/2557/1249 1839/2558/1249 1823/2528/1249
s 1
f 29/1/1 28/62/62 60/2/2
f 16/4/4 15/63/63 47/5/5
f 3/7/7 2/64/64 34/8/8
f 29/1/1 61/3/3 62/10/10
f 17/12/12 16/4/4 48/6/6
f 3/7/7 35/9/9 36/14/14
f 31/16/16 30/11/11 62/10/10
f 17/12/12 49/13/13 50/18/18
f 4/15/15 36/14/14 37/20/20
f 31/16/16 63/17/17 64/22/22
f 18/19/19 50/18/18 51/24/24
f 6/26/26 5/21/21 37/20/20
f 32/23/23 64/22/22 33/28/28
f 20/30/30 19/25/25 51/24/24
f 7/32/32 6/26/26 38/27/27
f 20/30/30 52/31/31 53/34/34
f 8/36/36 7/32/32 39/33/33
f 21/35/35 53/34/34 54/38/38
f 8/36/36 40/37/37 41/40/40
f 23/42/42 22/39/39 54/38/38
f 10/44/44 9/41/41 41/40/40
f 23/42/42 55/43/43 56/46/46
f 11/48/48 10/44/44 42/45/45
f 24/47/47 56/46/46 57/50/50
f 11/48/48 43/49/49 44/52/52
f 25/51/51 57/50/50 58/54/54
f 12/53/53 44/52/52 45/56/56
f 26/55/55 58/54/54 59/58/58
f 14/60/60 13/57/57 45/56/56
f 28/62/62 27/59/59 59/58/58
f 14/60/60 46/61/61 47/5/5
f 2/64/64 1/29/29 33/28/28
f 15/63/63 79/71/71 78/65/65
f 1/29/29 2/64/64 66/66/66
f 28/62/62 29/1/1 93/68/68
f 15/63/63 16/4/4 80/70/70
f 2/64/64 3/7/7 67/72/72
f 30/11/11 94/75/75 93/68/68
f 16/4/4 17/12/12 81/73/73
f 4/15/15 68/77/77 67/72/72
f 30/11/11 31/16/16 95/74/74
f 18/19/19 82/79/79 81/73/73
f 4/15/15 5/21/21 69/76/76
f 32/23/23 96/80/80 95/74/74
f 18/19/19 19/25/25 83/78/78
f 6/26/26 70/82/82 69/76/76
f 32/23/23 1/29/29 65/67/67
f 19/25/25 20/30/30 84/81/81
f 7/32/32 71/84/84 70/82/82
f 21/35/35 85/85/85 84/81/81
f 7/32/32 8/36/36 72/83/83
f 22/39/39 86/87/87 85/85/85
f 9/41/41 73/89/89 72/83/83
f 22/39/39 23/42/42 87/86/86
f 9/41/41 10/44/44 74/88/88
f 24/47/47 88/90/90 87/86/86
f 11/48/48 75/92/92 74/88/88
f 25/51/51 89/94/94 88/90/90
f 11/48/48 12/53/53 76/91/91
f 25/51/51 26/55/55 90/93/93
f 13/57/57 77/95/95 76/91/91
f 27/59/59 91/96/96 90/93/93
f 13/57/57 14/60/60 78/65/65
f 28/62/62 92/69/69 91/96/96
s 2
f 266/97/97 267/2559/97 335/98/97
s 3
f 133/100/98 328/2560/98 335/101/98
s 4
f 267/103/99 206/2561/99 165/104/99
s 5
f 335/101/98 328/2560/98 366/106/98
s 3
f 312/108/98 133/100/98 165/102/98
s 6
f 206/110/100 368/2562/100 336/111/100
s 7
f 206/113/98 267/2563/98 269/114/98
s 8
f 200/116/101 156/296/101 155/117/101
s 7
f 269/114/98 267/2563/98 266/119/98
f 368/121/98 206/113/98 270/115/98
s 9
f 337/123/97 166/2564/97 369/124/97
s 10
f 166/126/102 149/2565/102 268/127/102
s 11
f 138/129/102 291/2566/102 270/130/102
s 12
f 337/132/98 138/138/98 122/133/98
f 271/135/98 291/2567/98 322/136/98
f 122/133/98 271/135/98 149/137/98
f 322/136/98 291/2567/98 138/138/98
s 13
f 122/139/100 138/2568/100 269/140/100
s 14
f 322/142/99 337/2569/99 358/143/99
s 15
f 149/145/100 322/2570/100 121/146/100
s 16
f 291/148/97 271/2571/97 272/149/97
s 17
f 369/151/98 268/2572/98 99/152/98
f 358/154/98 369/151/98 98/153/98
f 99/152/98 268/2572/98 121/156/98
f 121/156/98 358/154/98 101/155/98
f 107/2573/98 104/163/98 98/153/98
f 98/153/98 99/152/98 146/158/98
f 182/159/98 107/2573/98 98/153/98
f 99/152/98 100/157/98 323/160/98
f 315/2574/98 323/160/98 100/157/98
f 100/157/98 101/155/98 105/161/98
f 106/162/98 315/2574/98 100/157/98
f 105/161/98 101/155/98 98/153/98
s 18
f 279/164/103 280/2575/103 344/165/103
s 19
f 352/167/97 324/2576/97 134/168/97
s 20
f 113/170/104 334/176/104 181/171/104
s 21
f 280/173/105 195/2577/105 315/174/105
s 22
f 334/176/106 158/2578/106 245/177/106
s 23
f 255/178/107 183/192/107 184/179/107
s 24
f 158/181/108 331/185/108 147/182/108
s 25
f 184/179/109 191/190/109 201/184/109
s 26
f 331/185/110 349/2579/110 102/186/110
s 27
f 313/187/102 113/2580/102 182/188/102
s 28
f 191/190/111 127/196/111 257/191/111
s 29
f 102/186/112 349/2579/112 183/192/112
s 30
f 150/193/100 313/2581/100 146/194/100
s 31
f 127/196/113 114/2582/113 303/197/113
s 32
f 195/198/99 150/2583/99 323/199/99
s 33
f 303/197/114 114/2582/114 279/164/114
s 34
f 198/201/98 113/2584/98 313/202/98
f 134/203/98 313/202/98 150/204/98
f 150/204/98 195/2585/98 350/206/98
f 350/206/98 195/2585/98 280/207/98
f 282/209/98 184/2586/98 183/210/98
f 191/212/98 184/2586/98 282/209/98
f 127/214/98 191/212/98 123/213/98
f 114/216/98 127/214/98 199/215/98
f 279/218/98 114/216/98 251/217/98
f 280/207/98 279/218/98 305/219/98
f 334/220/98 113/2584/98 198/201/98
f 317/222/98 158/224/98 334/220/98
f 240/223/98 331/226/98 158/224/98
f 103/225/98 349/227/98 331/226/98
f 281/211/98 183/210/98 349/227/98
s 35
f 352/2587/98 273/2588/98 163/2589/98
f 352/2587/98 163/2589/98 116/2590/98
f 292/2591/98 202/2592/98 324/228/98
f 231/2593/98 292/2591/98 324/228/98
f 324/228/98 352/2587/98 116/2590/98
f 324/228/98 116/2590/98 290/2594/98
f 232/2595/98 231/2593/98 324/228/98
f 359/2596/98 232/2595/98 324/228/98
f 324/228/98 290/2594/98 332/2597/98
f 324/228/98 332/2597/98 284/2598/98
f 330/230/98 359/2596/98 324/228/98
f 324/228/98 284/2598/98 283/229/98
s 36
f 116/231/115 163/240/115 306/232/115
s 37
f 273/234/102 352/2599/102 115/235/102
s 38
f 202/237/116 292/242/116 316/238/116
s 39
f 163/240/117 273/2600/117 350/241/117
s 40
f 292/242/119 231/2601/119 317/243/119
s 41
f 330/244/120 283/2602/120 282/245/120
s 42
f 231/247/121 232/252/121 240/248/121
s 43
f 282/245/122 283/2602/122 284/250/122
s 44
f 232/252/123 359/255/123 103/253/123
s 45
f 284/250/124 332/2603/124 199/254/124
s 46
f 359/255/125 330/244/125 281/246/125
s 47
f 199/254/126 332/2603/126 290/256/126
s 48
f 324/258/99 202/2604/99 198/259/99
s 49
f 251/257/127 290/256/127 116/261/127
s 17
f 107/265/98 182/2605/98 181/2606/98
f 181/2606/98 245/2607/98 147/2608/98
f 147/2608/98 102/2609/98 255/2610/98
f 255/2610/98 256/2611/98 201/263/98
f 201/263/98 257/2612/98 303/2613/98
f 303/2613/98 304/2614/98 344/2615/98
f 344/2615/98 315/2616/98 106/2617/98
f 106/2617/98 108/2618/98 112/264/98
f 112/264/98 111/2619/98 110/2620/98
f 110/2620/98 109/2621/98 107/265/98
f 107/265/98 181/2606/98 147/2608/98
f 147/2608/98 255/2610/98 201/263/98
f 201/263/98 303/2613/98 344/2615/98
f 344/2615/98 106/2617/98 112/264/98
f 112/264/98 110/2620/98 107/265/98
f 107/265/98 147/2608/98 201/263/98
f 201/263/98 344/2615/98 112/264/98
f 105/161/98 104/163/98 274/266/98
f 319/268/98 106/162/98 105/161/98
f 104/163/98 107/2573/98 237/269/98
f 108/270/98 106/162/98 319/268/98
f 237/269/98 107/2573/98 109/272/98
f 109/272/98 110/275/98 236/274/98
f 110/275/98 111/2622/98 155/276/98
f 155/276/98 111/2622/98 112/277/98
f 135/278/98 112/277/98 108/270/98
s 50
f 277/279/128 276/2623/128 238/280/128
s 51
f 185/282/129 175/2624/129 237/283/129
s 52
f 320/285/99 321/2625/99 319/286/99
s 53
f 254/288/130 200/116/130 135/118/130
s 54
f 233/290/131 185/2626/131 164/291/131
s 55
f 175/293/102 174/2627/102 274/294/102
s 56
f 156/296/132 233/290/132 236/292/132
s 57
f 321/297/133 254/2628/133 342/298/133
s 58
f 174/300/97 320/2629/97 318/301/97
s 59
f 207/303/98 320/307/98 174/304/98
f 159/306/98 321/2630/98 320/307/98
f 174/304/98 175/2631/98 360/308/98
f 254/309/98 321/2630/98 159/306/98
f 360/308/98 175/2631/98 185/311/98
f 185/311/98 233/314/98 167/313/98
f 233/314/98 156/2632/98 293/315/98
f 293/315/98 156/2632/98 200/316/98
f 139/317/98 200/316/98 254/309/98
s 60
f 309/2633/98 186/2634/98 276/2635/98
f 309/2633/98 276/2635/98 277/318/98
f 176/2636/98 241/2637/98 275/320/98
f 351/2638/98 176/2636/98 275/320/98
f 275/320/98 309/2633/98 277/318/98
f 187/319/98 351/2638/98 275/320/98
s 61
f 186/321/99 309/2639/99 124/322/99
s 62
f 187/324/134 277/279/134 167/281/134
s 63
f 159/326/135 241/2640/135 176/327/135
s 64
f 309/329/100 275/2641/100 207/330/100
s 65
f 351/332/136 187/324/136 293/325/136
s 66
f 276/334/137 186/2642/137 360/335/137
s 67
f 275/337/102 241/2643/102 159/338/102
s 68
f 176/340/138 351/332/138 139/333/138
s 3
f 307/344/141 117/2644/1266 308/604/1267
f 216/342/139 357/2645/1268 343/343/140
f 307/344/141 308/604/1267 216/342/139
f 347/345/142 173/349/142 239/346/142
f 250/348/143 356/2646/143 173/349/143
f 249/350/144 196/354/144 356/351/144
f 177/353/145 197/587/145 196/354/145
f 346/347/146 239/346/146 133/355/146
f 328/357/147 151/2647/1269 178/358/148
s 69
f 370/360/97 294/2648/97 258/361/97
s 3
f 370/363/150 136/370/150 345/364/150
s 70
f 314/366/99 203/2649/99 294/367/99
s 3
f 370/363/150 208/2650/150 362/369/150
f 314/365/150 345/364/150 125/371/150
s 71
f 193/373/100 253/2651/100 203/374/100
s 72
f 126/376/150 294/380/150 203/377/150
f 126/376/150 188/2652/150 258/379/150
f 246/378/150 203/377/150 253/381/150
s 73
f 393/383/97 168/2653/97 365/384/97
s 74
f 391/386/102 338/2654/102 168/387/102
s 75
f 246/389/102 189/2655/102 364/390/102
s 76
f 365/392/150 168/398/150 353/393/150
f 204/395/150 189/399/150 354/396/150
f 338/397/150 354/396/150 353/393/150
f 204/395/150 365/392/150 364/394/150
s 77
f 126/400/100 364/2656/100 353/401/100
s 78
f 392/403/99 365/2657/99 204/404/99
s 79
f 390/406/100 204/2658/100 338/407/100
s 80
f 246/409/97 252/2659/97 354/410/97
s 3
f 178/358/148 151/2647/1269 136/412/151
s 81
f 271/414/99 122/2660/99 148/415/99
s 82
f 188/417/99 353/2661/99 354/418/99
s 3
f 366/2662/100 328/2663/100 151/420/100
f 151/420/100 136/2664/100 362/2665/100
f 151/420/100 362/2665/100 361/421/100
f 212/422/100 366/2662/100 151/420/100
f 140/423/98 192/445/98 196/424/98
f 329/426/98 140/423/98 356/425/98
f 141/428/98 97/444/98 307/429/98
f 171/431/98 157/446/98 239/432/98
f 128/433/150 249/437/150 177/434/150
f 129/436/150 250/439/150 249/437/150
f 234/438/150 347/450/150 250/439/150
s 83
f 209/440/150 248/448/150 343/441/150
s 3
f 296/443/98 117/2666/98 307/429/98
f 192/445/98 141/428/98 197/430/98
f 157/446/98 329/426/98 173/427/98
f 171/431/98 133/100/98 312/108/98
f 247/435/150 177/434/150 343/441/150
f 160/449/150 346/452/150 347/450/150
f 235/451/150 345/364/150 346/452/150
f 235/451/150 327/2667/150 125/371/150
s 84
f 140/453/144 339/2668/144 143/454/144
s 85
f 97/456/153 161/464/153 142/457/153
s 86
f 329/459/143 169/466/143 339/460/143
s 87
f 192/455/145 143/454/145 333/462/145
s 88
f 141/463/154 333/462/154 161/464/154
s 89
f 157/465/142 170/468/142 169/466/142
s 90
f 171/467/155 295/2669/155 170/468/155
s 91
f 130/469/97 210/2670/97 295/470/97
s 92
f 247/472/145 144/476/145 260/473/145
s 93
f 248/475/154 118/487/154 144/476/154
s 94
f 128/474/144 260/473/144 259/477/144
s 95
f 234/479/142 205/483/142 325/480/142
s 96
f 129/482/143 259/2671/143 205/483/143
s 97
f 235/484/155 160/481/155 325/480/155
s 98
f 209/486/153 371/2672/153 118/487/153
s 99
f 235/488/97 131/2673/97 372/489/97
s 100
f 286/491/98 152/514/98 143/492/98
f 162/494/98 286/491/98 339/493/98
f 153/496/98 298/512/98 161/497/98
f 300/499/98 355/515/98 170/500/98
s 101
f 179/502/150 260/506/150 144/503/150
f 348/505/150 259/508/150 260/506/150
f 373/507/150 205/520/150 259/508/150
f 261/509/150 118/518/150 371/510/150
s 100
f 298/512/98 297/2674/98 142/513/98
f 152/514/98 153/496/98 333/498/98
f 355/515/98 162/494/98 169/495/98
f 300/499/98 295/501/98 210/516/98
s 101
f 132/504/150 144/503/150 118/518/150
f 302/519/150 325/522/150 205/520/150
f 301/521/150 131/524/150 325/522/150
f 301/521/150 341/2675/150 372/523/150
s 102
f 299/2676/98 326/2677/98 340/525/98
f 340/525/98 243/2678/98 363/2679/98
f 363/2679/98 244/2680/98 180/526/98
f 180/526/98 137/2681/98 119/527/98
f 119/527/98 299/2676/98 340/525/98
f 340/525/98 363/2679/98 180/526/98
s 103
f 172/2682/150 289/2683/150 288/528/150
f 288/528/150 120/2684/150 145/2685/150
f 145/2685/150 287/2686/150 154/529/150
f 154/529/150 264/2687/150 263/530/150
f 263/530/150 172/2682/150 288/528/150
f 288/528/150 145/2685/150 154/529/150
s 104
f 286/531/156 119/2688/156 137/532/156
s 105
f 298/534/157 244/542/157 363/535/157
s 106
f 162/537/158 299/544/158 119/538/158
s 107
f 152/533/159 137/532/159 180/540/159
s 108
f 153/541/160 180/540/160 244/542/160
s 109
f 355/543/161 326/546/161 299/544/161
s 110
f 355/543/162 300/2689/162 340/545/162
s 111
f 242/547/100 243/2690/100 340/548/100
s 112
f 132/550/159 287/554/159 145/551/159
s 113
f 261/553/160 154/565/160 287/554/160
s 114
f 179/552/156 145/551/156 120/555/156
s 115
f 373/557/161 288/561/161 289/558/161
s 116
f 348/560/158 120/2691/158 288/561/158
s 117
f 302/559/162 289/558/162 172/562/162
s 118
f 261/553/157 262/2692/157 264/564/157
s 119
f 301/566/100 172/2693/100 263/567/100
s 120
f 209/571/165 357/2694/1270 216/569/163
f 216/569/163 379/572/164 371/570/164
s 82
f 379/572/99 381/2695/99 262/573/99
s 81
f 297/576/99 363/2696/99 243/2697/99
f 242/574/99 214/2698/99 375/575/99
f 297/576/99 243/2697/99 242/574/99
f 374/577/99 214/2698/99 242/574/99
f 312/580/99 336/2699/99 368/579/99
f 368/579/99 213/581/99 374/577/99
f 210/578/99 130/2700/99 312/580/99
f 368/579/99 374/577/99 210/578/99
f 272/416/99 211/582/99 213/581/99
f 148/415/99 215/2701/99 211/582/99
f 376/583/99 215/2701/99 148/415/99
f 266/584/99 265/2702/99 366/585/99
f 366/585/99 212/2703/99 376/583/99
s 3
f 177/353/154 343/2704/154 307/586/154
s 121
f 382/588/150 228/663/150 230/589/150
s 81
f 278/591/99 142/603/99 297/576/99
s 122
f 215/592/98 227/650/98 225/593/98
s 121
f 216/595/150 367/2705/150 388/596/150
s 122
f 374/598/98 383/648/98 226/599/98
s 123
f 142/603/164 278/591/164 308/601/166
f 308/601/166 117/2706/1271 296/602/167
s 124
f 308/604/168 221/2707/168 367/605/168
s 121
f 380/606/150 386/662/150 378/607/150
s 125
f 308/609/169 278/655/1272 384/610/170
s 126
f 224/612/99 229/636/99 230/613/99
s 82
f 380/615/99 258/620/99 188/417/99
s 3
f 361/421/100 378/2708/100 377/617/100
s 82
f 258/620/99 380/615/99 361/618/99
f 361/618/99 362/2709/99 208/619/99
s 121
f 379/597/150 388/596/150 222/621/150
s 82
f 220/623/99 372/630/99 341/624/99
f 218/626/99 252/419/99 253/627/99
f 372/630/99 220/623/99 219/628/99
f 253/627/99 193/2710/99 125/629/99
f 372/630/99 219/628/99 253/627/99
f 125/629/99 327/2711/99 372/630/99
f 217/616/99 188/417/99 252/419/99
f 262/573/99 381/2695/99 382/625/99
f 341/624/99 263/2712/99 264/631/99
f 262/573/99 382/625/99 341/624/99
s 126
f 377/632/99 378/2713/99 386/633/99
f 225/635/99 389/642/99 229/636/99
f 226/637/99 228/640/99 222/638/99
f 383/614/99 230/613/99 228/640/99
f 227/641/99 387/643/99 389/642/99
f 385/634/99 386/633/99 387/643/99
f 388/644/99 384/646/99 223/639/99
f 388/644/99 367/2714/99 221/645/99
s 122
f 213/647/98 224/661/98 383/648/98
f 376/649/98 385/658/98 227/650/98
s 121
f 219/651/150 229/656/150 389/652/150
s 122
f 375/654/98 223/664/98 384/610/98
s 121
f 220/590/150 230/589/150 229/656/150
s 122
f 212/657/98 377/2715/98 385/658/98
s 121
f 218/653/150 389/652/150 387/659/150
s 122
f 211/594/98 225/593/98 224/661/98
s 121
f 217/660/150 387/659/150 386/662/150
f 381/622/150 222/621/150 228/663/150
s 122
f 214/600/98 226/599/98 223/664/98
s 127
f 190/665/97 400/2716/97 401/666/97
s 128
f 310/668/150 390/672/150 391/669/150
f 310/668/150 190/675/150 392/671/150
f 311/670/150 391/669/150 393/673/150
f 194/674/150 393/673/150 392/671/150
s 129
f 396/676/100 404/2717/100 405/677/100
s 130
f 310/679/99 398/2718/99 400/680/99
s 131
f 194/682/102 401/2719/102 399/683/102
s 132
f 311/685/100 399/2720/100 398/686/100
s 133
f 394/688/150 398/1953/150 399/689/150
f 395/690/150 399/689/150 401/691/150
f 397/692/150 401/691/150 400/693/150
s 134
f 403/695/150 405/2721/150 404/696/150
s 135
f 394/698/102 402/2722/102 404/699/102
s 136
f 397/701/99 405/2723/99 403/702/99
s 137
f 395/704/97 403/2724/97 402/705/97
s 138
f 722/707/172 723/2725/173 406/708/173
f 725/710/174 739/723/175 411/711/175
f 410/713/176 737/2726/176 738/714/177
f 736/716/178 722/707/172 407/709/172
f 723/718/173 724/721/179 413/719/179
f 724/721/179 725/2727/174 412/722/174
f 739/723/175 737/2728/176 410/724/176
f 738/714/177 736/2729/178 408/725/178
s 139
f 414/726/98 708/2730/98 709/727/98
f 597/729/98 776/739/98 809/730/98
f 749/732/98 703/735/98 416/733/98
f 703/735/98 777/740/98 415/736/98
f 417/737/98 708/2730/98 414/726/98
f 596/728/98 709/727/98 776/739/98
f 624/731/98 809/730/98 749/732/98
f 777/740/98 417/737/98 660/738/98
s 140
f 450/741/174 812/755/175 837/742/175
f 813/744/176 840/757/177 598/745/177
f 810/747/178 418/759/172 625/748/172
f 449/750/173 839/753/179 750/751/179
f 839/753/179 450/2731/174 600/754/174
f 812/755/175 813/2732/176 599/756/176
f 840/757/177 810/2733/178 448/758/178
f 418/759/172 449/2734/173 626/760/173
s 141
f 420/763/98 421/772/98 666/2735/1273
f 420/763/98 666/2735/1273 440/761/180
f 796/762/98 756/2736/98 420/763/98
f 419/766/98 661/775/98 744/2737/98
f 419/766/98 744/2737/98 436/764/98
f 437/765/98 755/2738/98 419/766/98
f 811/767/98 805/777/98 446/2739/98
f 721/768/98 720/2740/98 838/769/98
f 811/767/98 446/2739/98 721/768/98
f 421/772/98 841/782/98 748/2741/98
f 421/772/98 748/2741/98 444/770/181
f 667/771/182 666/2735/1273 421/772/98
f 661/775/98 420/763/98 756/2736/98
f 661/775/98 756/2736/98 757/773/98
f 745/774/98 744/2737/98 661/775/98
f 811/767/98 419/766/98 755/2738/98
f 830/776/98 447/2742/98 805/777/98
f 811/767/98 755/2738/98 830/776/98
f 838/769/98 720/2740/98 445/2743/98
f 838/769/98 445/2743/98 717/2744/98
f 719/778/98 845/780/98 704/779/98
f 838/769/98 717/2744/98 719/778/98
f 841/782/98 704/779/98 845/780/98
f 747/781/98 748/2741/98 841/782/98
s 142
f 422/783/183 451/2745/183 430/784/184
f 427/786/185 710/800/185 712/787/186
f 426/789/187 425/802/188 740/790/188
f 423/785/184 430/784/184 452/792/189
f 429/794/190 705/798/190 451/795/183
f 428/797/186 712/2746/186 705/798/190
f 426/799/187 711/2747/187 710/800/185
f 424/801/189 452/2748/189 740/790/188
s 143
f 602/803/98 431/816/98 779/804/98
f 775/806/98 773/817/98 727/807/98
f 842/809/98 707/813/98 741/810/98
f 842/809/98 603/818/98 780/812/98
f 601/814/98 602/803/98 752/805/98
f 431/816/98 775/806/98 726/808/98
f 774/811/98 741/810/98 727/807/98
f 601/814/98 455/815/98 780/812/98
s 144
f 751/819/185 783/834/185 433/820/186
f 453/822/188 782/836/188 456/823/187
f 628/825/184 629/838/184 432/826/189
f 778/828/190 743/832/190 742/829/183
f 605/831/186 433/2749/186 743/832/190
f 454/833/187 456/2750/187 783/834/185
f 627/835/189 432/2751/189 782/836/188
f 604/837/183 742/2752/183 629/838/184
s 145
f 714/2753/98 606/848/98 781/839/98
f 781/839/98 826/2754/98 609/840/98
f 439/841/98 714/2753/98 781/839/98
f 785/2755/98 706/851/98 815/842/98
f 815/842/98 789/855/98 653/843/98
f 652/844/98 785/2755/98 815/842/98
f 816/845/98 662/856/98 594/846/98
f 613/847/98 761/2756/98 816/845/98
f 831/2757/98 814/859/98 606/848/98
f 606/848/98 714/2753/98 617/849/98
f 658/850/98 831/2757/98 606/848/98
f 826/2754/98 781/839/98 706/851/98
f 706/851/98 785/2755/98 435/852/98
f 655/853/98 826/2754/98 706/851/98
f 789/855/98 815/842/98 816/845/98
f 816/845/98 761/2756/98 438/854/98
f 434/857/98 802/861/98 616/2758/98
f 434/857/98 616/2758/98 443/2759/98
f 614/858/98 594/846/98 662/856/98
f 434/857/98 443/2759/98 614/858/98
f 802/861/98 434/857/98 814/859/98
f 814/859/98 831/2757/98 659/860/98
s 146
f 728/862/191 729/893/222 471/863/192
f 458/865/194 730/867/196 728/862/191
f 459/866/195 731/869/198 730/867/196
f 460/868/197 762/871/200 731/869/198
f 817/870/199 763/2760/1274 762/871/200
s 147
f 461/872/201 474/2761/233 473/873/202
f 475/875/204 474/2761/233 461/872/201
f 818/877/206 475/875/204 462/876/205
f 476/879/208 818/877/206 463/878/207
f 465/881/210 820/883/212 476/879/208
f 466/882/211 477/885/214 820/883/212
f 467/884/213 478/887/216 477/885/214
f 468/886/215 479/2762/243 478/887/216
s 146
f 469/888/217 765/2763/1275 764/889/218
f 732/891/220 765/2763/1275 469/888/217
f 729/893/222 732/891/220 470/892/221
s 147
f 760/894/223 790/927/249 631/895/224
f 632/897/226 759/899/228 760/894/223
f 633/898/227 844/901/230 759/899/228
f 472/900/229 800/2764/231 844/901/230
f 473/902/202 797/2765/1276 800/903/231
f 803/905/232 797/2765/1276 473/902/202
f 474/906/233 475/2766/204 836/907/234
f 836/907/234 801/2767/1238 803/905/232
f 475/910/204 635/912/237 834/908/235
f 834/908/235 832/2768/1277 836/909/234
f 715/911/236 834/908/235 635/912/237
f 819/913/238 636/916/240 794/914/239
f 794/914/239 713/2769/1278 715/911/236
f 477/915/214 792/2770/242 794/914/239
f 477/919/214 478/921/216 828/917/241
f 828/917/241 827/2771/1279 792/918/242
f 479/920/243 787/923/245 828/917/241
f 479/920/243 480/2772/247 770/922/244
f 770/922/244 784/2773/1280 787/923/245
f 772/924/246 770/2774/244 480/925/247
f 637/926/248 631/895/224 790/927/249
f 788/928/250 772/924/246 637/926/248
s 141
f 494/929/251 505/962/280 493/930/252
f 481/932/254 495/934/256 494/929/251
f 482/933/255 496/936/258 495/934/256
f 483/935/257 497/2775/283 496/936/258
f 822/937/259 497/972/283 483/938/257
f 498/940/261 668/937/287 639/939/260
f 499/942/263 498/940/261 484/941/262
f 500/944/265 499/2776/263 485/945/264
f 640/947/267 500/944/265 486/946/266
f 488/949/269 501/951/271 640/947/267
f 489/950/270 502/2777/273 501/951/271
f 490/952/272 669/956/275 502/953/273
f 641/955/274 733/958/292 669/956/275
f 491/957/276 503/987/295 642/958/277
f 504/959/278 503/2778/295 491/960/276
f 505/962/280 504/959/278 492/961/279
f 643/963/281 517/991/297 505/964/280
f 495/966/256 506/968/282 643/963/281
f 496/967/258 670/970/284 506/968/282
f 497/969/283 507/995/285 670/970/284
f 822/937/259 823/996/301 507/971/285
f 509/973/286 508/996/304 668/937/287
f 510/974/288 509/973/286 498/940/261
f 500/975/265 511/979/289 510/976/288
f 640/978/267 512/1001/307 511/979/289
f 513/980/290 512/1001/307 640/978/267
f 514/982/291 513/980/290 501/981/271
f 669/956/275 515/985/293 514/984/291
f 733/958/292 734/1007/313 515/985/293
f 671/986/294 644/1007/315 642/958/277
f 516/988/296 671/1010/294 503/989/295
f 517/991/297 516/988/296 504/990/278
f 643/963/281 645/1011/317 528/992/298
f 518/993/299 645/1011/317 643/963/281
f 519/994/300 518/993/299 506/968/282
f 507/995/285 520/1016/302 519/994/300
f 823/996/301 646/998/303 520/997/302
f 509/973/286 672/999/305 646/998/303
f 510/974/288 521/1019/306 672/999/305
f 511/979/289 522/1002/308 521/1000/306
f 512/1001/307 523/1022/325 522/1002/308
f 524/1003/309 523/1022/325 512/1001/307
f 525/1004/310 524/1003/309 513/980/290
f 673/1005/311 525/1027/310 514/984/291
f 674/1006/312 673/1005/311 515/985/293
f 526/1008/314 674/1006/312 644/1007/315
f 527/1009/316 526/1031/314 671/1010/294
f 517/991/297 528/992/298 527/1009/316
f 645/1011/317 529/1033/333 543/1012/318
f 530/1013/319 766/1033/336 645/1011/317
f 531/1014/320 530/1013/319 518/993/299
f 532/1015/321 531/1014/320 519/994/300
f 646/998/303 533/1018/322 532/1017/321
f 672/999/305 534/1020/323 533/1018/322
f 521/1019/306 535/1040/324 534/1020/323
f 522/1002/308 536/1023/326 535/1021/324
f 523/1022/325 537/1043/342 536/1023/326
f 538/1024/327 537/1043/342 523/1022/325
f 539/1025/328 538/1024/327 524/1003/309
f 540/1026/329 539/1048/328 525/1027/310
f 647/1028/330 540/1026/329 673/1005/311
f 541/1029/331 647/1028/330 674/1006/312
f 527/1009/316 542/1032/332 541/1030/331
f 528/992/298 543/1012/318 542/1032/332
f 529/1033/333 544/1053/350 559/1034/334
f 545/1035/335 767/1053/353 766/1033/336
f 546/1036/337 545/1035/335 530/1013/319
f 547/1037/338 546/1036/337 531/1014/320
f 533/1018/322 548/1039/339 547/1038/338
f 534/1020/323 549/1041/340 548/1039/339
f 535/1040/324 550/1060/341 549/1041/340
f 536/1023/326 551/1044/343 550/1042/341
f 537/1043/342 552/1063/359 551/1044/343
f 553/1045/344 552/1063/359 537/1043/342
f 554/1046/345 553/1045/344 538/1024/327
f 555/1047/346 554/1068/345 539/1048/328
f 556/1049/347 555/1047/346 540/1026/329
f 557/1050/348 556/1049/347 647/1028/330
f 542/1032/332 558/1052/349 557/1051/348
f 543/1012/318 559/1034/334 558/1052/349
f 544/1053/350 676/1074/368 675/1054/351
f 677/1055/352 768/1074/370 767/1053/353
f 678/1056/354 677/1055/352 545/1035/335
f 679/1057/355 678/1056/354 546/1036/337
f 548/1039/339 648/1059/356 679/1058/355
f 549/1041/340 680/1061/357 648/1059/356
f 550/1060/341 681/1080/358 680/1061/357
f 551/1044/343 560/1064/360 681/1062/358
f 552/1063/359 561/1083/378 560/1064/360
f 562/1065/361 561/1083/378 552/1063/359
f 563/1066/362 562/1065/361 553/1045/344
f 564/1067/363 563/1086/362 554/1068/345
f 682/1069/364 564/1067/363 555/1047/346
f 683/1070/365 682/1069/364 556/1049/347
f 558/1052/349 684/1072/366 683/1071/365
f 559/1034/334 675/1054/351 684/1072/366
f 824/1073/367 573/1092/386 675/1054/351
f 677/1055/352 685/1093/387 649/1073/369
f 686/1075/371 685/1093/387 677/1055/352
f 565/1076/372 686/1075/371 678/1056/354
f 566/1077/373 565/1097/372 679/1058/355
f 567/1078/374 566/1077/373 648/1059/356
f 687/1079/375 567/1078/374 680/1061/357
f 688/1081/376 687/1101/375 681/1062/358
f 568/1082/377 688/1081/376 560/1064/360
f 562/1065/361 569/1084/379 568/1082/377
f 563/1066/362 570/1103/380 569/1084/379
f 564/1067/363 571/1087/381 570/1085/380
f 682/1069/364 650/1088/382 571/1087/381
f 683/1070/365 689/1107/383 650/1088/382
f 684/1072/366 572/1090/384 689/1089/383
f 675/1054/351 573/1092/386 572/1090/384
f 691/1091/385 581/1112/402 573/1092/386
f 685/1093/387 690/1113/403 691/1091/385
f 692/1094/388 690/1113/403 685/1093/387
f 574/1095/389 692/1094/388 686/1075/371
f 693/1096/390 574/1117/389 565/1097/372
f 694/1098/391 693/1096/390 566/1077/373
f 575/1099/392 694/1098/391 567/1078/374
f 576/1100/393 575/1121/392 687/1101/375
f 577/1102/394 576/1100/393 688/1081/376
f 569/1084/379 578/1104/395 577/1102/394
f 570/1103/380 695/1123/396 578/1104/395
f 571/1087/381 579/1106/397 695/1105/396
f 650/1088/382 651/1108/398 579/1106/397
f 689/1107/383 580/1127/399 651/1108/398
f 572/1090/384 696/1110/400 580/1109/399
f 573/1092/386 581/1112/402 696/1110/400
f 582/1111/401 591/2779/418 581/1112/402
f 690/1113/403 583/2780/421 582/1111/401
f 584/1114/404 583/2780/421 690/1113/403
f 585/1115/405 584/1114/404 692/1094/388
f 825/1116/406 585/1140/405 574/1117/389
f 697/1118/407 586/1116/425 693/1096/390
f 587/1119/408 697/1118/407 694/1098/391
f 698/1120/409 587/1143/408 575/1121/392
f 699/1122/410 698/1120/409 576/1100/393
f 578/1104/395 700/1124/411 699/1122/410
f 695/1123/396 588/2781/412 700/1124/411
f 579/1106/397 701/1126/413 588/1125/412
f 651/1108/398 735/1128/429 701/1126/413
f 580/1127/399 589/2782/415 702/1128/414
f 696/1110/400 590/1130/416 589/1129/415
f 581/1112/402 591/2779/418 590/1130/416
f 808/1131/417 656/1153/432 591/1132/418
f 582/1133/401 583/1136/421 806/1134/419
f 806/1134/419 618/2783/1281 808/1131/417
f 622/1135/420 806/1134/419 583/1136/421
f 584/1137/404 585/2784/405 807/1138/422
f 807/1138/422 619/2785/1282 622/1135/420
f 718/1139/423 807/2786/422 585/1140/405
f 621/1141/424 620/1139/1283 586/1116/425
f 697/1118/407 587/1119/408 664/1142/426
f 664/1142/426 595/2787/1284 621/1141/424
f 587/1143/408 698/1120/409 444/770/181
f 444/770/181 665/2741/150 664/781/426
f 667/771/182 444/770/181 698/1120/409
f 699/1122/410 700/1124/411 440/761/180
f 440/761/180 666/2735/1273 667/771/182
f 588/1125/412 611/1147/428 440/1144/180
f 588/1125/412 701/1126/413 441/1146/427
f 441/1146/427 592/2788/1285 611/1147/428
f 735/1128/429 746/1149/1286 441/1146/427
f 702/1128/414 589/2782/415 754/1148/430
f 754/1148/430 663/2789/1287 612/1149/431
f 590/1150/416 753/1154/433 754/1151/430
f 590/1150/416 591/1132/418 656/1153/432
f 656/1153/432 593/2790/1288 753/1154/433
f 793/1155/434 489/950/270 488/949/269
f 641/955/274 786/1158/437 607/1157/436
f 607/1157/436 769/2791/450 491/957/276
f 786/1158/437 641/955/274 490/952/272
f 799/1160/439 798/1166/445 639/939/260
f 791/1161/440 442/1170/449 638/931/253
f 489/954/270 793/2792/434 654/1162/441
f 654/1162/441 829/1159/438 490/952/272
f 492/961/279 771/2793/1289 608/1163/442
f 608/1163/442 791/1161/440 493/930/252
f 485/945/264 835/2794/1290 657/1164/443
f 657/1164/443 833/1173/451 486/946/266
f 487/948/268 716/2795/1291 610/1165/444
f 610/1165/444 795/1156/435 488/949/269
f 798/1166/445 804/2796/1292 484/941/262
f 843/1167/446 482/933/255 481/932/254
f 484/941/262 804/2796/1292 615/1169/448
f 615/1169/448 835/2797/1290 485/943/264
f 758/1168/447 481/932/254 638/931/253
f 799/1171/439 483/935/257 482/933/255
f 769/1172/450 771/2793/1289 492/961/279
f 833/1173/451 716/2795/1291 487/948/268
s 148
f 868/1174/452 875/1384/661 989/1175/453
f 863/1177/455 862/1330/608 861/1178/456
f 864/1180/458 867/1331/609 866/1181/459
f 1028/1183/461 1027/1397/673 1052/1184/462
f 871/1188/466 872/1196/474 877/1186/464
f 877/1186/464 990/1335/613 991/1187/465
f 1147/1189/467 1180/1571/821 1181/1190/468
f 1103/1192/470 1233/2798/1293 1234/1193/471
f 871/1188/466 874/1313/591 873/1195/473
f 917/1197/475 914/1284/562 913/1198/476
f 876/1200/478 879/1203/481 878/1201/479
f 949/1204/482 950/1282/560 951/1202/480
f 951/1202/480 952/1289/567 879/1203/481
f 879/1203/481 876/1200/478 949/1204/482
f 883/1205/483 882/1337/615 878/1201/479
f 889/1206/484 890/1213/491 892/1207/485
f 1200/1209/487 904/1493/751 959/1210/488
f 888/1212/490 891/1333/611 890/1213/491
f 900/1214/492 899/1237/515 903/1215/493
f 907/1217/495 906/1236/514 893/1218/496
f 925/1220/498 896/1257/535 895/1221/499
f 967/1223/501 986/1230/508 903/1215/493
f 928/1225/503 924/1222/500 895/1221/499
f 954/1229/507 922/1383/660 932/1227/505
f 932/1227/505 933/1267/545 908/1228/506
f 870/1231/509 960/1302/580 962/1232/510
f 979/1233/511 898/1307/585 956/1234/512
f 906/1236/514 892/1207/485 890/1213/491
f 899/1237/515 983/1398/674 982/1224/502
f 865/1182/460 885/1208/486 892/1207/485
f 885/1208/486 865/1182/460 905/1238/516
f 1149/1240/518 915/1251/529 916/1199/477
f 861/1178/456 862/1330/608 906/1236/514
f 1163/1242/520 1164/1555/805 1166/1243/521
f 909/1245/523 912/1248/526 911/1246/524
f 913/1198/476 914/1284/562 912/1248/526
f 907/1217/495 881/1219/497 880/1249/527
f 918/1250/528 917/1197/475 916/1199/477
f 920/1252/530 918/1250/528 915/1251/529
f 942/1254/532 939/1272/550 938/1255/533
f 860/1179/457 861/1178/456 895/1221/499
f 861/1178/456 907/1217/495 897/1226/504
f 1091/1258/536 1090/1306/584 962/1232/510
f 926/1260/538 925/1220/498 924/1222/500
f 923/1261/539 924/1222/500 928/1225/503
f 974/1262/540 1219/1494/752 1152/1263/541
f 896/1257/535 1029/1552/709 1023/1265/543
f 1023/1265/543 867/1331/609 863/1177/455
f 863/1177/455 860/1179/457 896/1257/535
f 929/1266/544 894/1290/568 908/1228/506
f 935/1268/546 932/1227/505 931/1269/547
f 932/1227/505 935/1268/546 936/1271/549
f 939/1272/550 942/1254/532 941/1273/551
f 1085/1275/553 1086/1483/742 1071/1276/554
f 948/1278/556 947/1281/559 946/1279/557
f 949/1204/482 946/1279/557 947/1281/559
f 962/1232/510 1090/1306/584 1089/1283/561
f 1089/1283/561 899/1237/515 900/1214/492
f 914/1284/562 917/1197/475 951/1202/480
f 1272/1285/563 1293/2799/1294 1294/1286/564
f 953/1288/566 883/1205/483 879/1203/481
f 894/1290/568 955/1499/757 954/1229/507
f 933/1267/545 936/1271/549 930/1291/569
f 1241/1608/857 1242/1681/906 852/1292/570
f 852/1292/570 996/1346/624 995/1293/571
f 995/1293/571 994/1366/644 1240/1294/572
f 1240/1294/572 1241/1608/857 852/1292/570
f 850/1300/578 1249/1614/863 1250/1298/576
f 1250/1298/576 1004/1359/637 1003/1299/577
f 961/1301/579 926/1260/538 923/1261/539
f 960/1302/580 923/1261/539 927/1259/537
f 1093/1304/582 1092/1952/1123 928/1225/503
f 928/1225/503 897/1226/504 880/1249/527
f 880/1249/527 881/1219/497 1094/1303/581
f 1093/1304/582 928/1225/503 880/1249/527
f 1066/1305/583 1067/1486/745 1090/1306/584
f 936/1271/549 956/1234/512 898/1307/585
f 901/1311/589 870/1231/509 900/1214/492
f 965/1309/587 967/1223/501 966/1312/590
f 874/1313/591 969/1440/711 968/1314/592
f 881/1219/497 893/1218/496 971/1315/593
f 1063/1317/595 1094/1303/581 1095/1318/596
f 954/1229/507 955/1499/757 972/1320/598
f 921/1264/542 922/1383/660 975/1322/600
f 865/1182/460 866/1181/459 976/1323/601
f 978/1235/513 981/1345/623 980/1325/603
f 1088/1326/604 1089/1283/561 1068/1327/605
f 963/1308/586 985/1452/720 984/1329/607
f 965/1309/587 984/1329/607 986/1230/508
f 989/1175/453 991/1187/465 977/1324/602
f 862/1330/608 863/1177/455 867/1331/609
f 862/1330/608 864/1180/458 892/1207/485
f 869/1332/610 969/1440/711 874/1313/591
f 893/1218/496 890/1213/491 891/1333/611
f 905/1238/516 976/1323/601 988/1334/612
f 884/1239/517 905/1238/516 987/1176/454
f 888/1212/490 977/1324/602 991/1187/465
f 891/1333/611 888/1212/490 990/1335/613
f 882/1337/615 883/1205/483 972/1320/598
f 975/1322/600 920/1252/530 919/1253/531
f 883/1205/483 953/1288/566 973/1321/599
f 949/1204/482 876/1200/478 877/1186/464
f 1159/1341/619 1128/1637/883 1129/1339/617
f 1129/1339/617 1162/1553/803 1161/1340/618
f 1161/1340/618 1160/1581/830 1159/1341/619
f 1226/1342/620 1227/1598/847 1133/1343/621
f 981/1345/623 978/1235/513 995/1293/571
f 1018/1347/625 1009/2800/658 1008/1348/626
f 1140/1350/628 1120/1460/726 886/1351/629
f 1248/1616/865 1247/1638/884 1243/1353/631
f 1243/1353/631 1246/1611/860 1245/1354/632
f 1244/1355/633 1248/1616/865 1243/1353/631
f 847/1356/634 848/1498/756 998/1357/635
f 1250/1298/576 1199/1211/489 959/1210/488
f 1005/1360/638 1008/1348/626 1007/1361/639
f 1006/1362/640 1007/1361/639 1002/1364/642
f 978/1235/513 956/1234/512 994/1366/644
f 1148/1367/645 913/1198/476 909/1245/523
f 913/1198/476 1148/1367/645 1150/1241/519
f 937/1256/534 1014/1479/665 1015/1368/646
f 1151/1369/647 919/1253/531 915/1251/529
f 1030/1370/648 1031/1412/687 1276/1371/649
f 1119/1373/651 1235/1480/739 1234/1193/471
f 1234/1193/471 1102/1464/730 1118/1374/652
f 1282/1375/653 1275/1372/650 1276/1371/649
f 1040/1377/655 1034/1551/710 925/1220/498
f 926/1260/538 961/1301/579 1040/1377/655
f 947/1281/559 948/1278/556 911/1246/524
f 912/1248/526 914/1284/562 950/1282/560
f 1052/1382/462 1027/1439/673 869/1332/610
f 988/1334/612 976/1323/601 1050/1381/659
f 1052/1382/462 869/1332/610 988/1334/612
f 952/1289/567 951/1202/480 917/1197/475
f 953/1288/566 952/1289/567 918/1250/528
f 973/1321/599 953/1288/566 920/1252/530
f 954/1229/507 973/1321/599 975/1322/600
f 874/1313/591 871/1188/466 875/1384/661
f 977/1324/602 889/1206/484 885/1208/486
f 984/1329/607 901/1311/589 902/1216/494
s 150
f 1546/1387/664 1547/1930/1117 1544/1385/662
f 1544/1385/662 1543/2801/1080 1542/1386/663
f 1542/1386/663 1545/1928/1115 1546/1387/664
s 148
f 873/1195/473 968/1314/592 945/1280/558
f 946/1279/557 949/1204/482 872/1196/474
f 1014/1388/665 967/1223/501 982/1224/502
f 991/1187/465 989/1175/453 875/1384/661
f 877/1186/464 878/1201/479 992/1336/614
f 1010/1390/666 859/1469/735 854/1391/667
f 937/1256/534 938/1255/533 1012/1393/669
f 967/1223/501 1014/1388/665 1013/1395/671
f 1049/1396/672 1046/1424/698 1027/1397/673
f 983/1398/674 1016/1517/741 1015/1389/646
f 1069/1328/606 1070/1500/743 1087/1399/675
f 981/1345/623 1018/2802/625 1017/1400/676
f 1064/1401/677 1093/1304/582 1094/1303/581
f 1225/1402/678 1226/1342/620 1135/1538/790
f 1141/1403/679 1263/1630/877 1265/1404/680
f 1225/1402/678 1135/1538/790 1141/1403/679
f 1020/1405/681 1021/1450/719 1011/1394/670
f 1022/1406/682 1010/1390/666 855/1392/668
f 1023/1408/543 1026/1436/708 1025/1409/684
f 1033/1411/686 1032/2803/1295 1031/1412/687
f 1278/1413/688 1277/1429/703 1284/1414/689
f 1036/1416/691 1039/2804/1296 1038/1417/692
f 1045/1419/694 1044/2805/1297 1043/1420/695
f 964/1310/588 1019/1574/738 1061/1422/697
f 1046/1424/698 1049/1396/672 1048/1425/699
f 1043/1420/695 1044/2805/1297 1041/1427/701
f 1041/1427/701 1040/1492/655 1051/1428/702
f 1294/1286/564 1293/2799/1294 1277/1429/703
f 1277/1429/703 1278/1413/688 1274/1430/704
f 1302/1431/705 1301/2806/892 1285/1432/706
f 1147/1189/467 910/1247/525 1030/1434/648
f 1038/1417/692 1032/2803/1295 1033/1411/686
f 1034/1438/710 1035/2807/1298 1026/1436/708
f 1026/1436/708 1023/1408/543 1029/1437/709
f 1027/1439/673 1046/2808/698 969/1440/711
f 1048/1425/699 1039/2804/1296 1036/1416/691
f 857/1441/712 856/2809/897 1055/1442/713
f 1057/1444/715 1054/1443/714 1055/1442/713
f 1059/1446/717 1057/1444/715 1056/1445/716
f 846/1407/683 857/1658/712 1054/1448/714
f 1054/1448/714 1057/1449/715 1020/1405/681
f 1057/1449/715 1059/1476/717 1021/1450/719
f 1042/1423/696 1043/1451/695 963/1308/586
f 1043/1451/695 1051/1453/702 985/1452/720
f 961/1301/579 985/1452/720 1051/1453/702
f 1154/1454/721 1155/1458/724 1278/1455/688
f 1278/1455/688 1283/1663/690 1202/1456/722
f 1130/1457/723 1274/1620/704 1278/1455/688
f 1175/1459/725 1174/1682/907 1120/1460/726
f 1120/1460/726 1140/1350/628 1178/1461/727
f 1234/1193/471 1233/2798/1293 1098/1462/728
f 1098/1462/728 1099/1602/851 1101/1463/729
f 1102/1464/730 1234/1193/471 1098/1462/728
f 1268/1465/731 1260/1626/873 1208/1466/732
f 1156/1468/734 1131/1556/806 1130/1457/723
f 1130/1457/723 1155/1458/724 1154/1454/721
f 1154/1454/721 1153/1557/807 1156/1468/734
f 859/1469/735 938/1255/533 939/1272/550
f 969/1440/711 1046/2808/698 1047/1471/700
f 1047/1471/700 1036/2810/691 945/1280/558
f 945/1280/558 1036/2810/691 1037/1472/693
f 948/1278/556 1037/1472/693 1033/1473/686
f 911/1246/524 1033/1473/686 1030/1434/648
f 1059/1446/717 1058/1447/718 1060/1474/737
f 1059/1476/717 1061/2811/697 1019/1477/738
f 1021/1450/719 1019/1477/738 1013/1478/671
f 1011/1394/670 1013/1478/671 1014/1479/665
f 1104/1194/472 1234/1193/471 1235/1480/739
f 942/1254/532 1015/1368/646 1016/1482/741
f 1086/1483/742 1087/1516/675 1070/1484/743
f 1009/1380/658 1018/2802/625 981/1345/623
f 1008/1348/626 1005/1360/638 957/1485/744
f 959/1210/488 957/1485/744 1005/1360/638
f 996/1346/624 852/1292/570 858/1378/656
f 898/1307/585 979/1233/511 1068/1327/605
f 894/1290/568 929/1266/544 1065/1487/746
f 1109/1490/749 1106/1521/773 1236/1488/747
f 1236/1488/747 1237/1603/852 1114/1489/748
f 1022/1406/682 1020/1405/681 1012/1393/669
f 1010/1390/666 1012/1393/669 938/1255/533
f 1161/1340/618 1157/1558/808 1203/1491/750
f 887/1470/736 939/1272/550 940/1274/552
f 1041/1427/701 1035/2807/1298 1034/1438/710
f 904/1493/751 943/1503/759 957/1485/744
f 1219/1494/752 1217/1524/776 1190/1495/753
f 1004/1359/637 1005/1360/638 1006/1362/640
f 1003/1299/577 1006/1362/640 1001/1365/643
f 851/1363/641 1001/1365/643 997/1496/754
f 848/1498/756 849/1497/755 997/1496/754
f 955/1499/757 1063/1317/595 1062/1319/597
f 955/1499/757 894/1290/568 1064/1401/677
f 929/1266/544 930/1291/569 1066/1305/583
f 930/1291/569 898/1307/585 1067/1486/745
f 979/1233/511 980/1325/603 1069/1328/606
f 980/1325/603 1017/1400/676 1070/1500/743
f 1071/1276/554 1070/1484/743 1017/1501/676
f 1072/1277/555 1071/1276/554 944/1502/758
f 1073/1352/630 1072/1277/555 943/1503/759
f 1042/1421/696 1061/1475/697 1060/1504/737
f 993/1338/616 1062/1319/597 1095/1318/596
f 1074/1507/762 1079/1509/764 1077/1505/760
f 1077/1505/760 1076/1511/766 1078/1506/761
f 1078/1506/761 1075/1513/768 1074/1507/762
f 1081/1508/763 1082/1510/765 1077/1505/760
f 1082/1510/765 891/1333/611 1076/1511/766
f 891/1333/611 1083/1512/767 1078/1506/761
f 1083/1512/767 1084/1514/769 1075/1513/768
f 1084/1514/769 1080/1515/770 1074/1507/762
f 1081/1508/763 1079/1509/764 1074/1507/762
f 993/1338/616 1081/1508/763 1080/1515/770
f 971/1315/593 1082/1510/765 1081/1508/763
f 992/1336/614 878/1201/479 1084/1514/769
f 878/1201/479 882/1337/615 1080/1515/770
f 940/1274/552 941/1273/551 1086/1483/742
f 941/1273/551 1016/1482/741 1087/1516/675
f 1088/1326/604 1087/1399/675 1016/1517/741
f 983/1398/674 899/1237/515 1089/1283/561
f 1024/1410/685 1025/1409/684 1053/1185/463
f 1053/1185/463 1052/1184/462 1050/1518/659
f 1094/1303/581 881/1219/497 970/1316/594
f 1100/1519/771 1099/1602/851 1098/1462/728
f 1106/1521/773 1109/1490/749 1108/1522/774
f 1151/1369/647 1187/1554/804 1217/1524/776
f 1111/1525/777 1114/1489/748 1113/1526/778
f 1184/1529/781 1183/1573/823 1111/1525/777
f 1111/1525/777 1112/1527/779 1186/1528/780
f 1186/1528/780 1185/1594/843 1184/1529/781
f 1113/1526/778 1117/1605/854 1116/1530/782
f 1126/1531/783 1124/1534/786 1125/1532/784
f 1122/1533/785 1125/1532/784 1124/1534/786
f 1136/1536/788 1138/1621/868 1139/1537/789
f 1143/1539/791 1115/1588/837 1127/1540/792
f 1144/1541/793 1127/1540/792 1124/1534/786
f 1132/1542/794 1131/1556/806 1156/1468/734
f 1139/1537/789 1138/1621/868 1231/1544/796
f 1231/1544/796 1232/1600/849 1142/1545/797
f 1203/1491/750 1201/1580/829 1105/1546/798
f 1221/1547/799 1222/1597/846 1193/1548/800
f 1121/1550/802 887/1470/736 886/1351/629
f 1142/1545/797 1141/1403/679 1135/1538/790
f 1126/1531/783 1118/1374/652 1102/1464/730
f 896/1257/535 925/1220/498 1034/1551/710
f 1144/1541/793 1099/1602/851 1100/1519/771
f 1184/1529/781 1148/1367/645 1146/1191/469
f 1150/1241/519 1185/1594/843 1186/1528/780
f 1132/1542/794 1158/1543/795 1162/1553/803
f 1149/1240/518 1186/1528/780 1187/1554/804
f 1163/1242/520 1152/1263/541 1190/1495/753
f 1190/1495/753 1145/1560/810 1164/1555/805
f 1240/1294/572 994/1366/644 934/1270/548
f 1130/1457/723 1131/1556/806 1100/1519/771
f 1132/1542/794 1143/1539/791 1100/1519/771
f 919/1253/531 1151/1369/647 1219/1494/752
f 1158/1543/795 1156/1468/734 1153/1557/807
f 1191/1559/809 1164/1555/805 1145/1560/810
f 1165/1244/522 1166/1243/521 1193/1548/800
f 1170/1562/812 1169/1635/881 1168/1563/813
f 1171/1565/815 1174/1682/907 1173/1566/816
f 1175/1459/725 1178/1461/727 1177/1568/818
f 1182/1570/820 1181/1190/468 1180/1571/821
f 1183/1573/823 1184/1529/781 1181/1190/468
f 1226/1342/620 1134/1344/622 1203/1491/750
f 1203/1491/750 1136/1536/788 1135/1538/790
f 966/1312/590 1013/1395/671 1019/1574/738
f 1112/1527/779 1116/1530/782 1187/1554/804
f 1188/1561/811 1145/1560/810 1190/1495/753
f 1164/1555/805 1191/1559/809 1192/1576/825
f 1195/1577/826 1198/1680/905 1197/1578/827
f 1153/1557/807 1154/1454/721 1202/1456/722
f 1201/1580/829 1203/1491/750 1157/1558/808
f 1162/1553/803 1158/1543/795 1157/1558/808
f 1160/1581/830 1161/1340/618 1134/1344/622
f 1166/1243/521 1192/1576/825 1194/1549/801
f 1137/1584/833 1138/1621/868 1136/1536/788
f 1208/1466/732 1207/1601/850 1205/1583/832
f 1107/1523/775 1108/1522/774 1210/1585/834
f 1212/1587/836 1127/1540/792 1115/1588/837
f 1216/1590/839 1215/1636/882 1214/1591/840
f 1218/1593/842 1189/1575/824 1190/1495/753
f 1148/1367/645 1184/1529/781 1185/1594/843
f 944/1502/758 1017/1501/676 1018/1347/625
f 1018/1347/625 958/1349/627 957/1485/744
f 957/1485/744 943/1503/759 944/1502/758
f 1224/1596/845 1223/1607/856 1222/1597/846
f 1225/1402/678 1228/1631/878 1227/1598/847
f 1230/1599/848 1229/1662/903 1204/1582/831
f 1205/1583/832 1207/1601/850 1231/1544/796
f 1220/1595/844 1236/1488/747 1235/1480/739
f 1144/1541/793 1126/1531/783 1101/1463/729
f 1107/1523/775 1209/1586/835 1103/1192/470
f 1127/1540/792 1212/1587/836 1123/1535/787
f 1110/1481/740 1235/1480/739 1236/1488/747
f 1122/1533/785 1237/1603/852 1236/1488/747
f 1237/1603/852 1122/1533/785 1123/1535/787
f 1218/1593/842 1116/1530/782 1117/1605/854
f 1163/1242/520 1165/1244/522 934/1270/548
f 931/1269/547 921/1264/542 1152/1263/541
f 1163/1242/520 934/1270/548 931/1269/547
f 1217/1524/776 1187/1554/804 1116/1530/782
f 1183/1573/823 1109/1490/749 1114/1489/748
f 1105/1546/798 1201/1580/829 1202/1456/722
f 1202/1456/722 1229/1662/903 1230/1599/848
f 1230/1599/848 1137/1584/833 1105/1546/798
f 1223/1607/856 1242/1681/906 1241/1608/857
f 1252/1609/858 1255/2812/867 1266/1610/859
f 847/1356/634 1245/1354/632 1246/1611/860
f 1251/1612/861 1254/1615/864 1253/1613/862
f 1254/1615/864 1247/1638/884 1248/1616/865
f 1222/1597/846 1241/1608/857 1240/1294/572
f 1261/1617/866 1262/1629/876 1142/1545/797
f 909/1245/523 910/1247/525 1147/1189/467
f 1233/2798/1293 1103/1192/470 1273/1619/565
f 1273/1619/565 1294/2813/564 1274/1620/704
f 1274/1620/704 1130/1457/723 1097/1520/772
f 1098/1462/728 1233/2798/1293 1273/1619/565
f 1274/1620/704 1097/1520/772 1098/1462/728
f 1110/1481/740 1106/1521/773 1107/1523/775
f 1118/1374/652 1125/1532/784 1220/1595/844
f 1230/1599/848 1231/1544/796 1138/1621/868
f 984/1329/607 985/1452/720 961/1301/579
f 961/1301/579 960/1302/580 870/1231/509
f 870/1231/509 901/1311/589 984/1329/607
f 1108/1522/774 1182/1570/820 1179/1572/822
f 1109/1490/749 1183/1573/823 1182/1570/820
f 1114/1489/748 1237/1603/852 1238/1604/853
f 1256/1622/869 855/1392/668 854/1391/667
f 1258/1624/871 1170/1562/812 1167/1564/814
f 1207/1601/850 1208/1466/732 1260/1626/873
f 1232/1600/849 1207/1601/850 1259/1627/874
f 1273/1287/565 1289/1647/893 1290/1628/875
f 1141/1403/679 1142/1545/797 1262/1629/876
f 1228/1631/878 1225/1402/678 1265/1404/680
f 1223/1607/856 1224/1596/845 1267/1633/880
f 1169/1635/881 1171/1565/815 1172/1567/817
f 1215/1636/882 1129/1339/617 1128/1637/883
f 851/1363/641 849/1497/755 1243/1353/631
f 1247/1638/884 1254/1615/864 1249/1614/863
f 851/1363/641 1243/1353/631 1247/1638/884
f 1269/1639/885 1258/1624/871 1257/1625/872
f 855/1392/668 1256/1622/869 1271/1641/887
f 934/1270/548 994/1366/644 956/1234/512
f 956/1234/512 936/1271/549 935/1268/546
f 1283/1415/690 1284/1414/689 1287/1642/888
f 1275/1435/650 1282/1669/653 1180/1571/821
f 1279/1644/890 1282/1375/653 1281/1376/654
f 1288/1643/889 1287/1642/888 1286/1433/707
f 1206/1467/733 1285/1661/706 1301/1646/892
f 1289/1647/893 1292/1649/895 1291/1648/894
f 1209/1586/835 1289/1668/893 1273/1619/565
f 1279/1644/890 1280/1645/891 1291/1648/894
f 857/1650/712 1296/2814/902 1295/1651/896
f 1295/1651/896 1296/2814/902 1298/1653/898
f 1297/1654/899 1298/1653/898 1300/1655/900
f 846/1407/683 1271/1641/887 1296/1657/902
f 1296/1657/902 1271/1641/887 1269/1639/885
f 1298/1659/898 1269/1639/885 1270/1640/886
f 1204/1582/831 1288/2815/889 1285/1661/706
f 1229/1662/903 1202/1456/722 1283/1663/690
f 1283/1663/690 1288/2815/889 1204/1582/831
f 1023/1265/543 1024/2816/685 1050/1381/659
f 1050/1381/659 976/1323/601 866/1181/459
f 866/1181/459 867/1331/609 1023/1265/543
f 997/1496/754 1001/1365/643 1002/1364/642
f 1000/1664/904 999/1358/636 998/1357/635
f 997/1496/754 1002/1364/642 1000/1664/904
f 1168/1563/813 1172/1567/817 1262/1665/876
f 1209/1586/835 1210/1585/834 1292/1667/895
f 1179/1572/822 1279/1670/890 1292/1667/895
f 1179/1572/822 1180/1571/821 1282/1669/653
f 1096/1623/870 854/1391/667 859/1469/735
f 859/1469/735 887/1470/736 1121/1550/802
f 1302/1431/705 1299/1656/901 1300/1655/900
f 1300/1660/900 1270/1640/886 1268/1672/731
f 1270/1640/886 1257/1625/872 1260/1674/873
f 1257/1625/872 1167/1564/814 1259/1675/874
f 1167/1564/814 1168/1563/813 1261/1666/866
f 1121/1550/802 1171/1565/815 1169/1635/881
f 1169/1635/881 1170/1562/812 1096/1623/870
f 1172/1567/817 1173/1566/816 1263/1676/877
f 1176/1569/819 1177/1568/818 1264/1677/879
f 1196/1579/828 1197/1578/827 1266/1610/859
f 1255/1618/867 1242/1681/906 1223/1607/856
f 1252/1609/858 1197/1578/827 1198/1680/905
f 1251/1612/861 1198/1680/905 1199/1211/489
f 1242/1681/906 1255/1618/867 858/1378/656
f 1227/1598/847 1221/1547/799 1194/1549/801
f 1159/1341/619 1191/1559/809 1188/1561/811
f 1258/1624/871 1269/1639/885 1271/1641/887
f 1170/1562/812 1258/1624/871 1256/1622/869
f 1140/1350/628 1073/1352/630 904/1493/751
f 1093/1304/582 1064/1401/677 1065/1487/746
f 1065/1487/746 1066/1305/583 1091/1258/536
f 1091/1258/536 1092/1952/1123 1093/1304/582
f 1174/1682/907 1171/1565/815 1121/1550/802
f 1072/1277/555 1073/1352/630 886/1351/629
f 886/1351/629 940/1274/552 1085/1275/553
f 1198/1680/905 1195/1577/826 1200/1209/487
f 1254/1615/864 1251/1612/861 1250/1298/576
f 1246/1611/860 1243/1353/631 849/1497/755
f 1213/1592/841 1214/1591/840 1189/1575/824
f 1189/1575/824 1214/1591/840 1128/1637/883
f 1191/1559/809 1159/1341/619 1160/1581/830
f 1192/1576/825 1160/1581/830 1133/1343/621
f 1228/1631/878 1224/1596/845 1221/1547/799
f 1224/1596/845 1228/1631/878 1264/1632/879
f 1177/1568/818 1196/1579/828 1267/1679/880
f 1178/1461/727 1195/1577/826 1196/1579/828
f 1195/1577/826 1178/1461/727 1140/1350/628
f 1239/1606/855 1211/1589/838 1216/1590/839
f 1304/1685/910 1303/2817/1299 1308/1683/908
f 1308/1683/908 1307/1690/915 1306/1684/909
f 1306/1684/909 1305/1688/913 1304/1685/910
f 1309/1686/911 1303/2817/1299 1304/1685/910
f 1310/1687/912 1304/1685/910 1305/1688/913
f 1123/1535/787 1305/1688/913 1306/1684/909
f 1311/1689/914 1306/1684/909 1307/1690/915
f 1312/1691/916 1307/1690/915 1308/1683/908
f 1308/1683/908 1303/2817/1299 1309/1686/911
f 1313/1692/917 1309/1686/911 1239/1606/855
f 1309/1686/911 1310/1687/912 1212/1587/836
f 1238/1604/853 1311/1689/914 1312/1691/916
f 1113/1526/778 1312/1691/916 1313/1692/917
f 1174/1682/907 1175/1459/725 1176/1569/819
f 1173/1566/816 1176/1569/819 1265/1678/680
f 1211/1589/838 1115/1588/837 1215/1636/882
s 151
f 1314/1693/918 1319/1702/927 1320/1694/919
f 1325/2818/1300 1315/1699/924 1319/1702/927
f 1318/1696/921 1314/1693/918 1321/1695/920
f 1325/2818/1300 1319/1702/927 1318/1696/921
f 1323/1698/923 1324/1700/925 1325/2818/1300
f 1316/1697/922 1317/1714/939 1323/1698/923
f 1321/1695/920 1322/1719/944 1316/1697/922
f 1323/1698/923 1325/2818/1300 1318/1696/921
f 1318/1696/921 1321/1695/920 1316/1697/922
f 1315/1699/924 1325/2818/1300 1324/1700/925
f 1315/1699/924 1326/1701/926 1320/1694/919
f 1324/1700/925 1327/1717/942 1328/1703/928
f 1326/1701/926 1328/1703/928 1329/1704/929
f 1329/1704/929 1330/1706/931 1321/1695/920
f 1328/1703/928 1331/2819/1301 1332/1705/930
f 1332/1705/930 1333/1707/932 1330/1706/931
f 1333/1707/932 1334/1715/940 1335/1708/933
f 1338/1709/934 1340/1716/941 1341/1710/935
f 1339/1711/936 1341/1710/935 1342/1712/937
f 1342/1712/937 1341/1710/935 1317/1714/939
f 1316/1697/922 1322/1719/944 1335/1708/933
f 1342/1712/937 1335/1708/933 1334/1715/940
f 1340/1716/941 1323/1698/923 1317/1714/939
f 1327/1717/942 1324/1700/925 1323/1698/923
f 1338/1709/934 1337/1718/943 1327/1717/942
f 1337/1718/943 1331/2819/1301 1328/1703/928
f 1322/1719/944 1321/1695/920 1330/1706/931
s 149
f 1343/1295/573 1350/1729/954 1349/1720/945
f 1348/1296/574 1344/1723/948 1354/1725/950
f 1354/1725/950 1353/1724/949 1352/1721/946
f 1352/1721/946 1346/1739/964 1345/1722/947
f 1345/1722/947 1351/1744/969 1350/1729/954
f 1350/1729/954 1343/1295/573 1347/1297/575
f 1347/1297/575 1348/1296/574 1354/1725/950
f 1345/1722/947 1350/1729/954 1347/1297/575
f 1347/1297/575 1354/1725/950 1352/1721/946
f 1344/1723/948 1355/1726/951 1353/1724/949
f 1344/1723/948 1348/1296/574 1349/1720/945
f 1357/1727/952 1356/1741/966 1353/1724/949
f 1355/1726/951 1349/1720/945 1358/1728/953
f 1358/1728/953 1349/1720/945 1350/1729/954
f 1361/1731/956 1360/1743/968 1357/1727/952
f 1359/1730/955 1362/1732/957 1361/1731/956
f 1362/1732/957 1359/1730/955 1364/1733/958
f 1370/1735/960 1369/1740/965 1367/1736/961
f 1368/1737/962 1365/2820/1302 1371/1738/963
f 1371/1738/963 1345/1722/947 1346/1739/964
f 1364/1733/958 1351/1744/969 1345/1722/947
f 1371/1738/963 1365/2820/1302 1363/1734/959
f 1346/1739/964 1352/1721/946 1369/1740/965
f 1352/1721/946 1353/1724/949 1356/1741/966
f 1356/1741/966 1366/1742/967 1367/1736/961
f 1366/1742/967 1356/1741/966 1357/1727/952
f 1359/1730/955 1350/1729/954 1351/1744/969
s 150
f 1372/1745/970 1391/1786/1006 1392/1746/971
f 1374/1748/973 1373/1747/972 1392/1746/971
f 1450/1750/975 1469/1853/1059 1470/1751/976
f 1525/1753/97 1524/1929/1116 1526/1754/978
f 1529/1756/980 1528/2821/1303 1525/1753/97
f 1374/1748/973 1393/1749/974 1394/1757/981
f 1377/1759/983 1396/1792/1012 1397/1760/984
f 1379/1762/986 1378/1761/985 1397/1760/984
f 1379/1762/986 1398/1763/987 1399/1764/988
f 1381/1766/989 1380/1765/102 1399/1764/988
f 1382/1768/991 1381/1766/989 1400/1767/990
f 1383/1770/975 1382/1768/991 1401/1769/992
f 1384/1772/994 1383/1770/975 1402/1771/993
f 1385/1774/100 1384/1772/994 1403/1773/995
f 1385/1774/100 1404/1775/996 1405/1776/997
f 1387/1778/999 1386/1777/998 1405/1776/997
f 1387/1778/999 1406/1779/1000 1407/1780/1001
f 1388/1781/1002 1407/1780/1001 1408/1782/1003
f 1389/1783/1004 1408/1782/1003 1409/1784/1005
f 1390/1785/99 1409/1784/1005 1391/1786/1006
f 1392/1746/971 1391/1786/1006 1410/1787/1007
f 1393/1749/974 1392/1746/971 1411/1788/1008
f 1395/1790/1010 1414/1949/1121 1415/1791/1011
f 1376/1793/1013 1395/1790/1010 1396/1792/1012
f 1397/1760/984 1396/1792/1012 1415/1791/1011
f 1398/1763/987 1397/1760/984 1416/1794/1014
f 1398/1763/987 1417/1795/1015 1418/1796/1016
f 1400/1767/990 1399/1764/988 1418/1796/1016
f 1400/1767/990 1419/1797/1017 1420/1798/1018
f 1401/1769/992 1420/1798/1018 1421/1799/1019
f 1403/1773/995 1402/1771/993 1421/1799/1019
f 1404/1775/996 1403/1773/995 1422/1800/1020
f 1405/1776/997 1404/1775/996 1423/1801/1021
f 1406/1779/1000 1405/1776/997 1424/1802/1022
f 1406/1779/1000 1425/1803/1023 1426/1804/1024
f 1408/1782/1003 1407/1780/1001 1426/1804/1024
f 1408/1782/1003 1427/1805/1025 1428/1806/1026
f 1391/1786/1006 1409/1784/1005 1428/1806/1026
f 1411/1788/1008 1410/1787/1007 1429/1807/1027
f 1411/1788/1008 1430/1808/1028 1431/1809/1029
f 1433/1810/1030 1452/1873/1079 1453/1811/999
f 1531/1813/1032 1530/1897/1099 1533/1814/1033
f 1535/1816/1035 1532/2822/1122 1531/1813/1032
f 1412/1789/1009 1431/1809/1029 1432/1817/1036
f 1416/1794/1014 1415/1791/1011 1434/1812/1031
f 1417/1795/1015 1416/1794/1014 1435/1819/1038
f 1418/1796/1016 1417/1795/1015 1436/1820/1039
f 1419/1797/1017 1418/1796/1016 1437/1821/1040
f 1419/1797/1017 1438/1822/1041 1439/1823/1042
f 1420/1798/1018 1439/1823/1042 1440/1824/1043
f 1421/1799/1019 1440/1824/1043 1441/1825/1044
f 1422/1800/1020 1441/1825/1044 1442/1826/1045
f 1423/1801/1021 1442/1826/1045 1443/1827/1046
f 1425/1803/1023 1424/1802/1022 1443/1827/1046
f 1426/1804/1024 1425/1803/1023 1444/1828/1047
f 1426/1804/1024 1445/1829/1048 1446/1830/1049
f 1427/1805/1025 1446/1830/1049 1447/1831/1050
f 1428/1806/1026 1447/1831/1050 1429/1807/1027
f 1429/1807/1027 1448/1850/989 1449/1832/991
f 1431/1809/1029 1430/1808/1028 1449/1832/991
f 1508/1833/1051 1507/1894/1097 1374/1748/973
f 1534/1815/1034 1533/1814/1033 1536/1834/1052
f 1538/1836/1053 1535/1816/1035 1534/1815/1034
f 1432/1817/1036 1431/1809/1029 1450/1750/975
f 1434/1812/1031 1453/1811/999 1454/1837/1002
f 1435/1819/1038 1454/1837/1002 1455/1838/1004
f 1437/1821/1040 1436/1820/1039 1455/1838/1004
f 1438/1822/1041 1437/1821/1040 1456/1839/99
f 1439/1823/1042 1438/1822/1041 1457/1840/1054
f 1440/1824/1043 1439/1823/1042 1458/1841/972
f 1441/1825/1044 1440/1824/1043 1459/1842/973
f 1441/1825/1044 1460/1843/1055 1461/1844/97
f 1443/1827/1046 1442/1826/1045 1461/1844/97
f 1443/1827/1046 1462/1845/1056 1463/1846/983
f 1444/1828/1047 1463/1846/983 1464/1847/985
f 1446/1830/1049 1445/1829/1048 1464/1847/985
f 1447/1831/1050 1446/1830/1049 1465/1848/986
f 1429/1807/1027 1447/1831/1050 1466/1849/102
f 1449/1832/991 1448/1850/989 1467/1851/1057
f 1449/1832/991 1468/1852/1058 1469/1853/1059
f 1415/1791/1011 1414/1949/1121 1433/1810/1030
f 1540/1854/1060 1537/1835/100 1536/1834/1052
f 1538/1836/1053 1537/1835/100 1540/1854/1060
f 1454/1837/1002 1453/1811/999 1472/1857/1063
f 1455/1838/1004 1454/1837/1002 1473/1858/1064
f 1455/1838/1004 1474/1859/1065 1475/1860/1066
f 1457/1840/1054 1456/1839/99 1475/1860/1066
f 1457/1840/1054 1476/1861/1067 1477/1862/1068
f 1458/1841/972 1477/1862/1068 1478/1863/1069
f 1459/1842/973 1478/1863/1069 1479/1864/1070
f 1461/1844/97 1460/1843/1055 1479/1864/1070
f 1461/1844/97 1480/1865/1071 1481/1866/1072
f 1463/1846/983 1462/1845/1056 1481/1866/1072
f 1464/1847/985 1463/1846/983 1482/1867/1073
f 1464/1847/985 1483/1868/1074 1484/1869/1075
f 1465/1848/986 1484/1869/1075 1485/1870/1076
f 1466/1849/102 1485/1870/1076 1467/1851/1057
f 1467/1851/1057 1486/1890/1094 1487/1871/1077
f 1469/1853/1059 1468/1852/1058 1487/1871/1077
f 1452/1873/1079 1471/1931/1118 1472/1857/1063
f 1543/1874/1080 1540/1854/1060 1539/1855/1061
f 1541/1856/1062 1540/1854/1060 1543/1874/1080
f 1394/1757/981 1393/1749/974 1412/1789/1009
f 1472/1857/1063 1491/1932/1101 1492/1877/1081
f 1473/1858/1064 1492/1877/1081 1493/1878/1082
f 1474/1859/1065 1493/1878/1082 1494/1879/1083
f 1475/1860/1066 1494/1879/1083 1495/1880/1084
f 1477/1862/1068 1476/1861/1067 1495/1880/1084
f 1478/1863/1069 1477/1862/1068 1496/1881/1085
f 1479/1864/1070 1478/1863/1069 1497/1882/1086
f 1480/1865/1071 1479/1864/1070 1498/1883/1087
f 1481/1866/1072 1480/1865/1071 1499/1884/1088
f 1481/1866/1072 1500/1885/1089 1501/1886/1090
f 1483/1868/1074 1482/1867/1073 1501/1886/1090
f 1484/1869/1075 1483/1868/1074 1502/1887/1091
f 1484/1869/1075 1503/1888/1092 1504/1889/1093
f 1467/1851/1057 1485/1870/1076 1504/1889/1093
f 1487/1891/1077 1486/1926/1094 1505/1892/1095
f 1487/1891/1077 1506/1893/1096 1507/1894/1097
f 1470/1751/976 1469/1853/1059 1488/1872/1078
f 1531/1813/1032 1532/2822/1122 1529/1756/980
f 1527/1755/979 1526/1754/978 1530/1897/1099
f 1531/1813/1032 1529/1756/980 1527/1755/979
f 1510/1898/1100 1509/1942/1119 1376/1793/1013
f 1491/1899/1101 1510/1898/1100 1511/1900/1102
f 1493/1902/1082 1492/1901/1081 1511/1900/1102
f 1494/1904/1083 1493/1902/1082 1512/1903/1103
f 1494/1904/1083 1513/1905/1104 1514/1906/1105
f 1495/1907/1084 1514/1906/1105 1515/1908/1106
f 1497/1910/1086 1496/1909/1085 1515/1908/1106
f 1497/1910/1086 1516/1911/1107 1517/1912/1108
f 1498/1913/1087 1517/1912/1108 1518/1914/1109
f 1499/1915/1088 1518/1914/1109 1519/1916/1110
f 1500/1917/1089 1519/1916/1110 1520/1918/1111
f 1502/1920/1091 1501/1919/1090 1520/1918/1111
f 1503/1922/1092 1502/1920/1091 1521/1921/1112
f 1504/1924/1093 1503/1922/1092 1522/1923/1113
f 1504/1924/1093 1523/1925/1114 1505/1892/1095
f 1506/1893/1096 1505/1892/1095 1372/1745/970
f 1506/1893/1096 1373/1747/972 1374/1748/973
f 1488/1895/1078 1507/1894/1097 1508/1833/1051
f 1525/1753/97 1546/1387/664 1545/1928/1115
f 1525/1753/97 1528/2821/1303 1547/1930/1117
f 1471/1931/1118 1490/1946/1120 1491/1932/1101
f 1511/1900/1102 1510/1898/1100 1377/1759/983
f 1511/1900/1102 1378/1761/985 1379/1762/986
f 1512/1903/1103 1379/1762/986 1380/1765/102
f 1513/1905/1104 1380/1765/102 1381/1766/989
f 1514/1906/1105 1381/1766/989 1382/1768/991
f 1515/1908/1106 1382/1768/991 1383/1770/975
f 1516/1911/1107 1383/1770/975 1384/1772/994
f 1517/1912/1108 1384/1772/994 1385/1774/100
f 1519/1916/1110 1518/1914/1109 1385/1774/100
f 1519/1916/1110 1386/1777/998 1387/1778/999
f 1521/1921/1112 1520/1918/1111 1387/1778/999
f 1522/1923/1113 1521/1921/1112 1388/1781/1002
f 1522/1923/1113 1389/1783/1004 1390/1785/99
f 1505/1892/1095 1523/1925/1114 1390/1785/99
f 1526/1933/978 1524/2823/1116 1375/1758/982
f 1530/1934/1099 1526/1933/978 1394/1757/981
f 1533/1935/1033 1530/1934/1099 1413/1818/1037
f 1536/1936/1052 1533/1935/1033 1432/1817/1036
f 1536/1936/1052 1451/1752/977 1470/1751/976
f 1539/1937/1061 1470/1751/976 1489/1896/1098
f 1542/1939/663 1489/1927/1098 1508/1833/1051
f 1375/1758/982 1524/2823/1116 1545/1940/1115
f 1547/1941/1117 1528/2824/1303 1376/1793/1013
f 1544/1943/662 1547/1941/1117 1509/1942/1119
f 1541/1945/1062 1544/2825/662 1490/1946/1120
f 1538/1947/1053 1541/1945/1062 1471/1931/1118
f 1538/1947/1053 1452/1873/1079 1433/1810/1030
f 1535/1948/1035 1433/1810/1030 1414/1949/1121
f 1532/1950/1122 1414/1949/1121 1395/1790/1010
f 1376/1793/1013 1528/2824/1303 1529/1951/980
f 1491/1899/1101 1490/1944/1120 1509/1942/1119
s 148
f 1067/1486/745 1068/1327/605 1089/1283/561
f 987/1176/454 988/1334/612 869/1332/610
f 1092/1952/1123 1091/1258/536 927/1259/537
f 1129/1339/617 1215/1636/882 1115/1588/837
f 1115/1588/837 1143/1539/791 1132/1542/794
f 921/1264/542 931/1269/547 932/1227/505
s 152
f 1549/694/150 1551/693/150 1550/1953/150
s 153
f 1560/1954/1124 1592/1967/1124 1594/1955/1124
s 154
f 1581/1957/100 1613/2024/100 1611/1958/100
s 155
f 1563/1960/1125 1595/2022/1125 1593/1961/1126
s 156
f 1576/1963/1127 1608/1976/1127 1610/1964/1127
s 157
f 1558/1966/1128 1590/1978/1128 1592/1967/1128
s 158
f 1579/1959/1129 1611/1958/1129 1609/1968/1129
s 159
f 1561/1962/1130 1593/1961/1130 1591/1970/1130
s 160
f 1618/1972/1131 1616/2826/1131 1617/1973/1131
s 161
f 1574/1975/1132 1606/1984/1132 1608/1976/1132
s 162
f 1556/1977/1133 1588/2059/1133 1590/1978/1133
s 163
f 1577/1969/1134 1609/1968/1134 1607/1979/1134
s 164
f 1559/1971/1135 1591/1970/1135 1589/1981/1135
s 165
f 1572/1983/1136 1604/2827/1136 1606/1984/1136
s 166
f 1585/1985/1137 1587/1988/1138 1586/1986/1138
f 1587/1988/1138 1589/1990/150 1588/1989/150
f 1589/1990/150 1591/1992/150 1590/1991/150
f 1591/1992/150 1593/1994/150 1592/1993/150
f 1593/1994/150 1595/1996/150 1594/1995/150
f 1595/1996/150 1597/1998/150 1596/1997/150
f 1597/1998/150 1599/2000/150 1598/1999/150
f 1599/2000/150 1601/2002/150 1600/2001/150
f 1601/2002/150 1603/2004/150 1602/2003/150
f 1603/2004/150 1605/2006/150 1604/2005/150
f 1605/2006/150 1607/2008/150 1606/2007/150
f 1607/2008/150 1609/2010/150 1608/2009/150
f 1609/2010/150 1611/2012/150 1610/2011/150
f 1611/2012/150 1613/2014/150 1612/2013/150
f 1613/2014/150 1615/2828/150 1614/2015/150
s 167
f 1578/1965/97 1610/1964/97 1612/2016/97
s 168
f 1582/2018/1139 1614/2829/1139 1615/2019/1139
s 169
f 1565/2021/1140 1597/2033/1140 1595/2022/1140
s 170
f 1583/2023/1141 1615/2830/1141 1613/2024/1141
s 171
f 1562/1956/1142 1594/1955/1142 1596/2025/1142
s 172
f 1580/2017/1143 1612/2016/1143 1614/2027/1143
s 173
f 1620/2029/1144 1618/2831/1144 1619/2030/1144
s 174
f 1567/2032/1145 1599/2037/1145 1597/2033/1145
s 175
f 1564/2026/1146 1596/2025/1146 1598/2034/1146
s 176
f 1569/2036/1147 1601/2041/1147 1599/2037/1147
s 177
f 1566/2035/1148 1598/2034/1148 1600/2038/1148
s 178
f 1571/2040/1149 1603/2832/1149 1601/2041/1149
s 179
f 1568/2039/1150 1600/2038/1150 1602/2042/1150
s 180
f 1555/2044/1151 1587/2056/1151 1585/2045/1152
s 181
f 1573/2047/1153 1605/2833/1153 1603/2048/1153
s 182
f 1554/2050/1154 1552/2119/1155 1584/2051/1155
s 183
f 1570/2053/1156 1602/2834/1156 1604/2054/1156
s 184
f 1557/1982/1157 1589/1981/1157 1587/2056/1157
s 185
f 1575/1980/1158 1607/1979/1158 1605/2057/1158
s 186
f 1554/2050/1159 1586/2052/1159 1588/2059/1159
s 187
f 1553/2060/1160 1552/2835/1160 1554/2061/1161
f 1555/2062/1162 1554/2061/1161 1556/2063/98
f 1557/2064/98 1556/2063/98 1558/2065/98
f 1559/2066/98 1558/2065/98 1560/2067/98
f 1561/2068/98 1560/2067/98 1562/2069/98
f 1563/2070/98 1562/2069/98 1564/2071/98
f 1565/2072/98 1564/2071/98 1566/2073/98
f 1567/2074/98 1566/2073/98 1568/2075/98
f 1569/2076/98 1568/2075/98 1570/2077/98
f 1571/2078/98 1570/2077/98 1572/2079/98
f 1573/2080/98 1572/2079/98 1574/2081/98
f 1575/2082/98 1574/2081/98 1576/2083/98
f 1577/2084/98 1576/2083/98 1578/2085/98
f 1579/2086/98 1578/2085/98 1580/2087/98
f 1582/2089/98 1583/2836/98 1581/2088/98
s 188
f 1624/2090/1163 1622/2099/1163 1623/2091/1163
s 189
f 1553/2093/1164 1552/2837/1164 1626/2094/1164
s 190
f 1626/2096/1165 1624/2838/1165 1625/2097/1165
s 191
f 1622/2099/1166 1620/2029/1166 1621/2031/1166
s 192
f 1616/2100/1167 1584/2103/1167 1585/2101/1167
s 193
f 1584/2103/1168 1552/2837/1168 1553/2093/1168
s 194
f 1622/2104/1169 1624/2132/97 1639/2105/1170
s 195
f 1553/2046/1171 1628/2125/1171 1629/2107/1172
s 194
f 1620/2108/97 1622/2104/1169 1638/2106/97
f 1584/2051/1174 1616/2130/97 1632/2110/1175
s 195
f 1621/2112/1176 1619/2126/1185 1634/2113/1177
f 1621/2112/1176 1637/2114/1178 1641/2115/1179
s 194
f 1620/2108/97 1636/2109/97 1633/2117/97
f 1552/2119/1170 1631/2127/1170 1642/2120/97
s 195
f 1585/2045/1173 1629/2107/1172 1635/2122/1181
s 196
f 1553/2046/1183 1627/2128/1186 1643/2124/1184
s 195
f 1619/2126/1185 1617/2123/1182 1635/2122/1181
s 194
f 1552/2119/1170 1584/2051/1170 1630/2111/1170
s 196
f 1627/2128/1186 1625/2131/1189 1640/2129/1187
s 194
f 1618/2118/97 1633/2117/97 1632/2110/1175
s 196
f 1623/2116/1188 1641/2115/1188 1640/2129/1187
s 194
f 1626/2121/97 1642/2120/97 1639/2105/1170
s 197
f 1640/2133/1190 1641/2839/1304 1657/2134/1191
s 198
f 1642/2136/1193 1658/2840/1193 1655/2137/1193
s 199
f 1648/2141/1197 1649/2841/1305 1652/2173/1223
f 1652/2173/1223 1654/2175/1224 1655/2139/1195
f 1655/2139/1195 1658/2842/1306 1647/2140/1196
f 1647/2140/1196 1646/2843/1307 1648/2141/1197
f 1648/2141/1197 1652/2173/1223 1655/2139/1195
s 200
f 1650/2144/1200 1651/2844/1308 1645/2845/1309
f 1645/2845/1309 1644/2846/1310 1659/2142/1198
f 1659/2142/1198 1656/2847/1311 1657/2143/1199
f 1657/2143/1199 1653/2190/1233 1650/2144/1200
f 1650/2144/1200 1645/2845/1309 1659/2142/1198
s 201
f 1632/2145/1201 1633/2848/1201 1649/2146/1201
s 202
f 1643/2148/1202 1640/2849/1312 1656/2149/1202
s 203
f 1631/2151/1203 1630/2172/1203 1646/2152/1203
s 204
f 1635/2154/1204 1651/2850/1204 1650/2155/1204
s 205
f 1643/2157/1205 1659/2851/1313 1644/2158/1206
s 206
f 1635/2160/1208 1629/2176/1314 1645/2161/1209
s 207
f 1642/2163/1211 1631/2151/1315 1647/2153/1212
s 208
f 1633/2165/1214 1636/2852/1316 1652/2166/1215
s 209
f 1634/2168/1217 1650/2853/1317 1653/2169/1218
s 210
f 1632/2171/1220 1648/2854/1318 1646/2152/1221
s 199
f 1652/2173/1223 1666/2855/100 1667/2174/100
s 211
f 1628/2159/1225 1644/2158/1225 1645/2161/1225
s 212
f 1639/2177/1226 1655/2856/1319 1654/2178/1227
s 213
f 1660/2180/1229 1661/2857/1229 1665/2181/1229
s 214
f 1663/2183/1230 1667/2858/1230 1666/2184/1230
s 215
f 1636/2186/1231 1662/2204/1231 1666/2187/1232
s 329
f 1637/2114/100 1661/2859/100 1660/2189/100
s 200
f 1653/2190/1233 1657/2143/1199 1664/2191/97
s 217
f 1637/2193/1234 1653/2860/1234 1665/2194/1234
s 218
f 1662/2185/1166 1668/2861/1166 1660/2196/1166
s 220
f 1663/2200/1235 1660/2862/150 1641/2201/150
s 215
f 1636/2186/1231 1637/2863/98 1668/2203/98
s 221
f 1638/2205/1236 1641/2864/1236 1637/2206/1236
s 222
f 1641/2201/1237 1660/2862/1237 1664/2208/1237
s 220
f 1638/2202/1235 1654/2865/1238 1667/2210/1238
s 223
f 1669/2211/99 1679/2224/99 1688/2212/99
s 224
f 1673/2214/97 1681/2866/97 1677/2215/97
s 225
f 1679/2217/1239 1680/2867/1234 1684/2218/1234
s 226
f 1677/2220/1232 1681/2868/1232 1682/2221/1232
s 227
f 1669/2211/1240 1671/2869/1240 1680/2223/1240
s 228
f 1670/2225/1241 1677/2255/1241 1678/2226/1241
s 229
f 1673/2228/1242 1675/2870/1242 1682/2229/1242
s 230
f 1672/2231/100 1678/2871/100 1682/2232/100
s 231
f 1676/2234/97 1684/2246/97 1680/2235/97
s 232
f 1674/2237/1243 1683/2244/1243 1684/2238/1243
s 233
f 1686/2240/100 1688/2872/100 1687/2241/100
s 234
f 1674/2237/102 1685/2873/102 1687/2243/102
s 225
f 1683/2219/1239 1687/2874/98 1688/2245/98
s 235
f 1684/2246/1244 1692/2875/1244 1690/2247/1244
s 236
f 1684/2238/1245 1683/2244/1245 1691/2248/1245
s 237
f 1679/2224/1246 1680/2223/1246 1690/2250/1246
s 238
f 1682/2232/1247 1678/2871/1247 1694/2252/1247
s 239
f 1682/2229/1248 1696/2876/1248 1695/2254/1248
s 240
f 1677/2255/1249 1693/2877/1249 1694/2256/1249
s 241
f 1705/2257/1124 1737/2270/1124 1739/2258/1124
s 242
f 1726/2260/100 1758/2327/100 1756/2261/100
s 243
f 1708/2263/1125 1740/2325/1125 1738/2264/1125
s 244
f 1723/2266/1127 1721/2279/1127 1753/2267/1127
s 245
f 1705/2257/1128 1703/2281/1128 1735/2269/1128
s 246
f 1724/2262/1129 1756/2261/1129 1754/2271/1129
s 247
f 1706/2265/1130 1738/2264/1130 1736/2273/1130
s 248
f 1763/2275/1131 1761/2878/1131 1762/2276/1131
s 249
f 1719/2278/1132 1751/2287/1132 1753/2267/1132
s 250
f 1701/2280/1133 1733/2362/1133 1735/2269/1133
s 251
f 1722/2272/1134 1754/2271/1134 1752/2282/1134
s 252
f 1704/2274/1135 1736/2273/1135 1734/2284/1135
s 253
f 1717/2286/1136 1749/2879/1136 1751/2287/1136
s 254
f 1730/2288/1137 1732/2291/1138 1731/2289/1138
f 1732/2291/1138 1734/2293/150 1733/2292/150
f 1734/2293/150 1736/2295/150 1735/2294/150
f 1736/2295/150 1738/2297/150 1737/2296/150
f 1738/2297/150 1740/2299/150 1739/2298/150
f 1740/2299/150 1742/2301/150 1741/2300/150
f 1742/2301/150 1744/2303/150 1743/2302/150
f 1744/2303/150 1746/2305/150 1745/2304/150
f 1746/2305/150 1748/2307/150 1747/2306/150
f 1748/2307/150 1750/2309/150 1749/2308/150
f 1750/2309/150 1752/2311/150 1751/2310/150
f 1752/2311/150 1754/2313/150 1753/2312/150
f 1754/2313/150 1756/2315/150 1755/2314/150
f 1756/2315/150 1758/2317/150 1757/2316/150
f 1758/2317/150 1760/2880/150 1759/2318/150
s 255
f 1723/2266/97 1755/2268/97 1757/2319/97
s 256
f 1728/2321/1139 1727/2881/1139 1759/2322/1139
s 257
f 1710/2324/1140 1742/2336/1140 1740/2325/1140
s 258
f 1728/2326/1141 1760/2882/1141 1758/2327/1141
s 259
f 1707/2259/1142 1739/2258/1142 1741/2328/1142
s 260
f 1725/2320/1143 1757/2319/1143 1759/2330/1143
s 261
f 1765/2332/1144 1763/2883/1144 1764/2333/1144
s 262
f 1712/2335/1145 1744/2340/1145 1742/2336/1145
s 263
f 1709/2329/1146 1741/2328/1146 1743/2337/1146
s 264
f 1714/2339/1147 1746/2344/1147 1744/2340/1147
s 265
f 1711/2338/1148 1743/2337/1148 1745/2341/1148
s 266
f 1716/2343/1149 1748/2884/1149 1746/2344/1149
s 267
f 1713/2342/1150 1745/2341/1150 1747/2345/1150
s 268
f 1700/2347/1151 1732/2359/1151 1730/2348/1152
s 269
f 1716/2350/1153 1718/2885/1153 1750/2351/1153
s 270
f 1699/2353/1154 1697/2422/1155 1729/2354/1155
s 271
f 1717/2356/1156 1715/2886/1156 1747/2357/1156
s 272
f 1702/2285/1157 1734/2284/1157 1732/2359/1157
s 273
f 1720/2283/1158 1752/2282/1158 1750/2360/1158
s 274
f 1699/2353/1159 1731/2355/1159 1733/2362/1159
s 275
f 1698/2363/1160 1697/2887/1160 1699/2364/1161
f 1700/2365/1162 1699/2364/1161 1701/2366/98
f 1702/2367/98 1701/2366/98 1703/2368/98
f 1704/2369/98 1703/2368/98 1705/2370/98
f 1706/2371/98 1705/2370/98 1707/2372/98
f 1708/2373/98 1707/2372/98 1709/2374/98
f 1710/2375/98 1709/2374/98 1711/2376/98
f 1712/2377/98 1711/2376/98 1713/2378/98
f 1714/2379/98 1713/2378/98 1715/2380/98
f 1716/2381/98 1715/2380/98 1717/2382/98
f 1718/2383/98 1717/2382/98 1719/2384/98
f 1720/2385/98 1719/2384/98 1721/2386/98
f 1722/2387/98 1721/2386/98 1723/2388/98
f 1724/2389/98 1723/2388/98 1725/2390/98
f 1727/2392/98 1728/2888/98 1726/2391/98
s 276
f 1769/2393/1163 1767/2402/1163 1768/2394/1163
s 277
f 1698/2396/1164 1697/2889/1164 1771/2397/1164
s 278
f 1771/2399/1165 1769/2890/1165 1770/2400/1165
s 279
f 1767/2402/1166 1765/2332/1166 1766/2334/1166
s 280
f 1761/2403/1167 1729/2406/1167 1730/2404/1167
s 281
f 1729/2406/1168 1697/2889/1168 1698/2396/1168
s 282
f 1767/2407/97 1769/2435/97 1784/2408/97
s 283
f 1698/2349/1171 1773/2428/1171 1774/2410/1251
s 282
f 1765/2411/97 1767/2407/97 1783/2409/97
f 1729/2354/97 1761/2433/97 1777/2413/97
s 283
f 1766/2415/1253 1764/2429/1259 1779/2416/1254
f 1766/2415/1253 1782/2417/1255 1786/2418/1171
s 282
f 1765/2411/97 1781/2412/97 1778/2420/97
f 1697/2422/97 1776/2430/97 1787/2423/97
s 283
f 1730/2348/1252 1774/2410/1251 1780/2425/1256
s 284
f 1698/2349/1258 1772/2431/1260 1788/2427/1256
s 283
f 1764/2429/1259 1762/2426/1257 1780/2425/1256
s 282
f 1697/2422/97 1729/2354/97 1775/2414/97
s 284
f 1772/2431/1260 1770/2434/1263 1785/2432/1261
s 282
f 1763/2421/97 1778/2420/97 1777/2413/97
s 284
f 1768/2419/1262 1786/2418/1262 1785/2432/1261
s 282
f 1771/2424/97 1787/2423/97 1784/2408/97
s 285
f 1785/2436/1190 1786/2891/1304 1802/2437/1191
s 286
f 1787/2439/1193 1803/2892/1193 1800/2440/1193
s 287
f 1793/2444/1197 1794/2893/1305 1797/2476/1223
f 1797/2476/1223 1799/2478/1224 1800/2442/1195
f 1800/2442/1195 1803/2894/1306 1792/2443/1196
f 1792/2443/1196 1791/2895/1307 1793/2444/1197
f 1793/2444/1197 1797/2476/1223 1800/2442/1195
s 288
f 1795/2447/1200 1796/2896/1308 1790/2897/1309
f 1790/2897/1309 1789/2898/1310 1804/2445/1198
f 1804/2445/1198 1801/2899/1311 1802/2446/1199
f 1802/2446/1199 1798/2493/1233 1795/2447/1200
f 1795/2447/1200 1790/2897/1309 1804/2445/1198
s 289
f 1777/2448/1201 1778/2900/1201 1794/2449/1201
s 290
f 1788/2451/1202 1785/2901/1312 1801/2452/1202
s 291
f 1776/2454/1203 1775/2475/1203 1791/2455/1203
s 292
f 1780/2457/1204 1796/2902/1204 1795/2458/1204
s 293
f 1788/2460/1205 1804/2903/1313 1789/2461/1206
s 294
f 1780/2463/1208 1774/2479/1314 1790/2464/1209
s 295
f 1787/2466/1211 1776/2454/1315 1792/2456/1212
s 296
f 1778/2468/1214 1781/2904/1316 1797/2469/1215
s 297
f 1779/2471/1217 1795/2905/1317 1798/2472/1218
s 298
f 1777/2474/1220 1793/2906/1318 1791/2455/1221
s 287
f 1797/2476/1223 1811/2907/100 1812/2477/100
s 299
f 1773/2462/1225 1789/2461/1225 1790/2464/1225
s 300
f 1784/2480/1226 1800/2908/1319 1799/2481/1227
s 301
f 1805/2483/1229 1806/2909/1229 1810/2484/1229
s 302
f 1808/2486/1230 1812/2910/1230 1811/2487/1230
s 303
f 1781/2489/1231 1807/2507/1231 1811/2490/1232
s 330
f 1782/2417/100 1806/2911/100 1805/2492/100
s 288
f 1798/2493/1233 1802/2446/1199 1809/2494/97
s 305
f 1782/2496/1234 1798/2912/1234 1810/2497/1234
s 306
f 1807/2488/1166 1813/2913/1166 1805/2499/1166
s 308
f 1808/2503/1235 1805/2914/150 1786/2504/150
s 303
f 1781/2489/1231 1782/2915/98 1813/2506/98
s 309
f 1781/2508/1236 1783/2916/1236 1786/2509/1236
s 310
f 1786/2504/1237 1805/2914/1237 1809/2511/1237
s 308
f 1783/2505/1235 1799/2917/1238 1812/2513/1238
s 311
f 1824/2514/99 1833/2918/99 1831/2515/99
s 312
f 1818/2517/97 1826/2919/97 1822/2518/97
s 313
f 1824/2520/1239 1825/2920/1234 1829/2521/1234
s 314
f 1822/2523/1232 1826/2921/1232 1827/2524/1232
s 315
f 1814/2516/1240 1816/2922/1240 1825/2526/1240
s 316
f 1815/2527/1241 1822/2557/1241 1823/2528/1241
s 317
f 1818/2530/1242 1820/2923/1242 1827/2531/1242
s 318
f 1817/2533/100 1823/2924/100 1827/2534/100
s 319
f 1821/2536/97 1829/2548/97 1825/2537/97
s 320
f 1819/2539/1243 1828/2546/1243 1829/2540/1243
s 321
f 1831/2542/100 1833/2925/100 1832/2543/100
s 322
f 1819/2539/102 1830/2926/102 1832/2545/102
s 313
f 1828/2522/1239 1832/2927/98 1833/2547/98
s 323
f 1829/2548/1244 1837/2928/1244 1835/2549/1244
s 324
f 1829/2540/1245 1828/2546/1245 1836/2550/1245
s 325
f 1824/2514/1246 1825/2526/1246 1835/2552/1246
s 326
f 1827/2534/1247 1823/2924/1247 1839/2554/1247
s 327
f 1827/2531/1248 1841/2929/1248 1840/2556/1248
s 328
f 1822/2557/1249 1838/2930/1249 1839/2558/1249
